insert into Zoom_Inventory_Attribute (Zoom_Id, Inventory_Attribute_Id) values (9380, 181);
insert into Zoom (Id, Description, Layer) values (9381, 'resources//img/Cuff/Cuff-Closeup-Lyr01-StrNarrow-Outer.0131.png', 01);
insert into Category_Zoom (Category_Id, Zoom_Id) values (6, 9381);
insert into Zoom_Inventory_Attribute (Zoom_Id, Inventory_Attribute_Id) values (9381, 47);
-- Final Index and Final Name: outer--0131 Key: fabric0131
insert into Zoom_Inventory_Attribute (Zoom_Id, Inventory_Attribute_Id) values (9381, 182);
insert into Zoom (Id, Description, Layer) values (9382, 'resources//img/Cuff/Cuff-Closeup-Lyr01-StrNarrow-Outer.0132.png', 01);
insert into Category_Zoom (Category_Id, Zoom_Id) values (6, 9382);
insert into Zoom_Inventory_Attribute (Zoom_Id, Inventory_Attribute_Id) values (9382, 47);
-- Final Index and Final Name: outer--0132 Key: fabric0132
insert into Zoom_Inventory_Attribute (Zoom_Id, Inventory_Attribute_Id) values (9382, 183);
insert into Zoom (Id, Description, Layer) values (9383, 'resources//img/Cuff/Cuff-Closeup-Lyr01-StrNarrow-Outer.0133.png', 01);
insert into Category_Zoom (Category_Id, Zoom_Id) values (6, 9383);
insert into Zoom_Inventory_Attribute (Zoom_Id, Inventory_Attribute_Id) values (9383, 47);
-- Final Index and Final Name: outer--0133 Key: fabric0133
insert into Zoom_Inventory_Attribute (Zoom_Id, Inventory_Attribute_Id) values (9383, 184);
insert into Zoom (Id, Description, Layer) values (9384, 'resources//img/Cuff/Cuff-Closeup-Lyr01-StrNarrow-Outer.0134.png', 01);
insert into Category_Zoom (Category_Id, Zoom_Id) values (6, 9384);
insert into Zoom_Inventory_Attribute (Zoom_Id, Inventory_Attribute_Id) values (9384, 47);
-- Final Index and Final Name: outer--0134 Key: fabric0134
insert into Zoom_Inventory_Attribute (Zoom_Id, Inventory_Attribute_Id) values (9384, 185);
insert into Zoom (Id, Description, Layer) values (9385, 'resources//img/Cuff/Cuff-Closeup-Lyr01-StrNarrow-Outer.0135.png', 01);
insert into Category_Zoom (Category_Id, Zoom_Id) values (6, 9385);
insert into Zoom_Inventory_Attribute (Zoom_Id, Inventory_Attribute_Id) values (9385, 47);
-- Final Index and Final Name: outer--0135 Key: fabric0135
insert into Zoom_Inventory_Attribute (Zoom_Id, Inventory_Attribute_Id) values (9385, 186);
insert into Zoom (Id, Description, Layer) values (9386, 'resources//img/Cuff/Cuff-Closeup-Lyr01-StrNarrow-Outer.0136.png', 01);
insert into Category_Zoom (Category_Id, Zoom_Id) values (6, 9386);
insert into Zoom_Inventory_Attribute (Zoom_Id, Inventory_Attribute_Id) values (9386, 47);
-- Final Index and Final Name: outer--0136 Key: fabric0136
insert into Zoom_Inventory_Attribute (Zoom_Id, Inventory_Attribute_Id) values (9386, 187);
insert into Zoom (Id, Description, Layer) values (9387, 'resources//img/Cuff/Cuff-Closeup-Lyr01-StrNarrow-Outer.0137.png', 01);
insert into Category_Zoom (Category_Id, Zoom_Id) values (6, 9387);
insert into Zoom_Inventory_Attribute (Zoom_Id, Inventory_Attribute_Id) values (9387, 47);
-- Final Index and Final Name: outer--0137 Key: fabric0137
insert into Zoom_Inventory_Attribute (Zoom_Id, Inventory_Attribute_Id) values (9387, 188);
insert into Zoom (Id, Description, Layer) values (9388, 'resources//img/Cuff/Cuff-Closeup-Lyr01-StrNarrow-Outer.0138.png', 01);
insert into Category_Zoom (Category_Id, Zoom_Id) values (6, 9388);
insert into Zoom_Inventory_Attribute (Zoom_Id, Inventory_Attribute_Id) values (9388, 47);
-- Final Index and Final Name: outer--0138 Key: fabric0138
insert into Zoom_Inventory_Attribute (Zoom_Id, Inventory_Attribute_Id) values (9388, 189);
insert into Zoom (Id, Description, Layer) values (9389, 'resources//img/Cuff/Cuff-Closeup-Lyr01-StrNarrow-Outer.0139.png', 01);
insert into Category_Zoom (Category_Id, Zoom_Id) values (6, 9389);
insert into Zoom_Inventory_Attribute (Zoom_Id, Inventory_Attribute_Id) values (9389, 47);
-- Final Index and Final Name: outer--0139 Key: fabric0139
insert into Zoom_Inventory_Attribute (Zoom_Id, Inventory_Attribute_Id) values (9389, 190);
insert into Zoom (Id, Description, Layer) values (9390, 'resources//img/Cuff/Cuff-Closeup-Lyr01-StrNarrow-Outer.0140.png', 01);
insert into Category_Zoom (Category_Id, Zoom_Id) values (6, 9390);
insert into Zoom_Inventory_Attribute (Zoom_Id, Inventory_Attribute_Id) values (9390, 47);
-- Final Index and Final Name: outer--0140 Key: fabric0140
insert into Zoom_Inventory_Attribute (Zoom_Id, Inventory_Attribute_Id) values (9390, 191);
insert into Zoom (Id, Description, Layer) values (9391, 'resources//img/Cuff/Cuff-Closeup-Lyr01-StrNarrow-Outer.0141.png', 01);
insert into Category_Zoom (Category_Id, Zoom_Id) values (6, 9391);
insert into Zoom_Inventory_Attribute (Zoom_Id, Inventory_Attribute_Id) values (9391, 47);
-- Final Index and Final Name: outer--0141 Key: fabric0141
insert into Zoom_Inventory_Attribute (Zoom_Id, Inventory_Attribute_Id) values (9391, 192);
insert into Zoom (Id, Description, Layer) values (9392, 'resources//img/Cuff/Cuff-Closeup-Lyr01-StrNarrow-Outer.0142.png', 01);
insert into Category_Zoom (Category_Id, Zoom_Id) values (6, 9392);
insert into Zoom_Inventory_Attribute (Zoom_Id, Inventory_Attribute_Id) values (9392, 47);
-- Final Index and Final Name: outer--0142 Key: fabric0142
insert into Zoom_Inventory_Attribute (Zoom_Id, Inventory_Attribute_Id) values (9392, 193);
insert into Zoom (Id, Description, Layer) values (9393, 'resources//img/Cuff/Cuff-Closeup-Lyr01-StrNarrow-Outer.0143.png', 01);
insert into Category_Zoom (Category_Id, Zoom_Id) values (6, 9393);
insert into Zoom_Inventory_Attribute (Zoom_Id, Inventory_Attribute_Id) values (9393, 47);
-- Final Index and Final Name: outer--0143 Key: fabric0143
insert into Zoom_Inventory_Attribute (Zoom_Id, Inventory_Attribute_Id) values (9393, 194);
insert into Zoom (Id, Description, Layer) values (9394, 'resources//img/Cuff/Cuff-Closeup-Lyr01-StrNarrow-Outer.0144.png', 01);
insert into Category_Zoom (Category_Id, Zoom_Id) values (6, 9394);
insert into Zoom_Inventory_Attribute (Zoom_Id, Inventory_Attribute_Id) values (9394, 47);
-- Final Index and Final Name: outer--0144 Key: fabric0144
insert into Zoom_Inventory_Attribute (Zoom_Id, Inventory_Attribute_Id) values (9394, 195);
insert into Zoom (Id, Description, Layer) values (9395, 'resources//img/Cuff/Cuff-Closeup-Lyr01-StrNarrow-Outer.0145.png', 01);
insert into Category_Zoom (Category_Id, Zoom_Id) values (6, 9395);
insert into Zoom_Inventory_Attribute (Zoom_Id, Inventory_Attribute_Id) values (9395, 47);
-- Final Index and Final Name: outer--0145 Key: fabric0145
insert into Zoom_Inventory_Attribute (Zoom_Id, Inventory_Attribute_Id) values (9395, 196);
insert into Zoom (Id, Description, Layer) values (9396, 'resources//img/Cuff/Cuff-Closeup-Lyr01-StrNarrow-Outer.0146.png', 01);
insert into Category_Zoom (Category_Id, Zoom_Id) values (6, 9396);
insert into Zoom_Inventory_Attribute (Zoom_Id, Inventory_Attribute_Id) values (9396, 47);
-- Final Index and Final Name: outer--0146 Key: fabric0146
insert into Zoom_Inventory_Attribute (Zoom_Id, Inventory_Attribute_Id) values (9396, 197);
insert into Zoom (Id, Description, Layer) values (9397, 'resources//img/Cuff/Cuff-Closeup-Lyr01-StrNarrow-Outer.0147.png', 01);
insert into Category_Zoom (Category_Id, Zoom_Id) values (6, 9397);
insert into Zoom_Inventory_Attribute (Zoom_Id, Inventory_Attribute_Id) values (9397, 47);
-- Final Index and Final Name: outer--0147 Key: fabric0147
insert into Zoom_Inventory_Attribute (Zoom_Id, Inventory_Attribute_Id) values (9397, 198);
insert into Zoom (Id, Description, Layer) values (9398, 'resources//img/Cuff/Cuff-Closeup-Lyr01-StrNarrow-Outer.0148.png', 01);
insert into Category_Zoom (Category_Id, Zoom_Id) values (6, 9398);
insert into Zoom_Inventory_Attribute (Zoom_Id, Inventory_Attribute_Id) values (9398, 47);
-- Final Index and Final Name: outer--0148 Key: fabric0148
insert into Zoom_Inventory_Attribute (Zoom_Id, Inventory_Attribute_Id) values (9398, 199);
insert into Zoom (Id, Description, Layer) values (9399, 'resources//img/Cuff/Cuff-Closeup-Lyr01-StrNarrow-Outer.0149.png', 01);
insert into Category_Zoom (Category_Id, Zoom_Id) values (6, 9399);
insert into Zoom_Inventory_Attribute (Zoom_Id, Inventory_Attribute_Id) values (9399, 47);
-- Final Index and Final Name: outer--0149 Key: fabric0149
insert into Zoom_Inventory_Attribute (Zoom_Id, Inventory_Attribute_Id) values (9399, 200);
insert into Zoom (Id, Description, Layer) values (9400, 'resources//img/Cuff/Cuff-Closeup-Lyr01-StrNarrow-Outer.0150.png', 01);
insert into Category_Zoom (Category_Id, Zoom_Id) values (6, 9400);
insert into Zoom_Inventory_Attribute (Zoom_Id, Inventory_Attribute_Id) values (9400, 47);
-- Final Index and Final Name: outer--0150 Key: fabric0150
insert into Zoom_Inventory_Attribute (Zoom_Id, Inventory_Attribute_Id) values (9400, 201);
insert into Zoom (Id, Description, Layer) values (9401, 'resources//img/Cuff/Cuff-Closeup-Lyr01-StrNarrow-Outer.0151.png', 01);
insert into Category_Zoom (Category_Id, Zoom_Id) values (6, 9401);
insert into Zoom_Inventory_Attribute (Zoom_Id, Inventory_Attribute_Id) values (9401, 47);
-- Final Index and Final Name: outer--0151 Key: fabric0151
insert into Zoom_Inventory_Attribute (Zoom_Id, Inventory_Attribute_Id) values (9401, 202);
insert into Zoom (Id, Description, Layer) values (9402, 'resources//img/Cuff/Cuff-Closeup-Lyr01-StrNarrow-Outer.0152.png', 01);
insert into Category_Zoom (Category_Id, Zoom_Id) values (6, 9402);
insert into Zoom_Inventory_Attribute (Zoom_Id, Inventory_Attribute_Id) values (9402, 47);
-- Final Index and Final Name: outer--0152 Key: fabric0152
insert into Zoom_Inventory_Attribute (Zoom_Id, Inventory_Attribute_Id) values (9402, 203);
insert into Zoom (Id, Description, Layer) values (9403, 'resources//img/Cuff/Cuff-Closeup-Lyr01-StrNarrow-Outer.0153.png', 01);
insert into Category_Zoom (Category_Id, Zoom_Id) values (6, 9403);
insert into Zoom_Inventory_Attribute (Zoom_Id, Inventory_Attribute_Id) values (9403, 47);
-- Final Index and Final Name: outer--0153 Key: fabric0153
insert into Zoom_Inventory_Attribute (Zoom_Id, Inventory_Attribute_Id) values (9403, 204);
insert into Zoom (Id, Description, Layer) values (9404, 'resources//img/Cuff/Cuff-Closeup-Lyr01-StrNarrow-Outer.0154.png', 01);
insert into Category_Zoom (Category_Id, Zoom_Id) values (6, 9404);
insert into Zoom_Inventory_Attribute (Zoom_Id, Inventory_Attribute_Id) values (9404, 47);
-- Final Index and Final Name: outer--0154 Key: fabric0154
insert into Zoom_Inventory_Attribute (Zoom_Id, Inventory_Attribute_Id) values (9404, 205);
insert into Zoom (Id, Description, Layer) values (9405, 'resources//img/Cuff/Cuff-Closeup-Lyr01-StrNarrow-Outer.0155.png', 01);
insert into Category_Zoom (Category_Id, Zoom_Id) values (6, 9405);
insert into Zoom_Inventory_Attribute (Zoom_Id, Inventory_Attribute_Id) values (9405, 47);
-- Final Index and Final Name: outer--0155 Key: fabric0155
insert into Zoom_Inventory_Attribute (Zoom_Id, Inventory_Attribute_Id) values (9405, 206);
insert into Zoom (Id, Description, Layer) values (9406, 'resources//img/Cuff/Cuff-Closeup-Lyr01-StrSingButton-Outer.0001.png', 01);
insert into Category_Zoom (Category_Id, Zoom_Id) values (6, 9406);
insert into Zoom_Inventory_Attribute (Zoom_Id, Inventory_Attribute_Id) values (9406, 49);
-- Final Index and Final Name: outer--0001 Key: fabric0001
insert into Zoom_Inventory_Attribute (Zoom_Id, Inventory_Attribute_Id) values (9406, 52);
insert into Zoom (Id, Description, Layer) values (9407, 'resources//img/Cuff/Cuff-Closeup-Lyr01-StrSingButton-Outer.0002.png', 01);
insert into Category_Zoom (Category_Id, Zoom_Id) values (6, 9407);
insert into Zoom_Inventory_Attribute (Zoom_Id, Inventory_Attribute_Id) values (9407, 49);
-- Final Index and Final Name: outer--0002 Key: fabric0002
insert into Zoom_Inventory_Attribute (Zoom_Id, Inventory_Attribute_Id) values (9407, 53);
insert into Zoom (Id, Description, Layer) values (9408, 'resources//img/Cuff/Cuff-Closeup-Lyr01-StrSingButton-Outer.0003.png', 01);
insert into Category_Zoom (Category_Id, Zoom_Id) values (6, 9408);
insert into Zoom_Inventory_Attribute (Zoom_Id, Inventory_Attribute_Id) values (9408, 49);
-- Final Index and Final Name: outer--0003 Key: fabric0003
insert into Zoom_Inventory_Attribute (Zoom_Id, Inventory_Attribute_Id) values (9408, 54);
insert into Zoom (Id, Description, Layer) values (9409, 'resources//img/Cuff/Cuff-Closeup-Lyr01-StrSingButton-Outer.0004.png', 01);
insert into Category_Zoom (Category_Id, Zoom_Id) values (6, 9409);
insert into Zoom_Inventory_Attribute (Zoom_Id, Inventory_Attribute_Id) values (9409, 49);
-- Final Index and Final Name: outer--0004 Key: fabric0004
insert into Zoom_Inventory_Attribute (Zoom_Id, Inventory_Attribute_Id) values (9409, 55);
insert into Zoom (Id, Description, Layer) values (9410, 'resources//img/Cuff/Cuff-Closeup-Lyr01-StrSingButton-Outer.0005.png', 01);
insert into Category_Zoom (Category_Id, Zoom_Id) values (6, 9410);
insert into Zoom_Inventory_Attribute (Zoom_Id, Inventory_Attribute_Id) values (9410, 49);
-- Final Index and Final Name: outer--0005 Key: fabric0005
insert into Zoom_Inventory_Attribute (Zoom_Id, Inventory_Attribute_Id) values (9410, 56);
insert into Zoom (Id, Description, Layer) values (9411, 'resources//img/Cuff/Cuff-Closeup-Lyr01-StrSingButton-Outer.0006.png', 01);
insert into Category_Zoom (Category_Id, Zoom_Id) values (6, 9411);
insert into Zoom_Inventory_Attribute (Zoom_Id, Inventory_Attribute_Id) values (9411, 49);
-- Final Index and Final Name: outer--0006 Key: fabric0006
insert into Zoom_Inventory_Attribute (Zoom_Id, Inventory_Attribute_Id) values (9411, 57);
insert into Zoom (Id, Description, Layer) values (9412, 'resources//img/Cuff/Cuff-Closeup-Lyr01-StrSingButton-Outer.0007.png', 01);
insert into Category_Zoom (Category_Id, Zoom_Id) values (6, 9412);
insert into Zoom_Inventory_Attribute (Zoom_Id, Inventory_Attribute_Id) values (9412, 49);
-- Final Index and Final Name: outer--0007 Key: fabric0007
insert into Zoom_Inventory_Attribute (Zoom_Id, Inventory_Attribute_Id) values (9412, 58);
insert into Zoom (Id, Description, Layer) values (9413, 'resources//img/Cuff/Cuff-Closeup-Lyr01-StrSingButton-Outer.0008.png', 01);
insert into Category_Zoom (Category_Id, Zoom_Id) values (6, 9413);
insert into Zoom_Inventory_Attribute (Zoom_Id, Inventory_Attribute_Id) values (9413, 49);
-- Final Index and Final Name: outer--0008 Key: fabric0008
insert into Zoom_Inventory_Attribute (Zoom_Id, Inventory_Attribute_Id) values (9413, 59);
insert into Zoom (Id, Description, Layer) values (9414, 'resources//img/Cuff/Cuff-Closeup-Lyr01-StrSingButton-Outer.0009.png', 01);
insert into Category_Zoom (Category_Id, Zoom_Id) values (6, 9414);
insert into Zoom_Inventory_Attribute (Zoom_Id, Inventory_Attribute_Id) values (9414, 49);
-- Final Index and Final Name: outer--0009 Key: fabric0009
insert into Zoom_Inventory_Attribute (Zoom_Id, Inventory_Attribute_Id) values (9414, 60);
insert into Zoom (Id, Description, Layer) values (9415, 'resources//img/Cuff/Cuff-Closeup-Lyr01-StrSingButton-Outer.0010.png', 01);
insert into Category_Zoom (Category_Id, Zoom_Id) values (6, 9415);
insert into Zoom_Inventory_Attribute (Zoom_Id, Inventory_Attribute_Id) values (9415, 49);
-- Final Index and Final Name: outer--0010 Key: fabric0010
insert into Zoom_Inventory_Attribute (Zoom_Id, Inventory_Attribute_Id) values (9415, 61);
insert into Zoom (Id, Description, Layer) values (9416, 'resources//img/Cuff/Cuff-Closeup-Lyr01-StrSingButton-Outer.0011.png', 01);
insert into Category_Zoom (Category_Id, Zoom_Id) values (6, 9416);
insert into Zoom_Inventory_Attribute (Zoom_Id, Inventory_Attribute_Id) values (9416, 49);
-- Final Index and Final Name: outer--0011 Key: fabric0011
insert into Zoom_Inventory_Attribute (Zoom_Id, Inventory_Attribute_Id) values (9416, 62);
insert into Zoom (Id, Description, Layer) values (9417, 'resources//img/Cuff/Cuff-Closeup-Lyr01-StrSingButton-Outer.0012.png', 01);
insert into Category_Zoom (Category_Id, Zoom_Id) values (6, 9417);
insert into Zoom_Inventory_Attribute (Zoom_Id, Inventory_Attribute_Id) values (9417, 49);
-- Final Index and Final Name: outer--0012 Key: fabric0012
insert into Zoom_Inventory_Attribute (Zoom_Id, Inventory_Attribute_Id) values (9417, 63);
insert into Zoom (Id, Description, Layer) values (9418, 'resources//img/Cuff/Cuff-Closeup-Lyr01-StrSingButton-Outer.0013.png', 01);
insert into Category_Zoom (Category_Id, Zoom_Id) values (6, 9418);
insert into Zoom_Inventory_Attribute (Zoom_Id, Inventory_Attribute_Id) values (9418, 49);
-- Final Index and Final Name: outer--0013 Key: fabric0013
insert into Zoom_Inventory_Attribute (Zoom_Id, Inventory_Attribute_Id) values (9418, 64);
insert into Zoom (Id, Description, Layer) values (9419, 'resources//img/Cuff/Cuff-Closeup-Lyr01-StrSingButton-Outer.0014.png', 01);
insert into Category_Zoom (Category_Id, Zoom_Id) values (6, 9419);
insert into Zoom_Inventory_Attribute (Zoom_Id, Inventory_Attribute_Id) values (9419, 49);
-- Final Index and Final Name: outer--0014 Key: fabric0014
insert into Zoom_Inventory_Attribute (Zoom_Id, Inventory_Attribute_Id) values (9419, 65);
insert into Zoom (Id, Description, Layer) values (9420, 'resources//img/Cuff/Cuff-Closeup-Lyr01-StrSingButton-Outer.0015.png', 01);
insert into Category_Zoom (Category_Id, Zoom_Id) values (6, 9420);
insert into Zoom_Inventory_Attribute (Zoom_Id, Inventory_Attribute_Id) values (9420, 49);
-- Final Index and Final Name: outer--0015 Key: fabric0015
insert into Zoom_Inventory_Attribute (Zoom_Id, Inventory_Attribute_Id) values (9420, 66);
insert into Zoom (Id, Description, Layer) values (9421, 'resources//img/Cuff/Cuff-Closeup-Lyr01-StrSingButton-Outer.0016.png', 01);
insert into Category_Zoom (Category_Id, Zoom_Id) values (6, 9421);
insert into Zoom_Inventory_Attribute (Zoom_Id, Inventory_Attribute_Id) values (9421, 49);
-- Final Index and Final Name: outer--0016 Key: fabric0016
insert into Zoom_Inventory_Attribute (Zoom_Id, Inventory_Attribute_Id) values (9421, 67);
insert into Zoom (Id, Description, Layer) values (9422, 'resources//img/Cuff/Cuff-Closeup-Lyr01-StrSingButton-Outer.0017.png', 01);
insert into Category_Zoom (Category_Id, Zoom_Id) values (6, 9422);
insert into Zoom_Inventory_Attribute (Zoom_Id, Inventory_Attribute_Id) values (9422, 49);
-- Final Index and Final Name: outer--0017 Key: fabric0017
insert into Zoom_Inventory_Attribute (Zoom_Id, Inventory_Attribute_Id) values (9422, 68);
insert into Zoom (Id, Description, Layer) values (9423, 'resources//img/Cuff/Cuff-Closeup-Lyr01-StrSingButton-Outer.0018.png', 01);
insert into Category_Zoom (Category_Id, Zoom_Id) values (6, 9423);
insert into Zoom_Inventory_Attribute (Zoom_Id, Inventory_Attribute_Id) values (9423, 49);
-- Final Index and Final Name: outer--0018 Key: fabric0018
insert into Zoom_Inventory_Attribute (Zoom_Id, Inventory_Attribute_Id) values (9423, 69);
insert into Zoom (Id, Description, Layer) values (9424, 'resources//img/Cuff/Cuff-Closeup-Lyr01-StrSingButton-Outer.0019.png', 01);
insert into Category_Zoom (Category_Id, Zoom_Id) values (6, 9424);
insert into Zoom_Inventory_Attribute (Zoom_Id, Inventory_Attribute_Id) values (9424, 49);
-- Final Index and Final Name: outer--0019 Key: fabric0019
insert into Zoom_Inventory_Attribute (Zoom_Id, Inventory_Attribute_Id) values (9424, 70);
insert into Zoom (Id, Description, Layer) values (9425, 'resources//img/Cuff/Cuff-Closeup-Lyr01-StrSingButton-Outer.0020.png', 01);
insert into Category_Zoom (Category_Id, Zoom_Id) values (6, 9425);
insert into Zoom_Inventory_Attribute (Zoom_Id, Inventory_Attribute_Id) values (9425, 49);
-- Final Index and Final Name: outer--0020 Key: fabric0020
insert into Zoom_Inventory_Attribute (Zoom_Id, Inventory_Attribute_Id) values (9425, 71);
insert into Zoom (Id, Description, Layer) values (9426, 'resources//img/Cuff/Cuff-Closeup-Lyr01-StrSingButton-Outer.0021.png', 01);
insert into Category_Zoom (Category_Id, Zoom_Id) values (6, 9426);
insert into Zoom_Inventory_Attribute (Zoom_Id, Inventory_Attribute_Id) values (9426, 49);
-- Final Index and Final Name: outer--0021 Key: fabric0021
insert into Zoom_Inventory_Attribute (Zoom_Id, Inventory_Attribute_Id) values (9426, 72);
insert into Zoom (Id, Description, Layer) values (9427, 'resources//img/Cuff/Cuff-Closeup-Lyr01-StrSingButton-Outer.0022.png', 01);
insert into Category_Zoom (Category_Id, Zoom_Id) values (6, 9427);
insert into Zoom_Inventory_Attribute (Zoom_Id, Inventory_Attribute_Id) values (9427, 49);
-- Final Index and Final Name: outer--0022 Key: fabric0022
insert into Zoom_Inventory_Attribute (Zoom_Id, Inventory_Attribute_Id) values (9427, 73);
insert into Zoom (Id, Description, Layer) values (9428, 'resources//img/Cuff/Cuff-Closeup-Lyr01-StrSingButton-Outer.0023.png', 01);
insert into Category_Zoom (Category_Id, Zoom_Id) values (6, 9428);
insert into Zoom_Inventory_Attribute (Zoom_Id, Inventory_Attribute_Id) values (9428, 49);
-- Final Index and Final Name: outer--0023 Key: fabric0023
insert into Zoom_Inventory_Attribute (Zoom_Id, Inventory_Attribute_Id) values (9428, 74);
insert into Zoom (Id, Description, Layer) values (9429, 'resources//img/Cuff/Cuff-Closeup-Lyr01-StrSingButton-Outer.0024.png', 01);
insert into Category_Zoom (Category_Id, Zoom_Id) values (6, 9429);
insert into Zoom_Inventory_Attribute (Zoom_Id, Inventory_Attribute_Id) values (9429, 49);
-- Final Index and Final Name: outer--0024 Key: fabric0024
insert into Zoom_Inventory_Attribute (Zoom_Id, Inventory_Attribute_Id) values (9429, 75);
insert into Zoom (Id, Description, Layer) values (9430, 'resources//img/Cuff/Cuff-Closeup-Lyr01-StrSingButton-Outer.0025.png', 01);
insert into Category_Zoom (Category_Id, Zoom_Id) values (6, 9430);
insert into Zoom_Inventory_Attribute (Zoom_Id, Inventory_Attribute_Id) values (9430, 49);
-- Final Index and Final Name: outer--0025 Key: fabric0025
insert into Zoom_Inventory_Attribute (Zoom_Id, Inventory_Attribute_Id) values (9430, 76);
insert into Zoom (Id, Description, Layer) values (9431, 'resources//img/Cuff/Cuff-Closeup-Lyr01-StrSingButton-Outer.0026.png', 01);
insert into Category_Zoom (Category_Id, Zoom_Id) values (6, 9431);
insert into Zoom_Inventory_Attribute (Zoom_Id, Inventory_Attribute_Id) values (9431, 49);
-- Final Index and Final Name: outer--0026 Key: fabric0026
insert into Zoom_Inventory_Attribute (Zoom_Id, Inventory_Attribute_Id) values (9431, 77);
insert into Zoom (Id, Description, Layer) values (9432, 'resources//img/Cuff/Cuff-Closeup-Lyr01-StrSingButton-Outer.0027.png', 01);
insert into Category_Zoom (Category_Id, Zoom_Id) values (6, 9432);
insert into Zoom_Inventory_Attribute (Zoom_Id, Inventory_Attribute_Id) values (9432, 49);
-- Final Index and Final Name: outer--0027 Key: fabric0027
insert into Zoom_Inventory_Attribute (Zoom_Id, Inventory_Attribute_Id) values (9432, 78);
insert into Zoom (Id, Description, Layer) values (9433, 'resources//img/Cuff/Cuff-Closeup-Lyr01-StrSingButton-Outer.0028.png', 01);
insert into Category_Zoom (Category_Id, Zoom_Id) values (6, 9433);
insert into Zoom_Inventory_Attribute (Zoom_Id, Inventory_Attribute_Id) values (9433, 49);
-- Final Index and Final Name: outer--0028 Key: fabric0028
insert into Zoom_Inventory_Attribute (Zoom_Id, Inventory_Attribute_Id) values (9433, 79);
insert into Zoom (Id, Description, Layer) values (9434, 'resources//img/Cuff/Cuff-Closeup-Lyr01-StrSingButton-Outer.0029.png', 01);
insert into Category_Zoom (Category_Id, Zoom_Id) values (6, 9434);
insert into Zoom_Inventory_Attribute (Zoom_Id, Inventory_Attribute_Id) values (9434, 49);
-- Final Index and Final Name: outer--0029 Key: fabric0029
insert into Zoom_Inventory_Attribute (Zoom_Id, Inventory_Attribute_Id) values (9434, 80);
insert into Zoom (Id, Description, Layer) values (9435, 'resources//img/Cuff/Cuff-Closeup-Lyr01-StrSingButton-Outer.0030.png', 01);
insert into Category_Zoom (Category_Id, Zoom_Id) values (6, 9435);
insert into Zoom_Inventory_Attribute (Zoom_Id, Inventory_Attribute_Id) values (9435, 49);
-- Final Index and Final Name: outer--0030 Key: fabric0030
insert into Zoom_Inventory_Attribute (Zoom_Id, Inventory_Attribute_Id) values (9435, 81);
insert into Zoom (Id, Description, Layer) values (9436, 'resources//img/Cuff/Cuff-Closeup-Lyr01-StrSingButton-Outer.0031.png', 01);
insert into Category_Zoom (Category_Id, Zoom_Id) values (6, 9436);
insert into Zoom_Inventory_Attribute (Zoom_Id, Inventory_Attribute_Id) values (9436, 49);
-- Final Index and Final Name: outer--0031 Key: fabric0031
insert into Zoom_Inventory_Attribute (Zoom_Id, Inventory_Attribute_Id) values (9436, 82);
insert into Zoom (Id, Description, Layer) values (9437, 'resources//img/Cuff/Cuff-Closeup-Lyr01-StrSingButton-Outer.0032.png', 01);
insert into Category_Zoom (Category_Id, Zoom_Id) values (6, 9437);
insert into Zoom_Inventory_Attribute (Zoom_Id, Inventory_Attribute_Id) values (9437, 49);
-- Final Index and Final Name: outer--0032 Key: fabric0032
insert into Zoom_Inventory_Attribute (Zoom_Id, Inventory_Attribute_Id) values (9437, 83);
insert into Zoom (Id, Description, Layer) values (9438, 'resources//img/Cuff/Cuff-Closeup-Lyr01-StrSingButton-Outer.0033.png', 01);
insert into Category_Zoom (Category_Id, Zoom_Id) values (6, 9438);
insert into Zoom_Inventory_Attribute (Zoom_Id, Inventory_Attribute_Id) values (9438, 49);
-- Final Index and Final Name: outer--0033 Key: fabric0033
insert into Zoom_Inventory_Attribute (Zoom_Id, Inventory_Attribute_Id) values (9438, 84);
insert into Zoom (Id, Description, Layer) values (9439, 'resources//img/Cuff/Cuff-Closeup-Lyr01-StrSingButton-Outer.0034.png', 01);
insert into Category_Zoom (Category_Id, Zoom_Id) values (6, 9439);
insert into Zoom_Inventory_Attribute (Zoom_Id, Inventory_Attribute_Id) values (9439, 49);
-- Final Index and Final Name: outer--0034 Key: fabric0034
insert into Zoom_Inventory_Attribute (Zoom_Id, Inventory_Attribute_Id) values (9439, 85);
insert into Zoom (Id, Description, Layer) values (9440, 'resources//img/Cuff/Cuff-Closeup-Lyr01-StrSingButton-Outer.0035.png', 01);
insert into Category_Zoom (Category_Id, Zoom_Id) values (6, 9440);
insert into Zoom_Inventory_Attribute (Zoom_Id, Inventory_Attribute_Id) values (9440, 49);
-- Final Index and Final Name: outer--0035 Key: fabric0035
insert into Zoom_Inventory_Attribute (Zoom_Id, Inventory_Attribute_Id) values (9440, 86);
insert into Zoom (Id, Description, Layer) values (9441, 'resources//img/Cuff/Cuff-Closeup-Lyr01-StrSingButton-Outer.0036.png', 01);
insert into Category_Zoom (Category_Id, Zoom_Id) values (6, 9441);
insert into Zoom_Inventory_Attribute (Zoom_Id, Inventory_Attribute_Id) values (9441, 49);
-- Final Index and Final Name: outer--0036 Key: fabric0036
insert into Zoom_Inventory_Attribute (Zoom_Id, Inventory_Attribute_Id) values (9441, 87);
insert into Zoom (Id, Description, Layer) values (9442, 'resources//img/Cuff/Cuff-Closeup-Lyr01-StrSingButton-Outer.0037.png', 01);
insert into Category_Zoom (Category_Id, Zoom_Id) values (6, 9442);
insert into Zoom_Inventory_Attribute (Zoom_Id, Inventory_Attribute_Id) values (9442, 49);
-- Final Index and Final Name: outer--0037 Key: fabric0037
insert into Zoom_Inventory_Attribute (Zoom_Id, Inventory_Attribute_Id) values (9442, 88);
insert into Zoom (Id, Description, Layer) values (9443, 'resources//img/Cuff/Cuff-Closeup-Lyr01-StrSingButton-Outer.0038.png', 01);
insert into Category_Zoom (Category_Id, Zoom_Id) values (6, 9443);
insert into Zoom_Inventory_Attribute (Zoom_Id, Inventory_Attribute_Id) values (9443, 49);
-- Final Index and Final Name: outer--0038 Key: fabric0038
insert into Zoom_Inventory_Attribute (Zoom_Id, Inventory_Attribute_Id) values (9443, 89);
insert into Zoom (Id, Description, Layer) values (9444, 'resources//img/Cuff/Cuff-Closeup-Lyr01-StrSingButton-Outer.0039.png', 01);
insert into Category_Zoom (Category_Id, Zoom_Id) values (6, 9444);
insert into Zoom_Inventory_Attribute (Zoom_Id, Inventory_Attribute_Id) values (9444, 49);
-- Final Index and Final Name: outer--0039 Key: fabric0039
insert into Zoom_Inventory_Attribute (Zoom_Id, Inventory_Attribute_Id) values (9444, 90);
insert into Zoom (Id, Description, Layer) values (9445, 'resources//img/Cuff/Cuff-Closeup-Lyr01-StrSingButton-Outer.0040.png', 01);
insert into Category_Zoom (Category_Id, Zoom_Id) values (6, 9445);
insert into Zoom_Inventory_Attribute (Zoom_Id, Inventory_Attribute_Id) values (9445, 49);
-- Final Index and Final Name: outer--0040 Key: fabric0040
insert into Zoom_Inventory_Attribute (Zoom_Id, Inventory_Attribute_Id) values (9445, 91);
insert into Zoom (Id, Description, Layer) values (9446, 'resources//img/Cuff/Cuff-Closeup-Lyr01-StrSingButton-Outer.0041.png', 01);
insert into Category_Zoom (Category_Id, Zoom_Id) values (6, 9446);
insert into Zoom_Inventory_Attribute (Zoom_Id, Inventory_Attribute_Id) values (9446, 49);
-- Final Index and Final Name: outer--0041 Key: fabric0041
insert into Zoom_Inventory_Attribute (Zoom_Id, Inventory_Attribute_Id) values (9446, 92);
insert into Zoom (Id, Description, Layer) values (9447, 'resources//img/Cuff/Cuff-Closeup-Lyr01-StrSingButton-Outer.0042.png', 01);
insert into Category_Zoom (Category_Id, Zoom_Id) values (6, 9447);
insert into Zoom_Inventory_Attribute (Zoom_Id, Inventory_Attribute_Id) values (9447, 49);
-- Final Index and Final Name: outer--0042 Key: fabric0042
insert into Zoom_Inventory_Attribute (Zoom_Id, Inventory_Attribute_Id) values (9447, 93);
insert into Zoom (Id, Description, Layer) values (9448, 'resources//img/Cuff/Cuff-Closeup-Lyr01-StrSingButton-Outer.0043.png', 01);
insert into Category_Zoom (Category_Id, Zoom_Id) values (6, 9448);
insert into Zoom_Inventory_Attribute (Zoom_Id, Inventory_Attribute_Id) values (9448, 49);
-- Final Index and Final Name: outer--0043 Key: fabric0043
insert into Zoom_Inventory_Attribute (Zoom_Id, Inventory_Attribute_Id) values (9448, 94);
insert into Zoom (Id, Description, Layer) values (9449, 'resources//img/Cuff/Cuff-Closeup-Lyr01-StrSingButton-Outer.0044.png', 01);
insert into Category_Zoom (Category_Id, Zoom_Id) values (6, 9449);
insert into Zoom_Inventory_Attribute (Zoom_Id, Inventory_Attribute_Id) values (9449, 49);
-- Final Index and Final Name: outer--0044 Key: fabric0044
insert into Zoom_Inventory_Attribute (Zoom_Id, Inventory_Attribute_Id) values (9449, 95);
insert into Zoom (Id, Description, Layer) values (9450, 'resources//img/Cuff/Cuff-Closeup-Lyr01-StrSingButton-Outer.0045.png', 01);
insert into Category_Zoom (Category_Id, Zoom_Id) values (6, 9450);
insert into Zoom_Inventory_Attribute (Zoom_Id, Inventory_Attribute_Id) values (9450, 49);
-- Final Index and Final Name: outer--0045 Key: fabric0045
insert into Zoom_Inventory_Attribute (Zoom_Id, Inventory_Attribute_Id) values (9450, 96);
insert into Zoom (Id, Description, Layer) values (9451, 'resources//img/Cuff/Cuff-Closeup-Lyr01-StrSingButton-Outer.0046.png', 01);
insert into Category_Zoom (Category_Id, Zoom_Id) values (6, 9451);
insert into Zoom_Inventory_Attribute (Zoom_Id, Inventory_Attribute_Id) values (9451, 49);
-- Final Index and Final Name: outer--0046 Key: fabric0046
insert into Zoom_Inventory_Attribute (Zoom_Id, Inventory_Attribute_Id) values (9451, 97);
insert into Zoom (Id, Description, Layer) values (9452, 'resources//img/Cuff/Cuff-Closeup-Lyr01-StrSingButton-Outer.0047.png', 01);
insert into Category_Zoom (Category_Id, Zoom_Id) values (6, 9452);
insert into Zoom_Inventory_Attribute (Zoom_Id, Inventory_Attribute_Id) values (9452, 49);
-- Final Index and Final Name: outer--0047 Key: fabric0047
insert into Zoom_Inventory_Attribute (Zoom_Id, Inventory_Attribute_Id) values (9452, 98);
insert into Zoom (Id, Description, Layer) values (9453, 'resources//img/Cuff/Cuff-Closeup-Lyr01-StrSingButton-Outer.0048.png', 01);
insert into Category_Zoom (Category_Id, Zoom_Id) values (6, 9453);
insert into Zoom_Inventory_Attribute (Zoom_Id, Inventory_Attribute_Id) values (9453, 49);
-- Final Index and Final Name: outer--0048 Key: fabric0048
insert into Zoom_Inventory_Attribute (Zoom_Id, Inventory_Attribute_Id) values (9453, 99);
insert into Zoom (Id, Description, Layer) values (9454, 'resources//img/Cuff/Cuff-Closeup-Lyr01-StrSingButton-Outer.0049.png', 01);
insert into Category_Zoom (Category_Id, Zoom_Id) values (6, 9454);
insert into Zoom_Inventory_Attribute (Zoom_Id, Inventory_Attribute_Id) values (9454, 49);
-- Final Index and Final Name: outer--0049 Key: fabric0049
insert into Zoom_Inventory_Attribute (Zoom_Id, Inventory_Attribute_Id) values (9454, 100);
insert into Zoom (Id, Description, Layer) values (9455, 'resources//img/Cuff/Cuff-Closeup-Lyr01-StrSingButton-Outer.0050.png', 01);
insert into Category_Zoom (Category_Id, Zoom_Id) values (6, 9455);
insert into Zoom_Inventory_Attribute (Zoom_Id, Inventory_Attribute_Id) values (9455, 49);
-- Final Index and Final Name: outer--0050 Key: fabric0050
insert into Zoom_Inventory_Attribute (Zoom_Id, Inventory_Attribute_Id) values (9455, 101);
insert into Zoom (Id, Description, Layer) values (9456, 'resources//img/Cuff/Cuff-Closeup-Lyr01-StrSingButton-Outer.0051.png', 01);
insert into Category_Zoom (Category_Id, Zoom_Id) values (6, 9456);
insert into Zoom_Inventory_Attribute (Zoom_Id, Inventory_Attribute_Id) values (9456, 49);
-- Final Index and Final Name: outer--0051 Key: fabric0051
insert into Zoom_Inventory_Attribute (Zoom_Id, Inventory_Attribute_Id) values (9456, 102);
insert into Zoom (Id, Description, Layer) values (9457, 'resources//img/Cuff/Cuff-Closeup-Lyr01-StrSingButton-Outer.0052.png', 01);
insert into Category_Zoom (Category_Id, Zoom_Id) values (6, 9457);
insert into Zoom_Inventory_Attribute (Zoom_Id, Inventory_Attribute_Id) values (9457, 49);
-- Final Index and Final Name: outer--0052 Key: fabric0052
insert into Zoom_Inventory_Attribute (Zoom_Id, Inventory_Attribute_Id) values (9457, 103);
insert into Zoom (Id, Description, Layer) values (9458, 'resources//img/Cuff/Cuff-Closeup-Lyr01-StrSingButton-Outer.0053.png', 01);
insert into Category_Zoom (Category_Id, Zoom_Id) values (6, 9458);
insert into Zoom_Inventory_Attribute (Zoom_Id, Inventory_Attribute_Id) values (9458, 49);
-- Final Index and Final Name: outer--0053 Key: fabric0053
insert into Zoom_Inventory_Attribute (Zoom_Id, Inventory_Attribute_Id) values (9458, 104);
insert into Zoom (Id, Description, Layer) values (9459, 'resources//img/Cuff/Cuff-Closeup-Lyr01-StrSingButton-Outer.0054.png', 01);
insert into Category_Zoom (Category_Id, Zoom_Id) values (6, 9459);
insert into Zoom_Inventory_Attribute (Zoom_Id, Inventory_Attribute_Id) values (9459, 49);
-- Final Index and Final Name: outer--0054 Key: fabric0054
insert into Zoom_Inventory_Attribute (Zoom_Id, Inventory_Attribute_Id) values (9459, 105);
insert into Zoom (Id, Description, Layer) values (9460, 'resources//img/Cuff/Cuff-Closeup-Lyr01-StrSingButton-Outer.0055.png', 01);
insert into Category_Zoom (Category_Id, Zoom_Id) values (6, 9460);
insert into Zoom_Inventory_Attribute (Zoom_Id, Inventory_Attribute_Id) values (9460, 49);
-- Final Index and Final Name: outer--0055 Key: fabric0055
insert into Zoom_Inventory_Attribute (Zoom_Id, Inventory_Attribute_Id) values (9460, 106);
insert into Zoom (Id, Description, Layer) values (9461, 'resources//img/Cuff/Cuff-Closeup-Lyr01-StrSingButton-Outer.0056.png', 01);
insert into Category_Zoom (Category_Id, Zoom_Id) values (6, 9461);
insert into Zoom_Inventory_Attribute (Zoom_Id, Inventory_Attribute_Id) values (9461, 49);
-- Final Index and Final Name: outer--0056 Key: fabric0056
insert into Zoom_Inventory_Attribute (Zoom_Id, Inventory_Attribute_Id) values (9461, 107);
insert into Zoom (Id, Description, Layer) values (9462, 'resources//img/Cuff/Cuff-Closeup-Lyr01-StrSingButton-Outer.0057.png', 01);
insert into Category_Zoom (Category_Id, Zoom_Id) values (6, 9462);
insert into Zoom_Inventory_Attribute (Zoom_Id, Inventory_Attribute_Id) values (9462, 49);
-- Final Index and Final Name: outer--0057 Key: fabric0057
insert into Zoom_Inventory_Attribute (Zoom_Id, Inventory_Attribute_Id) values (9462, 108);
insert into Zoom (Id, Description, Layer) values (9463, 'resources//img/Cuff/Cuff-Closeup-Lyr01-StrSingButton-Outer.0058.png', 01);
insert into Category_Zoom (Category_Id, Zoom_Id) values (6, 9463);
insert into Zoom_Inventory_Attribute (Zoom_Id, Inventory_Attribute_Id) values (9463, 49);
-- Final Index and Final Name: outer--0058 Key: fabric0058
insert into Zoom_Inventory_Attribute (Zoom_Id, Inventory_Attribute_Id) values (9463, 109);
insert into Zoom (Id, Description, Layer) values (9464, 'resources//img/Cuff/Cuff-Closeup-Lyr01-StrSingButton-Outer.0059.png', 01);
insert into Category_Zoom (Category_Id, Zoom_Id) values (6, 9464);
insert into Zoom_Inventory_Attribute (Zoom_Id, Inventory_Attribute_Id) values (9464, 49);
-- Final Index and Final Name: outer--0059 Key: fabric0059
insert into Zoom_Inventory_Attribute (Zoom_Id, Inventory_Attribute_Id) values (9464, 110);
insert into Zoom (Id, Description, Layer) values (9465, 'resources//img/Cuff/Cuff-Closeup-Lyr01-StrSingButton-Outer.0060.png', 01);
insert into Category_Zoom (Category_Id, Zoom_Id) values (6, 9465);
insert into Zoom_Inventory_Attribute (Zoom_Id, Inventory_Attribute_Id) values (9465, 49);
-- Final Index and Final Name: outer--0060 Key: fabric0060
insert into Zoom_Inventory_Attribute (Zoom_Id, Inventory_Attribute_Id) values (9465, 111);
insert into Zoom (Id, Description, Layer) values (9466, 'resources//img/Cuff/Cuff-Closeup-Lyr01-StrSingButton-Outer.0061.png', 01);
insert into Category_Zoom (Category_Id, Zoom_Id) values (6, 9466);
insert into Zoom_Inventory_Attribute (Zoom_Id, Inventory_Attribute_Id) values (9466, 49);
-- Final Index and Final Name: outer--0061 Key: fabric0061
insert into Zoom_Inventory_Attribute (Zoom_Id, Inventory_Attribute_Id) values (9466, 112);
insert into Zoom (Id, Description, Layer) values (9467, 'resources//img/Cuff/Cuff-Closeup-Lyr01-StrSingButton-Outer.0062.png', 01);
insert into Category_Zoom (Category_Id, Zoom_Id) values (6, 9467);
insert into Zoom_Inventory_Attribute (Zoom_Id, Inventory_Attribute_Id) values (9467, 49);
-- Final Index and Final Name: outer--0062 Key: fabric0062
insert into Zoom_Inventory_Attribute (Zoom_Id, Inventory_Attribute_Id) values (9467, 113);
insert into Zoom (Id, Description, Layer) values (9468, 'resources//img/Cuff/Cuff-Closeup-Lyr01-StrSingButton-Outer.0063.png', 01);
insert into Category_Zoom (Category_Id, Zoom_Id) values (6, 9468);
insert into Zoom_Inventory_Attribute (Zoom_Id, Inventory_Attribute_Id) values (9468, 49);
-- Final Index and Final Name: outer--0063 Key: fabric0063
insert into Zoom_Inventory_Attribute (Zoom_Id, Inventory_Attribute_Id) values (9468, 114);
insert into Zoom (Id, Description, Layer) values (9469, 'resources//img/Cuff/Cuff-Closeup-Lyr01-StrSingButton-Outer.0064.png', 01);
insert into Category_Zoom (Category_Id, Zoom_Id) values (6, 9469);
insert into Zoom_Inventory_Attribute (Zoom_Id, Inventory_Attribute_Id) values (9469, 49);
-- Final Index and Final Name: outer--0064 Key: fabric0064
insert into Zoom_Inventory_Attribute (Zoom_Id, Inventory_Attribute_Id) values (9469, 115);
insert into Zoom (Id, Description, Layer) values (9470, 'resources//img/Cuff/Cuff-Closeup-Lyr01-StrSingButton-Outer.0065.png', 01);
insert into Category_Zoom (Category_Id, Zoom_Id) values (6, 9470);
insert into Zoom_Inventory_Attribute (Zoom_Id, Inventory_Attribute_Id) values (9470, 49);
-- Final Index and Final Name: outer--0065 Key: fabric0065
insert into Zoom_Inventory_Attribute (Zoom_Id, Inventory_Attribute_Id) values (9470, 116);
insert into Zoom (Id, Description, Layer) values (9471, 'resources//img/Cuff/Cuff-Closeup-Lyr01-StrSingButton-Outer.0066.png', 01);
insert into Category_Zoom (Category_Id, Zoom_Id) values (6, 9471);
insert into Zoom_Inventory_Attribute (Zoom_Id, Inventory_Attribute_Id) values (9471, 49);
-- Final Index and Final Name: outer--0066 Key: fabric0066
insert into Zoom_Inventory_Attribute (Zoom_Id, Inventory_Attribute_Id) values (9471, 117);
insert into Zoom (Id, Description, Layer) values (9472, 'resources//img/Cuff/Cuff-Closeup-Lyr01-StrSingButton-Outer.0067.png', 01);
insert into Category_Zoom (Category_Id, Zoom_Id) values (6, 9472);
insert into Zoom_Inventory_Attribute (Zoom_Id, Inventory_Attribute_Id) values (9472, 49);
-- Final Index and Final Name: outer--0067 Key: fabric0067
insert into Zoom_Inventory_Attribute (Zoom_Id, Inventory_Attribute_Id) values (9472, 118);
insert into Zoom (Id, Description, Layer) values (9473, 'resources//img/Cuff/Cuff-Closeup-Lyr01-StrSingButton-Outer.0068.png', 01);
insert into Category_Zoom (Category_Id, Zoom_Id) values (6, 9473);
insert into Zoom_Inventory_Attribute (Zoom_Id, Inventory_Attribute_Id) values (9473, 49);
-- Final Index and Final Name: outer--0068 Key: fabric0068
insert into Zoom_Inventory_Attribute (Zoom_Id, Inventory_Attribute_Id) values (9473, 119);
insert into Zoom (Id, Description, Layer) values (9474, 'resources//img/Cuff/Cuff-Closeup-Lyr01-StrSingButton-Outer.0069.png', 01);
insert into Category_Zoom (Category_Id, Zoom_Id) values (6, 9474);
insert into Zoom_Inventory_Attribute (Zoom_Id, Inventory_Attribute_Id) values (9474, 49);
-- Final Index and Final Name: outer--0069 Key: fabric0069
insert into Zoom_Inventory_Attribute (Zoom_Id, Inventory_Attribute_Id) values (9474, 120);
insert into Zoom (Id, Description, Layer) values (9475, 'resources//img/Cuff/Cuff-Closeup-Lyr01-StrSingButton-Outer.0070.png', 01);
insert into Category_Zoom (Category_Id, Zoom_Id) values (6, 9475);
insert into Zoom_Inventory_Attribute (Zoom_Id, Inventory_Attribute_Id) values (9475, 49);
-- Final Index and Final Name: outer--0070 Key: fabric0070
insert into Zoom_Inventory_Attribute (Zoom_Id, Inventory_Attribute_Id) values (9475, 121);
insert into Zoom (Id, Description, Layer) values (9476, 'resources//img/Cuff/Cuff-Closeup-Lyr01-StrSingButton-Outer.0071.png', 01);
insert into Category_Zoom (Category_Id, Zoom_Id) values (6, 9476);
insert into Zoom_Inventory_Attribute (Zoom_Id, Inventory_Attribute_Id) values (9476, 49);
-- Final Index and Final Name: outer--0071 Key: fabric0071
insert into Zoom_Inventory_Attribute (Zoom_Id, Inventory_Attribute_Id) values (9476, 122);
insert into Zoom (Id, Description, Layer) values (9477, 'resources//img/Cuff/Cuff-Closeup-Lyr01-StrSingButton-Outer.0072.png', 01);
insert into Category_Zoom (Category_Id, Zoom_Id) values (6, 9477);
insert into Zoom_Inventory_Attribute (Zoom_Id, Inventory_Attribute_Id) values (9477, 49);
-- Final Index and Final Name: outer--0072 Key: fabric0072
insert into Zoom_Inventory_Attribute (Zoom_Id, Inventory_Attribute_Id) values (9477, 123);
insert into Zoom (Id, Description, Layer) values (9478, 'resources//img/Cuff/Cuff-Closeup-Lyr01-StrSingButton-Outer.0073.png', 01);
insert into Category_Zoom (Category_Id, Zoom_Id) values (6, 9478);
insert into Zoom_Inventory_Attribute (Zoom_Id, Inventory_Attribute_Id) values (9478, 49);
-- Final Index and Final Name: outer--0073 Key: fabric0073
insert into Zoom_Inventory_Attribute (Zoom_Id, Inventory_Attribute_Id) values (9478, 124);
insert into Zoom (Id, Description, Layer) values (9479, 'resources//img/Cuff/Cuff-Closeup-Lyr01-StrSingButton-Outer.0074.png', 01);
insert into Category_Zoom (Category_Id, Zoom_Id) values (6, 9479);
insert into Zoom_Inventory_Attribute (Zoom_Id, Inventory_Attribute_Id) values (9479, 49);
-- Final Index and Final Name: outer--0074 Key: fabric0074
insert into Zoom_Inventory_Attribute (Zoom_Id, Inventory_Attribute_Id) values (9479, 125);
insert into Zoom (Id, Description, Layer) values (9480, 'resources//img/Cuff/Cuff-Closeup-Lyr01-StrSingButton-Outer.0075.png', 01);
insert into Category_Zoom (Category_Id, Zoom_Id) values (6, 9480);
insert into Zoom_Inventory_Attribute (Zoom_Id, Inventory_Attribute_Id) values (9480, 49);
-- Final Index and Final Name: outer--0075 Key: fabric0075
insert into Zoom_Inventory_Attribute (Zoom_Id, Inventory_Attribute_Id) values (9480, 126);
insert into Zoom (Id, Description, Layer) values (9481, 'resources//img/Cuff/Cuff-Closeup-Lyr01-StrSingButton-Outer.0076.png', 01);
insert into Category_Zoom (Category_Id, Zoom_Id) values (6, 9481);
insert into Zoom_Inventory_Attribute (Zoom_Id, Inventory_Attribute_Id) values (9481, 49);
-- Final Index and Final Name: outer--0076 Key: fabric0076
insert into Zoom_Inventory_Attribute (Zoom_Id, Inventory_Attribute_Id) values (9481, 127);
insert into Zoom (Id, Description, Layer) values (9482, 'resources//img/Cuff/Cuff-Closeup-Lyr01-StrSingButton-Outer.0077.png', 01);
insert into Category_Zoom (Category_Id, Zoom_Id) values (6, 9482);
insert into Zoom_Inventory_Attribute (Zoom_Id, Inventory_Attribute_Id) values (9482, 49);
-- Final Index and Final Name: outer--0077 Key: fabric0077
insert into Zoom_Inventory_Attribute (Zoom_Id, Inventory_Attribute_Id) values (9482, 128);
insert into Zoom (Id, Description, Layer) values (9483, 'resources//img/Cuff/Cuff-Closeup-Lyr01-StrSingButton-Outer.0078.png', 01);
insert into Category_Zoom (Category_Id, Zoom_Id) values (6, 9483);
insert into Zoom_Inventory_Attribute (Zoom_Id, Inventory_Attribute_Id) values (9483, 49);
-- Final Index and Final Name: outer--0078 Key: fabric0078
insert into Zoom_Inventory_Attribute (Zoom_Id, Inventory_Attribute_Id) values (9483, 129);
insert into Zoom (Id, Description, Layer) values (9484, 'resources//img/Cuff/Cuff-Closeup-Lyr01-StrSingButton-Outer.0079.png', 01);
insert into Category_Zoom (Category_Id, Zoom_Id) values (6, 9484);
insert into Zoom_Inventory_Attribute (Zoom_Id, Inventory_Attribute_Id) values (9484, 49);
-- Final Index and Final Name: outer--0079 Key: fabric0079
insert into Zoom_Inventory_Attribute (Zoom_Id, Inventory_Attribute_Id) values (9484, 130);
insert into Zoom (Id, Description, Layer) values (9485, 'resources//img/Cuff/Cuff-Closeup-Lyr01-StrSingButton-Outer.0080.png', 01);
insert into Category_Zoom (Category_Id, Zoom_Id) values (6, 9485);
insert into Zoom_Inventory_Attribute (Zoom_Id, Inventory_Attribute_Id) values (9485, 49);
-- Final Index and Final Name: outer--0080 Key: fabric0080
insert into Zoom_Inventory_Attribute (Zoom_Id, Inventory_Attribute_Id) values (9485, 131);
insert into Zoom (Id, Description, Layer) values (9486, 'resources//img/Cuff/Cuff-Closeup-Lyr01-StrSingButton-Outer.0081.png', 01);
insert into Category_Zoom (Category_Id, Zoom_Id) values (6, 9486);
insert into Zoom_Inventory_Attribute (Zoom_Id, Inventory_Attribute_Id) values (9486, 49);
-- Final Index and Final Name: outer--0081 Key: fabric0081
insert into Zoom_Inventory_Attribute (Zoom_Id, Inventory_Attribute_Id) values (9486, 132);
insert into Zoom (Id, Description, Layer) values (9487, 'resources//img/Cuff/Cuff-Closeup-Lyr01-StrSingButton-Outer.0082.png', 01);
insert into Category_Zoom (Category_Id, Zoom_Id) values (6, 9487);
insert into Zoom_Inventory_Attribute (Zoom_Id, Inventory_Attribute_Id) values (9487, 49);
-- Final Index and Final Name: outer--0082 Key: fabric0082
insert into Zoom_Inventory_Attribute (Zoom_Id, Inventory_Attribute_Id) values (9487, 133);
insert into Zoom (Id, Description, Layer) values (9488, 'resources//img/Cuff/Cuff-Closeup-Lyr01-StrSingButton-Outer.0083.png', 01);
insert into Category_Zoom (Category_Id, Zoom_Id) values (6, 9488);
insert into Zoom_Inventory_Attribute (Zoom_Id, Inventory_Attribute_Id) values (9488, 49);
-- Final Index and Final Name: outer--0083 Key: fabric0083
insert into Zoom_Inventory_Attribute (Zoom_Id, Inventory_Attribute_Id) values (9488, 134);
insert into Zoom (Id, Description, Layer) values (9489, 'resources//img/Cuff/Cuff-Closeup-Lyr01-StrSingButton-Outer.0084.png', 01);
insert into Category_Zoom (Category_Id, Zoom_Id) values (6, 9489);
insert into Zoom_Inventory_Attribute (Zoom_Id, Inventory_Attribute_Id) values (9489, 49);
-- Final Index and Final Name: outer--0084 Key: fabric0084
insert into Zoom_Inventory_Attribute (Zoom_Id, Inventory_Attribute_Id) values (9489, 135);
insert into Zoom (Id, Description, Layer) values (9490, 'resources//img/Cuff/Cuff-Closeup-Lyr01-StrSingButton-Outer.0085.png', 01);
insert into Category_Zoom (Category_Id, Zoom_Id) values (6, 9490);
insert into Zoom_Inventory_Attribute (Zoom_Id, Inventory_Attribute_Id) values (9490, 49);
-- Final Index and Final Name: outer--0085 Key: fabric0085
insert into Zoom_Inventory_Attribute (Zoom_Id, Inventory_Attribute_Id) values (9490, 136);
insert into Zoom (Id, Description, Layer) values (9491, 'resources//img/Cuff/Cuff-Closeup-Lyr01-StrSingButton-Outer.0086.png', 01);
insert into Category_Zoom (Category_Id, Zoom_Id) values (6, 9491);
insert into Zoom_Inventory_Attribute (Zoom_Id, Inventory_Attribute_Id) values (9491, 49);
-- Final Index and Final Name: outer--0086 Key: fabric0086
insert into Zoom_Inventory_Attribute (Zoom_Id, Inventory_Attribute_Id) values (9491, 137);
insert into Zoom (Id, Description, Layer) values (9492, 'resources//img/Cuff/Cuff-Closeup-Lyr01-StrSingButton-Outer.0087.png', 01);
insert into Category_Zoom (Category_Id, Zoom_Id) values (6, 9492);
insert into Zoom_Inventory_Attribute (Zoom_Id, Inventory_Attribute_Id) values (9492, 49);
-- Final Index and Final Name: outer--0087 Key: fabric0087
insert into Zoom_Inventory_Attribute (Zoom_Id, Inventory_Attribute_Id) values (9492, 138);
insert into Zoom (Id, Description, Layer) values (9493, 'resources//img/Cuff/Cuff-Closeup-Lyr01-StrSingButton-Outer.0088.png', 01);
insert into Category_Zoom (Category_Id, Zoom_Id) values (6, 9493);
insert into Zoom_Inventory_Attribute (Zoom_Id, Inventory_Attribute_Id) values (9493, 49);
-- Final Index and Final Name: outer--0088 Key: fabric0088
insert into Zoom_Inventory_Attribute (Zoom_Id, Inventory_Attribute_Id) values (9493, 139);
insert into Zoom (Id, Description, Layer) values (9494, 'resources//img/Cuff/Cuff-Closeup-Lyr01-StrSingButton-Outer.0089.png', 01);
insert into Category_Zoom (Category_Id, Zoom_Id) values (6, 9494);
insert into Zoom_Inventory_Attribute (Zoom_Id, Inventory_Attribute_Id) values (9494, 49);
-- Final Index and Final Name: outer--0089 Key: fabric0089
insert into Zoom_Inventory_Attribute (Zoom_Id, Inventory_Attribute_Id) values (9494, 140);
insert into Zoom (Id, Description, Layer) values (9495, 'resources//img/Cuff/Cuff-Closeup-Lyr01-StrSingButton-Outer.0090.png', 01);
insert into Category_Zoom (Category_Id, Zoom_Id) values (6, 9495);
insert into Zoom_Inventory_Attribute (Zoom_Id, Inventory_Attribute_Id) values (9495, 49);
-- Final Index and Final Name: outer--0090 Key: fabric0090
insert into Zoom_Inventory_Attribute (Zoom_Id, Inventory_Attribute_Id) values (9495, 141);
insert into Zoom (Id, Description, Layer) values (9496, 'resources//img/Cuff/Cuff-Closeup-Lyr01-StrSingButton-Outer.0091.png', 01);
insert into Category_Zoom (Category_Id, Zoom_Id) values (6, 9496);
insert into Zoom_Inventory_Attribute (Zoom_Id, Inventory_Attribute_Id) values (9496, 49);
-- Final Index and Final Name: outer--0091 Key: fabric0091
insert into Zoom_Inventory_Attribute (Zoom_Id, Inventory_Attribute_Id) values (9496, 142);
insert into Zoom (Id, Description, Layer) values (9497, 'resources//img/Cuff/Cuff-Closeup-Lyr01-StrSingButton-Outer.0092.png', 01);
insert into Category_Zoom (Category_Id, Zoom_Id) values (6, 9497);
insert into Zoom_Inventory_Attribute (Zoom_Id, Inventory_Attribute_Id) values (9497, 49);
-- Final Index and Final Name: outer--0092 Key: fabric0092
insert into Zoom_Inventory_Attribute (Zoom_Id, Inventory_Attribute_Id) values (9497, 143);
insert into Zoom (Id, Description, Layer) values (9498, 'resources//img/Cuff/Cuff-Closeup-Lyr01-StrSingButton-Outer.0093.png', 01);
insert into Category_Zoom (Category_Id, Zoom_Id) values (6, 9498);
insert into Zoom_Inventory_Attribute (Zoom_Id, Inventory_Attribute_Id) values (9498, 49);
-- Final Index and Final Name: outer--0093 Key: fabric0093
insert into Zoom_Inventory_Attribute (Zoom_Id, Inventory_Attribute_Id) values (9498, 144);
insert into Zoom (Id, Description, Layer) values (9499, 'resources//img/Cuff/Cuff-Closeup-Lyr01-StrSingButton-Outer.0094.png', 01);
insert into Category_Zoom (Category_Id, Zoom_Id) values (6, 9499);
insert into Zoom_Inventory_Attribute (Zoom_Id, Inventory_Attribute_Id) values (9499, 49);
-- Final Index and Final Name: outer--0094 Key: fabric0094
insert into Zoom_Inventory_Attribute (Zoom_Id, Inventory_Attribute_Id) values (9499, 145);
insert into Zoom (Id, Description, Layer) values (9500, 'resources//img/Cuff/Cuff-Closeup-Lyr01-StrSingButton-Outer.0095.png', 01);
insert into Category_Zoom (Category_Id, Zoom_Id) values (6, 9500);
insert into Zoom_Inventory_Attribute (Zoom_Id, Inventory_Attribute_Id) values (9500, 49);
-- Final Index and Final Name: outer--0095 Key: fabric0095
insert into Zoom_Inventory_Attribute (Zoom_Id, Inventory_Attribute_Id) values (9500, 146);
insert into Zoom (Id, Description, Layer) values (9501, 'resources//img/Cuff/Cuff-Closeup-Lyr01-StrSingButton-Outer.0096.png', 01);
insert into Category_Zoom (Category_Id, Zoom_Id) values (6, 9501);
insert into Zoom_Inventory_Attribute (Zoom_Id, Inventory_Attribute_Id) values (9501, 49);
-- Final Index and Final Name: outer--0096 Key: fabric0096
insert into Zoom_Inventory_Attribute (Zoom_Id, Inventory_Attribute_Id) values (9501, 147);
insert into Zoom (Id, Description, Layer) values (9502, 'resources//img/Cuff/Cuff-Closeup-Lyr01-StrSingButton-Outer.0097.png', 01);
insert into Category_Zoom (Category_Id, Zoom_Id) values (6, 9502);
insert into Zoom_Inventory_Attribute (Zoom_Id, Inventory_Attribute_Id) values (9502, 49);
-- Final Index and Final Name: outer--0097 Key: fabric0097
insert into Zoom_Inventory_Attribute (Zoom_Id, Inventory_Attribute_Id) values (9502, 148);
insert into Zoom (Id, Description, Layer) values (9503, 'resources//img/Cuff/Cuff-Closeup-Lyr01-StrSingButton-Outer.0098.png', 01);
insert into Category_Zoom (Category_Id, Zoom_Id) values (6, 9503);
insert into Zoom_Inventory_Attribute (Zoom_Id, Inventory_Attribute_Id) values (9503, 49);
-- Final Index and Final Name: outer--0098 Key: fabric0098
insert into Zoom_Inventory_Attribute (Zoom_Id, Inventory_Attribute_Id) values (9503, 149);
insert into Zoom (Id, Description, Layer) values (9504, 'resources//img/Cuff/Cuff-Closeup-Lyr01-StrSingButton-Outer.0099.png', 01);
insert into Category_Zoom (Category_Id, Zoom_Id) values (6, 9504);
insert into Zoom_Inventory_Attribute (Zoom_Id, Inventory_Attribute_Id) values (9504, 49);
-- Final Index and Final Name: outer--0099 Key: fabric0099
insert into Zoom_Inventory_Attribute (Zoom_Id, Inventory_Attribute_Id) values (9504, 150);
insert into Zoom (Id, Description, Layer) values (9505, 'resources//img/Cuff/Cuff-Closeup-Lyr01-StrSingButton-Outer.0100.png', 01);
insert into Category_Zoom (Category_Id, Zoom_Id) values (6, 9505);
insert into Zoom_Inventory_Attribute (Zoom_Id, Inventory_Attribute_Id) values (9505, 49);
-- Final Index and Final Name: outer--0100 Key: fabric0100
insert into Zoom_Inventory_Attribute (Zoom_Id, Inventory_Attribute_Id) values (9505, 151);
insert into Zoom (Id, Description, Layer) values (9506, 'resources//img/Cuff/Cuff-Closeup-Lyr01-StrSingButton-Outer.0101.png', 01);
insert into Category_Zoom (Category_Id, Zoom_Id) values (6, 9506);
insert into Zoom_Inventory_Attribute (Zoom_Id, Inventory_Attribute_Id) values (9506, 49);
-- Final Index and Final Name: outer--0101 Key: fabric0101
insert into Zoom_Inventory_Attribute (Zoom_Id, Inventory_Attribute_Id) values (9506, 152);
insert into Zoom (Id, Description, Layer) values (9507, 'resources//img/Cuff/Cuff-Closeup-Lyr01-StrSingButton-Outer.0102.png', 01);
insert into Category_Zoom (Category_Id, Zoom_Id) values (6, 9507);
insert into Zoom_Inventory_Attribute (Zoom_Id, Inventory_Attribute_Id) values (9507, 49);
-- Final Index and Final Name: outer--0102 Key: fabric0102
insert into Zoom_Inventory_Attribute (Zoom_Id, Inventory_Attribute_Id) values (9507, 153);
insert into Zoom (Id, Description, Layer) values (9508, 'resources//img/Cuff/Cuff-Closeup-Lyr01-StrSingButton-Outer.0103.png', 01);
insert into Category_Zoom (Category_Id, Zoom_Id) values (6, 9508);
insert into Zoom_Inventory_Attribute (Zoom_Id, Inventory_Attribute_Id) values (9508, 49);
-- Final Index and Final Name: outer--0103 Key: fabric0103
insert into Zoom_Inventory_Attribute (Zoom_Id, Inventory_Attribute_Id) values (9508, 154);
insert into Zoom (Id, Description, Layer) values (9509, 'resources//img/Cuff/Cuff-Closeup-Lyr01-StrSingButton-Outer.0104.png', 01);
insert into Category_Zoom (Category_Id, Zoom_Id) values (6, 9509);
insert into Zoom_Inventory_Attribute (Zoom_Id, Inventory_Attribute_Id) values (9509, 49);
-- Final Index and Final Name: outer--0104 Key: fabric0104
insert into Zoom_Inventory_Attribute (Zoom_Id, Inventory_Attribute_Id) values (9509, 155);
insert into Zoom (Id, Description, Layer) values (9510, 'resources//img/Cuff/Cuff-Closeup-Lyr01-StrSingButton-Outer.0105.png', 01);
insert into Category_Zoom (Category_Id, Zoom_Id) values (6, 9510);
insert into Zoom_Inventory_Attribute (Zoom_Id, Inventory_Attribute_Id) values (9510, 49);
-- Final Index and Final Name: outer--0105 Key: fabric0105
insert into Zoom_Inventory_Attribute (Zoom_Id, Inventory_Attribute_Id) values (9510, 156);
insert into Zoom (Id, Description, Layer) values (9511, 'resources//img/Cuff/Cuff-Closeup-Lyr01-StrSingButton-Outer.0106.png', 01);
insert into Category_Zoom (Category_Id, Zoom_Id) values (6, 9511);
insert into Zoom_Inventory_Attribute (Zoom_Id, Inventory_Attribute_Id) values (9511, 49);
-- Final Index and Final Name: outer--0106 Key: fabric0106
insert into Zoom_Inventory_Attribute (Zoom_Id, Inventory_Attribute_Id) values (9511, 157);
insert into Zoom (Id, Description, Layer) values (9512, 'resources//img/Cuff/Cuff-Closeup-Lyr01-StrSingButton-Outer.0107.png', 01);
insert into Category_Zoom (Category_Id, Zoom_Id) values (6, 9512);
insert into Zoom_Inventory_Attribute (Zoom_Id, Inventory_Attribute_Id) values (9512, 49);
-- Final Index and Final Name: outer--0107 Key: fabric0107
insert into Zoom_Inventory_Attribute (Zoom_Id, Inventory_Attribute_Id) values (9512, 158);
insert into Zoom (Id, Description, Layer) values (9513, 'resources//img/Cuff/Cuff-Closeup-Lyr01-StrSingButton-Outer.0108.png', 01);
insert into Category_Zoom (Category_Id, Zoom_Id) values (6, 9513);
insert into Zoom_Inventory_Attribute (Zoom_Id, Inventory_Attribute_Id) values (9513, 49);
-- Final Index and Final Name: outer--0108 Key: fabric0108
insert into Zoom_Inventory_Attribute (Zoom_Id, Inventory_Attribute_Id) values (9513, 159);
insert into Zoom (Id, Description, Layer) values (9514, 'resources//img/Cuff/Cuff-Closeup-Lyr01-StrSingButton-Outer.0109.png', 01);
insert into Category_Zoom (Category_Id, Zoom_Id) values (6, 9514);
insert into Zoom_Inventory_Attribute (Zoom_Id, Inventory_Attribute_Id) values (9514, 49);
-- Final Index and Final Name: outer--0109 Key: fabric0109
insert into Zoom_Inventory_Attribute (Zoom_Id, Inventory_Attribute_Id) values (9514, 160);
insert into Zoom (Id, Description, Layer) values (9515, 'resources//img/Cuff/Cuff-Closeup-Lyr01-StrSingButton-Outer.0110.png', 01);
insert into Category_Zoom (Category_Id, Zoom_Id) values (6, 9515);
insert into Zoom_Inventory_Attribute (Zoom_Id, Inventory_Attribute_Id) values (9515, 49);
-- Final Index and Final Name: outer--0110 Key: fabric0110
insert into Zoom_Inventory_Attribute (Zoom_Id, Inventory_Attribute_Id) values (9515, 161);
insert into Zoom (Id, Description, Layer) values (9516, 'resources//img/Cuff/Cuff-Closeup-Lyr01-StrSingButton-Outer.0111.png', 01);
insert into Category_Zoom (Category_Id, Zoom_Id) values (6, 9516);
insert into Zoom_Inventory_Attribute (Zoom_Id, Inventory_Attribute_Id) values (9516, 49);
-- Final Index and Final Name: outer--0111 Key: fabric0111
insert into Zoom_Inventory_Attribute (Zoom_Id, Inventory_Attribute_Id) values (9516, 162);
insert into Zoom (Id, Description, Layer) values (9517, 'resources//img/Cuff/Cuff-Closeup-Lyr01-StrSingButton-Outer.0112.png', 01);
insert into Category_Zoom (Category_Id, Zoom_Id) values (6, 9517);
insert into Zoom_Inventory_Attribute (Zoom_Id, Inventory_Attribute_Id) values (9517, 49);
-- Final Index and Final Name: outer--0112 Key: fabric0112
insert into Zoom_Inventory_Attribute (Zoom_Id, Inventory_Attribute_Id) values (9517, 163);
insert into Zoom (Id, Description, Layer) values (9518, 'resources//img/Cuff/Cuff-Closeup-Lyr01-StrSingButton-Outer.0113.png', 01);
insert into Category_Zoom (Category_Id, Zoom_Id) values (6, 9518);
insert into Zoom_Inventory_Attribute (Zoom_Id, Inventory_Attribute_Id) values (9518, 49);
-- Final Index and Final Name: outer--0113 Key: fabric0113
insert into Zoom_Inventory_Attribute (Zoom_Id, Inventory_Attribute_Id) values (9518, 164);
insert into Zoom (Id, Description, Layer) values (9519, 'resources//img/Cuff/Cuff-Closeup-Lyr01-StrSingButton-Outer.0114.png', 01);
insert into Category_Zoom (Category_Id, Zoom_Id) values (6, 9519);
insert into Zoom_Inventory_Attribute (Zoom_Id, Inventory_Attribute_Id) values (9519, 49);
-- Final Index and Final Name: outer--0114 Key: fabric0114
insert into Zoom_Inventory_Attribute (Zoom_Id, Inventory_Attribute_Id) values (9519, 165);
insert into Zoom (Id, Description, Layer) values (9520, 'resources//img/Cuff/Cuff-Closeup-Lyr01-StrSingButton-Outer.0115.png', 01);
insert into Category_Zoom (Category_Id, Zoom_Id) values (6, 9520);
insert into Zoom_Inventory_Attribute (Zoom_Id, Inventory_Attribute_Id) values (9520, 49);
-- Final Index and Final Name: outer--0115 Key: fabric0115
insert into Zoom_Inventory_Attribute (Zoom_Id, Inventory_Attribute_Id) values (9520, 166);
insert into Zoom (Id, Description, Layer) values (9521, 'resources//img/Cuff/Cuff-Closeup-Lyr01-StrSingButton-Outer.0116.png', 01);
insert into Category_Zoom (Category_Id, Zoom_Id) values (6, 9521);
insert into Zoom_Inventory_Attribute (Zoom_Id, Inventory_Attribute_Id) values (9521, 49);
-- Final Index and Final Name: outer--0116 Key: fabric0116
insert into Zoom_Inventory_Attribute (Zoom_Id, Inventory_Attribute_Id) values (9521, 167);
insert into Zoom (Id, Description, Layer) values (9522, 'resources//img/Cuff/Cuff-Closeup-Lyr01-StrSingButton-Outer.0117.png', 01);
insert into Category_Zoom (Category_Id, Zoom_Id) values (6, 9522);
insert into Zoom_Inventory_Attribute (Zoom_Id, Inventory_Attribute_Id) values (9522, 49);
-- Final Index and Final Name: outer--0117 Key: fabric0117
insert into Zoom_Inventory_Attribute (Zoom_Id, Inventory_Attribute_Id) values (9522, 168);
insert into Zoom (Id, Description, Layer) values (9523, 'resources//img/Cuff/Cuff-Closeup-Lyr01-StrSingButton-Outer.0118.png', 01);
insert into Category_Zoom (Category_Id, Zoom_Id) values (6, 9523);
insert into Zoom_Inventory_Attribute (Zoom_Id, Inventory_Attribute_Id) values (9523, 49);
-- Final Index and Final Name: outer--0118 Key: fabric0118
insert into Zoom_Inventory_Attribute (Zoom_Id, Inventory_Attribute_Id) values (9523, 169);
insert into Zoom (Id, Description, Layer) values (9524, 'resources//img/Cuff/Cuff-Closeup-Lyr01-StrSingButton-Outer.0119.png', 01);
insert into Category_Zoom (Category_Id, Zoom_Id) values (6, 9524);
insert into Zoom_Inventory_Attribute (Zoom_Id, Inventory_Attribute_Id) values (9524, 49);
-- Final Index and Final Name: outer--0119 Key: fabric0119
insert into Zoom_Inventory_Attribute (Zoom_Id, Inventory_Attribute_Id) values (9524, 170);
insert into Zoom (Id, Description, Layer) values (9525, 'resources//img/Cuff/Cuff-Closeup-Lyr01-StrSingButton-Outer.0120.png', 01);
insert into Category_Zoom (Category_Id, Zoom_Id) values (6, 9525);
insert into Zoom_Inventory_Attribute (Zoom_Id, Inventory_Attribute_Id) values (9525, 49);
-- Final Index and Final Name: outer--0120 Key: fabric0120
insert into Zoom_Inventory_Attribute (Zoom_Id, Inventory_Attribute_Id) values (9525, 171);
insert into Zoom (Id, Description, Layer) values (9526, 'resources//img/Cuff/Cuff-Closeup-Lyr01-StrSingButton-Outer.0121.png', 01);
insert into Category_Zoom (Category_Id, Zoom_Id) values (6, 9526);
insert into Zoom_Inventory_Attribute (Zoom_Id, Inventory_Attribute_Id) values (9526, 49);
-- Final Index and Final Name: outer--0121 Key: fabric0121
insert into Zoom_Inventory_Attribute (Zoom_Id, Inventory_Attribute_Id) values (9526, 172);
insert into Zoom (Id, Description, Layer) values (9527, 'resources//img/Cuff/Cuff-Closeup-Lyr01-StrSingButton-Outer.0122.png', 01);
insert into Category_Zoom (Category_Id, Zoom_Id) values (6, 9527);
insert into Zoom_Inventory_Attribute (Zoom_Id, Inventory_Attribute_Id) values (9527, 49);
-- Final Index and Final Name: outer--0122 Key: fabric0122
insert into Zoom_Inventory_Attribute (Zoom_Id, Inventory_Attribute_Id) values (9527, 173);
insert into Zoom (Id, Description, Layer) values (9528, 'resources//img/Cuff/Cuff-Closeup-Lyr01-StrSingButton-Outer.0123.png', 01);
insert into Category_Zoom (Category_Id, Zoom_Id) values (6, 9528);
insert into Zoom_Inventory_Attribute (Zoom_Id, Inventory_Attribute_Id) values (9528, 49);
-- Final Index and Final Name: outer--0123 Key: fabric0123
insert into Zoom_Inventory_Attribute (Zoom_Id, Inventory_Attribute_Id) values (9528, 174);
insert into Zoom (Id, Description, Layer) values (9529, 'resources//img/Cuff/Cuff-Closeup-Lyr01-StrSingButton-Outer.0124.png', 01);
insert into Category_Zoom (Category_Id, Zoom_Id) values (6, 9529);
insert into Zoom_Inventory_Attribute (Zoom_Id, Inventory_Attribute_Id) values (9529, 49);
-- Final Index and Final Name: outer--0124 Key: fabric0124
insert into Zoom_Inventory_Attribute (Zoom_Id, Inventory_Attribute_Id) values (9529, 175);
insert into Zoom (Id, Description, Layer) values (9530, 'resources//img/Cuff/Cuff-Closeup-Lyr01-StrSingButton-Outer.0125.png', 01);
insert into Category_Zoom (Category_Id, Zoom_Id) values (6, 9530);
insert into Zoom_Inventory_Attribute (Zoom_Id, Inventory_Attribute_Id) values (9530, 49);
-- Final Index and Final Name: outer--0125 Key: fabric0125
insert into Zoom_Inventory_Attribute (Zoom_Id, Inventory_Attribute_Id) values (9530, 176);
insert into Zoom (Id, Description, Layer) values (9531, 'resources//img/Cuff/Cuff-Closeup-Lyr01-StrSingButton-Outer.0126.png', 01);
insert into Category_Zoom (Category_Id, Zoom_Id) values (6, 9531);
insert into Zoom_Inventory_Attribute (Zoom_Id, Inventory_Attribute_Id) values (9531, 49);
-- Final Index and Final Name: outer--0126 Key: fabric0126
insert into Zoom_Inventory_Attribute (Zoom_Id, Inventory_Attribute_Id) values (9531, 177);
insert into Zoom (Id, Description, Layer) values (9532, 'resources//img/Cuff/Cuff-Closeup-Lyr01-StrSingButton-Outer.0127.png', 01);
insert into Category_Zoom (Category_Id, Zoom_Id) values (6, 9532);
insert into Zoom_Inventory_Attribute (Zoom_Id, Inventory_Attribute_Id) values (9532, 49);
-- Final Index and Final Name: outer--0127 Key: fabric0127
insert into Zoom_Inventory_Attribute (Zoom_Id, Inventory_Attribute_Id) values (9532, 178);
insert into Zoom (Id, Description, Layer) values (9533, 'resources//img/Cuff/Cuff-Closeup-Lyr01-StrSingButton-Outer.0128.png', 01);
insert into Category_Zoom (Category_Id, Zoom_Id) values (6, 9533);
insert into Zoom_Inventory_Attribute (Zoom_Id, Inventory_Attribute_Id) values (9533, 49);
-- Final Index and Final Name: outer--0128 Key: fabric0128
insert into Zoom_Inventory_Attribute (Zoom_Id, Inventory_Attribute_Id) values (9533, 179);
insert into Zoom (Id, Description, Layer) values (9534, 'resources//img/Cuff/Cuff-Closeup-Lyr01-StrSingButton-Outer.0129.png', 01);
insert into Category_Zoom (Category_Id, Zoom_Id) values (6, 9534);
insert into Zoom_Inventory_Attribute (Zoom_Id, Inventory_Attribute_Id) values (9534, 49);
-- Final Index and Final Name: outer--0129 Key: fabric0129
insert into Zoom_Inventory_Attribute (Zoom_Id, Inventory_Attribute_Id) values (9534, 180);
insert into Zoom (Id, Description, Layer) values (9535, 'resources//img/Cuff/Cuff-Closeup-Lyr01-StrSingButton-Outer.0130.png', 01);
insert into Category_Zoom (Category_Id, Zoom_Id) values (6, 9535);
insert into Zoom_Inventory_Attribute (Zoom_Id, Inventory_Attribute_Id) values (9535, 49);
-- Final Index and Final Name: outer--0130 Key: fabric0130
insert into Zoom_Inventory_Attribute (Zoom_Id, Inventory_Attribute_Id) values (9535, 181);
insert into Zoom (Id, Description, Layer) values (9536, 'resources//img/Cuff/Cuff-Closeup-Lyr01-StrSingButton-Outer.0131.png', 01);
insert into Category_Zoom (Category_Id, Zoom_Id) values (6, 9536);
insert into Zoom_Inventory_Attribute (Zoom_Id, Inventory_Attribute_Id) values (9536, 49);
-- Final Index and Final Name: outer--0131 Key: fabric0131
insert into Zoom_Inventory_Attribute (Zoom_Id, Inventory_Attribute_Id) values (9536, 182);
insert into Zoom (Id, Description, Layer) values (9537, 'resources//img/Cuff/Cuff-Closeup-Lyr01-StrSingButton-Outer.0132.png', 01);
insert into Category_Zoom (Category_Id, Zoom_Id) values (6, 9537);
insert into Zoom_Inventory_Attribute (Zoom_Id, Inventory_Attribute_Id) values (9537, 49);
-- Final Index and Final Name: outer--0132 Key: fabric0132
insert into Zoom_Inventory_Attribute (Zoom_Id, Inventory_Attribute_Id) values (9537, 183);
insert into Zoom (Id, Description, Layer) values (9538, 'resources//img/Cuff/Cuff-Closeup-Lyr01-StrSingButton-Outer.0133.png', 01);
insert into Category_Zoom (Category_Id, Zoom_Id) values (6, 9538);
insert into Zoom_Inventory_Attribute (Zoom_Id, Inventory_Attribute_Id) values (9538, 49);
-- Final Index and Final Name: outer--0133 Key: fabric0133
insert into Zoom_Inventory_Attribute (Zoom_Id, Inventory_Attribute_Id) values (9538, 184);
insert into Zoom (Id, Description, Layer) values (9539, 'resources//img/Cuff/Cuff-Closeup-Lyr01-StrSingButton-Outer.0134.png', 01);
insert into Category_Zoom (Category_Id, Zoom_Id) values (6, 9539);
insert into Zoom_Inventory_Attribute (Zoom_Id, Inventory_Attribute_Id) values (9539, 49);
-- Final Index and Final Name: outer--0134 Key: fabric0134
insert into Zoom_Inventory_Attribute (Zoom_Id, Inventory_Attribute_Id) values (9539, 185);
insert into Zoom (Id, Description, Layer) values (9540, 'resources//img/Cuff/Cuff-Closeup-Lyr01-StrSingButton-Outer.0135.png', 01);
insert into Category_Zoom (Category_Id, Zoom_Id) values (6, 9540);
insert into Zoom_Inventory_Attribute (Zoom_Id, Inventory_Attribute_Id) values (9540, 49);
-- Final Index and Final Name: outer--0135 Key: fabric0135
insert into Zoom_Inventory_Attribute (Zoom_Id, Inventory_Attribute_Id) values (9540, 186);
insert into Zoom (Id, Description, Layer) values (9541, 'resources//img/Cuff/Cuff-Closeup-Lyr01-StrSingButton-Outer.0136.png', 01);
insert into Category_Zoom (Category_Id, Zoom_Id) values (6, 9541);
insert into Zoom_Inventory_Attribute (Zoom_Id, Inventory_Attribute_Id) values (9541, 49);
-- Final Index and Final Name: outer--0136 Key: fabric0136
insert into Zoom_Inventory_Attribute (Zoom_Id, Inventory_Attribute_Id) values (9541, 187);
insert into Zoom (Id, Description, Layer) values (9542, 'resources//img/Cuff/Cuff-Closeup-Lyr01-StrSingButton-Outer.0137.png', 01);
insert into Category_Zoom (Category_Id, Zoom_Id) values (6, 9542);
insert into Zoom_Inventory_Attribute (Zoom_Id, Inventory_Attribute_Id) values (9542, 49);
-- Final Index and Final Name: outer--0137 Key: fabric0137
insert into Zoom_Inventory_Attribute (Zoom_Id, Inventory_Attribute_Id) values (9542, 188);
insert into Zoom (Id, Description, Layer) values (9543, 'resources//img/Cuff/Cuff-Closeup-Lyr01-StrSingButton-Outer.0138.png', 01);
insert into Category_Zoom (Category_Id, Zoom_Id) values (6, 9543);
insert into Zoom_Inventory_Attribute (Zoom_Id, Inventory_Attribute_Id) values (9543, 49);
-- Final Index and Final Name: outer--0138 Key: fabric0138
insert into Zoom_Inventory_Attribute (Zoom_Id, Inventory_Attribute_Id) values (9543, 189);
insert into Zoom (Id, Description, Layer) values (9544, 'resources//img/Cuff/Cuff-Closeup-Lyr01-StrSingButton-Outer.0139.png', 01);
insert into Category_Zoom (Category_Id, Zoom_Id) values (6, 9544);
insert into Zoom_Inventory_Attribute (Zoom_Id, Inventory_Attribute_Id) values (9544, 49);
-- Final Index and Final Name: outer--0139 Key: fabric0139
insert into Zoom_Inventory_Attribute (Zoom_Id, Inventory_Attribute_Id) values (9544, 190);
insert into Zoom (Id, Description, Layer) values (9545, 'resources//img/Cuff/Cuff-Closeup-Lyr01-StrSingButton-Outer.0140.png', 01);
insert into Category_Zoom (Category_Id, Zoom_Id) values (6, 9545);
insert into Zoom_Inventory_Attribute (Zoom_Id, Inventory_Attribute_Id) values (9545, 49);
-- Final Index and Final Name: outer--0140 Key: fabric0140
insert into Zoom_Inventory_Attribute (Zoom_Id, Inventory_Attribute_Id) values (9545, 191);
insert into Zoom (Id, Description, Layer) values (9546, 'resources//img/Cuff/Cuff-Closeup-Lyr01-StrSingButton-Outer.0141.png', 01);
insert into Category_Zoom (Category_Id, Zoom_Id) values (6, 9546);
insert into Zoom_Inventory_Attribute (Zoom_Id, Inventory_Attribute_Id) values (9546, 49);
-- Final Index and Final Name: outer--0141 Key: fabric0141
insert into Zoom_Inventory_Attribute (Zoom_Id, Inventory_Attribute_Id) values (9546, 192);
insert into Zoom (Id, Description, Layer) values (9547, 'resources//img/Cuff/Cuff-Closeup-Lyr01-StrSingButton-Outer.0142.png', 01);
insert into Category_Zoom (Category_Id, Zoom_Id) values (6, 9547);
insert into Zoom_Inventory_Attribute (Zoom_Id, Inventory_Attribute_Id) values (9547, 49);
-- Final Index and Final Name: outer--0142 Key: fabric0142
insert into Zoom_Inventory_Attribute (Zoom_Id, Inventory_Attribute_Id) values (9547, 193);
insert into Zoom (Id, Description, Layer) values (9548, 'resources//img/Cuff/Cuff-Closeup-Lyr01-StrSingButton-Outer.0143.png', 01);
insert into Category_Zoom (Category_Id, Zoom_Id) values (6, 9548);
insert into Zoom_Inventory_Attribute (Zoom_Id, Inventory_Attribute_Id) values (9548, 49);
-- Final Index and Final Name: outer--0143 Key: fabric0143
insert into Zoom_Inventory_Attribute (Zoom_Id, Inventory_Attribute_Id) values (9548, 194);
insert into Zoom (Id, Description, Layer) values (9549, 'resources//img/Cuff/Cuff-Closeup-Lyr01-StrSingButton-Outer.0144.png', 01);
insert into Category_Zoom (Category_Id, Zoom_Id) values (6, 9549);
insert into Zoom_Inventory_Attribute (Zoom_Id, Inventory_Attribute_Id) values (9549, 49);
-- Final Index and Final Name: outer--0144 Key: fabric0144
insert into Zoom_Inventory_Attribute (Zoom_Id, Inventory_Attribute_Id) values (9549, 195);
insert into Zoom (Id, Description, Layer) values (9550, 'resources//img/Cuff/Cuff-Closeup-Lyr01-StrSingButton-Outer.0145.png', 01);
insert into Category_Zoom (Category_Id, Zoom_Id) values (6, 9550);
insert into Zoom_Inventory_Attribute (Zoom_Id, Inventory_Attribute_Id) values (9550, 49);
-- Final Index and Final Name: outer--0145 Key: fabric0145
insert into Zoom_Inventory_Attribute (Zoom_Id, Inventory_Attribute_Id) values (9550, 196);
insert into Zoom (Id, Description, Layer) values (9551, 'resources//img/Cuff/Cuff-Closeup-Lyr01-StrSingButton-Outer.0146.png', 01);
insert into Category_Zoom (Category_Id, Zoom_Id) values (6, 9551);
insert into Zoom_Inventory_Attribute (Zoom_Id, Inventory_Attribute_Id) values (9551, 49);
-- Final Index and Final Name: outer--0146 Key: fabric0146
insert into Zoom_Inventory_Attribute (Zoom_Id, Inventory_Attribute_Id) values (9551, 197);
insert into Zoom (Id, Description, Layer) values (9552, 'resources//img/Cuff/Cuff-Closeup-Lyr01-StrSingButton-Outer.0147.png', 01);
insert into Category_Zoom (Category_Id, Zoom_Id) values (6, 9552);
insert into Zoom_Inventory_Attribute (Zoom_Id, Inventory_Attribute_Id) values (9552, 49);
-- Final Index and Final Name: outer--0147 Key: fabric0147
insert into Zoom_Inventory_Attribute (Zoom_Id, Inventory_Attribute_Id) values (9552, 198);
insert into Zoom (Id, Description, Layer) values (9553, 'resources//img/Cuff/Cuff-Closeup-Lyr01-StrSingButton-Outer.0148.png', 01);
insert into Category_Zoom (Category_Id, Zoom_Id) values (6, 9553);
insert into Zoom_Inventory_Attribute (Zoom_Id, Inventory_Attribute_Id) values (9553, 49);
-- Final Index and Final Name: outer--0148 Key: fabric0148
insert into Zoom_Inventory_Attribute (Zoom_Id, Inventory_Attribute_Id) values (9553, 199);
insert into Zoom (Id, Description, Layer) values (9554, 'resources//img/Cuff/Cuff-Closeup-Lyr01-StrSingButton-Outer.0149.png', 01);
insert into Category_Zoom (Category_Id, Zoom_Id) values (6, 9554);
insert into Zoom_Inventory_Attribute (Zoom_Id, Inventory_Attribute_Id) values (9554, 49);
-- Final Index and Final Name: outer--0149 Key: fabric0149
insert into Zoom_Inventory_Attribute (Zoom_Id, Inventory_Attribute_Id) values (9554, 200);
insert into Zoom (Id, Description, Layer) values (9555, 'resources//img/Cuff/Cuff-Closeup-Lyr01-StrSingButton-Outer.0150.png', 01);
insert into Category_Zoom (Category_Id, Zoom_Id) values (6, 9555);
insert into Zoom_Inventory_Attribute (Zoom_Id, Inventory_Attribute_Id) values (9555, 49);
-- Final Index and Final Name: outer--0150 Key: fabric0150
insert into Zoom_Inventory_Attribute (Zoom_Id, Inventory_Attribute_Id) values (9555, 201);
insert into Zoom (Id, Description, Layer) values (9556, 'resources//img/Cuff/Cuff-Closeup-Lyr01-StrSingButton-Outer.0151.png', 01);
insert into Category_Zoom (Category_Id, Zoom_Id) values (6, 9556);
insert into Zoom_Inventory_Attribute (Zoom_Id, Inventory_Attribute_Id) values (9556, 49);
-- Final Index and Final Name: outer--0151 Key: fabric0151
insert into Zoom_Inventory_Attribute (Zoom_Id, Inventory_Attribute_Id) values (9556, 202);
insert into Zoom (Id, Description, Layer) values (9557, 'resources//img/Cuff/Cuff-Closeup-Lyr01-StrSingButton-Outer.0152.png', 01);
insert into Category_Zoom (Category_Id, Zoom_Id) values (6, 9557);
insert into Zoom_Inventory_Attribute (Zoom_Id, Inventory_Attribute_Id) values (9557, 49);
-- Final Index and Final Name: outer--0152 Key: fabric0152
insert into Zoom_Inventory_Attribute (Zoom_Id, Inventory_Attribute_Id) values (9557, 203);
insert into Zoom (Id, Description, Layer) values (9558, 'resources//img/Cuff/Cuff-Closeup-Lyr01-StrSingButton-Outer.0153.png', 01);
insert into Category_Zoom (Category_Id, Zoom_Id) values (6, 9558);
insert into Zoom_Inventory_Attribute (Zoom_Id, Inventory_Attribute_Id) values (9558, 49);
-- Final Index and Final Name: outer--0153 Key: fabric0153
insert into Zoom_Inventory_Attribute (Zoom_Id, Inventory_Attribute_Id) values (9558, 204);
insert into Zoom (Id, Description, Layer) values (9559, 'resources//img/Cuff/Cuff-Closeup-Lyr01-StrSingButton-Outer.0154.png', 01);
insert into Category_Zoom (Category_Id, Zoom_Id) values (6, 9559);
insert into Zoom_Inventory_Attribute (Zoom_Id, Inventory_Attribute_Id) values (9559, 49);
-- Final Index and Final Name: outer--0154 Key: fabric0154
insert into Zoom_Inventory_Attribute (Zoom_Id, Inventory_Attribute_Id) values (9559, 205);
insert into Zoom (Id, Description, Layer) values (9560, 'resources//img/Cuff/Cuff-Closeup-Lyr01-StrSingButton-Outer.0155.png', 01);
insert into Category_Zoom (Category_Id, Zoom_Id) values (6, 9560);
insert into Zoom_Inventory_Attribute (Zoom_Id, Inventory_Attribute_Id) values (9560, 49);
-- Final Index and Final Name: outer--0155 Key: fabric0155
insert into Zoom_Inventory_Attribute (Zoom_Id, Inventory_Attribute_Id) values (9560, 206);
insert into Zoom (Id, Description, Layer) values (9561, 'resources//img/Cuff/Cuff-Closeup-Lyr01-StrTrpButton-Outer.0001.png', 01);
insert into Category_Zoom (Category_Id, Zoom_Id) values (6, 9561);
insert into Zoom_Inventory_Attribute (Zoom_Id, Inventory_Attribute_Id) values (9561, 50);
-- Final Index and Final Name: outer--0001 Key: fabric0001
insert into Zoom_Inventory_Attribute (Zoom_Id, Inventory_Attribute_Id) values (9561, 52);
insert into Zoom (Id, Description, Layer) values (9562, 'resources//img/Cuff/Cuff-Closeup-Lyr01-StrTrpButton-Outer.0002.png', 01);
insert into Category_Zoom (Category_Id, Zoom_Id) values (6, 9562);
insert into Zoom_Inventory_Attribute (Zoom_Id, Inventory_Attribute_Id) values (9562, 50);
-- Final Index and Final Name: outer--0002 Key: fabric0002
insert into Zoom_Inventory_Attribute (Zoom_Id, Inventory_Attribute_Id) values (9562, 53);
insert into Zoom (Id, Description, Layer) values (9563, 'resources//img/Cuff/Cuff-Closeup-Lyr01-StrTrpButton-Outer.0003.png', 01);
insert into Category_Zoom (Category_Id, Zoom_Id) values (6, 9563);
insert into Zoom_Inventory_Attribute (Zoom_Id, Inventory_Attribute_Id) values (9563, 50);
-- Final Index and Final Name: outer--0003 Key: fabric0003
insert into Zoom_Inventory_Attribute (Zoom_Id, Inventory_Attribute_Id) values (9563, 54);
insert into Zoom (Id, Description, Layer) values (9564, 'resources//img/Cuff/Cuff-Closeup-Lyr01-StrTrpButton-Outer.0004.png', 01);
insert into Category_Zoom (Category_Id, Zoom_Id) values (6, 9564);
insert into Zoom_Inventory_Attribute (Zoom_Id, Inventory_Attribute_Id) values (9564, 50);
-- Final Index and Final Name: outer--0004 Key: fabric0004
insert into Zoom_Inventory_Attribute (Zoom_Id, Inventory_Attribute_Id) values (9564, 55);
insert into Zoom (Id, Description, Layer) values (9565, 'resources//img/Cuff/Cuff-Closeup-Lyr01-StrTrpButton-Outer.0005.png', 01);
insert into Category_Zoom (Category_Id, Zoom_Id) values (6, 9565);
insert into Zoom_Inventory_Attribute (Zoom_Id, Inventory_Attribute_Id) values (9565, 50);
-- Final Index and Final Name: outer--0005 Key: fabric0005
insert into Zoom_Inventory_Attribute (Zoom_Id, Inventory_Attribute_Id) values (9565, 56);
insert into Zoom (Id, Description, Layer) values (9566, 'resources//img/Cuff/Cuff-Closeup-Lyr01-StrTrpButton-Outer.0006.png', 01);
insert into Category_Zoom (Category_Id, Zoom_Id) values (6, 9566);
insert into Zoom_Inventory_Attribute (Zoom_Id, Inventory_Attribute_Id) values (9566, 50);
-- Final Index and Final Name: outer--0006 Key: fabric0006
insert into Zoom_Inventory_Attribute (Zoom_Id, Inventory_Attribute_Id) values (9566, 57);
insert into Zoom (Id, Description, Layer) values (9567, 'resources//img/Cuff/Cuff-Closeup-Lyr01-StrTrpButton-Outer.0007.png', 01);
insert into Category_Zoom (Category_Id, Zoom_Id) values (6, 9567);
insert into Zoom_Inventory_Attribute (Zoom_Id, Inventory_Attribute_Id) values (9567, 50);
-- Final Index and Final Name: outer--0007 Key: fabric0007
insert into Zoom_Inventory_Attribute (Zoom_Id, Inventory_Attribute_Id) values (9567, 58);
insert into Zoom (Id, Description, Layer) values (9568, 'resources//img/Cuff/Cuff-Closeup-Lyr01-StrTrpButton-Outer.0008.png', 01);
insert into Category_Zoom (Category_Id, Zoom_Id) values (6, 9568);
insert into Zoom_Inventory_Attribute (Zoom_Id, Inventory_Attribute_Id) values (9568, 50);
-- Final Index and Final Name: outer--0008 Key: fabric0008
insert into Zoom_Inventory_Attribute (Zoom_Id, Inventory_Attribute_Id) values (9568, 59);
insert into Zoom (Id, Description, Layer) values (9569, 'resources//img/Cuff/Cuff-Closeup-Lyr01-StrTrpButton-Outer.0009.png', 01);
insert into Category_Zoom (Category_Id, Zoom_Id) values (6, 9569);
insert into Zoom_Inventory_Attribute (Zoom_Id, Inventory_Attribute_Id) values (9569, 50);
-- Final Index and Final Name: outer--0009 Key: fabric0009
insert into Zoom_Inventory_Attribute (Zoom_Id, Inventory_Attribute_Id) values (9569, 60);
insert into Zoom (Id, Description, Layer) values (9570, 'resources//img/Cuff/Cuff-Closeup-Lyr01-StrTrpButton-Outer.0010.png', 01);
insert into Category_Zoom (Category_Id, Zoom_Id) values (6, 9570);
insert into Zoom_Inventory_Attribute (Zoom_Id, Inventory_Attribute_Id) values (9570, 50);
-- Final Index and Final Name: outer--0010 Key: fabric0010
insert into Zoom_Inventory_Attribute (Zoom_Id, Inventory_Attribute_Id) values (9570, 61);
insert into Zoom (Id, Description, Layer) values (9571, 'resources//img/Cuff/Cuff-Closeup-Lyr01-StrTrpButton-Outer.0011.png', 01);
insert into Category_Zoom (Category_Id, Zoom_Id) values (6, 9571);
insert into Zoom_Inventory_Attribute (Zoom_Id, Inventory_Attribute_Id) values (9571, 50);
-- Final Index and Final Name: outer--0011 Key: fabric0011
insert into Zoom_Inventory_Attribute (Zoom_Id, Inventory_Attribute_Id) values (9571, 62);
insert into Zoom (Id, Description, Layer) values (9572, 'resources//img/Cuff/Cuff-Closeup-Lyr01-StrTrpButton-Outer.0012.png', 01);
insert into Category_Zoom (Category_Id, Zoom_Id) values (6, 9572);
insert into Zoom_Inventory_Attribute (Zoom_Id, Inventory_Attribute_Id) values (9572, 50);
-- Final Index and Final Name: outer--0012 Key: fabric0012
insert into Zoom_Inventory_Attribute (Zoom_Id, Inventory_Attribute_Id) values (9572, 63);
insert into Zoom (Id, Description, Layer) values (9573, 'resources//img/Cuff/Cuff-Closeup-Lyr01-StrTrpButton-Outer.0013.png', 01);
insert into Category_Zoom (Category_Id, Zoom_Id) values (6, 9573);
insert into Zoom_Inventory_Attribute (Zoom_Id, Inventory_Attribute_Id) values (9573, 50);
-- Final Index and Final Name: outer--0013 Key: fabric0013
insert into Zoom_Inventory_Attribute (Zoom_Id, Inventory_Attribute_Id) values (9573, 64);
insert into Zoom (Id, Description, Layer) values (9574, 'resources//img/Cuff/Cuff-Closeup-Lyr01-StrTrpButton-Outer.0014.png', 01);
insert into Category_Zoom (Category_Id, Zoom_Id) values (6, 9574);
insert into Zoom_Inventory_Attribute (Zoom_Id, Inventory_Attribute_Id) values (9574, 50);
-- Final Index and Final Name: outer--0014 Key: fabric0014
insert into Zoom_Inventory_Attribute (Zoom_Id, Inventory_Attribute_Id) values (9574, 65);
insert into Zoom (Id, Description, Layer) values (9575, 'resources//img/Cuff/Cuff-Closeup-Lyr01-StrTrpButton-Outer.0015.png', 01);
insert into Category_Zoom (Category_Id, Zoom_Id) values (6, 9575);
insert into Zoom_Inventory_Attribute (Zoom_Id, Inventory_Attribute_Id) values (9575, 50);
-- Final Index and Final Name: outer--0015 Key: fabric0015
insert into Zoom_Inventory_Attribute (Zoom_Id, Inventory_Attribute_Id) values (9575, 66);
insert into Zoom (Id, Description, Layer) values (9576, 'resources//img/Cuff/Cuff-Closeup-Lyr01-StrTrpButton-Outer.0016.png', 01);
insert into Category_Zoom (Category_Id, Zoom_Id) values (6, 9576);
insert into Zoom_Inventory_Attribute (Zoom_Id, Inventory_Attribute_Id) values (9576, 50);
-- Final Index and Final Name: outer--0016 Key: fabric0016
insert into Zoom_Inventory_Attribute (Zoom_Id, Inventory_Attribute_Id) values (9576, 67);
insert into Zoom (Id, Description, Layer) values (9577, 'resources//img/Cuff/Cuff-Closeup-Lyr01-StrTrpButton-Outer.0017.png', 01);
insert into Category_Zoom (Category_Id, Zoom_Id) values (6, 9577);
insert into Zoom_Inventory_Attribute (Zoom_Id, Inventory_Attribute_Id) values (9577, 50);
-- Final Index and Final Name: outer--0017 Key: fabric0017
insert into Zoom_Inventory_Attribute (Zoom_Id, Inventory_Attribute_Id) values (9577, 68);
insert into Zoom (Id, Description, Layer) values (9578, 'resources//img/Cuff/Cuff-Closeup-Lyr01-StrTrpButton-Outer.0018.png', 01);
insert into Category_Zoom (Category_Id, Zoom_Id) values (6, 9578);
insert into Zoom_Inventory_Attribute (Zoom_Id, Inventory_Attribute_Id) values (9578, 50);
-- Final Index and Final Name: outer--0018 Key: fabric0018
insert into Zoom_Inventory_Attribute (Zoom_Id, Inventory_Attribute_Id) values (9578, 69);
insert into Zoom (Id, Description, Layer) values (9579, 'resources//img/Cuff/Cuff-Closeup-Lyr01-StrTrpButton-Outer.0019.png', 01);
insert into Category_Zoom (Category_Id, Zoom_Id) values (6, 9579);
insert into Zoom_Inventory_Attribute (Zoom_Id, Inventory_Attribute_Id) values (9579, 50);
-- Final Index and Final Name: outer--0019 Key: fabric0019
insert into Zoom_Inventory_Attribute (Zoom_Id, Inventory_Attribute_Id) values (9579, 70);
insert into Zoom (Id, Description, Layer) values (9580, 'resources//img/Cuff/Cuff-Closeup-Lyr01-StrTrpButton-Outer.0020.png', 01);
insert into Category_Zoom (Category_Id, Zoom_Id) values (6, 9580);
insert into Zoom_Inventory_Attribute (Zoom_Id, Inventory_Attribute_Id) values (9580, 50);
-- Final Index and Final Name: outer--0020 Key: fabric0020
insert into Zoom_Inventory_Attribute (Zoom_Id, Inventory_Attribute_Id) values (9580, 71);
insert into Zoom (Id, Description, Layer) values (9581, 'resources//img/Cuff/Cuff-Closeup-Lyr01-StrTrpButton-Outer.0021.png', 01);
insert into Category_Zoom (Category_Id, Zoom_Id) values (6, 9581);
insert into Zoom_Inventory_Attribute (Zoom_Id, Inventory_Attribute_Id) values (9581, 50);
-- Final Index and Final Name: outer--0021 Key: fabric0021
insert into Zoom_Inventory_Attribute (Zoom_Id, Inventory_Attribute_Id) values (9581, 72);
insert into Zoom (Id, Description, Layer) values (9582, 'resources//img/Cuff/Cuff-Closeup-Lyr01-StrTrpButton-Outer.0022.png', 01);
insert into Category_Zoom (Category_Id, Zoom_Id) values (6, 9582);
insert into Zoom_Inventory_Attribute (Zoom_Id, Inventory_Attribute_Id) values (9582, 50);
-- Final Index and Final Name: outer--0022 Key: fabric0022
insert into Zoom_Inventory_Attribute (Zoom_Id, Inventory_Attribute_Id) values (9582, 73);
insert into Zoom (Id, Description, Layer) values (9583, 'resources//img/Cuff/Cuff-Closeup-Lyr01-StrTrpButton-Outer.0023.png', 01);
insert into Category_Zoom (Category_Id, Zoom_Id) values (6, 9583);
insert into Zoom_Inventory_Attribute (Zoom_Id, Inventory_Attribute_Id) values (9583, 50);
-- Final Index and Final Name: outer--0023 Key: fabric0023
insert into Zoom_Inventory_Attribute (Zoom_Id, Inventory_Attribute_Id) values (9583, 74);
insert into Zoom (Id, Description, Layer) values (9584, 'resources//img/Cuff/Cuff-Closeup-Lyr01-StrTrpButton-Outer.0024.png', 01);
insert into Category_Zoom (Category_Id, Zoom_Id) values (6, 9584);
insert into Zoom_Inventory_Attribute (Zoom_Id, Inventory_Attribute_Id) values (9584, 50);
-- Final Index and Final Name: outer--0024 Key: fabric0024
insert into Zoom_Inventory_Attribute (Zoom_Id, Inventory_Attribute_Id) values (9584, 75);
insert into Zoom (Id, Description, Layer) values (9585, 'resources//img/Cuff/Cuff-Closeup-Lyr01-StrTrpButton-Outer.0025.png', 01);
insert into Category_Zoom (Category_Id, Zoom_Id) values (6, 9585);
insert into Zoom_Inventory_Attribute (Zoom_Id, Inventory_Attribute_Id) values (9585, 50);
-- Final Index and Final Name: outer--0025 Key: fabric0025
insert into Zoom_Inventory_Attribute (Zoom_Id, Inventory_Attribute_Id) values (9585, 76);
insert into Zoom (Id, Description, Layer) values (9586, 'resources//img/Cuff/Cuff-Closeup-Lyr01-StrTrpButton-Outer.0026.png', 01);
insert into Category_Zoom (Category_Id, Zoom_Id) values (6, 9586);
insert into Zoom_Inventory_Attribute (Zoom_Id, Inventory_Attribute_Id) values (9586, 50);
-- Final Index and Final Name: outer--0026 Key: fabric0026
insert into Zoom_Inventory_Attribute (Zoom_Id, Inventory_Attribute_Id) values (9586, 77);
insert into Zoom (Id, Description, Layer) values (9587, 'resources//img/Cuff/Cuff-Closeup-Lyr01-StrTrpButton-Outer.0027.png', 01);
insert into Category_Zoom (Category_Id, Zoom_Id) values (6, 9587);
insert into Zoom_Inventory_Attribute (Zoom_Id, Inventory_Attribute_Id) values (9587, 50);
-- Final Index and Final Name: outer--0027 Key: fabric0027
insert into Zoom_Inventory_Attribute (Zoom_Id, Inventory_Attribute_Id) values (9587, 78);
insert into Zoom (Id, Description, Layer) values (9588, 'resources//img/Cuff/Cuff-Closeup-Lyr01-StrTrpButton-Outer.0028.png', 01);
insert into Category_Zoom (Category_Id, Zoom_Id) values (6, 9588);
insert into Zoom_Inventory_Attribute (Zoom_Id, Inventory_Attribute_Id) values (9588, 50);
-- Final Index and Final Name: outer--0028 Key: fabric0028
insert into Zoom_Inventory_Attribute (Zoom_Id, Inventory_Attribute_Id) values (9588, 79);
insert into Zoom (Id, Description, Layer) values (9589, 'resources//img/Cuff/Cuff-Closeup-Lyr01-StrTrpButton-Outer.0029.png', 01);
insert into Category_Zoom (Category_Id, Zoom_Id) values (6, 9589);
insert into Zoom_Inventory_Attribute (Zoom_Id, Inventory_Attribute_Id) values (9589, 50);
-- Final Index and Final Name: outer--0029 Key: fabric0029
insert into Zoom_Inventory_Attribute (Zoom_Id, Inventory_Attribute_Id) values (9589, 80);
insert into Zoom (Id, Description, Layer) values (9590, 'resources//img/Cuff/Cuff-Closeup-Lyr01-StrTrpButton-Outer.0030.png', 01);
insert into Category_Zoom (Category_Id, Zoom_Id) values (6, 9590);
insert into Zoom_Inventory_Attribute (Zoom_Id, Inventory_Attribute_Id) values (9590, 50);
-- Final Index and Final Name: outer--0030 Key: fabric0030
insert into Zoom_Inventory_Attribute (Zoom_Id, Inventory_Attribute_Id) values (9590, 81);
insert into Zoom (Id, Description, Layer) values (9591, 'resources//img/Cuff/Cuff-Closeup-Lyr01-StrTrpButton-Outer.0031.png', 01);
insert into Category_Zoom (Category_Id, Zoom_Id) values (6, 9591);
insert into Zoom_Inventory_Attribute (Zoom_Id, Inventory_Attribute_Id) values (9591, 50);
-- Final Index and Final Name: outer--0031 Key: fabric0031
insert into Zoom_Inventory_Attribute (Zoom_Id, Inventory_Attribute_Id) values (9591, 82);
insert into Zoom (Id, Description, Layer) values (9592, 'resources//img/Cuff/Cuff-Closeup-Lyr01-StrTrpButton-Outer.0032.png', 01);
insert into Category_Zoom (Category_Id, Zoom_Id) values (6, 9592);
insert into Zoom_Inventory_Attribute (Zoom_Id, Inventory_Attribute_Id) values (9592, 50);
-- Final Index and Final Name: outer--0032 Key: fabric0032
insert into Zoom_Inventory_Attribute (Zoom_Id, Inventory_Attribute_Id) values (9592, 83);
insert into Zoom (Id, Description, Layer) values (9593, 'resources//img/Cuff/Cuff-Closeup-Lyr01-StrTrpButton-Outer.0033.png', 01);
insert into Category_Zoom (Category_Id, Zoom_Id) values (6, 9593);
insert into Zoom_Inventory_Attribute (Zoom_Id, Inventory_Attribute_Id) values (9593, 50);
-- Final Index and Final Name: outer--0033 Key: fabric0033
insert into Zoom_Inventory_Attribute (Zoom_Id, Inventory_Attribute_Id) values (9593, 84);
insert into Zoom (Id, Description, Layer) values (9594, 'resources//img/Cuff/Cuff-Closeup-Lyr01-StrTrpButton-Outer.0034.png', 01);
insert into Category_Zoom (Category_Id, Zoom_Id) values (6, 9594);
insert into Zoom_Inventory_Attribute (Zoom_Id, Inventory_Attribute_Id) values (9594, 50);
-- Final Index and Final Name: outer--0034 Key: fabric0034
insert into Zoom_Inventory_Attribute (Zoom_Id, Inventory_Attribute_Id) values (9594, 85);
insert into Zoom (Id, Description, Layer) values (9595, 'resources//img/Cuff/Cuff-Closeup-Lyr01-StrTrpButton-Outer.0035.png', 01);
insert into Category_Zoom (Category_Id, Zoom_Id) values (6, 9595);
insert into Zoom_Inventory_Attribute (Zoom_Id, Inventory_Attribute_Id) values (9595, 50);
-- Final Index and Final Name: outer--0035 Key: fabric0035
insert into Zoom_Inventory_Attribute (Zoom_Id, Inventory_Attribute_Id) values (9595, 86);
insert into Zoom (Id, Description, Layer) values (9596, 'resources//img/Cuff/Cuff-Closeup-Lyr01-StrTrpButton-Outer.0036.png', 01);
insert into Category_Zoom (Category_Id, Zoom_Id) values (6, 9596);
insert into Zoom_Inventory_Attribute (Zoom_Id, Inventory_Attribute_Id) values (9596, 50);
-- Final Index and Final Name: outer--0036 Key: fabric0036
insert into Zoom_Inventory_Attribute (Zoom_Id, Inventory_Attribute_Id) values (9596, 87);
insert into Zoom (Id, Description, Layer) values (9597, 'resources//img/Cuff/Cuff-Closeup-Lyr01-StrTrpButton-Outer.0037.png', 01);
insert into Category_Zoom (Category_Id, Zoom_Id) values (6, 9597);
insert into Zoom_Inventory_Attribute (Zoom_Id, Inventory_Attribute_Id) values (9597, 50);
-- Final Index and Final Name: outer--0037 Key: fabric0037
insert into Zoom_Inventory_Attribute (Zoom_Id, Inventory_Attribute_Id) values (9597, 88);
insert into Zoom (Id, Description, Layer) values (9598, 'resources//img/Cuff/Cuff-Closeup-Lyr01-StrTrpButton-Outer.0038.png', 01);
insert into Category_Zoom (Category_Id, Zoom_Id) values (6, 9598);
insert into Zoom_Inventory_Attribute (Zoom_Id, Inventory_Attribute_Id) values (9598, 50);
-- Final Index and Final Name: outer--0038 Key: fabric0038
insert into Zoom_Inventory_Attribute (Zoom_Id, Inventory_Attribute_Id) values (9598, 89);
insert into Zoom (Id, Description, Layer) values (9599, 'resources//img/Cuff/Cuff-Closeup-Lyr01-StrTrpButton-Outer.0039.png', 01);
insert into Category_Zoom (Category_Id, Zoom_Id) values (6, 9599);
insert into Zoom_Inventory_Attribute (Zoom_Id, Inventory_Attribute_Id) values (9599, 50);
-- Final Index and Final Name: outer--0039 Key: fabric0039
insert into Zoom_Inventory_Attribute (Zoom_Id, Inventory_Attribute_Id) values (9599, 90);
insert into Zoom (Id, Description, Layer) values (9600, 'resources//img/Cuff/Cuff-Closeup-Lyr01-StrTrpButton-Outer.0040.png', 01);
insert into Category_Zoom (Category_Id, Zoom_Id) values (6, 9600);
insert into Zoom_Inventory_Attribute (Zoom_Id, Inventory_Attribute_Id) values (9600, 50);
-- Final Index and Final Name: outer--0040 Key: fabric0040
insert into Zoom_Inventory_Attribute (Zoom_Id, Inventory_Attribute_Id) values (9600, 91);
insert into Zoom (Id, Description, Layer) values (9601, 'resources//img/Cuff/Cuff-Closeup-Lyr01-StrTrpButton-Outer.0041.png', 01);
insert into Category_Zoom (Category_Id, Zoom_Id) values (6, 9601);
insert into Zoom_Inventory_Attribute (Zoom_Id, Inventory_Attribute_Id) values (9601, 50);
-- Final Index and Final Name: outer--0041 Key: fabric0041
insert into Zoom_Inventory_Attribute (Zoom_Id, Inventory_Attribute_Id) values (9601, 92);
insert into Zoom (Id, Description, Layer) values (9602, 'resources//img/Cuff/Cuff-Closeup-Lyr01-StrTrpButton-Outer.0042.png', 01);
insert into Category_Zoom (Category_Id, Zoom_Id) values (6, 9602);
insert into Zoom_Inventory_Attribute (Zoom_Id, Inventory_Attribute_Id) values (9602, 50);
-- Final Index and Final Name: outer--0042 Key: fabric0042
insert into Zoom_Inventory_Attribute (Zoom_Id, Inventory_Attribute_Id) values (9602, 93);
insert into Zoom (Id, Description, Layer) values (9603, 'resources//img/Cuff/Cuff-Closeup-Lyr01-StrTrpButton-Outer.0043.png', 01);
insert into Category_Zoom (Category_Id, Zoom_Id) values (6, 9603);
insert into Zoom_Inventory_Attribute (Zoom_Id, Inventory_Attribute_Id) values (9603, 50);
-- Final Index and Final Name: outer--0043 Key: fabric0043
insert into Zoom_Inventory_Attribute (Zoom_Id, Inventory_Attribute_Id) values (9603, 94);
insert into Zoom (Id, Description, Layer) values (9604, 'resources//img/Cuff/Cuff-Closeup-Lyr01-StrTrpButton-Outer.0044.png', 01);
insert into Category_Zoom (Category_Id, Zoom_Id) values (6, 9604);
insert into Zoom_Inventory_Attribute (Zoom_Id, Inventory_Attribute_Id) values (9604, 50);
-- Final Index and Final Name: outer--0044 Key: fabric0044
insert into Zoom_Inventory_Attribute (Zoom_Id, Inventory_Attribute_Id) values (9604, 95);
insert into Zoom (Id, Description, Layer) values (9605, 'resources//img/Cuff/Cuff-Closeup-Lyr01-StrTrpButton-Outer.0045.png', 01);
insert into Category_Zoom (Category_Id, Zoom_Id) values (6, 9605);
insert into Zoom_Inventory_Attribute (Zoom_Id, Inventory_Attribute_Id) values (9605, 50);
-- Final Index and Final Name: outer--0045 Key: fabric0045
insert into Zoom_Inventory_Attribute (Zoom_Id, Inventory_Attribute_Id) values (9605, 96);
insert into Zoom (Id, Description, Layer) values (9606, 'resources//img/Cuff/Cuff-Closeup-Lyr01-StrTrpButton-Outer.0046.png', 01);
insert into Category_Zoom (Category_Id, Zoom_Id) values (6, 9606);
insert into Zoom_Inventory_Attribute (Zoom_Id, Inventory_Attribute_Id) values (9606, 50);
-- Final Index and Final Name: outer--0046 Key: fabric0046
insert into Zoom_Inventory_Attribute (Zoom_Id, Inventory_Attribute_Id) values (9606, 97);
insert into Zoom (Id, Description, Layer) values (9607, 'resources//img/Cuff/Cuff-Closeup-Lyr01-StrTrpButton-Outer.0047.png', 01);
insert into Category_Zoom (Category_Id, Zoom_Id) values (6, 9607);
insert into Zoom_Inventory_Attribute (Zoom_Id, Inventory_Attribute_Id) values (9607, 50);
-- Final Index and Final Name: outer--0047 Key: fabric0047
insert into Zoom_Inventory_Attribute (Zoom_Id, Inventory_Attribute_Id) values (9607, 98);
insert into Zoom (Id, Description, Layer) values (9608, 'resources//img/Cuff/Cuff-Closeup-Lyr01-StrTrpButton-Outer.0048.png', 01);
insert into Category_Zoom (Category_Id, Zoom_Id) values (6, 9608);
insert into Zoom_Inventory_Attribute (Zoom_Id, Inventory_Attribute_Id) values (9608, 50);
-- Final Index and Final Name: outer--0048 Key: fabric0048
insert into Zoom_Inventory_Attribute (Zoom_Id, Inventory_Attribute_Id) values (9608, 99);
insert into Zoom (Id, Description, Layer) values (9609, 'resources//img/Cuff/Cuff-Closeup-Lyr01-StrTrpButton-Outer.0049.png', 01);
insert into Category_Zoom (Category_Id, Zoom_Id) values (6, 9609);
insert into Zoom_Inventory_Attribute (Zoom_Id, Inventory_Attribute_Id) values (9609, 50);
-- Final Index and Final Name: outer--0049 Key: fabric0049
insert into Zoom_Inventory_Attribute (Zoom_Id, Inventory_Attribute_Id) values (9609, 100);
insert into Zoom (Id, Description, Layer) values (9610, 'resources//img/Cuff/Cuff-Closeup-Lyr01-StrTrpButton-Outer.0050.png', 01);
insert into Category_Zoom (Category_Id, Zoom_Id) values (6, 9610);
insert into Zoom_Inventory_Attribute (Zoom_Id, Inventory_Attribute_Id) values (9610, 50);
-- Final Index and Final Name: outer--0050 Key: fabric0050
insert into Zoom_Inventory_Attribute (Zoom_Id, Inventory_Attribute_Id) values (9610, 101);
insert into Zoom (Id, Description, Layer) values (9611, 'resources//img/Cuff/Cuff-Closeup-Lyr01-StrTrpButton-Outer.0051.png', 01);
insert into Category_Zoom (Category_Id, Zoom_Id) values (6, 9611);
insert into Zoom_Inventory_Attribute (Zoom_Id, Inventory_Attribute_Id) values (9611, 50);
-- Final Index and Final Name: outer--0051 Key: fabric0051
insert into Zoom_Inventory_Attribute (Zoom_Id, Inventory_Attribute_Id) values (9611, 102);
insert into Zoom (Id, Description, Layer) values (9612, 'resources//img/Cuff/Cuff-Closeup-Lyr01-StrTrpButton-Outer.0052.png', 01);
insert into Category_Zoom (Category_Id, Zoom_Id) values (6, 9612);
insert into Zoom_Inventory_Attribute (Zoom_Id, Inventory_Attribute_Id) values (9612, 50);
-- Final Index and Final Name: outer--0052 Key: fabric0052
insert into Zoom_Inventory_Attribute (Zoom_Id, Inventory_Attribute_Id) values (9612, 103);
insert into Zoom (Id, Description, Layer) values (9613, 'resources//img/Cuff/Cuff-Closeup-Lyr01-StrTrpButton-Outer.0053.png', 01);
insert into Category_Zoom (Category_Id, Zoom_Id) values (6, 9613);
insert into Zoom_Inventory_Attribute (Zoom_Id, Inventory_Attribute_Id) values (9613, 50);
-- Final Index and Final Name: outer--0053 Key: fabric0053
insert into Zoom_Inventory_Attribute (Zoom_Id, Inventory_Attribute_Id) values (9613, 104);
insert into Zoom (Id, Description, Layer) values (9614, 'resources//img/Cuff/Cuff-Closeup-Lyr01-StrTrpButton-Outer.0054.png', 01);
insert into Category_Zoom (Category_Id, Zoom_Id) values (6, 9614);
insert into Zoom_Inventory_Attribute (Zoom_Id, Inventory_Attribute_Id) values (9614, 50);
-- Final Index and Final Name: outer--0054 Key: fabric0054
insert into Zoom_Inventory_Attribute (Zoom_Id, Inventory_Attribute_Id) values (9614, 105);
insert into Zoom (Id, Description, Layer) values (9615, 'resources//img/Cuff/Cuff-Closeup-Lyr01-StrTrpButton-Outer.0055.png', 01);
insert into Category_Zoom (Category_Id, Zoom_Id) values (6, 9615);
insert into Zoom_Inventory_Attribute (Zoom_Id, Inventory_Attribute_Id) values (9615, 50);
-- Final Index and Final Name: outer--0055 Key: fabric0055
insert into Zoom_Inventory_Attribute (Zoom_Id, Inventory_Attribute_Id) values (9615, 106);
insert into Zoom (Id, Description, Layer) values (9616, 'resources//img/Cuff/Cuff-Closeup-Lyr01-StrTrpButton-Outer.0056.png', 01);
insert into Category_Zoom (Category_Id, Zoom_Id) values (6, 9616);
insert into Zoom_Inventory_Attribute (Zoom_Id, Inventory_Attribute_Id) values (9616, 50);
-- Final Index and Final Name: outer--0056 Key: fabric0056
insert into Zoom_Inventory_Attribute (Zoom_Id, Inventory_Attribute_Id) values (9616, 107);
insert into Zoom (Id, Description, Layer) values (9617, 'resources//img/Cuff/Cuff-Closeup-Lyr01-StrTrpButton-Outer.0057.png', 01);
insert into Category_Zoom (Category_Id, Zoom_Id) values (6, 9617);
insert into Zoom_Inventory_Attribute (Zoom_Id, Inventory_Attribute_Id) values (9617, 50);
-- Final Index and Final Name: outer--0057 Key: fabric0057
insert into Zoom_Inventory_Attribute (Zoom_Id, Inventory_Attribute_Id) values (9617, 108);
insert into Zoom (Id, Description, Layer) values (9618, 'resources//img/Cuff/Cuff-Closeup-Lyr01-StrTrpButton-Outer.0058.png', 01);
insert into Category_Zoom (Category_Id, Zoom_Id) values (6, 9618);
insert into Zoom_Inventory_Attribute (Zoom_Id, Inventory_Attribute_Id) values (9618, 50);
-- Final Index and Final Name: outer--0058 Key: fabric0058
insert into Zoom_Inventory_Attribute (Zoom_Id, Inventory_Attribute_Id) values (9618, 109);
insert into Zoom (Id, Description, Layer) values (9619, 'resources//img/Cuff/Cuff-Closeup-Lyr01-StrTrpButton-Outer.0059.png', 01);
insert into Category_Zoom (Category_Id, Zoom_Id) values (6, 9619);
insert into Zoom_Inventory_Attribute (Zoom_Id, Inventory_Attribute_Id) values (9619, 50);
-- Final Index and Final Name: outer--0059 Key: fabric0059
insert into Zoom_Inventory_Attribute (Zoom_Id, Inventory_Attribute_Id) values (9619, 110);
insert into Zoom (Id, Description, Layer) values (9620, 'resources//img/Cuff/Cuff-Closeup-Lyr01-StrTrpButton-Outer.0060.png', 01);
insert into Category_Zoom (Category_Id, Zoom_Id) values (6, 9620);
insert into Zoom_Inventory_Attribute (Zoom_Id, Inventory_Attribute_Id) values (9620, 50);
-- Final Index and Final Name: outer--0060 Key: fabric0060
insert into Zoom_Inventory_Attribute (Zoom_Id, Inventory_Attribute_Id) values (9620, 111);
insert into Zoom (Id, Description, Layer) values (9621, 'resources//img/Cuff/Cuff-Closeup-Lyr01-StrTrpButton-Outer.0061.png', 01);
insert into Category_Zoom (Category_Id, Zoom_Id) values (6, 9621);
insert into Zoom_Inventory_Attribute (Zoom_Id, Inventory_Attribute_Id) values (9621, 50);
-- Final Index and Final Name: outer--0061 Key: fabric0061
insert into Zoom_Inventory_Attribute (Zoom_Id, Inventory_Attribute_Id) values (9621, 112);
insert into Zoom (Id, Description, Layer) values (9622, 'resources//img/Cuff/Cuff-Closeup-Lyr01-StrTrpButton-Outer.0062.png', 01);
insert into Category_Zoom (Category_Id, Zoom_Id) values (6, 9622);
insert into Zoom_Inventory_Attribute (Zoom_Id, Inventory_Attribute_Id) values (9622, 50);
-- Final Index and Final Name: outer--0062 Key: fabric0062
insert into Zoom_Inventory_Attribute (Zoom_Id, Inventory_Attribute_Id) values (9622, 113);
insert into Zoom (Id, Description, Layer) values (9623, 'resources//img/Cuff/Cuff-Closeup-Lyr01-StrTrpButton-Outer.0063.png', 01);
insert into Category_Zoom (Category_Id, Zoom_Id) values (6, 9623);
insert into Zoom_Inventory_Attribute (Zoom_Id, Inventory_Attribute_Id) values (9623, 50);
-- Final Index and Final Name: outer--0063 Key: fabric0063
insert into Zoom_Inventory_Attribute (Zoom_Id, Inventory_Attribute_Id) values (9623, 114);
insert into Zoom (Id, Description, Layer) values (9624, 'resources//img/Cuff/Cuff-Closeup-Lyr01-StrTrpButton-Outer.0064.png', 01);
insert into Category_Zoom (Category_Id, Zoom_Id) values (6, 9624);
insert into Zoom_Inventory_Attribute (Zoom_Id, Inventory_Attribute_Id) values (9624, 50);
-- Final Index and Final Name: outer--0064 Key: fabric0064
insert into Zoom_Inventory_Attribute (Zoom_Id, Inventory_Attribute_Id) values (9624, 115);
insert into Zoom (Id, Description, Layer) values (9625, 'resources//img/Cuff/Cuff-Closeup-Lyr01-StrTrpButton-Outer.0065.png', 01);
insert into Category_Zoom (Category_Id, Zoom_Id) values (6, 9625);
insert into Zoom_Inventory_Attribute (Zoom_Id, Inventory_Attribute_Id) values (9625, 50);
-- Final Index and Final Name: outer--0065 Key: fabric0065
insert into Zoom_Inventory_Attribute (Zoom_Id, Inventory_Attribute_Id) values (9625, 116);
insert into Zoom (Id, Description, Layer) values (9626, 'resources//img/Cuff/Cuff-Closeup-Lyr01-StrTrpButton-Outer.0066.png', 01);
insert into Category_Zoom (Category_Id, Zoom_Id) values (6, 9626);
insert into Zoom_Inventory_Attribute (Zoom_Id, Inventory_Attribute_Id) values (9626, 50);
-- Final Index and Final Name: outer--0066 Key: fabric0066
insert into Zoom_Inventory_Attribute (Zoom_Id, Inventory_Attribute_Id) values (9626, 117);
insert into Zoom (Id, Description, Layer) values (9627, 'resources//img/Cuff/Cuff-Closeup-Lyr01-StrTrpButton-Outer.0067.png', 01);
insert into Category_Zoom (Category_Id, Zoom_Id) values (6, 9627);
insert into Zoom_Inventory_Attribute (Zoom_Id, Inventory_Attribute_Id) values (9627, 50);
-- Final Index and Final Name: outer--0067 Key: fabric0067
insert into Zoom_Inventory_Attribute (Zoom_Id, Inventory_Attribute_Id) values (9627, 118);
insert into Zoom (Id, Description, Layer) values (9628, 'resources//img/Cuff/Cuff-Closeup-Lyr01-StrTrpButton-Outer.0068.png', 01);
insert into Category_Zoom (Category_Id, Zoom_Id) values (6, 9628);
insert into Zoom_Inventory_Attribute (Zoom_Id, Inventory_Attribute_Id) values (9628, 50);
-- Final Index and Final Name: outer--0068 Key: fabric0068
insert into Zoom_Inventory_Attribute (Zoom_Id, Inventory_Attribute_Id) values (9628, 119);
insert into Zoom (Id, Description, Layer) values (9629, 'resources//img/Cuff/Cuff-Closeup-Lyr01-StrTrpButton-Outer.0069.png', 01);
insert into Category_Zoom (Category_Id, Zoom_Id) values (6, 9629);
insert into Zoom_Inventory_Attribute (Zoom_Id, Inventory_Attribute_Id) values (9629, 50);
-- Final Index and Final Name: outer--0069 Key: fabric0069
insert into Zoom_Inventory_Attribute (Zoom_Id, Inventory_Attribute_Id) values (9629, 120);
insert into Zoom (Id, Description, Layer) values (9630, 'resources//img/Cuff/Cuff-Closeup-Lyr01-StrTrpButton-Outer.0070.png', 01);
insert into Category_Zoom (Category_Id, Zoom_Id) values (6, 9630);
insert into Zoom_Inventory_Attribute (Zoom_Id, Inventory_Attribute_Id) values (9630, 50);
-- Final Index and Final Name: outer--0070 Key: fabric0070
insert into Zoom_Inventory_Attribute (Zoom_Id, Inventory_Attribute_Id) values (9630, 121);
insert into Zoom (Id, Description, Layer) values (9631, 'resources//img/Cuff/Cuff-Closeup-Lyr01-StrTrpButton-Outer.0071.png', 01);
insert into Category_Zoom (Category_Id, Zoom_Id) values (6, 9631);
insert into Zoom_Inventory_Attribute (Zoom_Id, Inventory_Attribute_Id) values (9631, 50);
-- Final Index and Final Name: outer--0071 Key: fabric0071
insert into Zoom_Inventory_Attribute (Zoom_Id, Inventory_Attribute_Id) values (9631, 122);
insert into Zoom (Id, Description, Layer) values (9632, 'resources//img/Cuff/Cuff-Closeup-Lyr01-StrTrpButton-Outer.0072.png', 01);
insert into Category_Zoom (Category_Id, Zoom_Id) values (6, 9632);
insert into Zoom_Inventory_Attribute (Zoom_Id, Inventory_Attribute_Id) values (9632, 50);
-- Final Index and Final Name: outer--0072 Key: fabric0072
insert into Zoom_Inventory_Attribute (Zoom_Id, Inventory_Attribute_Id) values (9632, 123);
insert into Zoom (Id, Description, Layer) values (9633, 'resources//img/Cuff/Cuff-Closeup-Lyr01-StrTrpButton-Outer.0073.png', 01);
insert into Category_Zoom (Category_Id, Zoom_Id) values (6, 9633);
insert into Zoom_Inventory_Attribute (Zoom_Id, Inventory_Attribute_Id) values (9633, 50);
-- Final Index and Final Name: outer--0073 Key: fabric0073
insert into Zoom_Inventory_Attribute (Zoom_Id, Inventory_Attribute_Id) values (9633, 124);
insert into Zoom (Id, Description, Layer) values (9634, 'resources//img/Cuff/Cuff-Closeup-Lyr01-StrTrpButton-Outer.0074.png', 01);
insert into Category_Zoom (Category_Id, Zoom_Id) values (6, 9634);
insert into Zoom_Inventory_Attribute (Zoom_Id, Inventory_Attribute_Id) values (9634, 50);
-- Final Index and Final Name: outer--0074 Key: fabric0074
insert into Zoom_Inventory_Attribute (Zoom_Id, Inventory_Attribute_Id) values (9634, 125);
insert into Zoom (Id, Description, Layer) values (9635, 'resources//img/Cuff/Cuff-Closeup-Lyr01-StrTrpButton-Outer.0075.png', 01);
insert into Category_Zoom (Category_Id, Zoom_Id) values (6, 9635);
insert into Zoom_Inventory_Attribute (Zoom_Id, Inventory_Attribute_Id) values (9635, 50);
-- Final Index and Final Name: outer--0075 Key: fabric0075
insert into Zoom_Inventory_Attribute (Zoom_Id, Inventory_Attribute_Id) values (9635, 126);
insert into Zoom (Id, Description, Layer) values (9636, 'resources//img/Cuff/Cuff-Closeup-Lyr01-StrTrpButton-Outer.0076.png', 01);
insert into Category_Zoom (Category_Id, Zoom_Id) values (6, 9636);
insert into Zoom_Inventory_Attribute (Zoom_Id, Inventory_Attribute_Id) values (9636, 50);
-- Final Index and Final Name: outer--0076 Key: fabric0076
insert into Zoom_Inventory_Attribute (Zoom_Id, Inventory_Attribute_Id) values (9636, 127);
insert into Zoom (Id, Description, Layer) values (9637, 'resources//img/Cuff/Cuff-Closeup-Lyr01-StrTrpButton-Outer.0077.png', 01);
insert into Category_Zoom (Category_Id, Zoom_Id) values (6, 9637);
insert into Zoom_Inventory_Attribute (Zoom_Id, Inventory_Attribute_Id) values (9637, 50);
-- Final Index and Final Name: outer--0077 Key: fabric0077
insert into Zoom_Inventory_Attribute (Zoom_Id, Inventory_Attribute_Id) values (9637, 128);
insert into Zoom (Id, Description, Layer) values (9638, 'resources//img/Cuff/Cuff-Closeup-Lyr01-StrTrpButton-Outer.0078.png', 01);
insert into Category_Zoom (Category_Id, Zoom_Id) values (6, 9638);
insert into Zoom_Inventory_Attribute (Zoom_Id, Inventory_Attribute_Id) values (9638, 50);
-- Final Index and Final Name: outer--0078 Key: fabric0078
insert into Zoom_Inventory_Attribute (Zoom_Id, Inventory_Attribute_Id) values (9638, 129);
insert into Zoom (Id, Description, Layer) values (9639, 'resources//img/Cuff/Cuff-Closeup-Lyr01-StrTrpButton-Outer.0079.png', 01);
insert into Category_Zoom (Category_Id, Zoom_Id) values (6, 9639);
insert into Zoom_Inventory_Attribute (Zoom_Id, Inventory_Attribute_Id) values (9639, 50);
-- Final Index and Final Name: outer--0079 Key: fabric0079
insert into Zoom_Inventory_Attribute (Zoom_Id, Inventory_Attribute_Id) values (9639, 130);
insert into Zoom (Id, Description, Layer) values (9640, 'resources//img/Cuff/Cuff-Closeup-Lyr01-StrTrpButton-Outer.0080.png', 01);
insert into Category_Zoom (Category_Id, Zoom_Id) values (6, 9640);
insert into Zoom_Inventory_Attribute (Zoom_Id, Inventory_Attribute_Id) values (9640, 50);
-- Final Index and Final Name: outer--0080 Key: fabric0080
insert into Zoom_Inventory_Attribute (Zoom_Id, Inventory_Attribute_Id) values (9640, 131);
insert into Zoom (Id, Description, Layer) values (9641, 'resources//img/Cuff/Cuff-Closeup-Lyr01-StrTrpButton-Outer.0081.png', 01);
insert into Category_Zoom (Category_Id, Zoom_Id) values (6, 9641);
insert into Zoom_Inventory_Attribute (Zoom_Id, Inventory_Attribute_Id) values (9641, 50);
-- Final Index and Final Name: outer--0081 Key: fabric0081
insert into Zoom_Inventory_Attribute (Zoom_Id, Inventory_Attribute_Id) values (9641, 132);
insert into Zoom (Id, Description, Layer) values (9642, 'resources//img/Cuff/Cuff-Closeup-Lyr01-StrTrpButton-Outer.0082.png', 01);
insert into Category_Zoom (Category_Id, Zoom_Id) values (6, 9642);
insert into Zoom_Inventory_Attribute (Zoom_Id, Inventory_Attribute_Id) values (9642, 50);
-- Final Index and Final Name: outer--0082 Key: fabric0082
insert into Zoom_Inventory_Attribute (Zoom_Id, Inventory_Attribute_Id) values (9642, 133);
insert into Zoom (Id, Description, Layer) values (9643, 'resources//img/Cuff/Cuff-Closeup-Lyr01-StrTrpButton-Outer.0083.png', 01);
insert into Category_Zoom (Category_Id, Zoom_Id) values (6, 9643);
insert into Zoom_Inventory_Attribute (Zoom_Id, Inventory_Attribute_Id) values (9643, 50);
-- Final Index and Final Name: outer--0083 Key: fabric0083
insert into Zoom_Inventory_Attribute (Zoom_Id, Inventory_Attribute_Id) values (9643, 134);
insert into Zoom (Id, Description, Layer) values (9644, 'resources//img/Cuff/Cuff-Closeup-Lyr01-StrTrpButton-Outer.0084.png', 01);
insert into Category_Zoom (Category_Id, Zoom_Id) values (6, 9644);
insert into Zoom_Inventory_Attribute (Zoom_Id, Inventory_Attribute_Id) values (9644, 50);
-- Final Index and Final Name: outer--0084 Key: fabric0084
insert into Zoom_Inventory_Attribute (Zoom_Id, Inventory_Attribute_Id) values (9644, 135);
insert into Zoom (Id, Description, Layer) values (9645, 'resources//img/Cuff/Cuff-Closeup-Lyr01-StrTrpButton-Outer.0085.png', 01);
insert into Category_Zoom (Category_Id, Zoom_Id) values (6, 9645);
insert into Zoom_Inventory_Attribute (Zoom_Id, Inventory_Attribute_Id) values (9645, 50);
-- Final Index and Final Name: outer--0085 Key: fabric0085
insert into Zoom_Inventory_Attribute (Zoom_Id, Inventory_Attribute_Id) values (9645, 136);
insert into Zoom (Id, Description, Layer) values (9646, 'resources//img/Cuff/Cuff-Closeup-Lyr01-StrTrpButton-Outer.0086.png', 01);
insert into Category_Zoom (Category_Id, Zoom_Id) values (6, 9646);
insert into Zoom_Inventory_Attribute (Zoom_Id, Inventory_Attribute_Id) values (9646, 50);
-- Final Index and Final Name: outer--0086 Key: fabric0086
insert into Zoom_Inventory_Attribute (Zoom_Id, Inventory_Attribute_Id) values (9646, 137);
insert into Zoom (Id, Description, Layer) values (9647, 'resources//img/Cuff/Cuff-Closeup-Lyr01-StrTrpButton-Outer.0087.png', 01);
insert into Category_Zoom (Category_Id, Zoom_Id) values (6, 9647);
insert into Zoom_Inventory_Attribute (Zoom_Id, Inventory_Attribute_Id) values (9647, 50);
-- Final Index and Final Name: outer--0087 Key: fabric0087
insert into Zoom_Inventory_Attribute (Zoom_Id, Inventory_Attribute_Id) values (9647, 138);
insert into Zoom (Id, Description, Layer) values (9648, 'resources//img/Cuff/Cuff-Closeup-Lyr01-StrTrpButton-Outer.0088.png', 01);
insert into Category_Zoom (Category_Id, Zoom_Id) values (6, 9648);
insert into Zoom_Inventory_Attribute (Zoom_Id, Inventory_Attribute_Id) values (9648, 50);
-- Final Index and Final Name: outer--0088 Key: fabric0088
insert into Zoom_Inventory_Attribute (Zoom_Id, Inventory_Attribute_Id) values (9648, 139);
insert into Zoom (Id, Description, Layer) values (9649, 'resources//img/Cuff/Cuff-Closeup-Lyr01-StrTrpButton-Outer.0089.png', 01);
insert into Category_Zoom (Category_Id, Zoom_Id) values (6, 9649);
insert into Zoom_Inventory_Attribute (Zoom_Id, Inventory_Attribute_Id) values (9649, 50);
-- Final Index and Final Name: outer--0089 Key: fabric0089
insert into Zoom_Inventory_Attribute (Zoom_Id, Inventory_Attribute_Id) values (9649, 140);
insert into Zoom (Id, Description, Layer) values (9650, 'resources//img/Cuff/Cuff-Closeup-Lyr01-StrTrpButton-Outer.0090.png', 01);
insert into Category_Zoom (Category_Id, Zoom_Id) values (6, 9650);
insert into Zoom_Inventory_Attribute (Zoom_Id, Inventory_Attribute_Id) values (9650, 50);
-- Final Index and Final Name: outer--0090 Key: fabric0090
insert into Zoom_Inventory_Attribute (Zoom_Id, Inventory_Attribute_Id) values (9650, 141);
insert into Zoom (Id, Description, Layer) values (9651, 'resources//img/Cuff/Cuff-Closeup-Lyr01-StrTrpButton-Outer.0091.png', 01);
insert into Category_Zoom (Category_Id, Zoom_Id) values (6, 9651);
insert into Zoom_Inventory_Attribute (Zoom_Id, Inventory_Attribute_Id) values (9651, 50);
-- Final Index and Final Name: outer--0091 Key: fabric0091
insert into Zoom_Inventory_Attribute (Zoom_Id, Inventory_Attribute_Id) values (9651, 142);
insert into Zoom (Id, Description, Layer) values (9652, 'resources//img/Cuff/Cuff-Closeup-Lyr01-StrTrpButton-Outer.0092.png', 01);
insert into Category_Zoom (Category_Id, Zoom_Id) values (6, 9652);
insert into Zoom_Inventory_Attribute (Zoom_Id, Inventory_Attribute_Id) values (9652, 50);
-- Final Index and Final Name: outer--0092 Key: fabric0092
insert into Zoom_Inventory_Attribute (Zoom_Id, Inventory_Attribute_Id) values (9652, 143);
insert into Zoom (Id, Description, Layer) values (9653, 'resources//img/Cuff/Cuff-Closeup-Lyr01-StrTrpButton-Outer.0093.png', 01);
insert into Category_Zoom (Category_Id, Zoom_Id) values (6, 9653);
insert into Zoom_Inventory_Attribute (Zoom_Id, Inventory_Attribute_Id) values (9653, 50);
-- Final Index and Final Name: outer--0093 Key: fabric0093
insert into Zoom_Inventory_Attribute (Zoom_Id, Inventory_Attribute_Id) values (9653, 144);
insert into Zoom (Id, Description, Layer) values (9654, 'resources//img/Cuff/Cuff-Closeup-Lyr01-StrTrpButton-Outer.0094.png', 01);
insert into Category_Zoom (Category_Id, Zoom_Id) values (6, 9654);
insert into Zoom_Inventory_Attribute (Zoom_Id, Inventory_Attribute_Id) values (9654, 50);
-- Final Index and Final Name: outer--0094 Key: fabric0094
insert into Zoom_Inventory_Attribute (Zoom_Id, Inventory_Attribute_Id) values (9654, 145);
insert into Zoom (Id, Description, Layer) values (9655, 'resources//img/Cuff/Cuff-Closeup-Lyr01-StrTrpButton-Outer.0095.png', 01);
insert into Category_Zoom (Category_Id, Zoom_Id) values (6, 9655);
insert into Zoom_Inventory_Attribute (Zoom_Id, Inventory_Attribute_Id) values (9655, 50);
-- Final Index and Final Name: outer--0095 Key: fabric0095
insert into Zoom_Inventory_Attribute (Zoom_Id, Inventory_Attribute_Id) values (9655, 146);
insert into Zoom (Id, Description, Layer) values (9656, 'resources//img/Cuff/Cuff-Closeup-Lyr01-StrTrpButton-Outer.0096.png', 01);
insert into Category_Zoom (Category_Id, Zoom_Id) values (6, 9656);
insert into Zoom_Inventory_Attribute (Zoom_Id, Inventory_Attribute_Id) values (9656, 50);
-- Final Index and Final Name: outer--0096 Key: fabric0096
insert into Zoom_Inventory_Attribute (Zoom_Id, Inventory_Attribute_Id) values (9656, 147);
insert into Zoom (Id, Description, Layer) values (9657, 'resources//img/Cuff/Cuff-Closeup-Lyr01-StrTrpButton-Outer.0097.png', 01);
insert into Category_Zoom (Category_Id, Zoom_Id) values (6, 9657);
insert into Zoom_Inventory_Attribute (Zoom_Id, Inventory_Attribute_Id) values (9657, 50);
-- Final Index and Final Name: outer--0097 Key: fabric0097
insert into Zoom_Inventory_Attribute (Zoom_Id, Inventory_Attribute_Id) values (9657, 148);
insert into Zoom (Id, Description, Layer) values (9658, 'resources//img/Cuff/Cuff-Closeup-Lyr01-StrTrpButton-Outer.0098.png', 01);
insert into Category_Zoom (Category_Id, Zoom_Id) values (6, 9658);
insert into Zoom_Inventory_Attribute (Zoom_Id, Inventory_Attribute_Id) values (9658, 50);
-- Final Index and Final Name: outer--0098 Key: fabric0098
insert into Zoom_Inventory_Attribute (Zoom_Id, Inventory_Attribute_Id) values (9658, 149);
insert into Zoom (Id, Description, Layer) values (9659, 'resources//img/Cuff/Cuff-Closeup-Lyr01-StrTrpButton-Outer.0099.png', 01);
insert into Category_Zoom (Category_Id, Zoom_Id) values (6, 9659);
insert into Zoom_Inventory_Attribute (Zoom_Id, Inventory_Attribute_Id) values (9659, 50);
-- Final Index and Final Name: outer--0099 Key: fabric0099
insert into Zoom_Inventory_Attribute (Zoom_Id, Inventory_Attribute_Id) values (9659, 150);
insert into Zoom (Id, Description, Layer) values (9660, 'resources//img/Cuff/Cuff-Closeup-Lyr01-StrTrpButton-Outer.0100.png', 01);
insert into Category_Zoom (Category_Id, Zoom_Id) values (6, 9660);
insert into Zoom_Inventory_Attribute (Zoom_Id, Inventory_Attribute_Id) values (9660, 50);
-- Final Index and Final Name: outer--0100 Key: fabric0100
insert into Zoom_Inventory_Attribute (Zoom_Id, Inventory_Attribute_Id) values (9660, 151);
insert into Zoom (Id, Description, Layer) values (9661, 'resources//img/Cuff/Cuff-Closeup-Lyr01-StrTrpButton-Outer.0101.png', 01);
insert into Category_Zoom (Category_Id, Zoom_Id) values (6, 9661);
insert into Zoom_Inventory_Attribute (Zoom_Id, Inventory_Attribute_Id) values (9661, 50);
-- Final Index and Final Name: outer--0101 Key: fabric0101
insert into Zoom_Inventory_Attribute (Zoom_Id, Inventory_Attribute_Id) values (9661, 152);
insert into Zoom (Id, Description, Layer) values (9662, 'resources//img/Cuff/Cuff-Closeup-Lyr01-StrTrpButton-Outer.0102.png', 01);
insert into Category_Zoom (Category_Id, Zoom_Id) values (6, 9662);
insert into Zoom_Inventory_Attribute (Zoom_Id, Inventory_Attribute_Id) values (9662, 50);
-- Final Index and Final Name: outer--0102 Key: fabric0102
insert into Zoom_Inventory_Attribute (Zoom_Id, Inventory_Attribute_Id) values (9662, 153);
insert into Zoom (Id, Description, Layer) values (9663, 'resources//img/Cuff/Cuff-Closeup-Lyr01-StrTrpButton-Outer.0103.png', 01);
insert into Category_Zoom (Category_Id, Zoom_Id) values (6, 9663);
insert into Zoom_Inventory_Attribute (Zoom_Id, Inventory_Attribute_Id) values (9663, 50);
-- Final Index and Final Name: outer--0103 Key: fabric0103
insert into Zoom_Inventory_Attribute (Zoom_Id, Inventory_Attribute_Id) values (9663, 154);
insert into Zoom (Id, Description, Layer) values (9664, 'resources//img/Cuff/Cuff-Closeup-Lyr01-StrTrpButton-Outer.0104.png', 01);
insert into Category_Zoom (Category_Id, Zoom_Id) values (6, 9664);
insert into Zoom_Inventory_Attribute (Zoom_Id, Inventory_Attribute_Id) values (9664, 50);
-- Final Index and Final Name: outer--0104 Key: fabric0104
insert into Zoom_Inventory_Attribute (Zoom_Id, Inventory_Attribute_Id) values (9664, 155);
insert into Zoom (Id, Description, Layer) values (9665, 'resources//img/Cuff/Cuff-Closeup-Lyr01-StrTrpButton-Outer.0105.png', 01);
insert into Category_Zoom (Category_Id, Zoom_Id) values (6, 9665);
insert into Zoom_Inventory_Attribute (Zoom_Id, Inventory_Attribute_Id) values (9665, 50);
-- Final Index and Final Name: outer--0105 Key: fabric0105
insert into Zoom_Inventory_Attribute (Zoom_Id, Inventory_Attribute_Id) values (9665, 156);
insert into Zoom (Id, Description, Layer) values (9666, 'resources//img/Cuff/Cuff-Closeup-Lyr01-StrTrpButton-Outer.0106.png', 01);
insert into Category_Zoom (Category_Id, Zoom_Id) values (6, 9666);
insert into Zoom_Inventory_Attribute (Zoom_Id, Inventory_Attribute_Id) values (9666, 50);
-- Final Index and Final Name: outer--0106 Key: fabric0106
insert into Zoom_Inventory_Attribute (Zoom_Id, Inventory_Attribute_Id) values (9666, 157);
insert into Zoom (Id, Description, Layer) values (9667, 'resources//img/Cuff/Cuff-Closeup-Lyr01-StrTrpButton-Outer.0107.png', 01);
insert into Category_Zoom (Category_Id, Zoom_Id) values (6, 9667);
insert into Zoom_Inventory_Attribute (Zoom_Id, Inventory_Attribute_Id) values (9667, 50);
-- Final Index and Final Name: outer--0107 Key: fabric0107
insert into Zoom_Inventory_Attribute (Zoom_Id, Inventory_Attribute_Id) values (9667, 158);
insert into Zoom (Id, Description, Layer) values (9668, 'resources//img/Cuff/Cuff-Closeup-Lyr01-StrTrpButton-Outer.0108.png', 01);
insert into Category_Zoom (Category_Id, Zoom_Id) values (6, 9668);
insert into Zoom_Inventory_Attribute (Zoom_Id, Inventory_Attribute_Id) values (9668, 50);
-- Final Index and Final Name: outer--0108 Key: fabric0108
insert into Zoom_Inventory_Attribute (Zoom_Id, Inventory_Attribute_Id) values (9668, 159);
insert into Zoom (Id, Description, Layer) values (9669, 'resources//img/Cuff/Cuff-Closeup-Lyr01-StrTrpButton-Outer.0109.png', 01);
insert into Category_Zoom (Category_Id, Zoom_Id) values (6, 9669);
insert into Zoom_Inventory_Attribute (Zoom_Id, Inventory_Attribute_Id) values (9669, 50);
-- Final Index and Final Name: outer--0109 Key: fabric0109
insert into Zoom_Inventory_Attribute (Zoom_Id, Inventory_Attribute_Id) values (9669, 160);
insert into Zoom (Id, Description, Layer) values (9670, 'resources//img/Cuff/Cuff-Closeup-Lyr01-StrTrpButton-Outer.0110.png', 01);
insert into Category_Zoom (Category_Id, Zoom_Id) values (6, 9670);
insert into Zoom_Inventory_Attribute (Zoom_Id, Inventory_Attribute_Id) values (9670, 50);
-- Final Index and Final Name: outer--0110 Key: fabric0110
insert into Zoom_Inventory_Attribute (Zoom_Id, Inventory_Attribute_Id) values (9670, 161);
insert into Zoom (Id, Description, Layer) values (9671, 'resources//img/Cuff/Cuff-Closeup-Lyr01-StrTrpButton-Outer.0111.png', 01);
insert into Category_Zoom (Category_Id, Zoom_Id) values (6, 9671);
insert into Zoom_Inventory_Attribute (Zoom_Id, Inventory_Attribute_Id) values (9671, 50);
-- Final Index and Final Name: outer--0111 Key: fabric0111
insert into Zoom_Inventory_Attribute (Zoom_Id, Inventory_Attribute_Id) values (9671, 162);
insert into Zoom (Id, Description, Layer) values (9672, 'resources//img/Cuff/Cuff-Closeup-Lyr01-StrTrpButton-Outer.0112.png', 01);
insert into Category_Zoom (Category_Id, Zoom_Id) values (6, 9672);
insert into Zoom_Inventory_Attribute (Zoom_Id, Inventory_Attribute_Id) values (9672, 50);
-- Final Index and Final Name: outer--0112 Key: fabric0112
insert into Zoom_Inventory_Attribute (Zoom_Id, Inventory_Attribute_Id) values (9672, 163);
insert into Zoom (Id, Description, Layer) values (9673, 'resources//img/Cuff/Cuff-Closeup-Lyr01-StrTrpButton-Outer.0113.png', 01);
insert into Category_Zoom (Category_Id, Zoom_Id) values (6, 9673);
insert into Zoom_Inventory_Attribute (Zoom_Id, Inventory_Attribute_Id) values (9673, 50);
-- Final Index and Final Name: outer--0113 Key: fabric0113
insert into Zoom_Inventory_Attribute (Zoom_Id, Inventory_Attribute_Id) values (9673, 164);
insert into Zoom (Id, Description, Layer) values (9674, 'resources//img/Cuff/Cuff-Closeup-Lyr01-StrTrpButton-Outer.0114.png', 01);
insert into Category_Zoom (Category_Id, Zoom_Id) values (6, 9674);
insert into Zoom_Inventory_Attribute (Zoom_Id, Inventory_Attribute_Id) values (9674, 50);
-- Final Index and Final Name: outer--0114 Key: fabric0114
insert into Zoom_Inventory_Attribute (Zoom_Id, Inventory_Attribute_Id) values (9674, 165);
insert into Zoom (Id, Description, Layer) values (9675, 'resources//img/Cuff/Cuff-Closeup-Lyr01-StrTrpButton-Outer.0115.png', 01);
insert into Category_Zoom (Category_Id, Zoom_Id) values (6, 9675);
insert into Zoom_Inventory_Attribute (Zoom_Id, Inventory_Attribute_Id) values (9675, 50);
-- Final Index and Final Name: outer--0115 Key: fabric0115
insert into Zoom_Inventory_Attribute (Zoom_Id, Inventory_Attribute_Id) values (9675, 166);
insert into Zoom (Id, Description, Layer) values (9676, 'resources//img/Cuff/Cuff-Closeup-Lyr01-StrTrpButton-Outer.0116.png', 01);
insert into Category_Zoom (Category_Id, Zoom_Id) values (6, 9676);
insert into Zoom_Inventory_Attribute (Zoom_Id, Inventory_Attribute_Id) values (9676, 50);
-- Final Index and Final Name: outer--0116 Key: fabric0116
insert into Zoom_Inventory_Attribute (Zoom_Id, Inventory_Attribute_Id) values (9676, 167);
insert into Zoom (Id, Description, Layer) values (9677, 'resources//img/Cuff/Cuff-Closeup-Lyr01-StrTrpButton-Outer.0117.png', 01);
insert into Category_Zoom (Category_Id, Zoom_Id) values (6, 9677);
insert into Zoom_Inventory_Attribute (Zoom_Id, Inventory_Attribute_Id) values (9677, 50);
-- Final Index and Final Name: outer--0117 Key: fabric0117
insert into Zoom_Inventory_Attribute (Zoom_Id, Inventory_Attribute_Id) values (9677, 168);
insert into Zoom (Id, Description, Layer) values (9678, 'resources//img/Cuff/Cuff-Closeup-Lyr01-StrTrpButton-Outer.0118.png', 01);
insert into Category_Zoom (Category_Id, Zoom_Id) values (6, 9678);
insert into Zoom_Inventory_Attribute (Zoom_Id, Inventory_Attribute_Id) values (9678, 50);
-- Final Index and Final Name: outer--0118 Key: fabric0118
insert into Zoom_Inventory_Attribute (Zoom_Id, Inventory_Attribute_Id) values (9678, 169);
insert into Zoom (Id, Description, Layer) values (9679, 'resources//img/Cuff/Cuff-Closeup-Lyr01-StrTrpButton-Outer.0119.png', 01);
insert into Category_Zoom (Category_Id, Zoom_Id) values (6, 9679);
insert into Zoom_Inventory_Attribute (Zoom_Id, Inventory_Attribute_Id) values (9679, 50);
-- Final Index and Final Name: outer--0119 Key: fabric0119
insert into Zoom_Inventory_Attribute (Zoom_Id, Inventory_Attribute_Id) values (9679, 170);
insert into Zoom (Id, Description, Layer) values (9680, 'resources//img/Cuff/Cuff-Closeup-Lyr01-StrTrpButton-Outer.0120.png', 01);
insert into Category_Zoom (Category_Id, Zoom_Id) values (6, 9680);
insert into Zoom_Inventory_Attribute (Zoom_Id, Inventory_Attribute_Id) values (9680, 50);
-- Final Index and Final Name: outer--0120 Key: fabric0120
insert into Zoom_Inventory_Attribute (Zoom_Id, Inventory_Attribute_Id) values (9680, 171);
insert into Zoom (Id, Description, Layer) values (9681, 'resources//img/Cuff/Cuff-Closeup-Lyr01-StrTrpButton-Outer.0121.png', 01);
insert into Category_Zoom (Category_Id, Zoom_Id) values (6, 9681);
insert into Zoom_Inventory_Attribute (Zoom_Id, Inventory_Attribute_Id) values (9681, 50);
-- Final Index and Final Name: outer--0121 Key: fabric0121
insert into Zoom_Inventory_Attribute (Zoom_Id, Inventory_Attribute_Id) values (9681, 172);
insert into Zoom (Id, Description, Layer) values (9682, 'resources//img/Cuff/Cuff-Closeup-Lyr01-StrTrpButton-Outer.0122.png', 01);
insert into Category_Zoom (Category_Id, Zoom_Id) values (6, 9682);
insert into Zoom_Inventory_Attribute (Zoom_Id, Inventory_Attribute_Id) values (9682, 50);
-- Final Index and Final Name: outer--0122 Key: fabric0122
insert into Zoom_Inventory_Attribute (Zoom_Id, Inventory_Attribute_Id) values (9682, 173);
insert into Zoom (Id, Description, Layer) values (9683, 'resources//img/Cuff/Cuff-Closeup-Lyr01-StrTrpButton-Outer.0123.png', 01);
insert into Category_Zoom (Category_Id, Zoom_Id) values (6, 9683);
insert into Zoom_Inventory_Attribute (Zoom_Id, Inventory_Attribute_Id) values (9683, 50);
-- Final Index and Final Name: outer--0123 Key: fabric0123
insert into Zoom_Inventory_Attribute (Zoom_Id, Inventory_Attribute_Id) values (9683, 174);
insert into Zoom (Id, Description, Layer) values (9684, 'resources//img/Cuff/Cuff-Closeup-Lyr01-StrTrpButton-Outer.0124.png', 01);
insert into Category_Zoom (Category_Id, Zoom_Id) values (6, 9684);
insert into Zoom_Inventory_Attribute (Zoom_Id, Inventory_Attribute_Id) values (9684, 50);
-- Final Index and Final Name: outer--0124 Key: fabric0124
insert into Zoom_Inventory_Attribute (Zoom_Id, Inventory_Attribute_Id) values (9684, 175);
insert into Zoom (Id, Description, Layer) values (9685, 'resources//img/Cuff/Cuff-Closeup-Lyr01-StrTrpButton-Outer.0125.png', 01);
insert into Category_Zoom (Category_Id, Zoom_Id) values (6, 9685);
insert into Zoom_Inventory_Attribute (Zoom_Id, Inventory_Attribute_Id) values (9685, 50);
-- Final Index and Final Name: outer--0125 Key: fabric0125
insert into Zoom_Inventory_Attribute (Zoom_Id, Inventory_Attribute_Id) values (9685, 176);
insert into Zoom (Id, Description, Layer) values (9686, 'resources//img/Cuff/Cuff-Closeup-Lyr01-StrTrpButton-Outer.0126.png', 01);
insert into Category_Zoom (Category_Id, Zoom_Id) values (6, 9686);
insert into Zoom_Inventory_Attribute (Zoom_Id, Inventory_Attribute_Id) values (9686, 50);
-- Final Index and Final Name: outer--0126 Key: fabric0126
insert into Zoom_Inventory_Attribute (Zoom_Id, Inventory_Attribute_Id) values (9686, 177);
insert into Zoom (Id, Description, Layer) values (9687, 'resources//img/Cuff/Cuff-Closeup-Lyr01-StrTrpButton-Outer.0127.png', 01);
insert into Category_Zoom (Category_Id, Zoom_Id) values (6, 9687);
insert into Zoom_Inventory_Attribute (Zoom_Id, Inventory_Attribute_Id) values (9687, 50);
-- Final Index and Final Name: outer--0127 Key: fabric0127
insert into Zoom_Inventory_Attribute (Zoom_Id, Inventory_Attribute_Id) values (9687, 178);
insert into Zoom (Id, Description, Layer) values (9688, 'resources//img/Cuff/Cuff-Closeup-Lyr01-StrTrpButton-Outer.0128.png', 01);
insert into Category_Zoom (Category_Id, Zoom_Id) values (6, 9688);
insert into Zoom_Inventory_Attribute (Zoom_Id, Inventory_Attribute_Id) values (9688, 50);
-- Final Index and Final Name: outer--0128 Key: fabric0128
insert into Zoom_Inventory_Attribute (Zoom_Id, Inventory_Attribute_Id) values (9688, 179);
insert into Zoom (Id, Description, Layer) values (9689, 'resources//img/Cuff/Cuff-Closeup-Lyr01-StrTrpButton-Outer.0129.png', 01);
insert into Category_Zoom (Category_Id, Zoom_Id) values (6, 9689);
insert into Zoom_Inventory_Attribute (Zoom_Id, Inventory_Attribute_Id) values (9689, 50);
-- Final Index and Final Name: outer--0129 Key: fabric0129
insert into Zoom_Inventory_Attribute (Zoom_Id, Inventory_Attribute_Id) values (9689, 180);
insert into Zoom (Id, Description, Layer) values (9690, 'resources//img/Cuff/Cuff-Closeup-Lyr01-StrTrpButton-Outer.0130.png', 01);
insert into Category_Zoom (Category_Id, Zoom_Id) values (6, 9690);
insert into Zoom_Inventory_Attribute (Zoom_Id, Inventory_Attribute_Id) values (9690, 50);
-- Final Index and Final Name: outer--0130 Key: fabric0130
insert into Zoom_Inventory_Attribute (Zoom_Id, Inventory_Attribute_Id) values (9690, 181);
insert into Zoom (Id, Description, Layer) values (9691, 'resources//img/Cuff/Cuff-Closeup-Lyr01-StrTrpButton-Outer.0131.png', 01);
insert into Category_Zoom (Category_Id, Zoom_Id) values (6, 9691);
insert into Zoom_Inventory_Attribute (Zoom_Id, Inventory_Attribute_Id) values (9691, 50);
-- Final Index and Final Name: outer--0131 Key: fabric0131
insert into Zoom_Inventory_Attribute (Zoom_Id, Inventory_Attribute_Id) values (9691, 182);
insert into Zoom (Id, Description, Layer) values (9692, 'resources//img/Cuff/Cuff-Closeup-Lyr01-StrTrpButton-Outer.0132.png', 01);
insert into Category_Zoom (Category_Id, Zoom_Id) values (6, 9692);
insert into Zoom_Inventory_Attribute (Zoom_Id, Inventory_Attribute_Id) values (9692, 50);
-- Final Index and Final Name: outer--0132 Key: fabric0132
insert into Zoom_Inventory_Attribute (Zoom_Id, Inventory_Attribute_Id) values (9692, 183);
insert into Zoom (Id, Description, Layer) values (9693, 'resources//img/Cuff/Cuff-Closeup-Lyr01-StrTrpButton-Outer.0133.png', 01);
insert into Category_Zoom (Category_Id, Zoom_Id) values (6, 9693);
insert into Zoom_Inventory_Attribute (Zoom_Id, Inventory_Attribute_Id) values (9693, 50);
-- Final Index and Final Name: outer--0133 Key: fabric0133
insert into Zoom_Inventory_Attribute (Zoom_Id, Inventory_Attribute_Id) values (9693, 184);
insert into Zoom (Id, Description, Layer) values (9694, 'resources//img/Cuff/Cuff-Closeup-Lyr01-StrTrpButton-Outer.0134.png', 01);
insert into Category_Zoom (Category_Id, Zoom_Id) values (6, 9694);
insert into Zoom_Inventory_Attribute (Zoom_Id, Inventory_Attribute_Id) values (9694, 50);
-- Final Index and Final Name: outer--0134 Key: fabric0134
insert into Zoom_Inventory_Attribute (Zoom_Id, Inventory_Attribute_Id) values (9694, 185);
insert into Zoom (Id, Description, Layer) values (9695, 'resources//img/Cuff/Cuff-Closeup-Lyr01-StrTrpButton-Outer.0135.png', 01);
insert into Category_Zoom (Category_Id, Zoom_Id) values (6, 9695);
insert into Zoom_Inventory_Attribute (Zoom_Id, Inventory_Attribute_Id) values (9695, 50);
-- Final Index and Final Name: outer--0135 Key: fabric0135
insert into Zoom_Inventory_Attribute (Zoom_Id, Inventory_Attribute_Id) values (9695, 186);
insert into Zoom (Id, Description, Layer) values (9696, 'resources//img/Cuff/Cuff-Closeup-Lyr01-StrTrpButton-Outer.0136.png', 01);
insert into Category_Zoom (Category_Id, Zoom_Id) values (6, 9696);
insert into Zoom_Inventory_Attribute (Zoom_Id, Inventory_Attribute_Id) values (9696, 50);
-- Final Index and Final Name: outer--0136 Key: fabric0136
insert into Zoom_Inventory_Attribute (Zoom_Id, Inventory_Attribute_Id) values (9696, 187);
insert into Zoom (Id, Description, Layer) values (9697, 'resources//img/Cuff/Cuff-Closeup-Lyr01-StrTrpButton-Outer.0137.png', 01);
insert into Category_Zoom (Category_Id, Zoom_Id) values (6, 9697);
insert into Zoom_Inventory_Attribute (Zoom_Id, Inventory_Attribute_Id) values (9697, 50);
-- Final Index and Final Name: outer--0137 Key: fabric0137
insert into Zoom_Inventory_Attribute (Zoom_Id, Inventory_Attribute_Id) values (9697, 188);
insert into Zoom (Id, Description, Layer) values (9698, 'resources//img/Cuff/Cuff-Closeup-Lyr01-StrTrpButton-Outer.0138.png', 01);
insert into Category_Zoom (Category_Id, Zoom_Id) values (6, 9698);
insert into Zoom_Inventory_Attribute (Zoom_Id, Inventory_Attribute_Id) values (9698, 50);
-- Final Index and Final Name: outer--0138 Key: fabric0138
insert into Zoom_Inventory_Attribute (Zoom_Id, Inventory_Attribute_Id) values (9698, 189);
insert into Zoom (Id, Description, Layer) values (9699, 'resources//img/Cuff/Cuff-Closeup-Lyr01-StrTrpButton-Outer.0139.png', 01);
insert into Category_Zoom (Category_Id, Zoom_Id) values (6, 9699);
insert into Zoom_Inventory_Attribute (Zoom_Id, Inventory_Attribute_Id) values (9699, 50);
-- Final Index and Final Name: outer--0139 Key: fabric0139
insert into Zoom_Inventory_Attribute (Zoom_Id, Inventory_Attribute_Id) values (9699, 190);
insert into Zoom (Id, Description, Layer) values (9700, 'resources//img/Cuff/Cuff-Closeup-Lyr01-StrTrpButton-Outer.0140.png', 01);
insert into Category_Zoom (Category_Id, Zoom_Id) values (6, 9700);
insert into Zoom_Inventory_Attribute (Zoom_Id, Inventory_Attribute_Id) values (9700, 50);
-- Final Index and Final Name: outer--0140 Key: fabric0140
insert into Zoom_Inventory_Attribute (Zoom_Id, Inventory_Attribute_Id) values (9700, 191);
insert into Zoom (Id, Description, Layer) values (9701, 'resources//img/Cuff/Cuff-Closeup-Lyr01-StrTrpButton-Outer.0141.png', 01);
insert into Category_Zoom (Category_Id, Zoom_Id) values (6, 9701);
insert into Zoom_Inventory_Attribute (Zoom_Id, Inventory_Attribute_Id) values (9701, 50);
-- Final Index and Final Name: outer--0141 Key: fabric0141
insert into Zoom_Inventory_Attribute (Zoom_Id, Inventory_Attribute_Id) values (9701, 192);
insert into Zoom (Id, Description, Layer) values (9702, 'resources//img/Cuff/Cuff-Closeup-Lyr01-StrTrpButton-Outer.0142.png', 01);
insert into Category_Zoom (Category_Id, Zoom_Id) values (6, 9702);
insert into Zoom_Inventory_Attribute (Zoom_Id, Inventory_Attribute_Id) values (9702, 50);
-- Final Index and Final Name: outer--0142 Key: fabric0142
insert into Zoom_Inventory_Attribute (Zoom_Id, Inventory_Attribute_Id) values (9702, 193);
insert into Zoom (Id, Description, Layer) values (9703, 'resources//img/Cuff/Cuff-Closeup-Lyr01-StrTrpButton-Outer.0143.png', 01);
insert into Category_Zoom (Category_Id, Zoom_Id) values (6, 9703);
insert into Zoom_Inventory_Attribute (Zoom_Id, Inventory_Attribute_Id) values (9703, 50);
-- Final Index and Final Name: outer--0143 Key: fabric0143
insert into Zoom_Inventory_Attribute (Zoom_Id, Inventory_Attribute_Id) values (9703, 194);
insert into Zoom (Id, Description, Layer) values (9704, 'resources//img/Cuff/Cuff-Closeup-Lyr01-StrTrpButton-Outer.0144.png', 01);
insert into Category_Zoom (Category_Id, Zoom_Id) values (6, 9704);
insert into Zoom_Inventory_Attribute (Zoom_Id, Inventory_Attribute_Id) values (9704, 50);
-- Final Index and Final Name: outer--0144 Key: fabric0144
insert into Zoom_Inventory_Attribute (Zoom_Id, Inventory_Attribute_Id) values (9704, 195);
insert into Zoom (Id, Description, Layer) values (9705, 'resources//img/Cuff/Cuff-Closeup-Lyr01-StrTrpButton-Outer.0145.png', 01);
insert into Category_Zoom (Category_Id, Zoom_Id) values (6, 9705);
insert into Zoom_Inventory_Attribute (Zoom_Id, Inventory_Attribute_Id) values (9705, 50);
-- Final Index and Final Name: outer--0145 Key: fabric0145
insert into Zoom_Inventory_Attribute (Zoom_Id, Inventory_Attribute_Id) values (9705, 196);
insert into Zoom (Id, Description, Layer) values (9706, 'resources//img/Cuff/Cuff-Closeup-Lyr01-StrTrpButton-Outer.0146.png', 01);
insert into Category_Zoom (Category_Id, Zoom_Id) values (6, 9706);
insert into Zoom_Inventory_Attribute (Zoom_Id, Inventory_Attribute_Id) values (9706, 50);
-- Final Index and Final Name: outer--0146 Key: fabric0146
insert into Zoom_Inventory_Attribute (Zoom_Id, Inventory_Attribute_Id) values (9706, 197);
insert into Zoom (Id, Description, Layer) values (9707, 'resources//img/Cuff/Cuff-Closeup-Lyr01-StrTrpButton-Outer.0147.png', 01);
insert into Category_Zoom (Category_Id, Zoom_Id) values (6, 9707);
insert into Zoom_Inventory_Attribute (Zoom_Id, Inventory_Attribute_Id) values (9707, 50);
-- Final Index and Final Name: outer--0147 Key: fabric0147
insert into Zoom_Inventory_Attribute (Zoom_Id, Inventory_Attribute_Id) values (9707, 198);
insert into Zoom (Id, Description, Layer) values (9708, 'resources//img/Cuff/Cuff-Closeup-Lyr01-StrTrpButton-Outer.0148.png', 01);
insert into Category_Zoom (Category_Id, Zoom_Id) values (6, 9708);
insert into Zoom_Inventory_Attribute (Zoom_Id, Inventory_Attribute_Id) values (9708, 50);
-- Final Index and Final Name: outer--0148 Key: fabric0148
insert into Zoom_Inventory_Attribute (Zoom_Id, Inventory_Attribute_Id) values (9708, 199);
insert into Zoom (Id, Description, Layer) values (9709, 'resources//img/Cuff/Cuff-Closeup-Lyr01-StrTrpButton-Outer.0149.png', 01);
insert into Category_Zoom (Category_Id, Zoom_Id) values (6, 9709);
insert into Zoom_Inventory_Attribute (Zoom_Id, Inventory_Attribute_Id) values (9709, 50);
-- Final Index and Final Name: outer--0149 Key: fabric0149
insert into Zoom_Inventory_Attribute (Zoom_Id, Inventory_Attribute_Id) values (9709, 200);
insert into Zoom (Id, Description, Layer) values (9710, 'resources//img/Cuff/Cuff-Closeup-Lyr01-StrTrpButton-Outer.0150.png', 01);
insert into Category_Zoom (Category_Id, Zoom_Id) values (6, 9710);
insert into Zoom_Inventory_Attribute (Zoom_Id, Inventory_Attribute_Id) values (9710, 50);
-- Final Index and Final Name: outer--0150 Key: fabric0150
insert into Zoom_Inventory_Attribute (Zoom_Id, Inventory_Attribute_Id) values (9710, 201);
insert into Zoom (Id, Description, Layer) values (9711, 'resources//img/Cuff/Cuff-Closeup-Lyr01-StrTrpButton-Outer.0151.png', 01);
insert into Category_Zoom (Category_Id, Zoom_Id) values (6, 9711);
insert into Zoom_Inventory_Attribute (Zoom_Id, Inventory_Attribute_Id) values (9711, 50);
-- Final Index and Final Name: outer--0151 Key: fabric0151
insert into Zoom_Inventory_Attribute (Zoom_Id, Inventory_Attribute_Id) values (9711, 202);
insert into Zoom (Id, Description, Layer) values (9712, 'resources//img/Cuff/Cuff-Closeup-Lyr01-StrTrpButton-Outer.0152.png', 01);
insert into Category_Zoom (Category_Id, Zoom_Id) values (6, 9712);
insert into Zoom_Inventory_Attribute (Zoom_Id, Inventory_Attribute_Id) values (9712, 50);
-- Final Index and Final Name: outer--0152 Key: fabric0152
insert into Zoom_Inventory_Attribute (Zoom_Id, Inventory_Attribute_Id) values (9712, 203);
insert into Zoom (Id, Description, Layer) values (9713, 'resources//img/Cuff/Cuff-Closeup-Lyr01-StrTrpButton-Outer.0153.png', 01);
insert into Category_Zoom (Category_Id, Zoom_Id) values (6, 9713);
insert into Zoom_Inventory_Attribute (Zoom_Id, Inventory_Attribute_Id) values (9713, 50);
-- Final Index and Final Name: outer--0153 Key: fabric0153
insert into Zoom_Inventory_Attribute (Zoom_Id, Inventory_Attribute_Id) values (9713, 204);
insert into Zoom (Id, Description, Layer) values (9714, 'resources//img/Cuff/Cuff-Closeup-Lyr01-StrTrpButton-Outer.0154.png', 01);
insert into Category_Zoom (Category_Id, Zoom_Id) values (6, 9714);
insert into Zoom_Inventory_Attribute (Zoom_Id, Inventory_Attribute_Id) values (9714, 50);
-- Final Index and Final Name: outer--0154 Key: fabric0154
insert into Zoom_Inventory_Attribute (Zoom_Id, Inventory_Attribute_Id) values (9714, 205);
insert into Zoom (Id, Description, Layer) values (9715, 'resources//img/Cuff/Cuff-Closeup-Lyr01-StrTrpButton-Outer.0155.png', 01);
insert into Category_Zoom (Category_Id, Zoom_Id) values (6, 9715);
insert into Zoom_Inventory_Attribute (Zoom_Id, Inventory_Attribute_Id) values (9715, 50);
-- Final Index and Final Name: outer--0155 Key: fabric0155
insert into Zoom_Inventory_Attribute (Zoom_Id, Inventory_Attribute_Id) values (9715, 206);
insert into Zoom (Id, Description, Layer) values (9716, 'resources//img/Cuff/Cuff-Closeup-Lyr02-BevDbButton-Inner.0001.png', 02);
insert into Category_Zoom (Category_Id, Zoom_Id) values (6, 9716);
insert into Zoom_Inventory_Attribute (Zoom_Id, Inventory_Attribute_Id) values (9716, 45);
-- Final Index and Final Name: inner--0001 Key: fabric0001
insert into Zoom_Inventory_Attribute (Zoom_Id, Inventory_Attribute_Id) values (9716, 52);
insert into Zoom (Id, Description, Layer) values (9717, 'resources//img/Cuff/Cuff-Closeup-Lyr02-BevDbButton-Inner.0002.png', 02);
insert into Category_Zoom (Category_Id, Zoom_Id) values (6, 9717);
insert into Zoom_Inventory_Attribute (Zoom_Id, Inventory_Attribute_Id) values (9717, 45);
-- Final Index and Final Name: inner--0002 Key: fabric0002
insert into Zoom_Inventory_Attribute (Zoom_Id, Inventory_Attribute_Id) values (9717, 53);
insert into Zoom (Id, Description, Layer) values (9718, 'resources//img/Cuff/Cuff-Closeup-Lyr02-BevDbButton-Inner.0003.png', 02);
insert into Category_Zoom (Category_Id, Zoom_Id) values (6, 9718);
insert into Zoom_Inventory_Attribute (Zoom_Id, Inventory_Attribute_Id) values (9718, 45);
-- Final Index and Final Name: inner--0003 Key: fabric0003
insert into Zoom_Inventory_Attribute (Zoom_Id, Inventory_Attribute_Id) values (9718, 54);
insert into Zoom (Id, Description, Layer) values (9719, 'resources//img/Cuff/Cuff-Closeup-Lyr02-BevDbButton-Inner.0004.png', 02);
insert into Category_Zoom (Category_Id, Zoom_Id) values (6, 9719);
insert into Zoom_Inventory_Attribute (Zoom_Id, Inventory_Attribute_Id) values (9719, 45);
-- Final Index and Final Name: inner--0004 Key: fabric0004
insert into Zoom_Inventory_Attribute (Zoom_Id, Inventory_Attribute_Id) values (9719, 55);
insert into Zoom (Id, Description, Layer) values (9720, 'resources//img/Cuff/Cuff-Closeup-Lyr02-BevDbButton-Inner.0005.png', 02);
insert into Category_Zoom (Category_Id, Zoom_Id) values (6, 9720);
insert into Zoom_Inventory_Attribute (Zoom_Id, Inventory_Attribute_Id) values (9720, 45);
-- Final Index and Final Name: inner--0005 Key: fabric0005
insert into Zoom_Inventory_Attribute (Zoom_Id, Inventory_Attribute_Id) values (9720, 56);
insert into Zoom (Id, Description, Layer) values (9721, 'resources//img/Cuff/Cuff-Closeup-Lyr02-BevDbButton-Inner.0006.png', 02);
insert into Category_Zoom (Category_Id, Zoom_Id) values (6, 9721);
insert into Zoom_Inventory_Attribute (Zoom_Id, Inventory_Attribute_Id) values (9721, 45);
-- Final Index and Final Name: inner--0006 Key: fabric0006
insert into Zoom_Inventory_Attribute (Zoom_Id, Inventory_Attribute_Id) values (9721, 57);
insert into Zoom (Id, Description, Layer) values (9722, 'resources//img/Cuff/Cuff-Closeup-Lyr02-BevDbButton-Inner.0007.png', 02);
insert into Category_Zoom (Category_Id, Zoom_Id) values (6, 9722);
insert into Zoom_Inventory_Attribute (Zoom_Id, Inventory_Attribute_Id) values (9722, 45);
-- Final Index and Final Name: inner--0007 Key: fabric0007
insert into Zoom_Inventory_Attribute (Zoom_Id, Inventory_Attribute_Id) values (9722, 58);
insert into Zoom (Id, Description, Layer) values (9723, 'resources//img/Cuff/Cuff-Closeup-Lyr02-BevDbButton-Inner.0008.png', 02);
insert into Category_Zoom (Category_Id, Zoom_Id) values (6, 9723);
insert into Zoom_Inventory_Attribute (Zoom_Id, Inventory_Attribute_Id) values (9723, 45);
-- Final Index and Final Name: inner--0008 Key: fabric0008
insert into Zoom_Inventory_Attribute (Zoom_Id, Inventory_Attribute_Id) values (9723, 59);
insert into Zoom (Id, Description, Layer) values (9724, 'resources//img/Cuff/Cuff-Closeup-Lyr02-BevDbButton-Inner.0009.png', 02);
insert into Category_Zoom (Category_Id, Zoom_Id) values (6, 9724);
insert into Zoom_Inventory_Attribute (Zoom_Id, Inventory_Attribute_Id) values (9724, 45);
-- Final Index and Final Name: inner--0009 Key: fabric0009
insert into Zoom_Inventory_Attribute (Zoom_Id, Inventory_Attribute_Id) values (9724, 60);
insert into Zoom (Id, Description, Layer) values (9725, 'resources//img/Cuff/Cuff-Closeup-Lyr02-BevDbButton-Inner.0010.png', 02);
insert into Category_Zoom (Category_Id, Zoom_Id) values (6, 9725);
insert into Zoom_Inventory_Attribute (Zoom_Id, Inventory_Attribute_Id) values (9725, 45);
-- Final Index and Final Name: inner--0010 Key: fabric0010
insert into Zoom_Inventory_Attribute (Zoom_Id, Inventory_Attribute_Id) values (9725, 61);
insert into Zoom (Id, Description, Layer) values (9726, 'resources//img/Cuff/Cuff-Closeup-Lyr02-BevDbButton-Inner.0011.png', 02);
insert into Category_Zoom (Category_Id, Zoom_Id) values (6, 9726);
insert into Zoom_Inventory_Attribute (Zoom_Id, Inventory_Attribute_Id) values (9726, 45);
-- Final Index and Final Name: inner--0011 Key: fabric0011
insert into Zoom_Inventory_Attribute (Zoom_Id, Inventory_Attribute_Id) values (9726, 62);
insert into Zoom (Id, Description, Layer) values (9727, 'resources//img/Cuff/Cuff-Closeup-Lyr02-BevDbButton-Inner.0012.png', 02);
insert into Category_Zoom (Category_Id, Zoom_Id) values (6, 9727);
insert into Zoom_Inventory_Attribute (Zoom_Id, Inventory_Attribute_Id) values (9727, 45);
-- Final Index and Final Name: inner--0012 Key: fabric0012
insert into Zoom_Inventory_Attribute (Zoom_Id, Inventory_Attribute_Id) values (9727, 63);
insert into Zoom (Id, Description, Layer) values (9728, 'resources//img/Cuff/Cuff-Closeup-Lyr02-BevDbButton-Inner.0013.png', 02);
insert into Category_Zoom (Category_Id, Zoom_Id) values (6, 9728);
insert into Zoom_Inventory_Attribute (Zoom_Id, Inventory_Attribute_Id) values (9728, 45);
-- Final Index and Final Name: inner--0013 Key: fabric0013
insert into Zoom_Inventory_Attribute (Zoom_Id, Inventory_Attribute_Id) values (9728, 64);
insert into Zoom (Id, Description, Layer) values (9729, 'resources//img/Cuff/Cuff-Closeup-Lyr02-BevDbButton-Inner.0014.png', 02);
insert into Category_Zoom (Category_Id, Zoom_Id) values (6, 9729);
insert into Zoom_Inventory_Attribute (Zoom_Id, Inventory_Attribute_Id) values (9729, 45);
-- Final Index and Final Name: inner--0014 Key: fabric0014
insert into Zoom_Inventory_Attribute (Zoom_Id, Inventory_Attribute_Id) values (9729, 65);
insert into Zoom (Id, Description, Layer) values (9730, 'resources//img/Cuff/Cuff-Closeup-Lyr02-BevDbButton-Inner.0015.png', 02);
insert into Category_Zoom (Category_Id, Zoom_Id) values (6, 9730);
insert into Zoom_Inventory_Attribute (Zoom_Id, Inventory_Attribute_Id) values (9730, 45);
-- Final Index and Final Name: inner--0015 Key: fabric0015
insert into Zoom_Inventory_Attribute (Zoom_Id, Inventory_Attribute_Id) values (9730, 66);
insert into Zoom (Id, Description, Layer) values (9731, 'resources//img/Cuff/Cuff-Closeup-Lyr02-BevDbButton-Inner.0016.png', 02);
insert into Category_Zoom (Category_Id, Zoom_Id) values (6, 9731);
insert into Zoom_Inventory_Attribute (Zoom_Id, Inventory_Attribute_Id) values (9731, 45);
-- Final Index and Final Name: inner--0016 Key: fabric0016
insert into Zoom_Inventory_Attribute (Zoom_Id, Inventory_Attribute_Id) values (9731, 67);
insert into Zoom (Id, Description, Layer) values (9732, 'resources//img/Cuff/Cuff-Closeup-Lyr02-BevDbButton-Inner.0017.png', 02);
insert into Category_Zoom (Category_Id, Zoom_Id) values (6, 9732);
insert into Zoom_Inventory_Attribute (Zoom_Id, Inventory_Attribute_Id) values (9732, 45);
-- Final Index and Final Name: inner--0017 Key: fabric0017
insert into Zoom_Inventory_Attribute (Zoom_Id, Inventory_Attribute_Id) values (9732, 68);
insert into Zoom (Id, Description, Layer) values (9733, 'resources//img/Cuff/Cuff-Closeup-Lyr02-BevDbButton-Inner.0018.png', 02);
insert into Category_Zoom (Category_Id, Zoom_Id) values (6, 9733);
insert into Zoom_Inventory_Attribute (Zoom_Id, Inventory_Attribute_Id) values (9733, 45);
-- Final Index and Final Name: inner--0018 Key: fabric0018
insert into Zoom_Inventory_Attribute (Zoom_Id, Inventory_Attribute_Id) values (9733, 69);
insert into Zoom (Id, Description, Layer) values (9734, 'resources//img/Cuff/Cuff-Closeup-Lyr02-BevDbButton-Inner.0019.png', 02);
insert into Category_Zoom (Category_Id, Zoom_Id) values (6, 9734);
insert into Zoom_Inventory_Attribute (Zoom_Id, Inventory_Attribute_Id) values (9734, 45);
-- Final Index and Final Name: inner--0019 Key: fabric0019
insert into Zoom_Inventory_Attribute (Zoom_Id, Inventory_Attribute_Id) values (9734, 70);
insert into Zoom (Id, Description, Layer) values (9735, 'resources//img/Cuff/Cuff-Closeup-Lyr02-BevDbButton-Inner.0020.png', 02);
insert into Category_Zoom (Category_Id, Zoom_Id) values (6, 9735);
insert into Zoom_Inventory_Attribute (Zoom_Id, Inventory_Attribute_Id) values (9735, 45);
-- Final Index and Final Name: inner--0020 Key: fabric0020
insert into Zoom_Inventory_Attribute (Zoom_Id, Inventory_Attribute_Id) values (9735, 71);
insert into Zoom (Id, Description, Layer) values (9736, 'resources//img/Cuff/Cuff-Closeup-Lyr02-BevDbButton-Inner.0021.png', 02);
insert into Category_Zoom (Category_Id, Zoom_Id) values (6, 9736);
insert into Zoom_Inventory_Attribute (Zoom_Id, Inventory_Attribute_Id) values (9736, 45);
-- Final Index and Final Name: inner--0021 Key: fabric0021
insert into Zoom_Inventory_Attribute (Zoom_Id, Inventory_Attribute_Id) values (9736, 72);
insert into Zoom (Id, Description, Layer) values (9737, 'resources//img/Cuff/Cuff-Closeup-Lyr02-BevDbButton-Inner.0022.png', 02);
insert into Category_Zoom (Category_Id, Zoom_Id) values (6, 9737);
insert into Zoom_Inventory_Attribute (Zoom_Id, Inventory_Attribute_Id) values (9737, 45);
-- Final Index and Final Name: inner--0022 Key: fabric0022
insert into Zoom_Inventory_Attribute (Zoom_Id, Inventory_Attribute_Id) values (9737, 73);
insert into Zoom (Id, Description, Layer) values (9738, 'resources//img/Cuff/Cuff-Closeup-Lyr02-BevDbButton-Inner.0023.png', 02);
insert into Category_Zoom (Category_Id, Zoom_Id) values (6, 9738);
insert into Zoom_Inventory_Attribute (Zoom_Id, Inventory_Attribute_Id) values (9738, 45);
-- Final Index and Final Name: inner--0023 Key: fabric0023
insert into Zoom_Inventory_Attribute (Zoom_Id, Inventory_Attribute_Id) values (9738, 74);
insert into Zoom (Id, Description, Layer) values (9739, 'resources//img/Cuff/Cuff-Closeup-Lyr02-BevDbButton-Inner.0024.png', 02);
insert into Category_Zoom (Category_Id, Zoom_Id) values (6, 9739);
insert into Zoom_Inventory_Attribute (Zoom_Id, Inventory_Attribute_Id) values (9739, 45);
-- Final Index and Final Name: inner--0024 Key: fabric0024
insert into Zoom_Inventory_Attribute (Zoom_Id, Inventory_Attribute_Id) values (9739, 75);
insert into Zoom (Id, Description, Layer) values (9740, 'resources//img/Cuff/Cuff-Closeup-Lyr02-BevDbButton-Inner.0025.png', 02);
insert into Category_Zoom (Category_Id, Zoom_Id) values (6, 9740);
insert into Zoom_Inventory_Attribute (Zoom_Id, Inventory_Attribute_Id) values (9740, 45);
-- Final Index and Final Name: inner--0025 Key: fabric0025
insert into Zoom_Inventory_Attribute (Zoom_Id, Inventory_Attribute_Id) values (9740, 76);
insert into Zoom (Id, Description, Layer) values (9741, 'resources//img/Cuff/Cuff-Closeup-Lyr02-BevDbButton-Inner.0026.png', 02);
insert into Category_Zoom (Category_Id, Zoom_Id) values (6, 9741);
insert into Zoom_Inventory_Attribute (Zoom_Id, Inventory_Attribute_Id) values (9741, 45);
-- Final Index and Final Name: inner--0026 Key: fabric0026
insert into Zoom_Inventory_Attribute (Zoom_Id, Inventory_Attribute_Id) values (9741, 77);
insert into Zoom (Id, Description, Layer) values (9742, 'resources//img/Cuff/Cuff-Closeup-Lyr02-BevDbButton-Inner.0027.png', 02);
insert into Category_Zoom (Category_Id, Zoom_Id) values (6, 9742);
insert into Zoom_Inventory_Attribute (Zoom_Id, Inventory_Attribute_Id) values (9742, 45);
-- Final Index and Final Name: inner--0027 Key: fabric0027
insert into Zoom_Inventory_Attribute (Zoom_Id, Inventory_Attribute_Id) values (9742, 78);
insert into Zoom (Id, Description, Layer) values (9743, 'resources//img/Cuff/Cuff-Closeup-Lyr02-BevDbButton-Inner.0028.png', 02);
insert into Category_Zoom (Category_Id, Zoom_Id) values (6, 9743);
insert into Zoom_Inventory_Attribute (Zoom_Id, Inventory_Attribute_Id) values (9743, 45);
-- Final Index and Final Name: inner--0028 Key: fabric0028
insert into Zoom_Inventory_Attribute (Zoom_Id, Inventory_Attribute_Id) values (9743, 79);
insert into Zoom (Id, Description, Layer) values (9744, 'resources//img/Cuff/Cuff-Closeup-Lyr02-BevDbButton-Inner.0029.png', 02);
insert into Category_Zoom (Category_Id, Zoom_Id) values (6, 9744);
insert into Zoom_Inventory_Attribute (Zoom_Id, Inventory_Attribute_Id) values (9744, 45);
-- Final Index and Final Name: inner--0029 Key: fabric0029
insert into Zoom_Inventory_Attribute (Zoom_Id, Inventory_Attribute_Id) values (9744, 80);
insert into Zoom (Id, Description, Layer) values (9745, 'resources//img/Cuff/Cuff-Closeup-Lyr02-BevDbButton-Inner.0030.png', 02);
insert into Category_Zoom (Category_Id, Zoom_Id) values (6, 9745);
insert into Zoom_Inventory_Attribute (Zoom_Id, Inventory_Attribute_Id) values (9745, 45);
-- Final Index and Final Name: inner--0030 Key: fabric0030
insert into Zoom_Inventory_Attribute (Zoom_Id, Inventory_Attribute_Id) values (9745, 81);
insert into Zoom (Id, Description, Layer) values (9746, 'resources//img/Cuff/Cuff-Closeup-Lyr02-BevDbButton-Inner.0031.png', 02);
insert into Category_Zoom (Category_Id, Zoom_Id) values (6, 9746);
insert into Zoom_Inventory_Attribute (Zoom_Id, Inventory_Attribute_Id) values (9746, 45);
-- Final Index and Final Name: inner--0031 Key: fabric0031
insert into Zoom_Inventory_Attribute (Zoom_Id, Inventory_Attribute_Id) values (9746, 82);
insert into Zoom (Id, Description, Layer) values (9747, 'resources//img/Cuff/Cuff-Closeup-Lyr02-BevDbButton-Inner.0032.png', 02);
insert into Category_Zoom (Category_Id, Zoom_Id) values (6, 9747);
insert into Zoom_Inventory_Attribute (Zoom_Id, Inventory_Attribute_Id) values (9747, 45);
-- Final Index and Final Name: inner--0032 Key: fabric0032
insert into Zoom_Inventory_Attribute (Zoom_Id, Inventory_Attribute_Id) values (9747, 83);
insert into Zoom (Id, Description, Layer) values (9748, 'resources//img/Cuff/Cuff-Closeup-Lyr02-BevDbButton-Inner.0033.png', 02);
insert into Category_Zoom (Category_Id, Zoom_Id) values (6, 9748);
insert into Zoom_Inventory_Attribute (Zoom_Id, Inventory_Attribute_Id) values (9748, 45);
-- Final Index and Final Name: inner--0033 Key: fabric0033
insert into Zoom_Inventory_Attribute (Zoom_Id, Inventory_Attribute_Id) values (9748, 84);
insert into Zoom (Id, Description, Layer) values (9749, 'resources//img/Cuff/Cuff-Closeup-Lyr02-BevDbButton-Inner.0034.png', 02);
insert into Category_Zoom (Category_Id, Zoom_Id) values (6, 9749);
insert into Zoom_Inventory_Attribute (Zoom_Id, Inventory_Attribute_Id) values (9749, 45);
-- Final Index and Final Name: inner--0034 Key: fabric0034
insert into Zoom_Inventory_Attribute (Zoom_Id, Inventory_Attribute_Id) values (9749, 85);
insert into Zoom (Id, Description, Layer) values (9750, 'resources//img/Cuff/Cuff-Closeup-Lyr02-BevDbButton-Inner.0035.png', 02);
insert into Category_Zoom (Category_Id, Zoom_Id) values (6, 9750);
insert into Zoom_Inventory_Attribute (Zoom_Id, Inventory_Attribute_Id) values (9750, 45);
-- Final Index and Final Name: inner--0035 Key: fabric0035
insert into Zoom_Inventory_Attribute (Zoom_Id, Inventory_Attribute_Id) values (9750, 86);
insert into Zoom (Id, Description, Layer) values (9751, 'resources//img/Cuff/Cuff-Closeup-Lyr02-BevDbButton-Inner.0036.png', 02);
insert into Category_Zoom (Category_Id, Zoom_Id) values (6, 9751);
insert into Zoom_Inventory_Attribute (Zoom_Id, Inventory_Attribute_Id) values (9751, 45);
-- Final Index and Final Name: inner--0036 Key: fabric0036
insert into Zoom_Inventory_Attribute (Zoom_Id, Inventory_Attribute_Id) values (9751, 87);
insert into Zoom (Id, Description, Layer) values (9752, 'resources//img/Cuff/Cuff-Closeup-Lyr02-BevDbButton-Inner.0037.png', 02);
insert into Category_Zoom (Category_Id, Zoom_Id) values (6, 9752);
insert into Zoom_Inventory_Attribute (Zoom_Id, Inventory_Attribute_Id) values (9752, 45);
-- Final Index and Final Name: inner--0037 Key: fabric0037
insert into Zoom_Inventory_Attribute (Zoom_Id, Inventory_Attribute_Id) values (9752, 88);
insert into Zoom (Id, Description, Layer) values (9753, 'resources//img/Cuff/Cuff-Closeup-Lyr02-BevDbButton-Inner.0038.png', 02);
insert into Category_Zoom (Category_Id, Zoom_Id) values (6, 9753);
insert into Zoom_Inventory_Attribute (Zoom_Id, Inventory_Attribute_Id) values (9753, 45);
-- Final Index and Final Name: inner--0038 Key: fabric0038
insert into Zoom_Inventory_Attribute (Zoom_Id, Inventory_Attribute_Id) values (9753, 89);
insert into Zoom (Id, Description, Layer) values (9754, 'resources//img/Cuff/Cuff-Closeup-Lyr02-BevDbButton-Inner.0039.png', 02);
insert into Category_Zoom (Category_Id, Zoom_Id) values (6, 9754);
insert into Zoom_Inventory_Attribute (Zoom_Id, Inventory_Attribute_Id) values (9754, 45);
-- Final Index and Final Name: inner--0039 Key: fabric0039
insert into Zoom_Inventory_Attribute (Zoom_Id, Inventory_Attribute_Id) values (9754, 90);
insert into Zoom (Id, Description, Layer) values (9755, 'resources//img/Cuff/Cuff-Closeup-Lyr02-BevDbButton-Inner.0040.png', 02);
insert into Category_Zoom (Category_Id, Zoom_Id) values (6, 9755);
insert into Zoom_Inventory_Attribute (Zoom_Id, Inventory_Attribute_Id) values (9755, 45);
-- Final Index and Final Name: inner--0040 Key: fabric0040
insert into Zoom_Inventory_Attribute (Zoom_Id, Inventory_Attribute_Id) values (9755, 91);
insert into Zoom (Id, Description, Layer) values (9756, 'resources//img/Cuff/Cuff-Closeup-Lyr02-BevDbButton-Inner.0041.png', 02);
insert into Category_Zoom (Category_Id, Zoom_Id) values (6, 9756);
insert into Zoom_Inventory_Attribute (Zoom_Id, Inventory_Attribute_Id) values (9756, 45);
-- Final Index and Final Name: inner--0041 Key: fabric0041
insert into Zoom_Inventory_Attribute (Zoom_Id, Inventory_Attribute_Id) values (9756, 92);
insert into Zoom (Id, Description, Layer) values (9757, 'resources//img/Cuff/Cuff-Closeup-Lyr02-BevDbButton-Inner.0042.png', 02);
insert into Category_Zoom (Category_Id, Zoom_Id) values (6, 9757);
insert into Zoom_Inventory_Attribute (Zoom_Id, Inventory_Attribute_Id) values (9757, 45);
-- Final Index and Final Name: inner--0042 Key: fabric0042
insert into Zoom_Inventory_Attribute (Zoom_Id, Inventory_Attribute_Id) values (9757, 93);
insert into Zoom (Id, Description, Layer) values (9758, 'resources//img/Cuff/Cuff-Closeup-Lyr02-BevDbButton-Inner.0043.png', 02);
insert into Category_Zoom (Category_Id, Zoom_Id) values (6, 9758);
insert into Zoom_Inventory_Attribute (Zoom_Id, Inventory_Attribute_Id) values (9758, 45);
-- Final Index and Final Name: inner--0043 Key: fabric0043
insert into Zoom_Inventory_Attribute (Zoom_Id, Inventory_Attribute_Id) values (9758, 94);
insert into Zoom (Id, Description, Layer) values (9759, 'resources//img/Cuff/Cuff-Closeup-Lyr02-BevDbButton-Inner.0044.png', 02);
insert into Category_Zoom (Category_Id, Zoom_Id) values (6, 9759);
insert into Zoom_Inventory_Attribute (Zoom_Id, Inventory_Attribute_Id) values (9759, 45);
-- Final Index and Final Name: inner--0044 Key: fabric0044
insert into Zoom_Inventory_Attribute (Zoom_Id, Inventory_Attribute_Id) values (9759, 95);
insert into Zoom (Id, Description, Layer) values (9760, 'resources//img/Cuff/Cuff-Closeup-Lyr02-BevDbButton-Inner.0045.png', 02);
insert into Category_Zoom (Category_Id, Zoom_Id) values (6, 9760);
insert into Zoom_Inventory_Attribute (Zoom_Id, Inventory_Attribute_Id) values (9760, 45);
-- Final Index and Final Name: inner--0045 Key: fabric0045
insert into Zoom_Inventory_Attribute (Zoom_Id, Inventory_Attribute_Id) values (9760, 96);
insert into Zoom (Id, Description, Layer) values (9761, 'resources//img/Cuff/Cuff-Closeup-Lyr02-BevDbButton-Inner.0046.png', 02);
insert into Category_Zoom (Category_Id, Zoom_Id) values (6, 9761);
insert into Zoom_Inventory_Attribute (Zoom_Id, Inventory_Attribute_Id) values (9761, 45);
-- Final Index and Final Name: inner--0046 Key: fabric0046
insert into Zoom_Inventory_Attribute (Zoom_Id, Inventory_Attribute_Id) values (9761, 97);
insert into Zoom (Id, Description, Layer) values (9762, 'resources//img/Cuff/Cuff-Closeup-Lyr02-BevDbButton-Inner.0047.png', 02);
insert into Category_Zoom (Category_Id, Zoom_Id) values (6, 9762);
insert into Zoom_Inventory_Attribute (Zoom_Id, Inventory_Attribute_Id) values (9762, 45);
-- Final Index and Final Name: inner--0047 Key: fabric0047
insert into Zoom_Inventory_Attribute (Zoom_Id, Inventory_Attribute_Id) values (9762, 98);
insert into Zoom (Id, Description, Layer) values (9763, 'resources//img/Cuff/Cuff-Closeup-Lyr02-BevDbButton-Inner.0048.png', 02);
insert into Category_Zoom (Category_Id, Zoom_Id) values (6, 9763);
insert into Zoom_Inventory_Attribute (Zoom_Id, Inventory_Attribute_Id) values (9763, 45);
-- Final Index and Final Name: inner--0048 Key: fabric0048
insert into Zoom_Inventory_Attribute (Zoom_Id, Inventory_Attribute_Id) values (9763, 99);
insert into Zoom (Id, Description, Layer) values (9764, 'resources//img/Cuff/Cuff-Closeup-Lyr02-BevDbButton-Inner.0049.png', 02);
insert into Category_Zoom (Category_Id, Zoom_Id) values (6, 9764);
insert into Zoom_Inventory_Attribute (Zoom_Id, Inventory_Attribute_Id) values (9764, 45);
-- Final Index and Final Name: inner--0049 Key: fabric0049
insert into Zoom_Inventory_Attribute (Zoom_Id, Inventory_Attribute_Id) values (9764, 100);
insert into Zoom (Id, Description, Layer) values (9765, 'resources//img/Cuff/Cuff-Closeup-Lyr02-BevDbButton-Inner.0050.png', 02);
insert into Category_Zoom (Category_Id, Zoom_Id) values (6, 9765);
insert into Zoom_Inventory_Attribute (Zoom_Id, Inventory_Attribute_Id) values (9765, 45);
-- Final Index and Final Name: inner--0050 Key: fabric0050
insert into Zoom_Inventory_Attribute (Zoom_Id, Inventory_Attribute_Id) values (9765, 101);
insert into Zoom (Id, Description, Layer) values (9766, 'resources//img/Cuff/Cuff-Closeup-Lyr02-BevDbButton-Inner.0051.png', 02);
insert into Category_Zoom (Category_Id, Zoom_Id) values (6, 9766);
insert into Zoom_Inventory_Attribute (Zoom_Id, Inventory_Attribute_Id) values (9766, 45);
-- Final Index and Final Name: inner--0051 Key: fabric0051
insert into Zoom_Inventory_Attribute (Zoom_Id, Inventory_Attribute_Id) values (9766, 102);
insert into Zoom (Id, Description, Layer) values (9767, 'resources//img/Cuff/Cuff-Closeup-Lyr02-BevDbButton-Inner.0052.png', 02);
insert into Category_Zoom (Category_Id, Zoom_Id) values (6, 9767);
insert into Zoom_Inventory_Attribute (Zoom_Id, Inventory_Attribute_Id) values (9767, 45);
-- Final Index and Final Name: inner--0052 Key: fabric0052
insert into Zoom_Inventory_Attribute (Zoom_Id, Inventory_Attribute_Id) values (9767, 103);
insert into Zoom (Id, Description, Layer) values (9768, 'resources//img/Cuff/Cuff-Closeup-Lyr02-BevDbButton-Inner.0053.png', 02);
insert into Category_Zoom (Category_Id, Zoom_Id) values (6, 9768);
insert into Zoom_Inventory_Attribute (Zoom_Id, Inventory_Attribute_Id) values (9768, 45);
-- Final Index and Final Name: inner--0053 Key: fabric0053
insert into Zoom_Inventory_Attribute (Zoom_Id, Inventory_Attribute_Id) values (9768, 104);
insert into Zoom (Id, Description, Layer) values (9769, 'resources//img/Cuff/Cuff-Closeup-Lyr02-BevDbButton-Inner.0054.png', 02);
insert into Category_Zoom (Category_Id, Zoom_Id) values (6, 9769);
insert into Zoom_Inventory_Attribute (Zoom_Id, Inventory_Attribute_Id) values (9769, 45);
-- Final Index and Final Name: inner--0054 Key: fabric0054
insert into Zoom_Inventory_Attribute (Zoom_Id, Inventory_Attribute_Id) values (9769, 105);
insert into Zoom (Id, Description, Layer) values (9770, 'resources//img/Cuff/Cuff-Closeup-Lyr02-BevDbButton-Inner.0055.png', 02);
insert into Category_Zoom (Category_Id, Zoom_Id) values (6, 9770);
insert into Zoom_Inventory_Attribute (Zoom_Id, Inventory_Attribute_Id) values (9770, 45);
-- Final Index and Final Name: inner--0055 Key: fabric0055
insert into Zoom_Inventory_Attribute (Zoom_Id, Inventory_Attribute_Id) values (9770, 106);
insert into Zoom (Id, Description, Layer) values (9771, 'resources//img/Cuff/Cuff-Closeup-Lyr02-BevDbButton-Inner.0056.png', 02);
insert into Category_Zoom (Category_Id, Zoom_Id) values (6, 9771);
insert into Zoom_Inventory_Attribute (Zoom_Id, Inventory_Attribute_Id) values (9771, 45);
-- Final Index and Final Name: inner--0056 Key: fabric0056
insert into Zoom_Inventory_Attribute (Zoom_Id, Inventory_Attribute_Id) values (9771, 107);
insert into Zoom (Id, Description, Layer) values (9772, 'resources//img/Cuff/Cuff-Closeup-Lyr02-BevDbButton-Inner.0057.png', 02);
insert into Category_Zoom (Category_Id, Zoom_Id) values (6, 9772);
insert into Zoom_Inventory_Attribute (Zoom_Id, Inventory_Attribute_Id) values (9772, 45);
-- Final Index and Final Name: inner--0057 Key: fabric0057
insert into Zoom_Inventory_Attribute (Zoom_Id, Inventory_Attribute_Id) values (9772, 108);
insert into Zoom (Id, Description, Layer) values (9773, 'resources//img/Cuff/Cuff-Closeup-Lyr02-BevDbButton-Inner.0058.png', 02);
insert into Category_Zoom (Category_Id, Zoom_Id) values (6, 9773);
insert into Zoom_Inventory_Attribute (Zoom_Id, Inventory_Attribute_Id) values (9773, 45);
-- Final Index and Final Name: inner--0058 Key: fabric0058
insert into Zoom_Inventory_Attribute (Zoom_Id, Inventory_Attribute_Id) values (9773, 109);
insert into Zoom (Id, Description, Layer) values (9774, 'resources//img/Cuff/Cuff-Closeup-Lyr02-BevDbButton-Inner.0059.png', 02);
insert into Category_Zoom (Category_Id, Zoom_Id) values (6, 9774);
insert into Zoom_Inventory_Attribute (Zoom_Id, Inventory_Attribute_Id) values (9774, 45);
-- Final Index and Final Name: inner--0059 Key: fabric0059
insert into Zoom_Inventory_Attribute (Zoom_Id, Inventory_Attribute_Id) values (9774, 110);
insert into Zoom (Id, Description, Layer) values (9775, 'resources//img/Cuff/Cuff-Closeup-Lyr02-BevDbButton-Inner.0060.png', 02);
insert into Category_Zoom (Category_Id, Zoom_Id) values (6, 9775);
insert into Zoom_Inventory_Attribute (Zoom_Id, Inventory_Attribute_Id) values (9775, 45);
-- Final Index and Final Name: inner--0060 Key: fabric0060
insert into Zoom_Inventory_Attribute (Zoom_Id, Inventory_Attribute_Id) values (9775, 111);
insert into Zoom (Id, Description, Layer) values (9776, 'resources//img/Cuff/Cuff-Closeup-Lyr02-BevDbButton-Inner.0061.png', 02);
insert into Category_Zoom (Category_Id, Zoom_Id) values (6, 9776);
insert into Zoom_Inventory_Attribute (Zoom_Id, Inventory_Attribute_Id) values (9776, 45);
-- Final Index and Final Name: inner--0061 Key: fabric0061
insert into Zoom_Inventory_Attribute (Zoom_Id, Inventory_Attribute_Id) values (9776, 112);
insert into Zoom (Id, Description, Layer) values (9777, 'resources//img/Cuff/Cuff-Closeup-Lyr02-BevDbButton-Inner.0062.png', 02);
insert into Category_Zoom (Category_Id, Zoom_Id) values (6, 9777);
insert into Zoom_Inventory_Attribute (Zoom_Id, Inventory_Attribute_Id) values (9777, 45);
-- Final Index and Final Name: inner--0062 Key: fabric0062
insert into Zoom_Inventory_Attribute (Zoom_Id, Inventory_Attribute_Id) values (9777, 113);
insert into Zoom (Id, Description, Layer) values (9778, 'resources//img/Cuff/Cuff-Closeup-Lyr02-BevDbButton-Inner.0063.png', 02);
insert into Category_Zoom (Category_Id, Zoom_Id) values (6, 9778);
insert into Zoom_Inventory_Attribute (Zoom_Id, Inventory_Attribute_Id) values (9778, 45);
-- Final Index and Final Name: inner--0063 Key: fabric0063
insert into Zoom_Inventory_Attribute (Zoom_Id, Inventory_Attribute_Id) values (9778, 114);
insert into Zoom (Id, Description, Layer) values (9779, 'resources//img/Cuff/Cuff-Closeup-Lyr02-BevDbButton-Inner.0064.png', 02);
insert into Category_Zoom (Category_Id, Zoom_Id) values (6, 9779);
insert into Zoom_Inventory_Attribute (Zoom_Id, Inventory_Attribute_Id) values (9779, 45);
-- Final Index and Final Name: inner--0064 Key: fabric0064
insert into Zoom_Inventory_Attribute (Zoom_Id, Inventory_Attribute_Id) values (9779, 115);
insert into Zoom (Id, Description, Layer) values (9780, 'resources//img/Cuff/Cuff-Closeup-Lyr02-BevDbButton-Inner.0065.png', 02);
insert into Category_Zoom (Category_Id, Zoom_Id) values (6, 9780);
insert into Zoom_Inventory_Attribute (Zoom_Id, Inventory_Attribute_Id) values (9780, 45);
-- Final Index and Final Name: inner--0065 Key: fabric0065
insert into Zoom_Inventory_Attribute (Zoom_Id, Inventory_Attribute_Id) values (9780, 116);
insert into Zoom (Id, Description, Layer) values (9781, 'resources//img/Cuff/Cuff-Closeup-Lyr02-BevDbButton-Inner.0066.png', 02);
insert into Category_Zoom (Category_Id, Zoom_Id) values (6, 9781);
insert into Zoom_Inventory_Attribute (Zoom_Id, Inventory_Attribute_Id) values (9781, 45);
-- Final Index and Final Name: inner--0066 Key: fabric0066
insert into Zoom_Inventory_Attribute (Zoom_Id, Inventory_Attribute_Id) values (9781, 117);
insert into Zoom (Id, Description, Layer) values (9782, 'resources//img/Cuff/Cuff-Closeup-Lyr02-BevDbButton-Inner.0067.png', 02);
insert into Category_Zoom (Category_Id, Zoom_Id) values (6, 9782);
insert into Zoom_Inventory_Attribute (Zoom_Id, Inventory_Attribute_Id) values (9782, 45);
-- Final Index and Final Name: inner--0067 Key: fabric0067
insert into Zoom_Inventory_Attribute (Zoom_Id, Inventory_Attribute_Id) values (9782, 118);
insert into Zoom (Id, Description, Layer) values (9783, 'resources//img/Cuff/Cuff-Closeup-Lyr02-BevDbButton-Inner.0068.png', 02);
insert into Category_Zoom (Category_Id, Zoom_Id) values (6, 9783);
insert into Zoom_Inventory_Attribute (Zoom_Id, Inventory_Attribute_Id) values (9783, 45);
-- Final Index and Final Name: inner--0068 Key: fabric0068
insert into Zoom_Inventory_Attribute (Zoom_Id, Inventory_Attribute_Id) values (9783, 119);
insert into Zoom (Id, Description, Layer) values (9784, 'resources//img/Cuff/Cuff-Closeup-Lyr02-BevDbButton-Inner.0069.png', 02);
insert into Category_Zoom (Category_Id, Zoom_Id) values (6, 9784);
insert into Zoom_Inventory_Attribute (Zoom_Id, Inventory_Attribute_Id) values (9784, 45);
-- Final Index and Final Name: inner--0069 Key: fabric0069
insert into Zoom_Inventory_Attribute (Zoom_Id, Inventory_Attribute_Id) values (9784, 120);
insert into Zoom (Id, Description, Layer) values (9785, 'resources//img/Cuff/Cuff-Closeup-Lyr02-BevDbButton-Inner.0070.png', 02);
insert into Category_Zoom (Category_Id, Zoom_Id) values (6, 9785);
insert into Zoom_Inventory_Attribute (Zoom_Id, Inventory_Attribute_Id) values (9785, 45);
-- Final Index and Final Name: inner--0070 Key: fabric0070
insert into Zoom_Inventory_Attribute (Zoom_Id, Inventory_Attribute_Id) values (9785, 121);
insert into Zoom (Id, Description, Layer) values (9786, 'resources//img/Cuff/Cuff-Closeup-Lyr02-BevDbButton-Inner.0071.png', 02);
insert into Category_Zoom (Category_Id, Zoom_Id) values (6, 9786);
insert into Zoom_Inventory_Attribute (Zoom_Id, Inventory_Attribute_Id) values (9786, 45);
-- Final Index and Final Name: inner--0071 Key: fabric0071
insert into Zoom_Inventory_Attribute (Zoom_Id, Inventory_Attribute_Id) values (9786, 122);
insert into Zoom (Id, Description, Layer) values (9787, 'resources//img/Cuff/Cuff-Closeup-Lyr02-BevDbButton-Inner.0072.png', 02);
insert into Category_Zoom (Category_Id, Zoom_Id) values (6, 9787);
insert into Zoom_Inventory_Attribute (Zoom_Id, Inventory_Attribute_Id) values (9787, 45);
-- Final Index and Final Name: inner--0072 Key: fabric0072
insert into Zoom_Inventory_Attribute (Zoom_Id, Inventory_Attribute_Id) values (9787, 123);
insert into Zoom (Id, Description, Layer) values (9788, 'resources//img/Cuff/Cuff-Closeup-Lyr02-BevDbButton-Inner.0073.png', 02);
insert into Category_Zoom (Category_Id, Zoom_Id) values (6, 9788);
insert into Zoom_Inventory_Attribute (Zoom_Id, Inventory_Attribute_Id) values (9788, 45);
-- Final Index and Final Name: inner--0073 Key: fabric0073
insert into Zoom_Inventory_Attribute (Zoom_Id, Inventory_Attribute_Id) values (9788, 124);
insert into Zoom (Id, Description, Layer) values (9789, 'resources//img/Cuff/Cuff-Closeup-Lyr02-BevDbButton-Inner.0074.png', 02);
insert into Category_Zoom (Category_Id, Zoom_Id) values (6, 9789);
insert into Zoom_Inventory_Attribute (Zoom_Id, Inventory_Attribute_Id) values (9789, 45);
-- Final Index and Final Name: inner--0074 Key: fabric0074
insert into Zoom_Inventory_Attribute (Zoom_Id, Inventory_Attribute_Id) values (9789, 125);
insert into Zoom (Id, Description, Layer) values (9790, 'resources//img/Cuff/Cuff-Closeup-Lyr02-BevDbButton-Inner.0075.png', 02);
insert into Category_Zoom (Category_Id, Zoom_Id) values (6, 9790);
insert into Zoom_Inventory_Attribute (Zoom_Id, Inventory_Attribute_Id) values (9790, 45);
-- Final Index and Final Name: inner--0075 Key: fabric0075
insert into Zoom_Inventory_Attribute (Zoom_Id, Inventory_Attribute_Id) values (9790, 126);
insert into Zoom (Id, Description, Layer) values (9791, 'resources//img/Cuff/Cuff-Closeup-Lyr02-BevDbButton-Inner.0076.png', 02);
insert into Category_Zoom (Category_Id, Zoom_Id) values (6, 9791);
insert into Zoom_Inventory_Attribute (Zoom_Id, Inventory_Attribute_Id) values (9791, 45);
-- Final Index and Final Name: inner--0076 Key: fabric0076
insert into Zoom_Inventory_Attribute (Zoom_Id, Inventory_Attribute_Id) values (9791, 127);
insert into Zoom (Id, Description, Layer) values (9792, 'resources//img/Cuff/Cuff-Closeup-Lyr02-BevDbButton-Inner.0077.png', 02);
insert into Category_Zoom (Category_Id, Zoom_Id) values (6, 9792);
insert into Zoom_Inventory_Attribute (Zoom_Id, Inventory_Attribute_Id) values (9792, 45);
-- Final Index and Final Name: inner--0077 Key: fabric0077
insert into Zoom_Inventory_Attribute (Zoom_Id, Inventory_Attribute_Id) values (9792, 128);
insert into Zoom (Id, Description, Layer) values (9793, 'resources//img/Cuff/Cuff-Closeup-Lyr02-BevDbButton-Inner.0078.png', 02);
insert into Category_Zoom (Category_Id, Zoom_Id) values (6, 9793);
insert into Zoom_Inventory_Attribute (Zoom_Id, Inventory_Attribute_Id) values (9793, 45);
-- Final Index and Final Name: inner--0078 Key: fabric0078
insert into Zoom_Inventory_Attribute (Zoom_Id, Inventory_Attribute_Id) values (9793, 129);
insert into Zoom (Id, Description, Layer) values (9794, 'resources//img/Cuff/Cuff-Closeup-Lyr02-BevDbButton-Inner.0079.png', 02);
insert into Category_Zoom (Category_Id, Zoom_Id) values (6, 9794);
insert into Zoom_Inventory_Attribute (Zoom_Id, Inventory_Attribute_Id) values (9794, 45);
-- Final Index and Final Name: inner--0079 Key: fabric0079
insert into Zoom_Inventory_Attribute (Zoom_Id, Inventory_Attribute_Id) values (9794, 130);
insert into Zoom (Id, Description, Layer) values (9795, 'resources//img/Cuff/Cuff-Closeup-Lyr02-BevDbButton-Inner.0080.png', 02);
insert into Category_Zoom (Category_Id, Zoom_Id) values (6, 9795);
insert into Zoom_Inventory_Attribute (Zoom_Id, Inventory_Attribute_Id) values (9795, 45);
-- Final Index and Final Name: inner--0080 Key: fabric0080
insert into Zoom_Inventory_Attribute (Zoom_Id, Inventory_Attribute_Id) values (9795, 131);
insert into Zoom (Id, Description, Layer) values (9796, 'resources//img/Cuff/Cuff-Closeup-Lyr02-BevDbButton-Inner.0081.png', 02);
insert into Category_Zoom (Category_Id, Zoom_Id) values (6, 9796);
insert into Zoom_Inventory_Attribute (Zoom_Id, Inventory_Attribute_Id) values (9796, 45);
-- Final Index and Final Name: inner--0081 Key: fabric0081
insert into Zoom_Inventory_Attribute (Zoom_Id, Inventory_Attribute_Id) values (9796, 132);
insert into Zoom (Id, Description, Layer) values (9797, 'resources//img/Cuff/Cuff-Closeup-Lyr02-BevDbButton-Inner.0082.png', 02);
insert into Category_Zoom (Category_Id, Zoom_Id) values (6, 9797);
insert into Zoom_Inventory_Attribute (Zoom_Id, Inventory_Attribute_Id) values (9797, 45);
-- Final Index and Final Name: inner--0082 Key: fabric0082
insert into Zoom_Inventory_Attribute (Zoom_Id, Inventory_Attribute_Id) values (9797, 133);
insert into Zoom (Id, Description, Layer) values (9798, 'resources//img/Cuff/Cuff-Closeup-Lyr02-BevDbButton-Inner.0083.png', 02);
insert into Category_Zoom (Category_Id, Zoom_Id) values (6, 9798);
insert into Zoom_Inventory_Attribute (Zoom_Id, Inventory_Attribute_Id) values (9798, 45);
-- Final Index and Final Name: inner--0083 Key: fabric0083
insert into Zoom_Inventory_Attribute (Zoom_Id, Inventory_Attribute_Id) values (9798, 134);
insert into Zoom (Id, Description, Layer) values (9799, 'resources//img/Cuff/Cuff-Closeup-Lyr02-BevDbButton-Inner.0084.png', 02);
insert into Category_Zoom (Category_Id, Zoom_Id) values (6, 9799);
insert into Zoom_Inventory_Attribute (Zoom_Id, Inventory_Attribute_Id) values (9799, 45);
-- Final Index and Final Name: inner--0084 Key: fabric0084
insert into Zoom_Inventory_Attribute (Zoom_Id, Inventory_Attribute_Id) values (9799, 135);
insert into Zoom (Id, Description, Layer) values (9800, 'resources//img/Cuff/Cuff-Closeup-Lyr02-BevDbButton-Inner.0085.png', 02);
insert into Category_Zoom (Category_Id, Zoom_Id) values (6, 9800);
insert into Zoom_Inventory_Attribute (Zoom_Id, Inventory_Attribute_Id) values (9800, 45);
-- Final Index and Final Name: inner--0085 Key: fabric0085
insert into Zoom_Inventory_Attribute (Zoom_Id, Inventory_Attribute_Id) values (9800, 136);
insert into Zoom (Id, Description, Layer) values (9801, 'resources//img/Cuff/Cuff-Closeup-Lyr02-BevDbButton-Inner.0086.png', 02);
insert into Category_Zoom (Category_Id, Zoom_Id) values (6, 9801);
insert into Zoom_Inventory_Attribute (Zoom_Id, Inventory_Attribute_Id) values (9801, 45);
-- Final Index and Final Name: inner--0086 Key: fabric0086
insert into Zoom_Inventory_Attribute (Zoom_Id, Inventory_Attribute_Id) values (9801, 137);
insert into Zoom (Id, Description, Layer) values (9802, 'resources//img/Cuff/Cuff-Closeup-Lyr02-BevDbButton-Inner.0087.png', 02);
insert into Category_Zoom (Category_Id, Zoom_Id) values (6, 9802);
insert into Zoom_Inventory_Attribute (Zoom_Id, Inventory_Attribute_Id) values (9802, 45);
-- Final Index and Final Name: inner--0087 Key: fabric0087
insert into Zoom_Inventory_Attribute (Zoom_Id, Inventory_Attribute_Id) values (9802, 138);
insert into Zoom (Id, Description, Layer) values (9803, 'resources//img/Cuff/Cuff-Closeup-Lyr02-BevDbButton-Inner.0088.png', 02);
insert into Category_Zoom (Category_Id, Zoom_Id) values (6, 9803);
insert into Zoom_Inventory_Attribute (Zoom_Id, Inventory_Attribute_Id) values (9803, 45);
-- Final Index and Final Name: inner--0088 Key: fabric0088
insert into Zoom_Inventory_Attribute (Zoom_Id, Inventory_Attribute_Id) values (9803, 139);
insert into Zoom (Id, Description, Layer) values (9804, 'resources//img/Cuff/Cuff-Closeup-Lyr02-BevDbButton-Inner.0089.png', 02);
insert into Category_Zoom (Category_Id, Zoom_Id) values (6, 9804);
insert into Zoom_Inventory_Attribute (Zoom_Id, Inventory_Attribute_Id) values (9804, 45);
-- Final Index and Final Name: inner--0089 Key: fabric0089
insert into Zoom_Inventory_Attribute (Zoom_Id, Inventory_Attribute_Id) values (9804, 140);
insert into Zoom (Id, Description, Layer) values (9805, 'resources//img/Cuff/Cuff-Closeup-Lyr02-BevDbButton-Inner.0090.png', 02);
insert into Category_Zoom (Category_Id, Zoom_Id) values (6, 9805);
insert into Zoom_Inventory_Attribute (Zoom_Id, Inventory_Attribute_Id) values (9805, 45);
-- Final Index and Final Name: inner--0090 Key: fabric0090
insert into Zoom_Inventory_Attribute (Zoom_Id, Inventory_Attribute_Id) values (9805, 141);
insert into Zoom (Id, Description, Layer) values (9806, 'resources//img/Cuff/Cuff-Closeup-Lyr02-BevDbButton-Inner.0091.png', 02);
insert into Category_Zoom (Category_Id, Zoom_Id) values (6, 9806);
insert into Zoom_Inventory_Attribute (Zoom_Id, Inventory_Attribute_Id) values (9806, 45);
-- Final Index and Final Name: inner--0091 Key: fabric0091
insert into Zoom_Inventory_Attribute (Zoom_Id, Inventory_Attribute_Id) values (9806, 142);
insert into Zoom (Id, Description, Layer) values (9807, 'resources//img/Cuff/Cuff-Closeup-Lyr02-BevDbButton-Inner.0092.png', 02);
insert into Category_Zoom (Category_Id, Zoom_Id) values (6, 9807);
insert into Zoom_Inventory_Attribute (Zoom_Id, Inventory_Attribute_Id) values (9807, 45);
-- Final Index and Final Name: inner--0092 Key: fabric0092
insert into Zoom_Inventory_Attribute (Zoom_Id, Inventory_Attribute_Id) values (9807, 143);
insert into Zoom (Id, Description, Layer) values (9808, 'resources//img/Cuff/Cuff-Closeup-Lyr02-BevDbButton-Inner.0093.png', 02);
insert into Category_Zoom (Category_Id, Zoom_Id) values (6, 9808);
insert into Zoom_Inventory_Attribute (Zoom_Id, Inventory_Attribute_Id) values (9808, 45);
-- Final Index and Final Name: inner--0093 Key: fabric0093
insert into Zoom_Inventory_Attribute (Zoom_Id, Inventory_Attribute_Id) values (9808, 144);
insert into Zoom (Id, Description, Layer) values (9809, 'resources//img/Cuff/Cuff-Closeup-Lyr02-BevDbButton-Inner.0094.png', 02);
insert into Category_Zoom (Category_Id, Zoom_Id) values (6, 9809);
insert into Zoom_Inventory_Attribute (Zoom_Id, Inventory_Attribute_Id) values (9809, 45);
-- Final Index and Final Name: inner--0094 Key: fabric0094
insert into Zoom_Inventory_Attribute (Zoom_Id, Inventory_Attribute_Id) values (9809, 145);
insert into Zoom (Id, Description, Layer) values (9810, 'resources//img/Cuff/Cuff-Closeup-Lyr02-BevDbButton-Inner.0095.png', 02);
insert into Category_Zoom (Category_Id, Zoom_Id) values (6, 9810);
insert into Zoom_Inventory_Attribute (Zoom_Id, Inventory_Attribute_Id) values (9810, 45);
-- Final Index and Final Name: inner--0095 Key: fabric0095
insert into Zoom_Inventory_Attribute (Zoom_Id, Inventory_Attribute_Id) values (9810, 146);
insert into Zoom (Id, Description, Layer) values (9811, 'resources//img/Cuff/Cuff-Closeup-Lyr02-BevDbButton-Inner.0096.png', 02);
insert into Category_Zoom (Category_Id, Zoom_Id) values (6, 9811);
insert into Zoom_Inventory_Attribute (Zoom_Id, Inventory_Attribute_Id) values (9811, 45);
-- Final Index and Final Name: inner--0096 Key: fabric0096
insert into Zoom_Inventory_Attribute (Zoom_Id, Inventory_Attribute_Id) values (9811, 147);
insert into Zoom (Id, Description, Layer) values (9812, 'resources//img/Cuff/Cuff-Closeup-Lyr02-BevDbButton-Inner.0097.png', 02);
insert into Category_Zoom (Category_Id, Zoom_Id) values (6, 9812);
insert into Zoom_Inventory_Attribute (Zoom_Id, Inventory_Attribute_Id) values (9812, 45);
-- Final Index and Final Name: inner--0097 Key: fabric0097
insert into Zoom_Inventory_Attribute (Zoom_Id, Inventory_Attribute_Id) values (9812, 148);
insert into Zoom (Id, Description, Layer) values (9813, 'resources//img/Cuff/Cuff-Closeup-Lyr02-BevDbButton-Inner.0098.png', 02);
insert into Category_Zoom (Category_Id, Zoom_Id) values (6, 9813);
insert into Zoom_Inventory_Attribute (Zoom_Id, Inventory_Attribute_Id) values (9813, 45);
-- Final Index and Final Name: inner--0098 Key: fabric0098
insert into Zoom_Inventory_Attribute (Zoom_Id, Inventory_Attribute_Id) values (9813, 149);
insert into Zoom (Id, Description, Layer) values (9814, 'resources//img/Cuff/Cuff-Closeup-Lyr02-BevDbButton-Inner.0099.png', 02);
insert into Category_Zoom (Category_Id, Zoom_Id) values (6, 9814);
insert into Zoom_Inventory_Attribute (Zoom_Id, Inventory_Attribute_Id) values (9814, 45);
-- Final Index and Final Name: inner--0099 Key: fabric0099
insert into Zoom_Inventory_Attribute (Zoom_Id, Inventory_Attribute_Id) values (9814, 150);
insert into Zoom (Id, Description, Layer) values (9815, 'resources//img/Cuff/Cuff-Closeup-Lyr02-BevDbButton-Inner.0100.png', 02);
insert into Category_Zoom (Category_Id, Zoom_Id) values (6, 9815);
insert into Zoom_Inventory_Attribute (Zoom_Id, Inventory_Attribute_Id) values (9815, 45);
-- Final Index and Final Name: inner--0100 Key: fabric0100
insert into Zoom_Inventory_Attribute (Zoom_Id, Inventory_Attribute_Id) values (9815, 151);
insert into Zoom (Id, Description, Layer) values (9816, 'resources//img/Cuff/Cuff-Closeup-Lyr02-BevDbButton-Inner.0101.png', 02);
insert into Category_Zoom (Category_Id, Zoom_Id) values (6, 9816);
insert into Zoom_Inventory_Attribute (Zoom_Id, Inventory_Attribute_Id) values (9816, 45);
-- Final Index and Final Name: inner--0101 Key: fabric0101
insert into Zoom_Inventory_Attribute (Zoom_Id, Inventory_Attribute_Id) values (9816, 152);
insert into Zoom (Id, Description, Layer) values (9817, 'resources//img/Cuff/Cuff-Closeup-Lyr02-BevDbButton-Inner.0102.png', 02);
insert into Category_Zoom (Category_Id, Zoom_Id) values (6, 9817);
insert into Zoom_Inventory_Attribute (Zoom_Id, Inventory_Attribute_Id) values (9817, 45);
-- Final Index and Final Name: inner--0102 Key: fabric0102
insert into Zoom_Inventory_Attribute (Zoom_Id, Inventory_Attribute_Id) values (9817, 153);
insert into Zoom (Id, Description, Layer) values (9818, 'resources//img/Cuff/Cuff-Closeup-Lyr02-BevDbButton-Inner.0103.png', 02);
insert into Category_Zoom (Category_Id, Zoom_Id) values (6, 9818);
insert into Zoom_Inventory_Attribute (Zoom_Id, Inventory_Attribute_Id) values (9818, 45);
-- Final Index and Final Name: inner--0103 Key: fabric0103
insert into Zoom_Inventory_Attribute (Zoom_Id, Inventory_Attribute_Id) values (9818, 154);
insert into Zoom (Id, Description, Layer) values (9819, 'resources//img/Cuff/Cuff-Closeup-Lyr02-BevDbButton-Inner.0104.png', 02);
insert into Category_Zoom (Category_Id, Zoom_Id) values (6, 9819);
insert into Zoom_Inventory_Attribute (Zoom_Id, Inventory_Attribute_Id) values (9819, 45);
-- Final Index and Final Name: inner--0104 Key: fabric0104
insert into Zoom_Inventory_Attribute (Zoom_Id, Inventory_Attribute_Id) values (9819, 155);
insert into Zoom (Id, Description, Layer) values (9820, 'resources//img/Cuff/Cuff-Closeup-Lyr02-BevDbButton-Inner.0105.png', 02);
insert into Category_Zoom (Category_Id, Zoom_Id) values (6, 9820);
insert into Zoom_Inventory_Attribute (Zoom_Id, Inventory_Attribute_Id) values (9820, 45);
-- Final Index and Final Name: inner--0105 Key: fabric0105
insert into Zoom_Inventory_Attribute (Zoom_Id, Inventory_Attribute_Id) values (9820, 156);
insert into Zoom (Id, Description, Layer) values (9821, 'resources//img/Cuff/Cuff-Closeup-Lyr02-BevDbButton-Inner.0106.png', 02);
insert into Category_Zoom (Category_Id, Zoom_Id) values (6, 9821);
insert into Zoom_Inventory_Attribute (Zoom_Id, Inventory_Attribute_Id) values (9821, 45);
-- Final Index and Final Name: inner--0106 Key: fabric0106
insert into Zoom_Inventory_Attribute (Zoom_Id, Inventory_Attribute_Id) values (9821, 157);
insert into Zoom (Id, Description, Layer) values (9822, 'resources//img/Cuff/Cuff-Closeup-Lyr02-BevDbButton-Inner.0107.png', 02);
insert into Category_Zoom (Category_Id, Zoom_Id) values (6, 9822);
insert into Zoom_Inventory_Attribute (Zoom_Id, Inventory_Attribute_Id) values (9822, 45);
-- Final Index and Final Name: inner--0107 Key: fabric0107
insert into Zoom_Inventory_Attribute (Zoom_Id, Inventory_Attribute_Id) values (9822, 158);
insert into Zoom (Id, Description, Layer) values (9823, 'resources//img/Cuff/Cuff-Closeup-Lyr02-BevDbButton-Inner.0108.png', 02);
insert into Category_Zoom (Category_Id, Zoom_Id) values (6, 9823);
insert into Zoom_Inventory_Attribute (Zoom_Id, Inventory_Attribute_Id) values (9823, 45);
-- Final Index and Final Name: inner--0108 Key: fabric0108
insert into Zoom_Inventory_Attribute (Zoom_Id, Inventory_Attribute_Id) values (9823, 159);
insert into Zoom (Id, Description, Layer) values (9824, 'resources//img/Cuff/Cuff-Closeup-Lyr02-BevDbButton-Inner.0109.png', 02);
insert into Category_Zoom (Category_Id, Zoom_Id) values (6, 9824);
insert into Zoom_Inventory_Attribute (Zoom_Id, Inventory_Attribute_Id) values (9824, 45);
-- Final Index and Final Name: inner--0109 Key: fabric0109
insert into Zoom_Inventory_Attribute (Zoom_Id, Inventory_Attribute_Id) values (9824, 160);
insert into Zoom (Id, Description, Layer) values (9825, 'resources//img/Cuff/Cuff-Closeup-Lyr02-BevDbButton-Inner.0110.png', 02);
insert into Category_Zoom (Category_Id, Zoom_Id) values (6, 9825);
insert into Zoom_Inventory_Attribute (Zoom_Id, Inventory_Attribute_Id) values (9825, 45);
-- Final Index and Final Name: inner--0110 Key: fabric0110
insert into Zoom_Inventory_Attribute (Zoom_Id, Inventory_Attribute_Id) values (9825, 161);
insert into Zoom (Id, Description, Layer) values (9826, 'resources//img/Cuff/Cuff-Closeup-Lyr02-BevDbButton-Inner.0111.png', 02);
insert into Category_Zoom (Category_Id, Zoom_Id) values (6, 9826);
insert into Zoom_Inventory_Attribute (Zoom_Id, Inventory_Attribute_Id) values (9826, 45);
-- Final Index and Final Name: inner--0111 Key: fabric0111
insert into Zoom_Inventory_Attribute (Zoom_Id, Inventory_Attribute_Id) values (9826, 162);
insert into Zoom (Id, Description, Layer) values (9827, 'resources//img/Cuff/Cuff-Closeup-Lyr02-BevDbButton-Inner.0112.png', 02);
insert into Category_Zoom (Category_Id, Zoom_Id) values (6, 9827);
insert into Zoom_Inventory_Attribute (Zoom_Id, Inventory_Attribute_Id) values (9827, 45);
-- Final Index and Final Name: inner--0112 Key: fabric0112
insert into Zoom_Inventory_Attribute (Zoom_Id, Inventory_Attribute_Id) values (9827, 163);
insert into Zoom (Id, Description, Layer) values (9828, 'resources//img/Cuff/Cuff-Closeup-Lyr02-BevDbButton-Inner.0113.png', 02);
insert into Category_Zoom (Category_Id, Zoom_Id) values (6, 9828);
insert into Zoom_Inventory_Attribute (Zoom_Id, Inventory_Attribute_Id) values (9828, 45);
-- Final Index and Final Name: inner--0113 Key: fabric0113
insert into Zoom_Inventory_Attribute (Zoom_Id, Inventory_Attribute_Id) values (9828, 164);
insert into Zoom (Id, Description, Layer) values (9829, 'resources//img/Cuff/Cuff-Closeup-Lyr02-BevDbButton-Inner.0114.png', 02);
insert into Category_Zoom (Category_Id, Zoom_Id) values (6, 9829);
insert into Zoom_Inventory_Attribute (Zoom_Id, Inventory_Attribute_Id) values (9829, 45);
-- Final Index and Final Name: inner--0114 Key: fabric0114
insert into Zoom_Inventory_Attribute (Zoom_Id, Inventory_Attribute_Id) values (9829, 165);
insert into Zoom (Id, Description, Layer) values (9830, 'resources//img/Cuff/Cuff-Closeup-Lyr02-BevDbButton-Inner.0115.png', 02);
insert into Category_Zoom (Category_Id, Zoom_Id) values (6, 9830);
insert into Zoom_Inventory_Attribute (Zoom_Id, Inventory_Attribute_Id) values (9830, 45);
-- Final Index and Final Name: inner--0115 Key: fabric0115
insert into Zoom_Inventory_Attribute (Zoom_Id, Inventory_Attribute_Id) values (9830, 166);
insert into Zoom (Id, Description, Layer) values (9831, 'resources//img/Cuff/Cuff-Closeup-Lyr02-BevDbButton-Inner.0116.png', 02);
insert into Category_Zoom (Category_Id, Zoom_Id) values (6, 9831);
insert into Zoom_Inventory_Attribute (Zoom_Id, Inventory_Attribute_Id) values (9831, 45);
-- Final Index and Final Name: inner--0116 Key: fabric0116
insert into Zoom_Inventory_Attribute (Zoom_Id, Inventory_Attribute_Id) values (9831, 167);
insert into Zoom (Id, Description, Layer) values (9832, 'resources//img/Cuff/Cuff-Closeup-Lyr02-BevDbButton-Inner.0117.png', 02);
insert into Category_Zoom (Category_Id, Zoom_Id) values (6, 9832);
insert into Zoom_Inventory_Attribute (Zoom_Id, Inventory_Attribute_Id) values (9832, 45);
-- Final Index and Final Name: inner--0117 Key: fabric0117
insert into Zoom_Inventory_Attribute (Zoom_Id, Inventory_Attribute_Id) values (9832, 168);
insert into Zoom (Id, Description, Layer) values (9833, 'resources//img/Cuff/Cuff-Closeup-Lyr02-BevDbButton-Inner.0118.png', 02);
insert into Category_Zoom (Category_Id, Zoom_Id) values (6, 9833);
insert into Zoom_Inventory_Attribute (Zoom_Id, Inventory_Attribute_Id) values (9833, 45);
-- Final Index and Final Name: inner--0118 Key: fabric0118
insert into Zoom_Inventory_Attribute (Zoom_Id, Inventory_Attribute_Id) values (9833, 169);
insert into Zoom (Id, Description, Layer) values (9834, 'resources//img/Cuff/Cuff-Closeup-Lyr02-BevDbButton-Inner.0119.png', 02);
insert into Category_Zoom (Category_Id, Zoom_Id) values (6, 9834);
insert into Zoom_Inventory_Attribute (Zoom_Id, Inventory_Attribute_Id) values (9834, 45);
-- Final Index and Final Name: inner--0119 Key: fabric0119
insert into Zoom_Inventory_Attribute (Zoom_Id, Inventory_Attribute_Id) values (9834, 170);
insert into Zoom (Id, Description, Layer) values (9835, 'resources//img/Cuff/Cuff-Closeup-Lyr02-BevDbButton-Inner.0120.png', 02);
insert into Category_Zoom (Category_Id, Zoom_Id) values (6, 9835);
insert into Zoom_Inventory_Attribute (Zoom_Id, Inventory_Attribute_Id) values (9835, 45);
-- Final Index and Final Name: inner--0120 Key: fabric0120
insert into Zoom_Inventory_Attribute (Zoom_Id, Inventory_Attribute_Id) values (9835, 171);
insert into Zoom (Id, Description, Layer) values (9836, 'resources//img/Cuff/Cuff-Closeup-Lyr02-BevDbButton-Inner.0121.png', 02);
insert into Category_Zoom (Category_Id, Zoom_Id) values (6, 9836);
insert into Zoom_Inventory_Attribute (Zoom_Id, Inventory_Attribute_Id) values (9836, 45);
-- Final Index and Final Name: inner--0121 Key: fabric0121
insert into Zoom_Inventory_Attribute (Zoom_Id, Inventory_Attribute_Id) values (9836, 172);
insert into Zoom (Id, Description, Layer) values (9837, 'resources//img/Cuff/Cuff-Closeup-Lyr02-BevDbButton-Inner.0122.png', 02);
insert into Category_Zoom (Category_Id, Zoom_Id) values (6, 9837);
insert into Zoom_Inventory_Attribute (Zoom_Id, Inventory_Attribute_Id) values (9837, 45);
-- Final Index and Final Name: inner--0122 Key: fabric0122
insert into Zoom_Inventory_Attribute (Zoom_Id, Inventory_Attribute_Id) values (9837, 173);
insert into Zoom (Id, Description, Layer) values (9838, 'resources//img/Cuff/Cuff-Closeup-Lyr02-BevDbButton-Inner.0123.png', 02);
insert into Category_Zoom (Category_Id, Zoom_Id) values (6, 9838);
insert into Zoom_Inventory_Attribute (Zoom_Id, Inventory_Attribute_Id) values (9838, 45);
-- Final Index and Final Name: inner--0123 Key: fabric0123
insert into Zoom_Inventory_Attribute (Zoom_Id, Inventory_Attribute_Id) values (9838, 174);
insert into Zoom (Id, Description, Layer) values (9839, 'resources//img/Cuff/Cuff-Closeup-Lyr02-BevDbButton-Inner.0124.png', 02);
insert into Category_Zoom (Category_Id, Zoom_Id) values (6, 9839);
insert into Zoom_Inventory_Attribute (Zoom_Id, Inventory_Attribute_Id) values (9839, 45);
-- Final Index and Final Name: inner--0124 Key: fabric0124
insert into Zoom_Inventory_Attribute (Zoom_Id, Inventory_Attribute_Id) values (9839, 175);
insert into Zoom (Id, Description, Layer) values (9840, 'resources//img/Cuff/Cuff-Closeup-Lyr02-BevDbButton-Inner.0125.png', 02);
insert into Category_Zoom (Category_Id, Zoom_Id) values (6, 9840);
insert into Zoom_Inventory_Attribute (Zoom_Id, Inventory_Attribute_Id) values (9840, 45);
-- Final Index and Final Name: inner--0125 Key: fabric0125
insert into Zoom_Inventory_Attribute (Zoom_Id, Inventory_Attribute_Id) values (9840, 176);
insert into Zoom (Id, Description, Layer) values (9841, 'resources//img/Cuff/Cuff-Closeup-Lyr02-BevDbButton-Inner.0126.png', 02);
insert into Category_Zoom (Category_Id, Zoom_Id) values (6, 9841);
insert into Zoom_Inventory_Attribute (Zoom_Id, Inventory_Attribute_Id) values (9841, 45);
-- Final Index and Final Name: inner--0126 Key: fabric0126
insert into Zoom_Inventory_Attribute (Zoom_Id, Inventory_Attribute_Id) values (9841, 177);
insert into Zoom (Id, Description, Layer) values (9842, 'resources//img/Cuff/Cuff-Closeup-Lyr02-BevDbButton-Inner.0127.png', 02);
insert into Category_Zoom (Category_Id, Zoom_Id) values (6, 9842);
insert into Zoom_Inventory_Attribute (Zoom_Id, Inventory_Attribute_Id) values (9842, 45);
-- Final Index and Final Name: inner--0127 Key: fabric0127
insert into Zoom_Inventory_Attribute (Zoom_Id, Inventory_Attribute_Id) values (9842, 178);
insert into Zoom (Id, Description, Layer) values (9843, 'resources//img/Cuff/Cuff-Closeup-Lyr02-BevDbButton-Inner.0128.png', 02);
insert into Category_Zoom (Category_Id, Zoom_Id) values (6, 9843);
insert into Zoom_Inventory_Attribute (Zoom_Id, Inventory_Attribute_Id) values (9843, 45);
-- Final Index and Final Name: inner--0128 Key: fabric0128
insert into Zoom_Inventory_Attribute (Zoom_Id, Inventory_Attribute_Id) values (9843, 179);
insert into Zoom (Id, Description, Layer) values (9844, 'resources//img/Cuff/Cuff-Closeup-Lyr02-BevDbButton-Inner.0129.png', 02);
insert into Category_Zoom (Category_Id, Zoom_Id) values (6, 9844);
insert into Zoom_Inventory_Attribute (Zoom_Id, Inventory_Attribute_Id) values (9844, 45);
-- Final Index and Final Name: inner--0129 Key: fabric0129
insert into Zoom_Inventory_Attribute (Zoom_Id, Inventory_Attribute_Id) values (9844, 180);
insert into Zoom (Id, Description, Layer) values (9845, 'resources//img/Cuff/Cuff-Closeup-Lyr02-BevDbButton-Inner.0130.png', 02);
insert into Category_Zoom (Category_Id, Zoom_Id) values (6, 9845);
insert into Zoom_Inventory_Attribute (Zoom_Id, Inventory_Attribute_Id) values (9845, 45);
-- Final Index and Final Name: inner--0130 Key: fabric0130
insert into Zoom_Inventory_Attribute (Zoom_Id, Inventory_Attribute_Id) values (9845, 181);
insert into Zoom (Id, Description, Layer) values (9846, 'resources//img/Cuff/Cuff-Closeup-Lyr02-BevDbButton-Inner.0131.png', 02);
insert into Category_Zoom (Category_Id, Zoom_Id) values (6, 9846);
insert into Zoom_Inventory_Attribute (Zoom_Id, Inventory_Attribute_Id) values (9846, 45);
-- Final Index and Final Name: inner--0131 Key: fabric0131
insert into Zoom_Inventory_Attribute (Zoom_Id, Inventory_Attribute_Id) values (9846, 182);
insert into Zoom (Id, Description, Layer) values (9847, 'resources//img/Cuff/Cuff-Closeup-Lyr02-BevDbButton-Inner.0132.png', 02);
insert into Category_Zoom (Category_Id, Zoom_Id) values (6, 9847);
insert into Zoom_Inventory_Attribute (Zoom_Id, Inventory_Attribute_Id) values (9847, 45);
-- Final Index and Final Name: inner--0132 Key: fabric0132
insert into Zoom_Inventory_Attribute (Zoom_Id, Inventory_Attribute_Id) values (9847, 183);
insert into Zoom (Id, Description, Layer) values (9848, 'resources//img/Cuff/Cuff-Closeup-Lyr02-BevDbButton-Inner.0133.png', 02);
insert into Category_Zoom (Category_Id, Zoom_Id) values (6, 9848);
insert into Zoom_Inventory_Attribute (Zoom_Id, Inventory_Attribute_Id) values (9848, 45);
-- Final Index and Final Name: inner--0133 Key: fabric0133
insert into Zoom_Inventory_Attribute (Zoom_Id, Inventory_Attribute_Id) values (9848, 184);
insert into Zoom (Id, Description, Layer) values (9849, 'resources//img/Cuff/Cuff-Closeup-Lyr02-BevDbButton-Inner.0134.png', 02);
insert into Category_Zoom (Category_Id, Zoom_Id) values (6, 9849);
insert into Zoom_Inventory_Attribute (Zoom_Id, Inventory_Attribute_Id) values (9849, 45);
-- Final Index and Final Name: inner--0134 Key: fabric0134
insert into Zoom_Inventory_Attribute (Zoom_Id, Inventory_Attribute_Id) values (9849, 185);
insert into Zoom (Id, Description, Layer) values (9850, 'resources//img/Cuff/Cuff-Closeup-Lyr02-BevDbButton-Inner.0135.png', 02);
insert into Category_Zoom (Category_Id, Zoom_Id) values (6, 9850);
insert into Zoom_Inventory_Attribute (Zoom_Id, Inventory_Attribute_Id) values (9850, 45);
-- Final Index and Final Name: inner--0135 Key: fabric0135
insert into Zoom_Inventory_Attribute (Zoom_Id, Inventory_Attribute_Id) values (9850, 186);
insert into Zoom (Id, Description, Layer) values (9851, 'resources//img/Cuff/Cuff-Closeup-Lyr02-BevDbButton-Inner.0136.png', 02);
insert into Category_Zoom (Category_Id, Zoom_Id) values (6, 9851);
insert into Zoom_Inventory_Attribute (Zoom_Id, Inventory_Attribute_Id) values (9851, 45);
-- Final Index and Final Name: inner--0136 Key: fabric0136
insert into Zoom_Inventory_Attribute (Zoom_Id, Inventory_Attribute_Id) values (9851, 187);
insert into Zoom (Id, Description, Layer) values (9852, 'resources//img/Cuff/Cuff-Closeup-Lyr02-BevDbButton-Inner.0137.png', 02);
insert into Category_Zoom (Category_Id, Zoom_Id) values (6, 9852);
insert into Zoom_Inventory_Attribute (Zoom_Id, Inventory_Attribute_Id) values (9852, 45);
-- Final Index and Final Name: inner--0137 Key: fabric0137
insert into Zoom_Inventory_Attribute (Zoom_Id, Inventory_Attribute_Id) values (9852, 188);
insert into Zoom (Id, Description, Layer) values (9853, 'resources//img/Cuff/Cuff-Closeup-Lyr02-BevDbButton-Inner.0138.png', 02);
insert into Category_Zoom (Category_Id, Zoom_Id) values (6, 9853);
insert into Zoom_Inventory_Attribute (Zoom_Id, Inventory_Attribute_Id) values (9853, 45);
-- Final Index and Final Name: inner--0138 Key: fabric0138
insert into Zoom_Inventory_Attribute (Zoom_Id, Inventory_Attribute_Id) values (9853, 189);
insert into Zoom (Id, Description, Layer) values (9854, 'resources//img/Cuff/Cuff-Closeup-Lyr02-BevDbButton-Inner.0139.png', 02);
insert into Category_Zoom (Category_Id, Zoom_Id) values (6, 9854);
insert into Zoom_Inventory_Attribute (Zoom_Id, Inventory_Attribute_Id) values (9854, 45);
-- Final Index and Final Name: inner--0139 Key: fabric0139
insert into Zoom_Inventory_Attribute (Zoom_Id, Inventory_Attribute_Id) values (9854, 190);
insert into Zoom (Id, Description, Layer) values (9855, 'resources//img/Cuff/Cuff-Closeup-Lyr02-BevDbButton-Inner.0140.png', 02);
insert into Category_Zoom (Category_Id, Zoom_Id) values (6, 9855);
insert into Zoom_Inventory_Attribute (Zoom_Id, Inventory_Attribute_Id) values (9855, 45);
-- Final Index and Final Name: inner--0140 Key: fabric0140
insert into Zoom_Inventory_Attribute (Zoom_Id, Inventory_Attribute_Id) values (9855, 191);
insert into Zoom (Id, Description, Layer) values (9856, 'resources//img/Cuff/Cuff-Closeup-Lyr02-BevDbButton-Inner.0141.png', 02);
insert into Category_Zoom (Category_Id, Zoom_Id) values (6, 9856);
insert into Zoom_Inventory_Attribute (Zoom_Id, Inventory_Attribute_Id) values (9856, 45);
-- Final Index and Final Name: inner--0141 Key: fabric0141
insert into Zoom_Inventory_Attribute (Zoom_Id, Inventory_Attribute_Id) values (9856, 192);
insert into Zoom (Id, Description, Layer) values (9857, 'resources//img/Cuff/Cuff-Closeup-Lyr02-BevDbButton-Inner.0142.png', 02);
insert into Category_Zoom (Category_Id, Zoom_Id) values (6, 9857);
insert into Zoom_Inventory_Attribute (Zoom_Id, Inventory_Attribute_Id) values (9857, 45);
-- Final Index and Final Name: inner--0142 Key: fabric0142
insert into Zoom_Inventory_Attribute (Zoom_Id, Inventory_Attribute_Id) values (9857, 193);
insert into Zoom (Id, Description, Layer) values (9858, 'resources//img/Cuff/Cuff-Closeup-Lyr02-BevDbButton-Inner.0143.png', 02);
insert into Category_Zoom (Category_Id, Zoom_Id) values (6, 9858);
insert into Zoom_Inventory_Attribute (Zoom_Id, Inventory_Attribute_Id) values (9858, 45);
-- Final Index and Final Name: inner--0143 Key: fabric0143
insert into Zoom_Inventory_Attribute (Zoom_Id, Inventory_Attribute_Id) values (9858, 194);
insert into Zoom (Id, Description, Layer) values (9859, 'resources//img/Cuff/Cuff-Closeup-Lyr02-BevDbButton-Inner.0144.png', 02);
insert into Category_Zoom (Category_Id, Zoom_Id) values (6, 9859);
insert into Zoom_Inventory_Attribute (Zoom_Id, Inventory_Attribute_Id) values (9859, 45);
-- Final Index and Final Name: inner--0144 Key: fabric0144
insert into Zoom_Inventory_Attribute (Zoom_Id, Inventory_Attribute_Id) values (9859, 195);
insert into Zoom (Id, Description, Layer) values (9860, 'resources//img/Cuff/Cuff-Closeup-Lyr02-BevDbButton-Inner.0145.png', 02);
insert into Category_Zoom (Category_Id, Zoom_Id) values (6, 9860);
insert into Zoom_Inventory_Attribute (Zoom_Id, Inventory_Attribute_Id) values (9860, 45);
-- Final Index and Final Name: inner--0145 Key: fabric0145
insert into Zoom_Inventory_Attribute (Zoom_Id, Inventory_Attribute_Id) values (9860, 196);
insert into Zoom (Id, Description, Layer) values (9861, 'resources//img/Cuff/Cuff-Closeup-Lyr02-BevDbButton-Inner.0146.png', 02);
insert into Category_Zoom (Category_Id, Zoom_Id) values (6, 9861);
insert into Zoom_Inventory_Attribute (Zoom_Id, Inventory_Attribute_Id) values (9861, 45);
-- Final Index and Final Name: inner--0146 Key: fabric0146
insert into Zoom_Inventory_Attribute (Zoom_Id, Inventory_Attribute_Id) values (9861, 197);
insert into Zoom (Id, Description, Layer) values (9862, 'resources//img/Cuff/Cuff-Closeup-Lyr02-BevDbButton-Inner.0147.png', 02);
insert into Category_Zoom (Category_Id, Zoom_Id) values (6, 9862);
insert into Zoom_Inventory_Attribute (Zoom_Id, Inventory_Attribute_Id) values (9862, 45);
-- Final Index and Final Name: inner--0147 Key: fabric0147
insert into Zoom_Inventory_Attribute (Zoom_Id, Inventory_Attribute_Id) values (9862, 198);
insert into Zoom (Id, Description, Layer) values (9863, 'resources//img/Cuff/Cuff-Closeup-Lyr02-BevDbButton-Inner.0148.png', 02);
insert into Category_Zoom (Category_Id, Zoom_Id) values (6, 9863);
insert into Zoom_Inventory_Attribute (Zoom_Id, Inventory_Attribute_Id) values (9863, 45);
-- Final Index and Final Name: inner--0148 Key: fabric0148
insert into Zoom_Inventory_Attribute (Zoom_Id, Inventory_Attribute_Id) values (9863, 199);
insert into Zoom (Id, Description, Layer) values (9864, 'resources//img/Cuff/Cuff-Closeup-Lyr02-BevDbButton-Inner.0149.png', 02);
insert into Category_Zoom (Category_Id, Zoom_Id) values (6, 9864);
insert into Zoom_Inventory_Attribute (Zoom_Id, Inventory_Attribute_Id) values (9864, 45);
-- Final Index and Final Name: inner--0149 Key: fabric0149
insert into Zoom_Inventory_Attribute (Zoom_Id, Inventory_Attribute_Id) values (9864, 200);
insert into Zoom (Id, Description, Layer) values (9865, 'resources//img/Cuff/Cuff-Closeup-Lyr02-BevDbButton-Inner.0150.png', 02);
insert into Category_Zoom (Category_Id, Zoom_Id) values (6, 9865);
insert into Zoom_Inventory_Attribute (Zoom_Id, Inventory_Attribute_Id) values (9865, 45);
-- Final Index and Final Name: inner--0150 Key: fabric0150
insert into Zoom_Inventory_Attribute (Zoom_Id, Inventory_Attribute_Id) values (9865, 201);
insert into Zoom (Id, Description, Layer) values (9866, 'resources//img/Cuff/Cuff-Closeup-Lyr02-BevDbButton-Inner.0151.png', 02);
insert into Category_Zoom (Category_Id, Zoom_Id) values (6, 9866);
insert into Zoom_Inventory_Attribute (Zoom_Id, Inventory_Attribute_Id) values (9866, 45);
-- Final Index and Final Name: inner--0151 Key: fabric0151
insert into Zoom_Inventory_Attribute (Zoom_Id, Inventory_Attribute_Id) values (9866, 202);
insert into Zoom (Id, Description, Layer) values (9867, 'resources//img/Cuff/Cuff-Closeup-Lyr02-BevDbButton-Inner.0152.png', 02);
insert into Category_Zoom (Category_Id, Zoom_Id) values (6, 9867);
insert into Zoom_Inventory_Attribute (Zoom_Id, Inventory_Attribute_Id) values (9867, 45);
-- Final Index and Final Name: inner--0152 Key: fabric0152
insert into Zoom_Inventory_Attribute (Zoom_Id, Inventory_Attribute_Id) values (9867, 203);
insert into Zoom (Id, Description, Layer) values (9868, 'resources//img/Cuff/Cuff-Closeup-Lyr02-BevDbButton-Inner.0153.png', 02);
insert into Category_Zoom (Category_Id, Zoom_Id) values (6, 9868);
insert into Zoom_Inventory_Attribute (Zoom_Id, Inventory_Attribute_Id) values (9868, 45);
-- Final Index and Final Name: inner--0153 Key: fabric0153
insert into Zoom_Inventory_Attribute (Zoom_Id, Inventory_Attribute_Id) values (9868, 204);
insert into Zoom (Id, Description, Layer) values (9869, 'resources//img/Cuff/Cuff-Closeup-Lyr02-BevDbButton-Inner.0154.png', 02);
insert into Category_Zoom (Category_Id, Zoom_Id) values (6, 9869);
insert into Zoom_Inventory_Attribute (Zoom_Id, Inventory_Attribute_Id) values (9869, 45);
-- Final Index and Final Name: inner--0154 Key: fabric0154
insert into Zoom_Inventory_Attribute (Zoom_Id, Inventory_Attribute_Id) values (9869, 205);
insert into Zoom (Id, Description, Layer) values (9870, 'resources//img/Cuff/Cuff-Closeup-Lyr02-BevDbButton-Inner.0155.png', 02);
insert into Category_Zoom (Category_Id, Zoom_Id) values (6, 9870);
insert into Zoom_Inventory_Attribute (Zoom_Id, Inventory_Attribute_Id) values (9870, 45);
-- Final Index and Final Name: inner--0155 Key: fabric0155
insert into Zoom_Inventory_Attribute (Zoom_Id, Inventory_Attribute_Id) values (9870, 206);
insert into Zoom (Id, Description, Layer) values (9871, 'resources//img/Cuff/Cuff-Closeup-Lyr02-BevFrench-Inner.0001.png', 02);
insert into Category_Zoom (Category_Id, Zoom_Id) values (6, 9871);
insert into Zoom_Inventory_Attribute (Zoom_Id, Inventory_Attribute_Id) values (9871, 46);
-- Final Index and Final Name: inner--0001 Key: fabric0001
insert into Zoom_Inventory_Attribute (Zoom_Id, Inventory_Attribute_Id) values (9871, 52);
insert into Zoom (Id, Description, Layer) values (9872, 'resources//img/Cuff/Cuff-Closeup-Lyr02-BevFrench-Inner.0002.png', 02);
insert into Category_Zoom (Category_Id, Zoom_Id) values (6, 9872);
insert into Zoom_Inventory_Attribute (Zoom_Id, Inventory_Attribute_Id) values (9872, 46);
-- Final Index and Final Name: inner--0002 Key: fabric0002
insert into Zoom_Inventory_Attribute (Zoom_Id, Inventory_Attribute_Id) values (9872, 53);
insert into Zoom (Id, Description, Layer) values (9873, 'resources//img/Cuff/Cuff-Closeup-Lyr02-BevFrench-Inner.0003.png', 02);
insert into Category_Zoom (Category_Id, Zoom_Id) values (6, 9873);
insert into Zoom_Inventory_Attribute (Zoom_Id, Inventory_Attribute_Id) values (9873, 46);
-- Final Index and Final Name: inner--0003 Key: fabric0003
insert into Zoom_Inventory_Attribute (Zoom_Id, Inventory_Attribute_Id) values (9873, 54);
insert into Zoom (Id, Description, Layer) values (9874, 'resources//img/Cuff/Cuff-Closeup-Lyr02-BevFrench-Inner.0004.png', 02);
insert into Category_Zoom (Category_Id, Zoom_Id) values (6, 9874);
insert into Zoom_Inventory_Attribute (Zoom_Id, Inventory_Attribute_Id) values (9874, 46);
-- Final Index and Final Name: inner--0004 Key: fabric0004
insert into Zoom_Inventory_Attribute (Zoom_Id, Inventory_Attribute_Id) values (9874, 55);
insert into Zoom (Id, Description, Layer) values (9875, 'resources//img/Cuff/Cuff-Closeup-Lyr02-BevFrench-Inner.0005.png', 02);
insert into Category_Zoom (Category_Id, Zoom_Id) values (6, 9875);
insert into Zoom_Inventory_Attribute (Zoom_Id, Inventory_Attribute_Id) values (9875, 46);
-- Final Index and Final Name: inner--0005 Key: fabric0005
insert into Zoom_Inventory_Attribute (Zoom_Id, Inventory_Attribute_Id) values (9875, 56);
insert into Zoom (Id, Description, Layer) values (9876, 'resources//img/Cuff/Cuff-Closeup-Lyr02-BevFrench-Inner.0006.png', 02);
insert into Category_Zoom (Category_Id, Zoom_Id) values (6, 9876);
insert into Zoom_Inventory_Attribute (Zoom_Id, Inventory_Attribute_Id) values (9876, 46);
-- Final Index and Final Name: inner--0006 Key: fabric0006
insert into Zoom_Inventory_Attribute (Zoom_Id, Inventory_Attribute_Id) values (9876, 57);
insert into Zoom (Id, Description, Layer) values (9877, 'resources//img/Cuff/Cuff-Closeup-Lyr02-BevFrench-Inner.0007.png', 02);
insert into Category_Zoom (Category_Id, Zoom_Id) values (6, 9877);
insert into Zoom_Inventory_Attribute (Zoom_Id, Inventory_Attribute_Id) values (9877, 46);
-- Final Index and Final Name: inner--0007 Key: fabric0007
insert into Zoom_Inventory_Attribute (Zoom_Id, Inventory_Attribute_Id) values (9877, 58);
insert into Zoom (Id, Description, Layer) values (9878, 'resources//img/Cuff/Cuff-Closeup-Lyr02-BevFrench-Inner.0008.png', 02);
insert into Category_Zoom (Category_Id, Zoom_Id) values (6, 9878);
insert into Zoom_Inventory_Attribute (Zoom_Id, Inventory_Attribute_Id) values (9878, 46);
-- Final Index and Final Name: inner--0008 Key: fabric0008
insert into Zoom_Inventory_Attribute (Zoom_Id, Inventory_Attribute_Id) values (9878, 59);
insert into Zoom (Id, Description, Layer) values (9879, 'resources//img/Cuff/Cuff-Closeup-Lyr02-BevFrench-Inner.0009.png', 02);
insert into Category_Zoom (Category_Id, Zoom_Id) values (6, 9879);
insert into Zoom_Inventory_Attribute (Zoom_Id, Inventory_Attribute_Id) values (9879, 46);
-- Final Index and Final Name: inner--0009 Key: fabric0009
insert into Zoom_Inventory_Attribute (Zoom_Id, Inventory_Attribute_Id) values (9879, 60);
insert into Zoom (Id, Description, Layer) values (9880, 'resources//img/Cuff/Cuff-Closeup-Lyr02-BevFrench-Inner.0010.png', 02);
insert into Category_Zoom (Category_Id, Zoom_Id) values (6, 9880);
insert into Zoom_Inventory_Attribute (Zoom_Id, Inventory_Attribute_Id) values (9880, 46);
-- Final Index and Final Name: inner--0010 Key: fabric0010
insert into Zoom_Inventory_Attribute (Zoom_Id, Inventory_Attribute_Id) values (9880, 61);
insert into Zoom (Id, Description, Layer) values (9881, 'resources//img/Cuff/Cuff-Closeup-Lyr02-BevFrench-Inner.0011.png', 02);
insert into Category_Zoom (Category_Id, Zoom_Id) values (6, 9881);
insert into Zoom_Inventory_Attribute (Zoom_Id, Inventory_Attribute_Id) values (9881, 46);
-- Final Index and Final Name: inner--0011 Key: fabric0011
insert into Zoom_Inventory_Attribute (Zoom_Id, Inventory_Attribute_Id) values (9881, 62);
insert into Zoom (Id, Description, Layer) values (9882, 'resources//img/Cuff/Cuff-Closeup-Lyr02-BevFrench-Inner.0012.png', 02);
insert into Category_Zoom (Category_Id, Zoom_Id) values (6, 9882);
insert into Zoom_Inventory_Attribute (Zoom_Id, Inventory_Attribute_Id) values (9882, 46);
-- Final Index and Final Name: inner--0012 Key: fabric0012
insert into Zoom_Inventory_Attribute (Zoom_Id, Inventory_Attribute_Id) values (9882, 63);
insert into Zoom (Id, Description, Layer) values (9883, 'resources//img/Cuff/Cuff-Closeup-Lyr02-BevFrench-Inner.0013.png', 02);
insert into Category_Zoom (Category_Id, Zoom_Id) values (6, 9883);
insert into Zoom_Inventory_Attribute (Zoom_Id, Inventory_Attribute_Id) values (9883, 46);
-- Final Index and Final Name: inner--0013 Key: fabric0013
insert into Zoom_Inventory_Attribute (Zoom_Id, Inventory_Attribute_Id) values (9883, 64);
insert into Zoom (Id, Description, Layer) values (9884, 'resources//img/Cuff/Cuff-Closeup-Lyr02-BevFrench-Inner.0014.png', 02);
insert into Category_Zoom (Category_Id, Zoom_Id) values (6, 9884);
insert into Zoom_Inventory_Attribute (Zoom_Id, Inventory_Attribute_Id) values (9884, 46);
-- Final Index and Final Name: inner--0014 Key: fabric0014
insert into Zoom_Inventory_Attribute (Zoom_Id, Inventory_Attribute_Id) values (9884, 65);
insert into Zoom (Id, Description, Layer) values (9885, 'resources//img/Cuff/Cuff-Closeup-Lyr02-BevFrench-Inner.0015.png', 02);
insert into Category_Zoom (Category_Id, Zoom_Id) values (6, 9885);
insert into Zoom_Inventory_Attribute (Zoom_Id, Inventory_Attribute_Id) values (9885, 46);
-- Final Index and Final Name: inner--0015 Key: fabric0015
insert into Zoom_Inventory_Attribute (Zoom_Id, Inventory_Attribute_Id) values (9885, 66);
insert into Zoom (Id, Description, Layer) values (9886, 'resources//img/Cuff/Cuff-Closeup-Lyr02-BevFrench-Inner.0016.png', 02);
insert into Category_Zoom (Category_Id, Zoom_Id) values (6, 9886);
insert into Zoom_Inventory_Attribute (Zoom_Id, Inventory_Attribute_Id) values (9886, 46);
-- Final Index and Final Name: inner--0016 Key: fabric0016
insert into Zoom_Inventory_Attribute (Zoom_Id, Inventory_Attribute_Id) values (9886, 67);
insert into Zoom (Id, Description, Layer) values (9887, 'resources//img/Cuff/Cuff-Closeup-Lyr02-BevFrench-Inner.0017.png', 02);
insert into Category_Zoom (Category_Id, Zoom_Id) values (6, 9887);
insert into Zoom_Inventory_Attribute (Zoom_Id, Inventory_Attribute_Id) values (9887, 46);
-- Final Index and Final Name: inner--0017 Key: fabric0017
insert into Zoom_Inventory_Attribute (Zoom_Id, Inventory_Attribute_Id) values (9887, 68);
insert into Zoom (Id, Description, Layer) values (9888, 'resources//img/Cuff/Cuff-Closeup-Lyr02-BevFrench-Inner.0018.png', 02);
insert into Category_Zoom (Category_Id, Zoom_Id) values (6, 9888);
insert into Zoom_Inventory_Attribute (Zoom_Id, Inventory_Attribute_Id) values (9888, 46);
-- Final Index and Final Name: inner--0018 Key: fabric0018
insert into Zoom_Inventory_Attribute (Zoom_Id, Inventory_Attribute_Id) values (9888, 69);
insert into Zoom (Id, Description, Layer) values (9889, 'resources//img/Cuff/Cuff-Closeup-Lyr02-BevFrench-Inner.0019.png', 02);
insert into Category_Zoom (Category_Id, Zoom_Id) values (6, 9889);
insert into Zoom_Inventory_Attribute (Zoom_Id, Inventory_Attribute_Id) values (9889, 46);
-- Final Index and Final Name: inner--0019 Key: fabric0019
insert into Zoom_Inventory_Attribute (Zoom_Id, Inventory_Attribute_Id) values (9889, 70);
insert into Zoom (Id, Description, Layer) values (9890, 'resources//img/Cuff/Cuff-Closeup-Lyr02-BevFrench-Inner.0020.png', 02);
insert into Category_Zoom (Category_Id, Zoom_Id) values (6, 9890);
insert into Zoom_Inventory_Attribute (Zoom_Id, Inventory_Attribute_Id) values (9890, 46);
-- Final Index and Final Name: inner--0020 Key: fabric0020
insert into Zoom_Inventory_Attribute (Zoom_Id, Inventory_Attribute_Id) values (9890, 71);
insert into Zoom (Id, Description, Layer) values (9891, 'resources//img/Cuff/Cuff-Closeup-Lyr02-BevFrench-Inner.0021.png', 02);
insert into Category_Zoom (Category_Id, Zoom_Id) values (6, 9891);
insert into Zoom_Inventory_Attribute (Zoom_Id, Inventory_Attribute_Id) values (9891, 46);
-- Final Index and Final Name: inner--0021 Key: fabric0021
insert into Zoom_Inventory_Attribute (Zoom_Id, Inventory_Attribute_Id) values (9891, 72);
insert into Zoom (Id, Description, Layer) values (9892, 'resources//img/Cuff/Cuff-Closeup-Lyr02-BevFrench-Inner.0022.png', 02);
insert into Category_Zoom (Category_Id, Zoom_Id) values (6, 9892);
insert into Zoom_Inventory_Attribute (Zoom_Id, Inventory_Attribute_Id) values (9892, 46);
-- Final Index and Final Name: inner--0022 Key: fabric0022
insert into Zoom_Inventory_Attribute (Zoom_Id, Inventory_Attribute_Id) values (9892, 73);
insert into Zoom (Id, Description, Layer) values (9893, 'resources//img/Cuff/Cuff-Closeup-Lyr02-BevFrench-Inner.0023.png', 02);
insert into Category_Zoom (Category_Id, Zoom_Id) values (6, 9893);
insert into Zoom_Inventory_Attribute (Zoom_Id, Inventory_Attribute_Id) values (9893, 46);
-- Final Index and Final Name: inner--0023 Key: fabric0023
insert into Zoom_Inventory_Attribute (Zoom_Id, Inventory_Attribute_Id) values (9893, 74);
insert into Zoom (Id, Description, Layer) values (9894, 'resources//img/Cuff/Cuff-Closeup-Lyr02-BevFrench-Inner.0024.png', 02);
insert into Category_Zoom (Category_Id, Zoom_Id) values (6, 9894);
insert into Zoom_Inventory_Attribute (Zoom_Id, Inventory_Attribute_Id) values (9894, 46);
-- Final Index and Final Name: inner--0024 Key: fabric0024
insert into Zoom_Inventory_Attribute (Zoom_Id, Inventory_Attribute_Id) values (9894, 75);
insert into Zoom (Id, Description, Layer) values (9895, 'resources//img/Cuff/Cuff-Closeup-Lyr02-BevFrench-Inner.0025.png', 02);
insert into Category_Zoom (Category_Id, Zoom_Id) values (6, 9895);
insert into Zoom_Inventory_Attribute (Zoom_Id, Inventory_Attribute_Id) values (9895, 46);
-- Final Index and Final Name: inner--0025 Key: fabric0025
insert into Zoom_Inventory_Attribute (Zoom_Id, Inventory_Attribute_Id) values (9895, 76);
insert into Zoom (Id, Description, Layer) values (9896, 'resources//img/Cuff/Cuff-Closeup-Lyr02-BevFrench-Inner.0026.png', 02);
insert into Category_Zoom (Category_Id, Zoom_Id) values (6, 9896);
insert into Zoom_Inventory_Attribute (Zoom_Id, Inventory_Attribute_Id) values (9896, 46);
-- Final Index and Final Name: inner--0026 Key: fabric0026
insert into Zoom_Inventory_Attribute (Zoom_Id, Inventory_Attribute_Id) values (9896, 77);
insert into Zoom (Id, Description, Layer) values (9897, 'resources//img/Cuff/Cuff-Closeup-Lyr02-BevFrench-Inner.0027.png', 02);
insert into Category_Zoom (Category_Id, Zoom_Id) values (6, 9897);
insert into Zoom_Inventory_Attribute (Zoom_Id, Inventory_Attribute_Id) values (9897, 46);
-- Final Index and Final Name: inner--0027 Key: fabric0027
insert into Zoom_Inventory_Attribute (Zoom_Id, Inventory_Attribute_Id) values (9897, 78);
insert into Zoom (Id, Description, Layer) values (9898, 'resources//img/Cuff/Cuff-Closeup-Lyr02-BevFrench-Inner.0028.png', 02);
insert into Category_Zoom (Category_Id, Zoom_Id) values (6, 9898);
insert into Zoom_Inventory_Attribute (Zoom_Id, Inventory_Attribute_Id) values (9898, 46);
-- Final Index and Final Name: inner--0028 Key: fabric0028
insert into Zoom_Inventory_Attribute (Zoom_Id, Inventory_Attribute_Id) values (9898, 79);
insert into Zoom (Id, Description, Layer) values (9899, 'resources//img/Cuff/Cuff-Closeup-Lyr02-BevFrench-Inner.0029.png', 02);
insert into Category_Zoom (Category_Id, Zoom_Id) values (6, 9899);
insert into Zoom_Inventory_Attribute (Zoom_Id, Inventory_Attribute_Id) values (9899, 46);
-- Final Index and Final Name: inner--0029 Key: fabric0029
insert into Zoom_Inventory_Attribute (Zoom_Id, Inventory_Attribute_Id) values (9899, 80);
insert into Zoom (Id, Description, Layer) values (9900, 'resources//img/Cuff/Cuff-Closeup-Lyr02-BevFrench-Inner.0030.png', 02);
insert into Category_Zoom (Category_Id, Zoom_Id) values (6, 9900);
insert into Zoom_Inventory_Attribute (Zoom_Id, Inventory_Attribute_Id) values (9900, 46);
-- Final Index and Final Name: inner--0030 Key: fabric0030
insert into Zoom_Inventory_Attribute (Zoom_Id, Inventory_Attribute_Id) values (9900, 81);
insert into Zoom (Id, Description, Layer) values (9901, 'resources//img/Cuff/Cuff-Closeup-Lyr02-BevFrench-Inner.0031.png', 02);
insert into Category_Zoom (Category_Id, Zoom_Id) values (6, 9901);
insert into Zoom_Inventory_Attribute (Zoom_Id, Inventory_Attribute_Id) values (9901, 46);
-- Final Index and Final Name: inner--0031 Key: fabric0031
insert into Zoom_Inventory_Attribute (Zoom_Id, Inventory_Attribute_Id) values (9901, 82);
insert into Zoom (Id, Description, Layer) values (9902, 'resources//img/Cuff/Cuff-Closeup-Lyr02-BevFrench-Inner.0032.png', 02);
insert into Category_Zoom (Category_Id, Zoom_Id) values (6, 9902);
insert into Zoom_Inventory_Attribute (Zoom_Id, Inventory_Attribute_Id) values (9902, 46);
-- Final Index and Final Name: inner--0032 Key: fabric0032
insert into Zoom_Inventory_Attribute (Zoom_Id, Inventory_Attribute_Id) values (9902, 83);
insert into Zoom (Id, Description, Layer) values (9903, 'resources//img/Cuff/Cuff-Closeup-Lyr02-BevFrench-Inner.0033.png', 02);
insert into Category_Zoom (Category_Id, Zoom_Id) values (6, 9903);
insert into Zoom_Inventory_Attribute (Zoom_Id, Inventory_Attribute_Id) values (9903, 46);
-- Final Index and Final Name: inner--0033 Key: fabric0033
insert into Zoom_Inventory_Attribute (Zoom_Id, Inventory_Attribute_Id) values (9903, 84);
insert into Zoom (Id, Description, Layer) values (9904, 'resources//img/Cuff/Cuff-Closeup-Lyr02-BevFrench-Inner.0034.png', 02);
insert into Category_Zoom (Category_Id, Zoom_Id) values (6, 9904);
insert into Zoom_Inventory_Attribute (Zoom_Id, Inventory_Attribute_Id) values (9904, 46);
-- Final Index and Final Name: inner--0034 Key: fabric0034
insert into Zoom_Inventory_Attribute (Zoom_Id, Inventory_Attribute_Id) values (9904, 85);
insert into Zoom (Id, Description, Layer) values (9905, 'resources//img/Cuff/Cuff-Closeup-Lyr02-BevFrench-Inner.0035.png', 02);
insert into Category_Zoom (Category_Id, Zoom_Id) values (6, 9905);
insert into Zoom_Inventory_Attribute (Zoom_Id, Inventory_Attribute_Id) values (9905, 46);
-- Final Index and Final Name: inner--0035 Key: fabric0035
insert into Zoom_Inventory_Attribute (Zoom_Id, Inventory_Attribute_Id) values (9905, 86);
insert into Zoom (Id, Description, Layer) values (9906, 'resources//img/Cuff/Cuff-Closeup-Lyr02-BevFrench-Inner.0036.png', 02);
insert into Category_Zoom (Category_Id, Zoom_Id) values (6, 9906);
insert into Zoom_Inventory_Attribute (Zoom_Id, Inventory_Attribute_Id) values (9906, 46);
-- Final Index and Final Name: inner--0036 Key: fabric0036
insert into Zoom_Inventory_Attribute (Zoom_Id, Inventory_Attribute_Id) values (9906, 87);
insert into Zoom (Id, Description, Layer) values (9907, 'resources//img/Cuff/Cuff-Closeup-Lyr02-BevFrench-Inner.0037.png', 02);
insert into Category_Zoom (Category_Id, Zoom_Id) values (6, 9907);
insert into Zoom_Inventory_Attribute (Zoom_Id, Inventory_Attribute_Id) values (9907, 46);
-- Final Index and Final Name: inner--0037 Key: fabric0037
insert into Zoom_Inventory_Attribute (Zoom_Id, Inventory_Attribute_Id) values (9907, 88);
insert into Zoom (Id, Description, Layer) values (9908, 'resources//img/Cuff/Cuff-Closeup-Lyr02-BevFrench-Inner.0038.png', 02);
insert into Category_Zoom (Category_Id, Zoom_Id) values (6, 9908);
insert into Zoom_Inventory_Attribute (Zoom_Id, Inventory_Attribute_Id) values (9908, 46);
-- Final Index and Final Name: inner--0038 Key: fabric0038
insert into Zoom_Inventory_Attribute (Zoom_Id, Inventory_Attribute_Id) values (9908, 89);
insert into Zoom (Id, Description, Layer) values (9909, 'resources//img/Cuff/Cuff-Closeup-Lyr02-BevFrench-Inner.0039.png', 02);
insert into Category_Zoom (Category_Id, Zoom_Id) values (6, 9909);
insert into Zoom_Inventory_Attribute (Zoom_Id, Inventory_Attribute_Id) values (9909, 46);
-- Final Index and Final Name: inner--0039 Key: fabric0039
insert into Zoom_Inventory_Attribute (Zoom_Id, Inventory_Attribute_Id) values (9909, 90);
insert into Zoom (Id, Description, Layer) values (9910, 'resources//img/Cuff/Cuff-Closeup-Lyr02-BevFrench-Inner.0040.png', 02);
insert into Category_Zoom (Category_Id, Zoom_Id) values (6, 9910);
insert into Zoom_Inventory_Attribute (Zoom_Id, Inventory_Attribute_Id) values (9910, 46);
-- Final Index and Final Name: inner--0040 Key: fabric0040
insert into Zoom_Inventory_Attribute (Zoom_Id, Inventory_Attribute_Id) values (9910, 91);
insert into Zoom (Id, Description, Layer) values (9911, 'resources//img/Cuff/Cuff-Closeup-Lyr02-BevFrench-Inner.0041.png', 02);
insert into Category_Zoom (Category_Id, Zoom_Id) values (6, 9911);
insert into Zoom_Inventory_Attribute (Zoom_Id, Inventory_Attribute_Id) values (9911, 46);
-- Final Index and Final Name: inner--0041 Key: fabric0041
insert into Zoom_Inventory_Attribute (Zoom_Id, Inventory_Attribute_Id) values (9911, 92);
insert into Zoom (Id, Description, Layer) values (9912, 'resources//img/Cuff/Cuff-Closeup-Lyr02-BevFrench-Inner.0042.png', 02);
insert into Category_Zoom (Category_Id, Zoom_Id) values (6, 9912);
insert into Zoom_Inventory_Attribute (Zoom_Id, Inventory_Attribute_Id) values (9912, 46);
-- Final Index and Final Name: inner--0042 Key: fabric0042
insert into Zoom_Inventory_Attribute (Zoom_Id, Inventory_Attribute_Id) values (9912, 93);
insert into Zoom (Id, Description, Layer) values (9913, 'resources//img/Cuff/Cuff-Closeup-Lyr02-BevFrench-Inner.0043.png', 02);
insert into Category_Zoom (Category_Id, Zoom_Id) values (6, 9913);
insert into Zoom_Inventory_Attribute (Zoom_Id, Inventory_Attribute_Id) values (9913, 46);
-- Final Index and Final Name: inner--0043 Key: fabric0043
insert into Zoom_Inventory_Attribute (Zoom_Id, Inventory_Attribute_Id) values (9913, 94);
insert into Zoom (Id, Description, Layer) values (9914, 'resources//img/Cuff/Cuff-Closeup-Lyr02-BevFrench-Inner.0044.png', 02);
insert into Category_Zoom (Category_Id, Zoom_Id) values (6, 9914);
insert into Zoom_Inventory_Attribute (Zoom_Id, Inventory_Attribute_Id) values (9914, 46);
-- Final Index and Final Name: inner--0044 Key: fabric0044
insert into Zoom_Inventory_Attribute (Zoom_Id, Inventory_Attribute_Id) values (9914, 95);
insert into Zoom (Id, Description, Layer) values (9915, 'resources//img/Cuff/Cuff-Closeup-Lyr02-BevFrench-Inner.0045.png', 02);
insert into Category_Zoom (Category_Id, Zoom_Id) values (6, 9915);
insert into Zoom_Inventory_Attribute (Zoom_Id, Inventory_Attribute_Id) values (9915, 46);
-- Final Index and Final Name: inner--0045 Key: fabric0045
insert into Zoom_Inventory_Attribute (Zoom_Id, Inventory_Attribute_Id) values (9915, 96);
insert into Zoom (Id, Description, Layer) values (9916, 'resources//img/Cuff/Cuff-Closeup-Lyr02-BevFrench-Inner.0046.png', 02);
insert into Category_Zoom (Category_Id, Zoom_Id) values (6, 9916);
insert into Zoom_Inventory_Attribute (Zoom_Id, Inventory_Attribute_Id) values (9916, 46);
-- Final Index and Final Name: inner--0046 Key: fabric0046
insert into Zoom_Inventory_Attribute (Zoom_Id, Inventory_Attribute_Id) values (9916, 97);
insert into Zoom (Id, Description, Layer) values (9917, 'resources//img/Cuff/Cuff-Closeup-Lyr02-BevFrench-Inner.0047.png', 02);
insert into Category_Zoom (Category_Id, Zoom_Id) values (6, 9917);
insert into Zoom_Inventory_Attribute (Zoom_Id, Inventory_Attribute_Id) values (9917, 46);
-- Final Index and Final Name: inner--0047 Key: fabric0047
insert into Zoom_Inventory_Attribute (Zoom_Id, Inventory_Attribute_Id) values (9917, 98);
insert into Zoom (Id, Description, Layer) values (9918, 'resources//img/Cuff/Cuff-Closeup-Lyr02-BevFrench-Inner.0048.png', 02);
insert into Category_Zoom (Category_Id, Zoom_Id) values (6, 9918);
insert into Zoom_Inventory_Attribute (Zoom_Id, Inventory_Attribute_Id) values (9918, 46);
-- Final Index and Final Name: inner--0048 Key: fabric0048
insert into Zoom_Inventory_Attribute (Zoom_Id, Inventory_Attribute_Id) values (9918, 99);
insert into Zoom (Id, Description, Layer) values (9919, 'resources//img/Cuff/Cuff-Closeup-Lyr02-BevFrench-Inner.0049.png', 02);
insert into Category_Zoom (Category_Id, Zoom_Id) values (6, 9919);
insert into Zoom_Inventory_Attribute (Zoom_Id, Inventory_Attribute_Id) values (9919, 46);
-- Final Index and Final Name: inner--0049 Key: fabric0049
insert into Zoom_Inventory_Attribute (Zoom_Id, Inventory_Attribute_Id) values (9919, 100);
insert into Zoom (Id, Description, Layer) values (9920, 'resources//img/Cuff/Cuff-Closeup-Lyr02-BevFrench-Inner.0050.png', 02);
insert into Category_Zoom (Category_Id, Zoom_Id) values (6, 9920);
insert into Zoom_Inventory_Attribute (Zoom_Id, Inventory_Attribute_Id) values (9920, 46);
-- Final Index and Final Name: inner--0050 Key: fabric0050
insert into Zoom_Inventory_Attribute (Zoom_Id, Inventory_Attribute_Id) values (9920, 101);
insert into Zoom (Id, Description, Layer) values (9921, 'resources//img/Cuff/Cuff-Closeup-Lyr02-BevFrench-Inner.0051.png', 02);
insert into Category_Zoom (Category_Id, Zoom_Id) values (6, 9921);
insert into Zoom_Inventory_Attribute (Zoom_Id, Inventory_Attribute_Id) values (9921, 46);
-- Final Index and Final Name: inner--0051 Key: fabric0051
insert into Zoom_Inventory_Attribute (Zoom_Id, Inventory_Attribute_Id) values (9921, 102);
insert into Zoom (Id, Description, Layer) values (9922, 'resources//img/Cuff/Cuff-Closeup-Lyr02-BevFrench-Inner.0052.png', 02);
insert into Category_Zoom (Category_Id, Zoom_Id) values (6, 9922);
insert into Zoom_Inventory_Attribute (Zoom_Id, Inventory_Attribute_Id) values (9922, 46);
-- Final Index and Final Name: inner--0052 Key: fabric0052
insert into Zoom_Inventory_Attribute (Zoom_Id, Inventory_Attribute_Id) values (9922, 103);
insert into Zoom (Id, Description, Layer) values (9923, 'resources//img/Cuff/Cuff-Closeup-Lyr02-BevFrench-Inner.0053.png', 02);
insert into Category_Zoom (Category_Id, Zoom_Id) values (6, 9923);
insert into Zoom_Inventory_Attribute (Zoom_Id, Inventory_Attribute_Id) values (9923, 46);
-- Final Index and Final Name: inner--0053 Key: fabric0053
insert into Zoom_Inventory_Attribute (Zoom_Id, Inventory_Attribute_Id) values (9923, 104);
insert into Zoom (Id, Description, Layer) values (9924, 'resources//img/Cuff/Cuff-Closeup-Lyr02-BevFrench-Inner.0054.png', 02);
insert into Category_Zoom (Category_Id, Zoom_Id) values (6, 9924);
insert into Zoom_Inventory_Attribute (Zoom_Id, Inventory_Attribute_Id) values (9924, 46);
-- Final Index and Final Name: inner--0054 Key: fabric0054
insert into Zoom_Inventory_Attribute (Zoom_Id, Inventory_Attribute_Id) values (9924, 105);
insert into Zoom (Id, Description, Layer) values (9925, 'resources//img/Cuff/Cuff-Closeup-Lyr02-BevFrench-Inner.0055.png', 02);
insert into Category_Zoom (Category_Id, Zoom_Id) values (6, 9925);
insert into Zoom_Inventory_Attribute (Zoom_Id, Inventory_Attribute_Id) values (9925, 46);
-- Final Index and Final Name: inner--0055 Key: fabric0055
insert into Zoom_Inventory_Attribute (Zoom_Id, Inventory_Attribute_Id) values (9925, 106);
insert into Zoom (Id, Description, Layer) values (9926, 'resources//img/Cuff/Cuff-Closeup-Lyr02-BevFrench-Inner.0056.png', 02);
insert into Category_Zoom (Category_Id, Zoom_Id) values (6, 9926);
insert into Zoom_Inventory_Attribute (Zoom_Id, Inventory_Attribute_Id) values (9926, 46);
-- Final Index and Final Name: inner--0056 Key: fabric0056
insert into Zoom_Inventory_Attribute (Zoom_Id, Inventory_Attribute_Id) values (9926, 107);
insert into Zoom (Id, Description, Layer) values (9927, 'resources//img/Cuff/Cuff-Closeup-Lyr02-BevFrench-Inner.0057.png', 02);
insert into Category_Zoom (Category_Id, Zoom_Id) values (6, 9927);
insert into Zoom_Inventory_Attribute (Zoom_Id, Inventory_Attribute_Id) values (9927, 46);
-- Final Index and Final Name: inner--0057 Key: fabric0057
insert into Zoom_Inventory_Attribute (Zoom_Id, Inventory_Attribute_Id) values (9927, 108);
insert into Zoom (Id, Description, Layer) values (9928, 'resources//img/Cuff/Cuff-Closeup-Lyr02-BevFrench-Inner.0058.png', 02);
insert into Category_Zoom (Category_Id, Zoom_Id) values (6, 9928);
insert into Zoom_Inventory_Attribute (Zoom_Id, Inventory_Attribute_Id) values (9928, 46);
-- Final Index and Final Name: inner--0058 Key: fabric0058
insert into Zoom_Inventory_Attribute (Zoom_Id, Inventory_Attribute_Id) values (9928, 109);
insert into Zoom (Id, Description, Layer) values (9929, 'resources//img/Cuff/Cuff-Closeup-Lyr02-BevFrench-Inner.0059.png', 02);
insert into Category_Zoom (Category_Id, Zoom_Id) values (6, 9929);
insert into Zoom_Inventory_Attribute (Zoom_Id, Inventory_Attribute_Id) values (9929, 46);
-- Final Index and Final Name: inner--0059 Key: fabric0059
insert into Zoom_Inventory_Attribute (Zoom_Id, Inventory_Attribute_Id) values (9929, 110);
insert into Zoom (Id, Description, Layer) values (9930, 'resources//img/Cuff/Cuff-Closeup-Lyr02-BevFrench-Inner.0060.png', 02);
insert into Category_Zoom (Category_Id, Zoom_Id) values (6, 9930);
insert into Zoom_Inventory_Attribute (Zoom_Id, Inventory_Attribute_Id) values (9930, 46);
-- Final Index and Final Name: inner--0060 Key: fabric0060
insert into Zoom_Inventory_Attribute (Zoom_Id, Inventory_Attribute_Id) values (9930, 111);
insert into Zoom (Id, Description, Layer) values (9931, 'resources//img/Cuff/Cuff-Closeup-Lyr02-BevFrench-Inner.0061.png', 02);
insert into Category_Zoom (Category_Id, Zoom_Id) values (6, 9931);
insert into Zoom_Inventory_Attribute (Zoom_Id, Inventory_Attribute_Id) values (9931, 46);
-- Final Index and Final Name: inner--0061 Key: fabric0061
insert into Zoom_Inventory_Attribute (Zoom_Id, Inventory_Attribute_Id) values (9931, 112);
insert into Zoom (Id, Description, Layer) values (9932, 'resources//img/Cuff/Cuff-Closeup-Lyr02-BevFrench-Inner.0062.png', 02);
insert into Category_Zoom (Category_Id, Zoom_Id) values (6, 9932);
insert into Zoom_Inventory_Attribute (Zoom_Id, Inventory_Attribute_Id) values (9932, 46);
-- Final Index and Final Name: inner--0062 Key: fabric0062
insert into Zoom_Inventory_Attribute (Zoom_Id, Inventory_Attribute_Id) values (9932, 113);
insert into Zoom (Id, Description, Layer) values (9933, 'resources//img/Cuff/Cuff-Closeup-Lyr02-BevFrench-Inner.0063.png', 02);
insert into Category_Zoom (Category_Id, Zoom_Id) values (6, 9933);
insert into Zoom_Inventory_Attribute (Zoom_Id, Inventory_Attribute_Id) values (9933, 46);
-- Final Index and Final Name: inner--0063 Key: fabric0063
insert into Zoom_Inventory_Attribute (Zoom_Id, Inventory_Attribute_Id) values (9933, 114);
insert into Zoom (Id, Description, Layer) values (9934, 'resources//img/Cuff/Cuff-Closeup-Lyr02-BevFrench-Inner.0064.png', 02);
insert into Category_Zoom (Category_Id, Zoom_Id) values (6, 9934);
insert into Zoom_Inventory_Attribute (Zoom_Id, Inventory_Attribute_Id) values (9934, 46);
-- Final Index and Final Name: inner--0064 Key: fabric0064
insert into Zoom_Inventory_Attribute (Zoom_Id, Inventory_Attribute_Id) values (9934, 115);
insert into Zoom (Id, Description, Layer) values (9935, 'resources//img/Cuff/Cuff-Closeup-Lyr02-BevFrench-Inner.0065.png', 02);
insert into Category_Zoom (Category_Id, Zoom_Id) values (6, 9935);
insert into Zoom_Inventory_Attribute (Zoom_Id, Inventory_Attribute_Id) values (9935, 46);
-- Final Index and Final Name: inner--0065 Key: fabric0065
insert into Zoom_Inventory_Attribute (Zoom_Id, Inventory_Attribute_Id) values (9935, 116);
insert into Zoom (Id, Description, Layer) values (9936, 'resources//img/Cuff/Cuff-Closeup-Lyr02-BevFrench-Inner.0066.png', 02);
insert into Category_Zoom (Category_Id, Zoom_Id) values (6, 9936);
insert into Zoom_Inventory_Attribute (Zoom_Id, Inventory_Attribute_Id) values (9936, 46);
-- Final Index and Final Name: inner--0066 Key: fabric0066
insert into Zoom_Inventory_Attribute (Zoom_Id, Inventory_Attribute_Id) values (9936, 117);
insert into Zoom (Id, Description, Layer) values (9937, 'resources//img/Cuff/Cuff-Closeup-Lyr02-BevFrench-Inner.0067.png', 02);
insert into Category_Zoom (Category_Id, Zoom_Id) values (6, 9937);
insert into Zoom_Inventory_Attribute (Zoom_Id, Inventory_Attribute_Id) values (9937, 46);
-- Final Index and Final Name: inner--0067 Key: fabric0067
insert into Zoom_Inventory_Attribute (Zoom_Id, Inventory_Attribute_Id) values (9937, 118);
insert into Zoom (Id, Description, Layer) values (9938, 'resources//img/Cuff/Cuff-Closeup-Lyr02-BevFrench-Inner.0068.png', 02);
insert into Category_Zoom (Category_Id, Zoom_Id) values (6, 9938);
insert into Zoom_Inventory_Attribute (Zoom_Id, Inventory_Attribute_Id) values (9938, 46);
-- Final Index and Final Name: inner--0068 Key: fabric0068
insert into Zoom_Inventory_Attribute (Zoom_Id, Inventory_Attribute_Id) values (9938, 119);
insert into Zoom (Id, Description, Layer) values (9939, 'resources//img/Cuff/Cuff-Closeup-Lyr02-BevFrench-Inner.0069.png', 02);
insert into Category_Zoom (Category_Id, Zoom_Id) values (6, 9939);
insert into Zoom_Inventory_Attribute (Zoom_Id, Inventory_Attribute_Id) values (9939, 46);
-- Final Index and Final Name: inner--0069 Key: fabric0069
insert into Zoom_Inventory_Attribute (Zoom_Id, Inventory_Attribute_Id) values (9939, 120);
insert into Zoom (Id, Description, Layer) values (9940, 'resources//img/Cuff/Cuff-Closeup-Lyr02-BevFrench-Inner.0070.png', 02);
insert into Category_Zoom (Category_Id, Zoom_Id) values (6, 9940);
insert into Zoom_Inventory_Attribute (Zoom_Id, Inventory_Attribute_Id) values (9940, 46);
-- Final Index and Final Name: inner--0070 Key: fabric0070
insert into Zoom_Inventory_Attribute (Zoom_Id, Inventory_Attribute_Id) values (9940, 121);
insert into Zoom (Id, Description, Layer) values (9941, 'resources//img/Cuff/Cuff-Closeup-Lyr02-BevFrench-Inner.0071.png', 02);
insert into Category_Zoom (Category_Id, Zoom_Id) values (6, 9941);
insert into Zoom_Inventory_Attribute (Zoom_Id, Inventory_Attribute_Id) values (9941, 46);
-- Final Index and Final Name: inner--0071 Key: fabric0071
insert into Zoom_Inventory_Attribute (Zoom_Id, Inventory_Attribute_Id) values (9941, 122);
insert into Zoom (Id, Description, Layer) values (9942, 'resources//img/Cuff/Cuff-Closeup-Lyr02-BevFrench-Inner.0072.png', 02);
insert into Category_Zoom (Category_Id, Zoom_Id) values (6, 9942);
insert into Zoom_Inventory_Attribute (Zoom_Id, Inventory_Attribute_Id) values (9942, 46);
-- Final Index and Final Name: inner--0072 Key: fabric0072
insert into Zoom_Inventory_Attribute (Zoom_Id, Inventory_Attribute_Id) values (9942, 123);
insert into Zoom (Id, Description, Layer) values (9943, 'resources//img/Cuff/Cuff-Closeup-Lyr02-BevFrench-Inner.0073.png', 02);
insert into Category_Zoom (Category_Id, Zoom_Id) values (6, 9943);
insert into Zoom_Inventory_Attribute (Zoom_Id, Inventory_Attribute_Id) values (9943, 46);
-- Final Index and Final Name: inner--0073 Key: fabric0073
insert into Zoom_Inventory_Attribute (Zoom_Id, Inventory_Attribute_Id) values (9943, 124);
insert into Zoom (Id, Description, Layer) values (9944, 'resources//img/Cuff/Cuff-Closeup-Lyr02-BevFrench-Inner.0074.png', 02);
insert into Category_Zoom (Category_Id, Zoom_Id) values (6, 9944);
insert into Zoom_Inventory_Attribute (Zoom_Id, Inventory_Attribute_Id) values (9944, 46);
-- Final Index and Final Name: inner--0074 Key: fabric0074
insert into Zoom_Inventory_Attribute (Zoom_Id, Inventory_Attribute_Id) values (9944, 125);
insert into Zoom (Id, Description, Layer) values (9945, 'resources//img/Cuff/Cuff-Closeup-Lyr02-BevFrench-Inner.0075.png', 02);
insert into Category_Zoom (Category_Id, Zoom_Id) values (6, 9945);
insert into Zoom_Inventory_Attribute (Zoom_Id, Inventory_Attribute_Id) values (9945, 46);
-- Final Index and Final Name: inner--0075 Key: fabric0075
insert into Zoom_Inventory_Attribute (Zoom_Id, Inventory_Attribute_Id) values (9945, 126);
insert into Zoom (Id, Description, Layer) values (9946, 'resources//img/Cuff/Cuff-Closeup-Lyr02-BevFrench-Inner.0076.png', 02);
insert into Category_Zoom (Category_Id, Zoom_Id) values (6, 9946);
insert into Zoom_Inventory_Attribute (Zoom_Id, Inventory_Attribute_Id) values (9946, 46);
-- Final Index and Final Name: inner--0076 Key: fabric0076
insert into Zoom_Inventory_Attribute (Zoom_Id, Inventory_Attribute_Id) values (9946, 127);
insert into Zoom (Id, Description, Layer) values (9947, 'resources//img/Cuff/Cuff-Closeup-Lyr02-BevFrench-Inner.0077.png', 02);
insert into Category_Zoom (Category_Id, Zoom_Id) values (6, 9947);
insert into Zoom_Inventory_Attribute (Zoom_Id, Inventory_Attribute_Id) values (9947, 46);
-- Final Index and Final Name: inner--0077 Key: fabric0077
insert into Zoom_Inventory_Attribute (Zoom_Id, Inventory_Attribute_Id) values (9947, 128);
insert into Zoom (Id, Description, Layer) values (9948, 'resources//img/Cuff/Cuff-Closeup-Lyr02-BevFrench-Inner.0078.png', 02);
insert into Category_Zoom (Category_Id, Zoom_Id) values (6, 9948);
insert into Zoom_Inventory_Attribute (Zoom_Id, Inventory_Attribute_Id) values (9948, 46);
-- Final Index and Final Name: inner--0078 Key: fabric0078
insert into Zoom_Inventory_Attribute (Zoom_Id, Inventory_Attribute_Id) values (9948, 129);
insert into Zoom (Id, Description, Layer) values (9949, 'resources//img/Cuff/Cuff-Closeup-Lyr02-BevFrench-Inner.0079.png', 02);
insert into Category_Zoom (Category_Id, Zoom_Id) values (6, 9949);
insert into Zoom_Inventory_Attribute (Zoom_Id, Inventory_Attribute_Id) values (9949, 46);
-- Final Index and Final Name: inner--0079 Key: fabric0079
insert into Zoom_Inventory_Attribute (Zoom_Id, Inventory_Attribute_Id) values (9949, 130);
insert into Zoom (Id, Description, Layer) values (9950, 'resources//img/Cuff/Cuff-Closeup-Lyr02-BevFrench-Inner.0080.png', 02);
insert into Category_Zoom (Category_Id, Zoom_Id) values (6, 9950);
insert into Zoom_Inventory_Attribute (Zoom_Id, Inventory_Attribute_Id) values (9950, 46);
-- Final Index and Final Name: inner--0080 Key: fabric0080
insert into Zoom_Inventory_Attribute (Zoom_Id, Inventory_Attribute_Id) values (9950, 131);
insert into Zoom (Id, Description, Layer) values (9951, 'resources//img/Cuff/Cuff-Closeup-Lyr02-BevFrench-Inner.0081.png', 02);
insert into Category_Zoom (Category_Id, Zoom_Id) values (6, 9951);
insert into Zoom_Inventory_Attribute (Zoom_Id, Inventory_Attribute_Id) values (9951, 46);
-- Final Index and Final Name: inner--0081 Key: fabric0081
insert into Zoom_Inventory_Attribute (Zoom_Id, Inventory_Attribute_Id) values (9951, 132);
insert into Zoom (Id, Description, Layer) values (9952, 'resources//img/Cuff/Cuff-Closeup-Lyr02-BevFrench-Inner.0082.png', 02);
insert into Category_Zoom (Category_Id, Zoom_Id) values (6, 9952);
insert into Zoom_Inventory_Attribute (Zoom_Id, Inventory_Attribute_Id) values (9952, 46);
-- Final Index and Final Name: inner--0082 Key: fabric0082
insert into Zoom_Inventory_Attribute (Zoom_Id, Inventory_Attribute_Id) values (9952, 133);
insert into Zoom (Id, Description, Layer) values (9953, 'resources//img/Cuff/Cuff-Closeup-Lyr02-BevFrench-Inner.0083.png', 02);
insert into Category_Zoom (Category_Id, Zoom_Id) values (6, 9953);
insert into Zoom_Inventory_Attribute (Zoom_Id, Inventory_Attribute_Id) values (9953, 46);
-- Final Index and Final Name: inner--0083 Key: fabric0083
insert into Zoom_Inventory_Attribute (Zoom_Id, Inventory_Attribute_Id) values (9953, 134);
insert into Zoom (Id, Description, Layer) values (9954, 'resources//img/Cuff/Cuff-Closeup-Lyr02-BevFrench-Inner.0084.png', 02);
insert into Category_Zoom (Category_Id, Zoom_Id) values (6, 9954);
insert into Zoom_Inventory_Attribute (Zoom_Id, Inventory_Attribute_Id) values (9954, 46);
-- Final Index and Final Name: inner--0084 Key: fabric0084
insert into Zoom_Inventory_Attribute (Zoom_Id, Inventory_Attribute_Id) values (9954, 135);
insert into Zoom (Id, Description, Layer) values (9955, 'resources//img/Cuff/Cuff-Closeup-Lyr02-BevFrench-Inner.0085.png', 02);
insert into Category_Zoom (Category_Id, Zoom_Id) values (6, 9955);
insert into Zoom_Inventory_Attribute (Zoom_Id, Inventory_Attribute_Id) values (9955, 46);
-- Final Index and Final Name: inner--0085 Key: fabric0085
insert into Zoom_Inventory_Attribute (Zoom_Id, Inventory_Attribute_Id) values (9955, 136);
insert into Zoom (Id, Description, Layer) values (9956, 'resources//img/Cuff/Cuff-Closeup-Lyr02-BevFrench-Inner.0086.png', 02);
insert into Category_Zoom (Category_Id, Zoom_Id) values (6, 9956);
insert into Zoom_Inventory_Attribute (Zoom_Id, Inventory_Attribute_Id) values (9956, 46);
-- Final Index and Final Name: inner--0086 Key: fabric0086
insert into Zoom_Inventory_Attribute (Zoom_Id, Inventory_Attribute_Id) values (9956, 137);
insert into Zoom (Id, Description, Layer) values (9957, 'resources//img/Cuff/Cuff-Closeup-Lyr02-BevFrench-Inner.0087.png', 02);
insert into Category_Zoom (Category_Id, Zoom_Id) values (6, 9957);
insert into Zoom_Inventory_Attribute (Zoom_Id, Inventory_Attribute_Id) values (9957, 46);
-- Final Index and Final Name: inner--0087 Key: fabric0087
insert into Zoom_Inventory_Attribute (Zoom_Id, Inventory_Attribute_Id) values (9957, 138);
insert into Zoom (Id, Description, Layer) values (9958, 'resources//img/Cuff/Cuff-Closeup-Lyr02-BevFrench-Inner.0088.png', 02);
insert into Category_Zoom (Category_Id, Zoom_Id) values (6, 9958);
insert into Zoom_Inventory_Attribute (Zoom_Id, Inventory_Attribute_Id) values (9958, 46);
-- Final Index and Final Name: inner--0088 Key: fabric0088
insert into Zoom_Inventory_Attribute (Zoom_Id, Inventory_Attribute_Id) values (9958, 139);
insert into Zoom (Id, Description, Layer) values (9959, 'resources//img/Cuff/Cuff-Closeup-Lyr02-BevFrench-Inner.0089.png', 02);
insert into Category_Zoom (Category_Id, Zoom_Id) values (6, 9959);
insert into Zoom_Inventory_Attribute (Zoom_Id, Inventory_Attribute_Id) values (9959, 46);
-- Final Index and Final Name: inner--0089 Key: fabric0089
insert into Zoom_Inventory_Attribute (Zoom_Id, Inventory_Attribute_Id) values (9959, 140);
insert into Zoom (Id, Description, Layer) values (9960, 'resources//img/Cuff/Cuff-Closeup-Lyr02-BevFrench-Inner.0090.png', 02);
insert into Category_Zoom (Category_Id, Zoom_Id) values (6, 9960);
insert into Zoom_Inventory_Attribute (Zoom_Id, Inventory_Attribute_Id) values (9960, 46);
-- Final Index and Final Name: inner--0090 Key: fabric0090
insert into Zoom_Inventory_Attribute (Zoom_Id, Inventory_Attribute_Id) values (9960, 141);
insert into Zoom (Id, Description, Layer) values (9961, 'resources//img/Cuff/Cuff-Closeup-Lyr02-BevFrench-Inner.0091.png', 02);
insert into Category_Zoom (Category_Id, Zoom_Id) values (6, 9961);
insert into Zoom_Inventory_Attribute (Zoom_Id, Inventory_Attribute_Id) values (9961, 46);
-- Final Index and Final Name: inner--0091 Key: fabric0091
insert into Zoom_Inventory_Attribute (Zoom_Id, Inventory_Attribute_Id) values (9961, 142);
insert into Zoom (Id, Description, Layer) values (9962, 'resources//img/Cuff/Cuff-Closeup-Lyr02-BevFrench-Inner.0092.png', 02);
insert into Category_Zoom (Category_Id, Zoom_Id) values (6, 9962);
insert into Zoom_Inventory_Attribute (Zoom_Id, Inventory_Attribute_Id) values (9962, 46);
-- Final Index and Final Name: inner--0092 Key: fabric0092
insert into Zoom_Inventory_Attribute (Zoom_Id, Inventory_Attribute_Id) values (9962, 143);
insert into Zoom (Id, Description, Layer) values (9963, 'resources//img/Cuff/Cuff-Closeup-Lyr02-BevFrench-Inner.0093.png', 02);
insert into Category_Zoom (Category_Id, Zoom_Id) values (6, 9963);
insert into Zoom_Inventory_Attribute (Zoom_Id, Inventory_Attribute_Id) values (9963, 46);
-- Final Index and Final Name: inner--0093 Key: fabric0093
insert into Zoom_Inventory_Attribute (Zoom_Id, Inventory_Attribute_Id) values (9963, 144);
insert into Zoom (Id, Description, Layer) values (9964, 'resources//img/Cuff/Cuff-Closeup-Lyr02-BevFrench-Inner.0094.png', 02);
insert into Category_Zoom (Category_Id, Zoom_Id) values (6, 9964);
insert into Zoom_Inventory_Attribute (Zoom_Id, Inventory_Attribute_Id) values (9964, 46);
-- Final Index and Final Name: inner--0094 Key: fabric0094
insert into Zoom_Inventory_Attribute (Zoom_Id, Inventory_Attribute_Id) values (9964, 145);
insert into Zoom (Id, Description, Layer) values (9965, 'resources//img/Cuff/Cuff-Closeup-Lyr02-BevFrench-Inner.0095.png', 02);
insert into Category_Zoom (Category_Id, Zoom_Id) values (6, 9965);
insert into Zoom_Inventory_Attribute (Zoom_Id, Inventory_Attribute_Id) values (9965, 46);
-- Final Index and Final Name: inner--0095 Key: fabric0095
insert into Zoom_Inventory_Attribute (Zoom_Id, Inventory_Attribute_Id) values (9965, 146);
insert into Zoom (Id, Description, Layer) values (9966, 'resources//img/Cuff/Cuff-Closeup-Lyr02-BevFrench-Inner.0096.png', 02);
insert into Category_Zoom (Category_Id, Zoom_Id) values (6, 9966);
insert into Zoom_Inventory_Attribute (Zoom_Id, Inventory_Attribute_Id) values (9966, 46);
-- Final Index and Final Name: inner--0096 Key: fabric0096
insert into Zoom_Inventory_Attribute (Zoom_Id, Inventory_Attribute_Id) values (9966, 147);
insert into Zoom (Id, Description, Layer) values (9967, 'resources//img/Cuff/Cuff-Closeup-Lyr02-BevFrench-Inner.0097.png', 02);
insert into Category_Zoom (Category_Id, Zoom_Id) values (6, 9967);
insert into Zoom_Inventory_Attribute (Zoom_Id, Inventory_Attribute_Id) values (9967, 46);
-- Final Index and Final Name: inner--0097 Key: fabric0097
insert into Zoom_Inventory_Attribute (Zoom_Id, Inventory_Attribute_Id) values (9967, 148);
insert into Zoom (Id, Description, Layer) values (9968, 'resources//img/Cuff/Cuff-Closeup-Lyr02-BevFrench-Inner.0098.png', 02);
insert into Category_Zoom (Category_Id, Zoom_Id) values (6, 9968);
insert into Zoom_Inventory_Attribute (Zoom_Id, Inventory_Attribute_Id) values (9968, 46);
-- Final Index and Final Name: inner--0098 Key: fabric0098
insert into Zoom_Inventory_Attribute (Zoom_Id, Inventory_Attribute_Id) values (9968, 149);
insert into Zoom (Id, Description, Layer) values (9969, 'resources//img/Cuff/Cuff-Closeup-Lyr02-BevFrench-Inner.0099.png', 02);
insert into Category_Zoom (Category_Id, Zoom_Id) values (6, 9969);
insert into Zoom_Inventory_Attribute (Zoom_Id, Inventory_Attribute_Id) values (9969, 46);
-- Final Index and Final Name: inner--0099 Key: fabric0099
insert into Zoom_Inventory_Attribute (Zoom_Id, Inventory_Attribute_Id) values (9969, 150);
insert into Zoom (Id, Description, Layer) values (9970, 'resources//img/Cuff/Cuff-Closeup-Lyr02-BevFrench-Inner.0100.png', 02);
insert into Category_Zoom (Category_Id, Zoom_Id) values (6, 9970);
insert into Zoom_Inventory_Attribute (Zoom_Id, Inventory_Attribute_Id) values (9970, 46);
-- Final Index and Final Name: inner--0100 Key: fabric0100
insert into Zoom_Inventory_Attribute (Zoom_Id, Inventory_Attribute_Id) values (9970, 151);
insert into Zoom (Id, Description, Layer) values (9971, 'resources//img/Cuff/Cuff-Closeup-Lyr02-BevFrench-Inner.0101.png', 02);
insert into Category_Zoom (Category_Id, Zoom_Id) values (6, 9971);
insert into Zoom_Inventory_Attribute (Zoom_Id, Inventory_Attribute_Id) values (9971, 46);
-- Final Index and Final Name: inner--0101 Key: fabric0101
insert into Zoom_Inventory_Attribute (Zoom_Id, Inventory_Attribute_Id) values (9971, 152);
insert into Zoom (Id, Description, Layer) values (9972, 'resources//img/Cuff/Cuff-Closeup-Lyr02-BevFrench-Inner.0102.png', 02);
insert into Category_Zoom (Category_Id, Zoom_Id) values (6, 9972);
insert into Zoom_Inventory_Attribute (Zoom_Id, Inventory_Attribute_Id) values (9972, 46);
-- Final Index and Final Name: inner--0102 Key: fabric0102
insert into Zoom_Inventory_Attribute (Zoom_Id, Inventory_Attribute_Id) values (9972, 153);
insert into Zoom (Id, Description, Layer) values (9973, 'resources//img/Cuff/Cuff-Closeup-Lyr02-BevFrench-Inner.0103.png', 02);
insert into Category_Zoom (Category_Id, Zoom_Id) values (6, 9973);
insert into Zoom_Inventory_Attribute (Zoom_Id, Inventory_Attribute_Id) values (9973, 46);
-- Final Index and Final Name: inner--0103 Key: fabric0103
insert into Zoom_Inventory_Attribute (Zoom_Id, Inventory_Attribute_Id) values (9973, 154);
insert into Zoom (Id, Description, Layer) values (9974, 'resources//img/Cuff/Cuff-Closeup-Lyr02-BevFrench-Inner.0104.png', 02);
insert into Category_Zoom (Category_Id, Zoom_Id) values (6, 9974);
insert into Zoom_Inventory_Attribute (Zoom_Id, Inventory_Attribute_Id) values (9974, 46);
-- Final Index and Final Name: inner--0104 Key: fabric0104
insert into Zoom_Inventory_Attribute (Zoom_Id, Inventory_Attribute_Id) values (9974, 155);
insert into Zoom (Id, Description, Layer) values (9975, 'resources//img/Cuff/Cuff-Closeup-Lyr02-BevFrench-Inner.0105.png', 02);
insert into Category_Zoom (Category_Id, Zoom_Id) values (6, 9975);
insert into Zoom_Inventory_Attribute (Zoom_Id, Inventory_Attribute_Id) values (9975, 46);
-- Final Index and Final Name: inner--0105 Key: fabric0105
insert into Zoom_Inventory_Attribute (Zoom_Id, Inventory_Attribute_Id) values (9975, 156);
insert into Zoom (Id, Description, Layer) values (9976, 'resources//img/Cuff/Cuff-Closeup-Lyr02-BevFrench-Inner.0106.png', 02);
insert into Category_Zoom (Category_Id, Zoom_Id) values (6, 9976);
insert into Zoom_Inventory_Attribute (Zoom_Id, Inventory_Attribute_Id) values (9976, 46);
-- Final Index and Final Name: inner--0106 Key: fabric0106
insert into Zoom_Inventory_Attribute (Zoom_Id, Inventory_Attribute_Id) values (9976, 157);
insert into Zoom (Id, Description, Layer) values (9977, 'resources//img/Cuff/Cuff-Closeup-Lyr02-BevFrench-Inner.0107.png', 02);
insert into Category_Zoom (Category_Id, Zoom_Id) values (6, 9977);
insert into Zoom_Inventory_Attribute (Zoom_Id, Inventory_Attribute_Id) values (9977, 46);
-- Final Index and Final Name: inner--0107 Key: fabric0107
insert into Zoom_Inventory_Attribute (Zoom_Id, Inventory_Attribute_Id) values (9977, 158);
insert into Zoom (Id, Description, Layer) values (9978, 'resources//img/Cuff/Cuff-Closeup-Lyr02-BevFrench-Inner.0108.png', 02);
insert into Category_Zoom (Category_Id, Zoom_Id) values (6, 9978);
insert into Zoom_Inventory_Attribute (Zoom_Id, Inventory_Attribute_Id) values (9978, 46);
-- Final Index and Final Name: inner--0108 Key: fabric0108
insert into Zoom_Inventory_Attribute (Zoom_Id, Inventory_Attribute_Id) values (9978, 159);
insert into Zoom (Id, Description, Layer) values (9979, 'resources//img/Cuff/Cuff-Closeup-Lyr02-BevFrench-Inner.0109.png', 02);
insert into Category_Zoom (Category_Id, Zoom_Id) values (6, 9979);
insert into Zoom_Inventory_Attribute (Zoom_Id, Inventory_Attribute_Id) values (9979, 46);
-- Final Index and Final Name: inner--0109 Key: fabric0109
insert into Zoom_Inventory_Attribute (Zoom_Id, Inventory_Attribute_Id) values (9979, 160);
insert into Zoom (Id, Description, Layer) values (9980, 'resources//img/Cuff/Cuff-Closeup-Lyr02-BevFrench-Inner.0110.png', 02);
insert into Category_Zoom (Category_Id, Zoom_Id) values (6, 9980);
insert into Zoom_Inventory_Attribute (Zoom_Id, Inventory_Attribute_Id) values (9980, 46);
-- Final Index and Final Name: inner--0110 Key: fabric0110
insert into Zoom_Inventory_Attribute (Zoom_Id, Inventory_Attribute_Id) values (9980, 161);
insert into Zoom (Id, Description, Layer) values (9981, 'resources//img/Cuff/Cuff-Closeup-Lyr02-BevFrench-Inner.0111.png', 02);
insert into Category_Zoom (Category_Id, Zoom_Id) values (6, 9981);
insert into Zoom_Inventory_Attribute (Zoom_Id, Inventory_Attribute_Id) values (9981, 46);
-- Final Index and Final Name: inner--0111 Key: fabric0111
insert into Zoom_Inventory_Attribute (Zoom_Id, Inventory_Attribute_Id) values (9981, 162);
insert into Zoom (Id, Description, Layer) values (9982, 'resources//img/Cuff/Cuff-Closeup-Lyr02-BevFrench-Inner.0112.png', 02);
insert into Category_Zoom (Category_Id, Zoom_Id) values (6, 9982);
insert into Zoom_Inventory_Attribute (Zoom_Id, Inventory_Attribute_Id) values (9982, 46);
-- Final Index and Final Name: inner--0112 Key: fabric0112
insert into Zoom_Inventory_Attribute (Zoom_Id, Inventory_Attribute_Id) values (9982, 163);
insert into Zoom (Id, Description, Layer) values (9983, 'resources//img/Cuff/Cuff-Closeup-Lyr02-BevFrench-Inner.0113.png', 02);
insert into Category_Zoom (Category_Id, Zoom_Id) values (6, 9983);
insert into Zoom_Inventory_Attribute (Zoom_Id, Inventory_Attribute_Id) values (9983, 46);
-- Final Index and Final Name: inner--0113 Key: fabric0113
insert into Zoom_Inventory_Attribute (Zoom_Id, Inventory_Attribute_Id) values (9983, 164);
insert into Zoom (Id, Description, Layer) values (9984, 'resources//img/Cuff/Cuff-Closeup-Lyr02-BevFrench-Inner.0114.png', 02);
insert into Category_Zoom (Category_Id, Zoom_Id) values (6, 9984);
insert into Zoom_Inventory_Attribute (Zoom_Id, Inventory_Attribute_Id) values (9984, 46);
-- Final Index and Final Name: inner--0114 Key: fabric0114
insert into Zoom_Inventory_Attribute (Zoom_Id, Inventory_Attribute_Id) values (9984, 165);
insert into Zoom (Id, Description, Layer) values (9985, 'resources//img/Cuff/Cuff-Closeup-Lyr02-BevFrench-Inner.0115.png', 02);
insert into Category_Zoom (Category_Id, Zoom_Id) values (6, 9985);
insert into Zoom_Inventory_Attribute (Zoom_Id, Inventory_Attribute_Id) values (9985, 46);
-- Final Index and Final Name: inner--0115 Key: fabric0115
insert into Zoom_Inventory_Attribute (Zoom_Id, Inventory_Attribute_Id) values (9985, 166);
insert into Zoom (Id, Description, Layer) values (9986, 'resources//img/Cuff/Cuff-Closeup-Lyr02-BevFrench-Inner.0116.png', 02);
insert into Category_Zoom (Category_Id, Zoom_Id) values (6, 9986);
insert into Zoom_Inventory_Attribute (Zoom_Id, Inventory_Attribute_Id) values (9986, 46);
-- Final Index and Final Name: inner--0116 Key: fabric0116
insert into Zoom_Inventory_Attribute (Zoom_Id, Inventory_Attribute_Id) values (9986, 167);
insert into Zoom (Id, Description, Layer) values (9987, 'resources//img/Cuff/Cuff-Closeup-Lyr02-BevFrench-Inner.0117.png', 02);
insert into Category_Zoom (Category_Id, Zoom_Id) values (6, 9987);
insert into Zoom_Inventory_Attribute (Zoom_Id, Inventory_Attribute_Id) values (9987, 46);
-- Final Index and Final Name: inner--0117 Key: fabric0117
insert into Zoom_Inventory_Attribute (Zoom_Id, Inventory_Attribute_Id) values (9987, 168);
insert into Zoom (Id, Description, Layer) values (9988, 'resources//img/Cuff/Cuff-Closeup-Lyr02-BevFrench-Inner.0118.png', 02);
insert into Category_Zoom (Category_Id, Zoom_Id) values (6, 9988);
insert into Zoom_Inventory_Attribute (Zoom_Id, Inventory_Attribute_Id) values (9988, 46);
-- Final Index and Final Name: inner--0118 Key: fabric0118
insert into Zoom_Inventory_Attribute (Zoom_Id, Inventory_Attribute_Id) values (9988, 169);
insert into Zoom (Id, Description, Layer) values (9989, 'resources//img/Cuff/Cuff-Closeup-Lyr02-BevFrench-Inner.0119.png', 02);
insert into Category_Zoom (Category_Id, Zoom_Id) values (6, 9989);
insert into Zoom_Inventory_Attribute (Zoom_Id, Inventory_Attribute_Id) values (9989, 46);
-- Final Index and Final Name: inner--0119 Key: fabric0119
insert into Zoom_Inventory_Attribute (Zoom_Id, Inventory_Attribute_Id) values (9989, 170);
insert into Zoom (Id, Description, Layer) values (9990, 'resources//img/Cuff/Cuff-Closeup-Lyr02-BevFrench-Inner.0120.png', 02);
insert into Category_Zoom (Category_Id, Zoom_Id) values (6, 9990);
insert into Zoom_Inventory_Attribute (Zoom_Id, Inventory_Attribute_Id) values (9990, 46);
-- Final Index and Final Name: inner--0120 Key: fabric0120
insert into Zoom_Inventory_Attribute (Zoom_Id, Inventory_Attribute_Id) values (9990, 171);
insert into Zoom (Id, Description, Layer) values (9991, 'resources//img/Cuff/Cuff-Closeup-Lyr02-BevFrench-Inner.0121.png', 02);
insert into Category_Zoom (Category_Id, Zoom_Id) values (6, 9991);
insert into Zoom_Inventory_Attribute (Zoom_Id, Inventory_Attribute_Id) values (9991, 46);
-- Final Index and Final Name: inner--0121 Key: fabric0121
insert into Zoom_Inventory_Attribute (Zoom_Id, Inventory_Attribute_Id) values (9991, 172);
insert into Zoom (Id, Description, Layer) values (9992, 'resources//img/Cuff/Cuff-Closeup-Lyr02-BevFrench-Inner.0122.png', 02);
insert into Category_Zoom (Category_Id, Zoom_Id) values (6, 9992);
insert into Zoom_Inventory_Attribute (Zoom_Id, Inventory_Attribute_Id) values (9992, 46);
-- Final Index and Final Name: inner--0122 Key: fabric0122
insert into Zoom_Inventory_Attribute (Zoom_Id, Inventory_Attribute_Id) values (9992, 173);
insert into Zoom (Id, Description, Layer) values (9993, 'resources//img/Cuff/Cuff-Closeup-Lyr02-BevFrench-Inner.0123.png', 02);
insert into Category_Zoom (Category_Id, Zoom_Id) values (6, 9993);
insert into Zoom_Inventory_Attribute (Zoom_Id, Inventory_Attribute_Id) values (9993, 46);
-- Final Index and Final Name: inner--0123 Key: fabric0123
insert into Zoom_Inventory_Attribute (Zoom_Id, Inventory_Attribute_Id) values (9993, 174);
insert into Zoom (Id, Description, Layer) values (9994, 'resources//img/Cuff/Cuff-Closeup-Lyr02-BevFrench-Inner.0124.png', 02);
insert into Category_Zoom (Category_Id, Zoom_Id) values (6, 9994);
insert into Zoom_Inventory_Attribute (Zoom_Id, Inventory_Attribute_Id) values (9994, 46);
-- Final Index and Final Name: inner--0124 Key: fabric0124
insert into Zoom_Inventory_Attribute (Zoom_Id, Inventory_Attribute_Id) values (9994, 175);
insert into Zoom (Id, Description, Layer) values (9995, 'resources//img/Cuff/Cuff-Closeup-Lyr02-BevFrench-Inner.0125.png', 02);
insert into Category_Zoom (Category_Id, Zoom_Id) values (6, 9995);
insert into Zoom_Inventory_Attribute (Zoom_Id, Inventory_Attribute_Id) values (9995, 46);
-- Final Index and Final Name: inner--0125 Key: fabric0125
insert into Zoom_Inventory_Attribute (Zoom_Id, Inventory_Attribute_Id) values (9995, 176);
insert into Zoom (Id, Description, Layer) values (9996, 'resources//img/Cuff/Cuff-Closeup-Lyr02-BevFrench-Inner.0126.png', 02);
insert into Category_Zoom (Category_Id, Zoom_Id) values (6, 9996);
insert into Zoom_Inventory_Attribute (Zoom_Id, Inventory_Attribute_Id) values (9996, 46);
-- Final Index and Final Name: inner--0126 Key: fabric0126
insert into Zoom_Inventory_Attribute (Zoom_Id, Inventory_Attribute_Id) values (9996, 177);
insert into Zoom (Id, Description, Layer) values (9997, 'resources//img/Cuff/Cuff-Closeup-Lyr02-BevFrench-Inner.0127.png', 02);
insert into Category_Zoom (Category_Id, Zoom_Id) values (6, 9997);
insert into Zoom_Inventory_Attribute (Zoom_Id, Inventory_Attribute_Id) values (9997, 46);
-- Final Index and Final Name: inner--0127 Key: fabric0127
insert into Zoom_Inventory_Attribute (Zoom_Id, Inventory_Attribute_Id) values (9997, 178);
insert into Zoom (Id, Description, Layer) values (9998, 'resources//img/Cuff/Cuff-Closeup-Lyr02-BevFrench-Inner.0128.png', 02);
insert into Category_Zoom (Category_Id, Zoom_Id) values (6, 9998);
insert into Zoom_Inventory_Attribute (Zoom_Id, Inventory_Attribute_Id) values (9998, 46);
-- Final Index and Final Name: inner--0128 Key: fabric0128
insert into Zoom_Inventory_Attribute (Zoom_Id, Inventory_Attribute_Id) values (9998, 179);
insert into Zoom (Id, Description, Layer) values (9999, 'resources//img/Cuff/Cuff-Closeup-Lyr02-BevFrench-Inner.0129.png', 02);
insert into Category_Zoom (Category_Id, Zoom_Id) values (6, 9999);
insert into Zoom_Inventory_Attribute (Zoom_Id, Inventory_Attribute_Id) values (9999, 46);
-- Final Index and Final Name: inner--0129 Key: fabric0129
insert into Zoom_Inventory_Attribute (Zoom_Id, Inventory_Attribute_Id) values (9999, 180);
insert into Zoom (Id, Description, Layer) values (10000, 'resources//img/Cuff/Cuff-Closeup-Lyr02-BevFrench-Inner.0130.png', 02);
insert into Category_Zoom (Category_Id, Zoom_Id) values (6, 10000);
insert into Zoom_Inventory_Attribute (Zoom_Id, Inventory_Attribute_Id) values (10000, 46);
-- Final Index and Final Name: inner--0130 Key: fabric0130
insert into Zoom_Inventory_Attribute (Zoom_Id, Inventory_Attribute_Id) values (10000, 181);
insert into Zoom (Id, Description, Layer) values (10001, 'resources//img/Cuff/Cuff-Closeup-Lyr02-BevFrench-Inner.0131.png', 02);
insert into Category_Zoom (Category_Id, Zoom_Id) values (6, 10001);
insert into Zoom_Inventory_Attribute (Zoom_Id, Inventory_Attribute_Id) values (10001, 46);
-- Final Index and Final Name: inner--0131 Key: fabric0131
insert into Zoom_Inventory_Attribute (Zoom_Id, Inventory_Attribute_Id) values (10001, 182);
insert into Zoom (Id, Description, Layer) values (10002, 'resources//img/Cuff/Cuff-Closeup-Lyr02-BevFrench-Inner.0132.png', 02);
insert into Category_Zoom (Category_Id, Zoom_Id) values (6, 10002);
insert into Zoom_Inventory_Attribute (Zoom_Id, Inventory_Attribute_Id) values (10002, 46);
-- Final Index and Final Name: inner--0132 Key: fabric0132
insert into Zoom_Inventory_Attribute (Zoom_Id, Inventory_Attribute_Id) values (10002, 183);
insert into Zoom (Id, Description, Layer) values (10003, 'resources//img/Cuff/Cuff-Closeup-Lyr02-BevFrench-Inner.0133.png', 02);
insert into Category_Zoom (Category_Id, Zoom_Id) values (6, 10003);
insert into Zoom_Inventory_Attribute (Zoom_Id, Inventory_Attribute_Id) values (10003, 46);
-- Final Index and Final Name: inner--0133 Key: fabric0133
insert into Zoom_Inventory_Attribute (Zoom_Id, Inventory_Attribute_Id) values (10003, 184);
insert into Zoom (Id, Description, Layer) values (10004, 'resources//img/Cuff/Cuff-Closeup-Lyr02-BevFrench-Inner.0134.png', 02);
insert into Category_Zoom (Category_Id, Zoom_Id) values (6, 10004);
insert into Zoom_Inventory_Attribute (Zoom_Id, Inventory_Attribute_Id) values (10004, 46);
-- Final Index and Final Name: inner--0134 Key: fabric0134
insert into Zoom_Inventory_Attribute (Zoom_Id, Inventory_Attribute_Id) values (10004, 185);
insert into Zoom (Id, Description, Layer) values (10005, 'resources//img/Cuff/Cuff-Closeup-Lyr02-BevFrench-Inner.0135.png', 02);
insert into Category_Zoom (Category_Id, Zoom_Id) values (6, 10005);
insert into Zoom_Inventory_Attribute (Zoom_Id, Inventory_Attribute_Id) values (10005, 46);
-- Final Index and Final Name: inner--0135 Key: fabric0135
insert into Zoom_Inventory_Attribute (Zoom_Id, Inventory_Attribute_Id) values (10005, 186);
insert into Zoom (Id, Description, Layer) values (10006, 'resources//img/Cuff/Cuff-Closeup-Lyr02-BevFrench-Inner.0136.png', 02);
insert into Category_Zoom (Category_Id, Zoom_Id) values (6, 10006);
insert into Zoom_Inventory_Attribute (Zoom_Id, Inventory_Attribute_Id) values (10006, 46);
-- Final Index and Final Name: inner--0136 Key: fabric0136
insert into Zoom_Inventory_Attribute (Zoom_Id, Inventory_Attribute_Id) values (10006, 187);
insert into Zoom (Id, Description, Layer) values (10007, 'resources//img/Cuff/Cuff-Closeup-Lyr02-BevFrench-Inner.0137.png', 02);
insert into Category_Zoom (Category_Id, Zoom_Id) values (6, 10007);
insert into Zoom_Inventory_Attribute (Zoom_Id, Inventory_Attribute_Id) values (10007, 46);
-- Final Index and Final Name: inner--0137 Key: fabric0137
insert into Zoom_Inventory_Attribute (Zoom_Id, Inventory_Attribute_Id) values (10007, 188);
insert into Zoom (Id, Description, Layer) values (10008, 'resources//img/Cuff/Cuff-Closeup-Lyr02-BevFrench-Inner.0138.png', 02);
insert into Category_Zoom (Category_Id, Zoom_Id) values (6, 10008);
insert into Zoom_Inventory_Attribute (Zoom_Id, Inventory_Attribute_Id) values (10008, 46);
-- Final Index and Final Name: inner--0138 Key: fabric0138
insert into Zoom_Inventory_Attribute (Zoom_Id, Inventory_Attribute_Id) values (10008, 189);
insert into Zoom (Id, Description, Layer) values (10009, 'resources//img/Cuff/Cuff-Closeup-Lyr02-BevFrench-Inner.0139.png', 02);
insert into Category_Zoom (Category_Id, Zoom_Id) values (6, 10009);
insert into Zoom_Inventory_Attribute (Zoom_Id, Inventory_Attribute_Id) values (10009, 46);
-- Final Index and Final Name: inner--0139 Key: fabric0139
insert into Zoom_Inventory_Attribute (Zoom_Id, Inventory_Attribute_Id) values (10009, 190);
insert into Zoom (Id, Description, Layer) values (10010, 'resources//img/Cuff/Cuff-Closeup-Lyr02-BevFrench-Inner.0140.png', 02);
insert into Category_Zoom (Category_Id, Zoom_Id) values (6, 10010);
insert into Zoom_Inventory_Attribute (Zoom_Id, Inventory_Attribute_Id) values (10010, 46);
-- Final Index and Final Name: inner--0140 Key: fabric0140
insert into Zoom_Inventory_Attribute (Zoom_Id, Inventory_Attribute_Id) values (10010, 191);
insert into Zoom (Id, Description, Layer) values (10011, 'resources//img/Cuff/Cuff-Closeup-Lyr02-BevFrench-Inner.0141.png', 02);
insert into Category_Zoom (Category_Id, Zoom_Id) values (6, 10011);
insert into Zoom_Inventory_Attribute (Zoom_Id, Inventory_Attribute_Id) values (10011, 46);
-- Final Index and Final Name: inner--0141 Key: fabric0141
insert into Zoom_Inventory_Attribute (Zoom_Id, Inventory_Attribute_Id) values (10011, 192);
insert into Zoom (Id, Description, Layer) values (10012, 'resources//img/Cuff/Cuff-Closeup-Lyr02-BevFrench-Inner.0142.png', 02);
insert into Category_Zoom (Category_Id, Zoom_Id) values (6, 10012);
insert into Zoom_Inventory_Attribute (Zoom_Id, Inventory_Attribute_Id) values (10012, 46);
-- Final Index and Final Name: inner--0142 Key: fabric0142
insert into Zoom_Inventory_Attribute (Zoom_Id, Inventory_Attribute_Id) values (10012, 193);
insert into Zoom (Id, Description, Layer) values (10013, 'resources//img/Cuff/Cuff-Closeup-Lyr02-BevFrench-Inner.0143.png', 02);
insert into Category_Zoom (Category_Id, Zoom_Id) values (6, 10013);
insert into Zoom_Inventory_Attribute (Zoom_Id, Inventory_Attribute_Id) values (10013, 46);
-- Final Index and Final Name: inner--0143 Key: fabric0143
insert into Zoom_Inventory_Attribute (Zoom_Id, Inventory_Attribute_Id) values (10013, 194);
insert into Zoom (Id, Description, Layer) values (10014, 'resources//img/Cuff/Cuff-Closeup-Lyr02-BevFrench-Inner.0144.png', 02);
insert into Category_Zoom (Category_Id, Zoom_Id) values (6, 10014);
insert into Zoom_Inventory_Attribute (Zoom_Id, Inventory_Attribute_Id) values (10014, 46);
-- Final Index and Final Name: inner--0144 Key: fabric0144
insert into Zoom_Inventory_Attribute (Zoom_Id, Inventory_Attribute_Id) values (10014, 195);
insert into Zoom (Id, Description, Layer) values (10015, 'resources//img/Cuff/Cuff-Closeup-Lyr02-BevFrench-Inner.0145.png', 02);
insert into Category_Zoom (Category_Id, Zoom_Id) values (6, 10015);
insert into Zoom_Inventory_Attribute (Zoom_Id, Inventory_Attribute_Id) values (10015, 46);
-- Final Index and Final Name: inner--0145 Key: fabric0145
insert into Zoom_Inventory_Attribute (Zoom_Id, Inventory_Attribute_Id) values (10015, 196);
insert into Zoom (Id, Description, Layer) values (10016, 'resources//img/Cuff/Cuff-Closeup-Lyr02-BevFrench-Inner.0146.png', 02);
insert into Category_Zoom (Category_Id, Zoom_Id) values (6, 10016);
insert into Zoom_Inventory_Attribute (Zoom_Id, Inventory_Attribute_Id) values (10016, 46);
-- Final Index and Final Name: inner--0146 Key: fabric0146
insert into Zoom_Inventory_Attribute (Zoom_Id, Inventory_Attribute_Id) values (10016, 197);
insert into Zoom (Id, Description, Layer) values (10017, 'resources//img/Cuff/Cuff-Closeup-Lyr02-BevFrench-Inner.0147.png', 02);
insert into Category_Zoom (Category_Id, Zoom_Id) values (6, 10017);
insert into Zoom_Inventory_Attribute (Zoom_Id, Inventory_Attribute_Id) values (10017, 46);
-- Final Index and Final Name: inner--0147 Key: fabric0147
insert into Zoom_Inventory_Attribute (Zoom_Id, Inventory_Attribute_Id) values (10017, 198);
insert into Zoom (Id, Description, Layer) values (10018, 'resources//img/Cuff/Cuff-Closeup-Lyr02-BevFrench-Inner.0148.png', 02);
insert into Category_Zoom (Category_Id, Zoom_Id) values (6, 10018);
insert into Zoom_Inventory_Attribute (Zoom_Id, Inventory_Attribute_Id) values (10018, 46);
-- Final Index and Final Name: inner--0148 Key: fabric0148
insert into Zoom_Inventory_Attribute (Zoom_Id, Inventory_Attribute_Id) values (10018, 199);
insert into Zoom (Id, Description, Layer) values (10019, 'resources//img/Cuff/Cuff-Closeup-Lyr02-BevFrench-Inner.0149.png', 02);
insert into Category_Zoom (Category_Id, Zoom_Id) values (6, 10019);
insert into Zoom_Inventory_Attribute (Zoom_Id, Inventory_Attribute_Id) values (10019, 46);
-- Final Index and Final Name: inner--0149 Key: fabric0149
insert into Zoom_Inventory_Attribute (Zoom_Id, Inventory_Attribute_Id) values (10019, 200);
insert into Zoom (Id, Description, Layer) values (10020, 'resources//img/Cuff/Cuff-Closeup-Lyr02-BevFrench-Inner.0150.png', 02);
insert into Category_Zoom (Category_Id, Zoom_Id) values (6, 10020);
insert into Zoom_Inventory_Attribute (Zoom_Id, Inventory_Attribute_Id) values (10020, 46);
-- Final Index and Final Name: inner--0150 Key: fabric0150
insert into Zoom_Inventory_Attribute (Zoom_Id, Inventory_Attribute_Id) values (10020, 201);
insert into Zoom (Id, Description, Layer) values (10021, 'resources//img/Cuff/Cuff-Closeup-Lyr02-BevFrench-Inner.0151.png', 02);
insert into Category_Zoom (Category_Id, Zoom_Id) values (6, 10021);
insert into Zoom_Inventory_Attribute (Zoom_Id, Inventory_Attribute_Id) values (10021, 46);
-- Final Index and Final Name: inner--0151 Key: fabric0151
insert into Zoom_Inventory_Attribute (Zoom_Id, Inventory_Attribute_Id) values (10021, 202);
insert into Zoom (Id, Description, Layer) values (10022, 'resources//img/Cuff/Cuff-Closeup-Lyr02-BevFrench-Inner.0152.png', 02);
insert into Category_Zoom (Category_Id, Zoom_Id) values (6, 10022);
insert into Zoom_Inventory_Attribute (Zoom_Id, Inventory_Attribute_Id) values (10022, 46);
-- Final Index and Final Name: inner--0152 Key: fabric0152
insert into Zoom_Inventory_Attribute (Zoom_Id, Inventory_Attribute_Id) values (10022, 203);
insert into Zoom (Id, Description, Layer) values (10023, 'resources//img/Cuff/Cuff-Closeup-Lyr02-BevFrench-Inner.0153.png', 02);
insert into Category_Zoom (Category_Id, Zoom_Id) values (6, 10023);
insert into Zoom_Inventory_Attribute (Zoom_Id, Inventory_Attribute_Id) values (10023, 46);
-- Final Index and Final Name: inner--0153 Key: fabric0153
insert into Zoom_Inventory_Attribute (Zoom_Id, Inventory_Attribute_Id) values (10023, 204);
insert into Zoom (Id, Description, Layer) values (10024, 'resources//img/Cuff/Cuff-Closeup-Lyr02-BevFrench-Inner.0154.png', 02);
insert into Category_Zoom (Category_Id, Zoom_Id) values (6, 10024);
insert into Zoom_Inventory_Attribute (Zoom_Id, Inventory_Attribute_Id) values (10024, 46);
-- Final Index and Final Name: inner--0154 Key: fabric0154
insert into Zoom_Inventory_Attribute (Zoom_Id, Inventory_Attribute_Id) values (10024, 205);
insert into Zoom (Id, Description, Layer) values (10025, 'resources//img/Cuff/Cuff-Closeup-Lyr02-BevFrench-Inner.0155.png', 02);
insert into Category_Zoom (Category_Id, Zoom_Id) values (6, 10025);
insert into Zoom_Inventory_Attribute (Zoom_Id, Inventory_Attribute_Id) values (10025, 46);
-- Final Index and Final Name: inner--0155 Key: fabric0155
insert into Zoom_Inventory_Attribute (Zoom_Id, Inventory_Attribute_Id) values (10025, 206);
insert into Zoom (Id, Description, Layer) values (10026, 'resources//img/Cuff/Cuff-Closeup-Lyr02-BevNarrow-Inner.0001.png', 02);
insert into Category_Zoom (Category_Id, Zoom_Id) values (6, 10026);
insert into Zoom_Inventory_Attribute (Zoom_Id, Inventory_Attribute_Id) values (10026, 47);
-- Final Index and Final Name: inner--0001 Key: fabric0001
insert into Zoom_Inventory_Attribute (Zoom_Id, Inventory_Attribute_Id) values (10026, 52);
insert into Zoom (Id, Description, Layer) values (10027, 'resources//img/Cuff/Cuff-Closeup-Lyr02-BevNarrow-Inner.0002.png', 02);
insert into Category_Zoom (Category_Id, Zoom_Id) values (6, 10027);
insert into Zoom_Inventory_Attribute (Zoom_Id, Inventory_Attribute_Id) values (10027, 47);
-- Final Index and Final Name: inner--0002 Key: fabric0002
insert into Zoom_Inventory_Attribute (Zoom_Id, Inventory_Attribute_Id) values (10027, 53);
insert into Zoom (Id, Description, Layer) values (10028, 'resources//img/Cuff/Cuff-Closeup-Lyr02-BevNarrow-Inner.0003.png', 02);
insert into Category_Zoom (Category_Id, Zoom_Id) values (6, 10028);
insert into Zoom_Inventory_Attribute (Zoom_Id, Inventory_Attribute_Id) values (10028, 47);
-- Final Index and Final Name: inner--0003 Key: fabric0003
insert into Zoom_Inventory_Attribute (Zoom_Id, Inventory_Attribute_Id) values (10028, 54);
insert into Zoom (Id, Description, Layer) values (10029, 'resources//img/Cuff/Cuff-Closeup-Lyr02-BevNarrow-Inner.0004.png', 02);
insert into Category_Zoom (Category_Id, Zoom_Id) values (6, 10029);
insert into Zoom_Inventory_Attribute (Zoom_Id, Inventory_Attribute_Id) values (10029, 47);
-- Final Index and Final Name: inner--0004 Key: fabric0004
insert into Zoom_Inventory_Attribute (Zoom_Id, Inventory_Attribute_Id) values (10029, 55);
insert into Zoom (Id, Description, Layer) values (10030, 'resources//img/Cuff/Cuff-Closeup-Lyr02-BevNarrow-Inner.0005.png', 02);
insert into Category_Zoom (Category_Id, Zoom_Id) values (6, 10030);
insert into Zoom_Inventory_Attribute (Zoom_Id, Inventory_Attribute_Id) values (10030, 47);
-- Final Index and Final Name: inner--0005 Key: fabric0005
insert into Zoom_Inventory_Attribute (Zoom_Id, Inventory_Attribute_Id) values (10030, 56);
insert into Zoom (Id, Description, Layer) values (10031, 'resources//img/Cuff/Cuff-Closeup-Lyr02-BevNarrow-Inner.0006.png', 02);
insert into Category_Zoom (Category_Id, Zoom_Id) values (6, 10031);
insert into Zoom_Inventory_Attribute (Zoom_Id, Inventory_Attribute_Id) values (10031, 47);
-- Final Index and Final Name: inner--0006 Key: fabric0006
insert into Zoom_Inventory_Attribute (Zoom_Id, Inventory_Attribute_Id) values (10031, 57);
insert into Zoom (Id, Description, Layer) values (10032, 'resources//img/Cuff/Cuff-Closeup-Lyr02-BevNarrow-Inner.0007.png', 02);
insert into Category_Zoom (Category_Id, Zoom_Id) values (6, 10032);
insert into Zoom_Inventory_Attribute (Zoom_Id, Inventory_Attribute_Id) values (10032, 47);
-- Final Index and Final Name: inner--0007 Key: fabric0007
insert into Zoom_Inventory_Attribute (Zoom_Id, Inventory_Attribute_Id) values (10032, 58);
insert into Zoom (Id, Description, Layer) values (10033, 'resources//img/Cuff/Cuff-Closeup-Lyr02-BevNarrow-Inner.0008.png', 02);
insert into Category_Zoom (Category_Id, Zoom_Id) values (6, 10033);
insert into Zoom_Inventory_Attribute (Zoom_Id, Inventory_Attribute_Id) values (10033, 47);
-- Final Index and Final Name: inner--0008 Key: fabric0008
insert into Zoom_Inventory_Attribute (Zoom_Id, Inventory_Attribute_Id) values (10033, 59);
insert into Zoom (Id, Description, Layer) values (10034, 'resources//img/Cuff/Cuff-Closeup-Lyr02-BevNarrow-Inner.0009.png', 02);
insert into Category_Zoom (Category_Id, Zoom_Id) values (6, 10034);
insert into Zoom_Inventory_Attribute (Zoom_Id, Inventory_Attribute_Id) values (10034, 47);
-- Final Index and Final Name: inner--0009 Key: fabric0009
insert into Zoom_Inventory_Attribute (Zoom_Id, Inventory_Attribute_Id) values (10034, 60);
insert into Zoom (Id, Description, Layer) values (10035, 'resources//img/Cuff/Cuff-Closeup-Lyr02-BevNarrow-Inner.0010.png', 02);
insert into Category_Zoom (Category_Id, Zoom_Id) values (6, 10035);
insert into Zoom_Inventory_Attribute (Zoom_Id, Inventory_Attribute_Id) values (10035, 47);
-- Final Index and Final Name: inner--0010 Key: fabric0010
insert into Zoom_Inventory_Attribute (Zoom_Id, Inventory_Attribute_Id) values (10035, 61);
insert into Zoom (Id, Description, Layer) values (10036, 'resources//img/Cuff/Cuff-Closeup-Lyr02-BevNarrow-Inner.0011.png', 02);
insert into Category_Zoom (Category_Id, Zoom_Id) values (6, 10036);
insert into Zoom_Inventory_Attribute (Zoom_Id, Inventory_Attribute_Id) values (10036, 47);
-- Final Index and Final Name: inner--0011 Key: fabric0011
insert into Zoom_Inventory_Attribute (Zoom_Id, Inventory_Attribute_Id) values (10036, 62);
insert into Zoom (Id, Description, Layer) values (10037, 'resources//img/Cuff/Cuff-Closeup-Lyr02-BevNarrow-Inner.0012.png', 02);
insert into Category_Zoom (Category_Id, Zoom_Id) values (6, 10037);
insert into Zoom_Inventory_Attribute (Zoom_Id, Inventory_Attribute_Id) values (10037, 47);
-- Final Index and Final Name: inner--0012 Key: fabric0012
insert into Zoom_Inventory_Attribute (Zoom_Id, Inventory_Attribute_Id) values (10037, 63);
insert into Zoom (Id, Description, Layer) values (10038, 'resources//img/Cuff/Cuff-Closeup-Lyr02-BevNarrow-Inner.0013.png', 02);
insert into Category_Zoom (Category_Id, Zoom_Id) values (6, 10038);
insert into Zoom_Inventory_Attribute (Zoom_Id, Inventory_Attribute_Id) values (10038, 47);
-- Final Index and Final Name: inner--0013 Key: fabric0013
insert into Zoom_Inventory_Attribute (Zoom_Id, Inventory_Attribute_Id) values (10038, 64);
insert into Zoom (Id, Description, Layer) values (10039, 'resources//img/Cuff/Cuff-Closeup-Lyr02-BevNarrow-Inner.0014.png', 02);
insert into Category_Zoom (Category_Id, Zoom_Id) values (6, 10039);
insert into Zoom_Inventory_Attribute (Zoom_Id, Inventory_Attribute_Id) values (10039, 47);
-- Final Index and Final Name: inner--0014 Key: fabric0014
insert into Zoom_Inventory_Attribute (Zoom_Id, Inventory_Attribute_Id) values (10039, 65);
insert into Zoom (Id, Description, Layer) values (10040, 'resources//img/Cuff/Cuff-Closeup-Lyr02-BevNarrow-Inner.0015.png', 02);
insert into Category_Zoom (Category_Id, Zoom_Id) values (6, 10040);
insert into Zoom_Inventory_Attribute (Zoom_Id, Inventory_Attribute_Id) values (10040, 47);
-- Final Index and Final Name: inner--0015 Key: fabric0015
insert into Zoom_Inventory_Attribute (Zoom_Id, Inventory_Attribute_Id) values (10040, 66);
insert into Zoom (Id, Description, Layer) values (10041, 'resources//img/Cuff/Cuff-Closeup-Lyr02-BevNarrow-Inner.0016.png', 02);
insert into Category_Zoom (Category_Id, Zoom_Id) values (6, 10041);
insert into Zoom_Inventory_Attribute (Zoom_Id, Inventory_Attribute_Id) values (10041, 47);
-- Final Index and Final Name: inner--0016 Key: fabric0016
insert into Zoom_Inventory_Attribute (Zoom_Id, Inventory_Attribute_Id) values (10041, 67);
insert into Zoom (Id, Description, Layer) values (10042, 'resources//img/Cuff/Cuff-Closeup-Lyr02-BevNarrow-Inner.0017.png', 02);
insert into Category_Zoom (Category_Id, Zoom_Id) values (6, 10042);
insert into Zoom_Inventory_Attribute (Zoom_Id, Inventory_Attribute_Id) values (10042, 47);
-- Final Index and Final Name: inner--0017 Key: fabric0017
insert into Zoom_Inventory_Attribute (Zoom_Id, Inventory_Attribute_Id) values (10042, 68);
insert into Zoom (Id, Description, Layer) values (10043, 'resources//img/Cuff/Cuff-Closeup-Lyr02-BevNarrow-Inner.0018.png', 02);
insert into Category_Zoom (Category_Id, Zoom_Id) values (6, 10043);
insert into Zoom_Inventory_Attribute (Zoom_Id, Inventory_Attribute_Id) values (10043, 47);
-- Final Index and Final Name: inner--0018 Key: fabric0018
insert into Zoom_Inventory_Attribute (Zoom_Id, Inventory_Attribute_Id) values (10043, 69);
insert into Zoom (Id, Description, Layer) values (10044, 'resources//img/Cuff/Cuff-Closeup-Lyr02-BevNarrow-Inner.0019.png', 02);
insert into Category_Zoom (Category_Id, Zoom_Id) values (6, 10044);
insert into Zoom_Inventory_Attribute (Zoom_Id, Inventory_Attribute_Id) values (10044, 47);
-- Final Index and Final Name: inner--0019 Key: fabric0019
insert into Zoom_Inventory_Attribute (Zoom_Id, Inventory_Attribute_Id) values (10044, 70);
insert into Zoom (Id, Description, Layer) values (10045, 'resources//img/Cuff/Cuff-Closeup-Lyr02-BevNarrow-Inner.0020.png', 02);
insert into Category_Zoom (Category_Id, Zoom_Id) values (6, 10045);
insert into Zoom_Inventory_Attribute (Zoom_Id, Inventory_Attribute_Id) values (10045, 47);
-- Final Index and Final Name: inner--0020 Key: fabric0020
insert into Zoom_Inventory_Attribute (Zoom_Id, Inventory_Attribute_Id) values (10045, 71);
insert into Zoom (Id, Description, Layer) values (10046, 'resources//img/Cuff/Cuff-Closeup-Lyr02-BevNarrow-Inner.0021.png', 02);
insert into Category_Zoom (Category_Id, Zoom_Id) values (6, 10046);
insert into Zoom_Inventory_Attribute (Zoom_Id, Inventory_Attribute_Id) values (10046, 47);
-- Final Index and Final Name: inner--0021 Key: fabric0021
insert into Zoom_Inventory_Attribute (Zoom_Id, Inventory_Attribute_Id) values (10046, 72);
insert into Zoom (Id, Description, Layer) values (10047, 'resources//img/Cuff/Cuff-Closeup-Lyr02-BevNarrow-Inner.0022.png', 02);
insert into Category_Zoom (Category_Id, Zoom_Id) values (6, 10047);
insert into Zoom_Inventory_Attribute (Zoom_Id, Inventory_Attribute_Id) values (10047, 47);
-- Final Index and Final Name: inner--0022 Key: fabric0022
insert into Zoom_Inventory_Attribute (Zoom_Id, Inventory_Attribute_Id) values (10047, 73);
insert into Zoom (Id, Description, Layer) values (10048, 'resources//img/Cuff/Cuff-Closeup-Lyr02-BevNarrow-Inner.0023.png', 02);
insert into Category_Zoom (Category_Id, Zoom_Id) values (6, 10048);
insert into Zoom_Inventory_Attribute (Zoom_Id, Inventory_Attribute_Id) values (10048, 47);
-- Final Index and Final Name: inner--0023 Key: fabric0023
insert into Zoom_Inventory_Attribute (Zoom_Id, Inventory_Attribute_Id) values (10048, 74);
insert into Zoom (Id, Description, Layer) values (10049, 'resources//img/Cuff/Cuff-Closeup-Lyr02-BevNarrow-Inner.0024.png', 02);
insert into Category_Zoom (Category_Id, Zoom_Id) values (6, 10049);
insert into Zoom_Inventory_Attribute (Zoom_Id, Inventory_Attribute_Id) values (10049, 47);
-- Final Index and Final Name: inner--0024 Key: fabric0024
insert into Zoom_Inventory_Attribute (Zoom_Id, Inventory_Attribute_Id) values (10049, 75);
insert into Zoom (Id, Description, Layer) values (10050, 'resources//img/Cuff/Cuff-Closeup-Lyr02-BevNarrow-Inner.0025.png', 02);
insert into Category_Zoom (Category_Id, Zoom_Id) values (6, 10050);
insert into Zoom_Inventory_Attribute (Zoom_Id, Inventory_Attribute_Id) values (10050, 47);
-- Final Index and Final Name: inner--0025 Key: fabric0025
insert into Zoom_Inventory_Attribute (Zoom_Id, Inventory_Attribute_Id) values (10050, 76);
insert into Zoom (Id, Description, Layer) values (10051, 'resources//img/Cuff/Cuff-Closeup-Lyr02-BevNarrow-Inner.0026.png', 02);
insert into Category_Zoom (Category_Id, Zoom_Id) values (6, 10051);
insert into Zoom_Inventory_Attribute (Zoom_Id, Inventory_Attribute_Id) values (10051, 47);
-- Final Index and Final Name: inner--0026 Key: fabric0026
insert into Zoom_Inventory_Attribute (Zoom_Id, Inventory_Attribute_Id) values (10051, 77);
insert into Zoom (Id, Description, Layer) values (10052, 'resources//img/Cuff/Cuff-Closeup-Lyr02-BevNarrow-Inner.0027.png', 02);
insert into Category_Zoom (Category_Id, Zoom_Id) values (6, 10052);
insert into Zoom_Inventory_Attribute (Zoom_Id, Inventory_Attribute_Id) values (10052, 47);
-- Final Index and Final Name: inner--0027 Key: fabric0027
insert into Zoom_Inventory_Attribute (Zoom_Id, Inventory_Attribute_Id) values (10052, 78);
insert into Zoom (Id, Description, Layer) values (10053, 'resources//img/Cuff/Cuff-Closeup-Lyr02-BevNarrow-Inner.0028.png', 02);
insert into Category_Zoom (Category_Id, Zoom_Id) values (6, 10053);
insert into Zoom_Inventory_Attribute (Zoom_Id, Inventory_Attribute_Id) values (10053, 47);
-- Final Index and Final Name: inner--0028 Key: fabric0028
insert into Zoom_Inventory_Attribute (Zoom_Id, Inventory_Attribute_Id) values (10053, 79);
insert into Zoom (Id, Description, Layer) values (10054, 'resources//img/Cuff/Cuff-Closeup-Lyr02-BevNarrow-Inner.0029.png', 02);
insert into Category_Zoom (Category_Id, Zoom_Id) values (6, 10054);
insert into Zoom_Inventory_Attribute (Zoom_Id, Inventory_Attribute_Id) values (10054, 47);
-- Final Index and Final Name: inner--0029 Key: fabric0029
insert into Zoom_Inventory_Attribute (Zoom_Id, Inventory_Attribute_Id) values (10054, 80);
insert into Zoom (Id, Description, Layer) values (10055, 'resources//img/Cuff/Cuff-Closeup-Lyr02-BevNarrow-Inner.0030.png', 02);
insert into Category_Zoom (Category_Id, Zoom_Id) values (6, 10055);
insert into Zoom_Inventory_Attribute (Zoom_Id, Inventory_Attribute_Id) values (10055, 47);
-- Final Index and Final Name: inner--0030 Key: fabric0030
insert into Zoom_Inventory_Attribute (Zoom_Id, Inventory_Attribute_Id) values (10055, 81);
insert into Zoom (Id, Description, Layer) values (10056, 'resources//img/Cuff/Cuff-Closeup-Lyr02-BevNarrow-Inner.0031.png', 02);
insert into Category_Zoom (Category_Id, Zoom_Id) values (6, 10056);
insert into Zoom_Inventory_Attribute (Zoom_Id, Inventory_Attribute_Id) values (10056, 47);
-- Final Index and Final Name: inner--0031 Key: fabric0031
insert into Zoom_Inventory_Attribute (Zoom_Id, Inventory_Attribute_Id) values (10056, 82);
insert into Zoom (Id, Description, Layer) values (10057, 'resources//img/Cuff/Cuff-Closeup-Lyr02-BevNarrow-Inner.0032.png', 02);
insert into Category_Zoom (Category_Id, Zoom_Id) values (6, 10057);
insert into Zoom_Inventory_Attribute (Zoom_Id, Inventory_Attribute_Id) values (10057, 47);
-- Final Index and Final Name: inner--0032 Key: fabric0032
insert into Zoom_Inventory_Attribute (Zoom_Id, Inventory_Attribute_Id) values (10057, 83);
insert into Zoom (Id, Description, Layer) values (10058, 'resources//img/Cuff/Cuff-Closeup-Lyr02-BevNarrow-Inner.0033.png', 02);
insert into Category_Zoom (Category_Id, Zoom_Id) values (6, 10058);
insert into Zoom_Inventory_Attribute (Zoom_Id, Inventory_Attribute_Id) values (10058, 47);
-- Final Index and Final Name: inner--0033 Key: fabric0033
insert into Zoom_Inventory_Attribute (Zoom_Id, Inventory_Attribute_Id) values (10058, 84);
insert into Zoom (Id, Description, Layer) values (10059, 'resources//img/Cuff/Cuff-Closeup-Lyr02-BevNarrow-Inner.0034.png', 02);
insert into Category_Zoom (Category_Id, Zoom_Id) values (6, 10059);
insert into Zoom_Inventory_Attribute (Zoom_Id, Inventory_Attribute_Id) values (10059, 47);
-- Final Index and Final Name: inner--0034 Key: fabric0034
insert into Zoom_Inventory_Attribute (Zoom_Id, Inventory_Attribute_Id) values (10059, 85);
insert into Zoom (Id, Description, Layer) values (10060, 'resources//img/Cuff/Cuff-Closeup-Lyr02-BevNarrow-Inner.0035.png', 02);
insert into Category_Zoom (Category_Id, Zoom_Id) values (6, 10060);
insert into Zoom_Inventory_Attribute (Zoom_Id, Inventory_Attribute_Id) values (10060, 47);
-- Final Index and Final Name: inner--0035 Key: fabric0035
insert into Zoom_Inventory_Attribute (Zoom_Id, Inventory_Attribute_Id) values (10060, 86);
insert into Zoom (Id, Description, Layer) values (10061, 'resources//img/Cuff/Cuff-Closeup-Lyr02-BevNarrow-Inner.0036.png', 02);
insert into Category_Zoom (Category_Id, Zoom_Id) values (6, 10061);
insert into Zoom_Inventory_Attribute (Zoom_Id, Inventory_Attribute_Id) values (10061, 47);
-- Final Index and Final Name: inner--0036 Key: fabric0036
insert into Zoom_Inventory_Attribute (Zoom_Id, Inventory_Attribute_Id) values (10061, 87);
insert into Zoom (Id, Description, Layer) values (10062, 'resources//img/Cuff/Cuff-Closeup-Lyr02-BevNarrow-Inner.0037.png', 02);
insert into Category_Zoom (Category_Id, Zoom_Id) values (6, 10062);
insert into Zoom_Inventory_Attribute (Zoom_Id, Inventory_Attribute_Id) values (10062, 47);
-- Final Index and Final Name: inner--0037 Key: fabric0037
insert into Zoom_Inventory_Attribute (Zoom_Id, Inventory_Attribute_Id) values (10062, 88);
insert into Zoom (Id, Description, Layer) values (10063, 'resources//img/Cuff/Cuff-Closeup-Lyr02-BevNarrow-Inner.0038.png', 02);
insert into Category_Zoom (Category_Id, Zoom_Id) values (6, 10063);
insert into Zoom_Inventory_Attribute (Zoom_Id, Inventory_Attribute_Id) values (10063, 47);
-- Final Index and Final Name: inner--0038 Key: fabric0038
insert into Zoom_Inventory_Attribute (Zoom_Id, Inventory_Attribute_Id) values (10063, 89);
insert into Zoom (Id, Description, Layer) values (10064, 'resources//img/Cuff/Cuff-Closeup-Lyr02-BevNarrow-Inner.0039.png', 02);
insert into Category_Zoom (Category_Id, Zoom_Id) values (6, 10064);
insert into Zoom_Inventory_Attribute (Zoom_Id, Inventory_Attribute_Id) values (10064, 47);
-- Final Index and Final Name: inner--0039 Key: fabric0039
insert into Zoom_Inventory_Attribute (Zoom_Id, Inventory_Attribute_Id) values (10064, 90);
insert into Zoom (Id, Description, Layer) values (10065, 'resources//img/Cuff/Cuff-Closeup-Lyr02-BevNarrow-Inner.0040.png', 02);
insert into Category_Zoom (Category_Id, Zoom_Id) values (6, 10065);
insert into Zoom_Inventory_Attribute (Zoom_Id, Inventory_Attribute_Id) values (10065, 47);
-- Final Index and Final Name: inner--0040 Key: fabric0040
insert into Zoom_Inventory_Attribute (Zoom_Id, Inventory_Attribute_Id) values (10065, 91);
insert into Zoom (Id, Description, Layer) values (10066, 'resources//img/Cuff/Cuff-Closeup-Lyr02-BevNarrow-Inner.0041.png', 02);
insert into Category_Zoom (Category_Id, Zoom_Id) values (6, 10066);
insert into Zoom_Inventory_Attribute (Zoom_Id, Inventory_Attribute_Id) values (10066, 47);
-- Final Index and Final Name: inner--0041 Key: fabric0041
insert into Zoom_Inventory_Attribute (Zoom_Id, Inventory_Attribute_Id) values (10066, 92);
insert into Zoom (Id, Description, Layer) values (10067, 'resources//img/Cuff/Cuff-Closeup-Lyr02-BevNarrow-Inner.0042.png', 02);
insert into Category_Zoom (Category_Id, Zoom_Id) values (6, 10067);
insert into Zoom_Inventory_Attribute (Zoom_Id, Inventory_Attribute_Id) values (10067, 47);
-- Final Index and Final Name: inner--0042 Key: fabric0042
insert into Zoom_Inventory_Attribute (Zoom_Id, Inventory_Attribute_Id) values (10067, 93);
insert into Zoom (Id, Description, Layer) values (10068, 'resources//img/Cuff/Cuff-Closeup-Lyr02-BevNarrow-Inner.0043.png', 02);
insert into Category_Zoom (Category_Id, Zoom_Id) values (6, 10068);
insert into Zoom_Inventory_Attribute (Zoom_Id, Inventory_Attribute_Id) values (10068, 47);
-- Final Index and Final Name: inner--0043 Key: fabric0043
insert into Zoom_Inventory_Attribute (Zoom_Id, Inventory_Attribute_Id) values (10068, 94);
insert into Zoom (Id, Description, Layer) values (10069, 'resources//img/Cuff/Cuff-Closeup-Lyr02-BevNarrow-Inner.0044.png', 02);
insert into Category_Zoom (Category_Id, Zoom_Id) values (6, 10069);
insert into Zoom_Inventory_Attribute (Zoom_Id, Inventory_Attribute_Id) values (10069, 47);
-- Final Index and Final Name: inner--0044 Key: fabric0044
insert into Zoom_Inventory_Attribute (Zoom_Id, Inventory_Attribute_Id) values (10069, 95);
insert into Zoom (Id, Description, Layer) values (10070, 'resources//img/Cuff/Cuff-Closeup-Lyr02-BevNarrow-Inner.0045.png', 02);
insert into Category_Zoom (Category_Id, Zoom_Id) values (6, 10070);
insert into Zoom_Inventory_Attribute (Zoom_Id, Inventory_Attribute_Id) values (10070, 47);
-- Final Index and Final Name: inner--0045 Key: fabric0045
insert into Zoom_Inventory_Attribute (Zoom_Id, Inventory_Attribute_Id) values (10070, 96);
insert into Zoom (Id, Description, Layer) values (10071, 'resources//img/Cuff/Cuff-Closeup-Lyr02-BevNarrow-Inner.0046.png', 02);
insert into Category_Zoom (Category_Id, Zoom_Id) values (6, 10071);
insert into Zoom_Inventory_Attribute (Zoom_Id, Inventory_Attribute_Id) values (10071, 47);
-- Final Index and Final Name: inner--0046 Key: fabric0046
insert into Zoom_Inventory_Attribute (Zoom_Id, Inventory_Attribute_Id) values (10071, 97);
insert into Zoom (Id, Description, Layer) values (10072, 'resources//img/Cuff/Cuff-Closeup-Lyr02-BevNarrow-Inner.0047.png', 02);
insert into Category_Zoom (Category_Id, Zoom_Id) values (6, 10072);
insert into Zoom_Inventory_Attribute (Zoom_Id, Inventory_Attribute_Id) values (10072, 47);
-- Final Index and Final Name: inner--0047 Key: fabric0047
insert into Zoom_Inventory_Attribute (Zoom_Id, Inventory_Attribute_Id) values (10072, 98);
insert into Zoom (Id, Description, Layer) values (10073, 'resources//img/Cuff/Cuff-Closeup-Lyr02-BevNarrow-Inner.0048.png', 02);
insert into Category_Zoom (Category_Id, Zoom_Id) values (6, 10073);
insert into Zoom_Inventory_Attribute (Zoom_Id, Inventory_Attribute_Id) values (10073, 47);
-- Final Index and Final Name: inner--0048 Key: fabric0048
insert into Zoom_Inventory_Attribute (Zoom_Id, Inventory_Attribute_Id) values (10073, 99);
insert into Zoom (Id, Description, Layer) values (10074, 'resources//img/Cuff/Cuff-Closeup-Lyr02-BevNarrow-Inner.0049.png', 02);
insert into Category_Zoom (Category_Id, Zoom_Id) values (6, 10074);
insert into Zoom_Inventory_Attribute (Zoom_Id, Inventory_Attribute_Id) values (10074, 47);
-- Final Index and Final Name: inner--0049 Key: fabric0049
insert into Zoom_Inventory_Attribute (Zoom_Id, Inventory_Attribute_Id) values (10074, 100);
insert into Zoom (Id, Description, Layer) values (10075, 'resources//img/Cuff/Cuff-Closeup-Lyr02-BevNarrow-Inner.0050.png', 02);
insert into Category_Zoom (Category_Id, Zoom_Id) values (6, 10075);
insert into Zoom_Inventory_Attribute (Zoom_Id, Inventory_Attribute_Id) values (10075, 47);
-- Final Index and Final Name: inner--0050 Key: fabric0050
insert into Zoom_Inventory_Attribute (Zoom_Id, Inventory_Attribute_Id) values (10075, 101);
insert into Zoom (Id, Description, Layer) values (10076, 'resources//img/Cuff/Cuff-Closeup-Lyr02-BevNarrow-Inner.0051.png', 02);
insert into Category_Zoom (Category_Id, Zoom_Id) values (6, 10076);
insert into Zoom_Inventory_Attribute (Zoom_Id, Inventory_Attribute_Id) values (10076, 47);
-- Final Index and Final Name: inner--0051 Key: fabric0051
insert into Zoom_Inventory_Attribute (Zoom_Id, Inventory_Attribute_Id) values (10076, 102);
insert into Zoom (Id, Description, Layer) values (10077, 'resources//img/Cuff/Cuff-Closeup-Lyr02-BevNarrow-Inner.0052.png', 02);
insert into Category_Zoom (Category_Id, Zoom_Id) values (6, 10077);
insert into Zoom_Inventory_Attribute (Zoom_Id, Inventory_Attribute_Id) values (10077, 47);
-- Final Index and Final Name: inner--0052 Key: fabric0052
insert into Zoom_Inventory_Attribute (Zoom_Id, Inventory_Attribute_Id) values (10077, 103);
insert into Zoom (Id, Description, Layer) values (10078, 'resources//img/Cuff/Cuff-Closeup-Lyr02-BevNarrow-Inner.0053.png', 02);
insert into Category_Zoom (Category_Id, Zoom_Id) values (6, 10078);
insert into Zoom_Inventory_Attribute (Zoom_Id, Inventory_Attribute_Id) values (10078, 47);
-- Final Index and Final Name: inner--0053 Key: fabric0053
insert into Zoom_Inventory_Attribute (Zoom_Id, Inventory_Attribute_Id) values (10078, 104);
insert into Zoom (Id, Description, Layer) values (10079, 'resources//img/Cuff/Cuff-Closeup-Lyr02-BevNarrow-Inner.0054.png', 02);
insert into Category_Zoom (Category_Id, Zoom_Id) values (6, 10079);
insert into Zoom_Inventory_Attribute (Zoom_Id, Inventory_Attribute_Id) values (10079, 47);
-- Final Index and Final Name: inner--0054 Key: fabric0054
insert into Zoom_Inventory_Attribute (Zoom_Id, Inventory_Attribute_Id) values (10079, 105);
insert into Zoom (Id, Description, Layer) values (10080, 'resources//img/Cuff/Cuff-Closeup-Lyr02-BevNarrow-Inner.0055.png', 02);
insert into Category_Zoom (Category_Id, Zoom_Id) values (6, 10080);
insert into Zoom_Inventory_Attribute (Zoom_Id, Inventory_Attribute_Id) values (10080, 47);
-- Final Index and Final Name: inner--0055 Key: fabric0055
insert into Zoom_Inventory_Attribute (Zoom_Id, Inventory_Attribute_Id) values (10080, 106);
insert into Zoom (Id, Description, Layer) values (10081, 'resources//img/Cuff/Cuff-Closeup-Lyr02-BevNarrow-Inner.0056.png', 02);
insert into Category_Zoom (Category_Id, Zoom_Id) values (6, 10081);
insert into Zoom_Inventory_Attribute (Zoom_Id, Inventory_Attribute_Id) values (10081, 47);
-- Final Index and Final Name: inner--0056 Key: fabric0056
insert into Zoom_Inventory_Attribute (Zoom_Id, Inventory_Attribute_Id) values (10081, 107);
insert into Zoom (Id, Description, Layer) values (10082, 'resources//img/Cuff/Cuff-Closeup-Lyr02-BevNarrow-Inner.0057.png', 02);
insert into Category_Zoom (Category_Id, Zoom_Id) values (6, 10082);
insert into Zoom_Inventory_Attribute (Zoom_Id, Inventory_Attribute_Id) values (10082, 47);
-- Final Index and Final Name: inner--0057 Key: fabric0057
insert into Zoom_Inventory_Attribute (Zoom_Id, Inventory_Attribute_Id) values (10082, 108);
insert into Zoom (Id, Description, Layer) values (10083, 'resources//img/Cuff/Cuff-Closeup-Lyr02-BevNarrow-Inner.0058.png', 02);
insert into Category_Zoom (Category_Id, Zoom_Id) values (6, 10083);
insert into Zoom_Inventory_Attribute (Zoom_Id, Inventory_Attribute_Id) values (10083, 47);
-- Final Index and Final Name: inner--0058 Key: fabric0058
insert into Zoom_Inventory_Attribute (Zoom_Id, Inventory_Attribute_Id) values (10083, 109);
insert into Zoom (Id, Description, Layer) values (10084, 'resources//img/Cuff/Cuff-Closeup-Lyr02-BevNarrow-Inner.0059.png', 02);
insert into Category_Zoom (Category_Id, Zoom_Id) values (6, 10084);
insert into Zoom_Inventory_Attribute (Zoom_Id, Inventory_Attribute_Id) values (10084, 47);
-- Final Index and Final Name: inner--0059 Key: fabric0059
insert into Zoom_Inventory_Attribute (Zoom_Id, Inventory_Attribute_Id) values (10084, 110);
insert into Zoom (Id, Description, Layer) values (10085, 'resources//img/Cuff/Cuff-Closeup-Lyr02-BevNarrow-Inner.0060.png', 02);
insert into Category_Zoom (Category_Id, Zoom_Id) values (6, 10085);
insert into Zoom_Inventory_Attribute (Zoom_Id, Inventory_Attribute_Id) values (10085, 47);
-- Final Index and Final Name: inner--0060 Key: fabric0060
insert into Zoom_Inventory_Attribute (Zoom_Id, Inventory_Attribute_Id) values (10085, 111);
insert into Zoom (Id, Description, Layer) values (10086, 'resources//img/Cuff/Cuff-Closeup-Lyr02-BevNarrow-Inner.0061.png', 02);
insert into Category_Zoom (Category_Id, Zoom_Id) values (6, 10086);
insert into Zoom_Inventory_Attribute (Zoom_Id, Inventory_Attribute_Id) values (10086, 47);
-- Final Index and Final Name: inner--0061 Key: fabric0061
insert into Zoom_Inventory_Attribute (Zoom_Id, Inventory_Attribute_Id) values (10086, 112);
insert into Zoom (Id, Description, Layer) values (10087, 'resources//img/Cuff/Cuff-Closeup-Lyr02-BevNarrow-Inner.0062.png', 02);
insert into Category_Zoom (Category_Id, Zoom_Id) values (6, 10087);
insert into Zoom_Inventory_Attribute (Zoom_Id, Inventory_Attribute_Id) values (10087, 47);
-- Final Index and Final Name: inner--0062 Key: fabric0062
insert into Zoom_Inventory_Attribute (Zoom_Id, Inventory_Attribute_Id) values (10087, 113);
insert into Zoom (Id, Description, Layer) values (10088, 'resources//img/Cuff/Cuff-Closeup-Lyr02-BevNarrow-Inner.0063.png', 02);
insert into Category_Zoom (Category_Id, Zoom_Id) values (6, 10088);
insert into Zoom_Inventory_Attribute (Zoom_Id, Inventory_Attribute_Id) values (10088, 47);
-- Final Index and Final Name: inner--0063 Key: fabric0063
insert into Zoom_Inventory_Attribute (Zoom_Id, Inventory_Attribute_Id) values (10088, 114);
insert into Zoom (Id, Description, Layer) values (10089, 'resources//img/Cuff/Cuff-Closeup-Lyr02-BevNarrow-Inner.0064.png', 02);
insert into Category_Zoom (Category_Id, Zoom_Id) values (6, 10089);
insert into Zoom_Inventory_Attribute (Zoom_Id, Inventory_Attribute_Id) values (10089, 47);
-- Final Index and Final Name: inner--0064 Key: fabric0064
insert into Zoom_Inventory_Attribute (Zoom_Id, Inventory_Attribute_Id) values (10089, 115);
insert into Zoom (Id, Description, Layer) values (10090, 'resources//img/Cuff/Cuff-Closeup-Lyr02-BevNarrow-Inner.0065.png', 02);
insert into Category_Zoom (Category_Id, Zoom_Id) values (6, 10090);
insert into Zoom_Inventory_Attribute (Zoom_Id, Inventory_Attribute_Id) values (10090, 47);
-- Final Index and Final Name: inner--0065 Key: fabric0065
insert into Zoom_Inventory_Attribute (Zoom_Id, Inventory_Attribute_Id) values (10090, 116);
insert into Zoom (Id, Description, Layer) values (10091, 'resources//img/Cuff/Cuff-Closeup-Lyr02-BevNarrow-Inner.0066.png', 02);
insert into Category_Zoom (Category_Id, Zoom_Id) values (6, 10091);
insert into Zoom_Inventory_Attribute (Zoom_Id, Inventory_Attribute_Id) values (10091, 47);
-- Final Index and Final Name: inner--0066 Key: fabric0066
insert into Zoom_Inventory_Attribute (Zoom_Id, Inventory_Attribute_Id) values (10091, 117);
insert into Zoom (Id, Description, Layer) values (10092, 'resources//img/Cuff/Cuff-Closeup-Lyr02-BevNarrow-Inner.0067.png', 02);
insert into Category_Zoom (Category_Id, Zoom_Id) values (6, 10092);
insert into Zoom_Inventory_Attribute (Zoom_Id, Inventory_Attribute_Id) values (10092, 47);
-- Final Index and Final Name: inner--0067 Key: fabric0067
insert into Zoom_Inventory_Attribute (Zoom_Id, Inventory_Attribute_Id) values (10092, 118);
insert into Zoom (Id, Description, Layer) values (10093, 'resources//img/Cuff/Cuff-Closeup-Lyr02-BevNarrow-Inner.0068.png', 02);
insert into Category_Zoom (Category_Id, Zoom_Id) values (6, 10093);
insert into Zoom_Inventory_Attribute (Zoom_Id, Inventory_Attribute_Id) values (10093, 47);
-- Final Index and Final Name: inner--0068 Key: fabric0068
insert into Zoom_Inventory_Attribute (Zoom_Id, Inventory_Attribute_Id) values (10093, 119);
insert into Zoom (Id, Description, Layer) values (10094, 'resources//img/Cuff/Cuff-Closeup-Lyr02-BevNarrow-Inner.0069.png', 02);
insert into Category_Zoom (Category_Id, Zoom_Id) values (6, 10094);
insert into Zoom_Inventory_Attribute (Zoom_Id, Inventory_Attribute_Id) values (10094, 47);
-- Final Index and Final Name: inner--0069 Key: fabric0069
insert into Zoom_Inventory_Attribute (Zoom_Id, Inventory_Attribute_Id) values (10094, 120);
insert into Zoom (Id, Description, Layer) values (10095, 'resources//img/Cuff/Cuff-Closeup-Lyr02-BevNarrow-Inner.0070.png', 02);
insert into Category_Zoom (Category_Id, Zoom_Id) values (6, 10095);
insert into Zoom_Inventory_Attribute (Zoom_Id, Inventory_Attribute_Id) values (10095, 47);
-- Final Index and Final Name: inner--0070 Key: fabric0070
insert into Zoom_Inventory_Attribute (Zoom_Id, Inventory_Attribute_Id) values (10095, 121);
insert into Zoom (Id, Description, Layer) values (10096, 'resources//img/Cuff/Cuff-Closeup-Lyr02-BevNarrow-Inner.0071.png', 02);
insert into Category_Zoom (Category_Id, Zoom_Id) values (6, 10096);
insert into Zoom_Inventory_Attribute (Zoom_Id, Inventory_Attribute_Id) values (10096, 47);
-- Final Index and Final Name: inner--0071 Key: fabric0071
insert into Zoom_Inventory_Attribute (Zoom_Id, Inventory_Attribute_Id) values (10096, 122);
insert into Zoom (Id, Description, Layer) values (10097, 'resources//img/Cuff/Cuff-Closeup-Lyr02-BevNarrow-Inner.0072.png', 02);
insert into Category_Zoom (Category_Id, Zoom_Id) values (6, 10097);
insert into Zoom_Inventory_Attribute (Zoom_Id, Inventory_Attribute_Id) values (10097, 47);
-- Final Index and Final Name: inner--0072 Key: fabric0072
insert into Zoom_Inventory_Attribute (Zoom_Id, Inventory_Attribute_Id) values (10097, 123);
insert into Zoom (Id, Description, Layer) values (10098, 'resources//img/Cuff/Cuff-Closeup-Lyr02-BevNarrow-Inner.0073.png', 02);
insert into Category_Zoom (Category_Id, Zoom_Id) values (6, 10098);
insert into Zoom_Inventory_Attribute (Zoom_Id, Inventory_Attribute_Id) values (10098, 47);
-- Final Index and Final Name: inner--0073 Key: fabric0073
insert into Zoom_Inventory_Attribute (Zoom_Id, Inventory_Attribute_Id) values (10098, 124);
insert into Zoom (Id, Description, Layer) values (10099, 'resources//img/Cuff/Cuff-Closeup-Lyr02-BevNarrow-Inner.0074.png', 02);
insert into Category_Zoom (Category_Id, Zoom_Id) values (6, 10099);
insert into Zoom_Inventory_Attribute (Zoom_Id, Inventory_Attribute_Id) values (10099, 47);
-- Final Index and Final Name: inner--0074 Key: fabric0074
insert into Zoom_Inventory_Attribute (Zoom_Id, Inventory_Attribute_Id) values (10099, 125);
insert into Zoom (Id, Description, Layer) values (10100, 'resources//img/Cuff/Cuff-Closeup-Lyr02-BevNarrow-Inner.0075.png', 02);
insert into Category_Zoom (Category_Id, Zoom_Id) values (6, 10100);
insert into Zoom_Inventory_Attribute (Zoom_Id, Inventory_Attribute_Id) values (10100, 47);
-- Final Index and Final Name: inner--0075 Key: fabric0075
insert into Zoom_Inventory_Attribute (Zoom_Id, Inventory_Attribute_Id) values (10100, 126);
insert into Zoom (Id, Description, Layer) values (10101, 'resources//img/Cuff/Cuff-Closeup-Lyr02-BevNarrow-Inner.0076.png', 02);
insert into Category_Zoom (Category_Id, Zoom_Id) values (6, 10101);
insert into Zoom_Inventory_Attribute (Zoom_Id, Inventory_Attribute_Id) values (10101, 47);
-- Final Index and Final Name: inner--0076 Key: fabric0076
insert into Zoom_Inventory_Attribute (Zoom_Id, Inventory_Attribute_Id) values (10101, 127);
insert into Zoom (Id, Description, Layer) values (10102, 'resources//img/Cuff/Cuff-Closeup-Lyr02-BevNarrow-Inner.0077.png', 02);
insert into Category_Zoom (Category_Id, Zoom_Id) values (6, 10102);
insert into Zoom_Inventory_Attribute (Zoom_Id, Inventory_Attribute_Id) values (10102, 47);
-- Final Index and Final Name: inner--0077 Key: fabric0077
insert into Zoom_Inventory_Attribute (Zoom_Id, Inventory_Attribute_Id) values (10102, 128);
insert into Zoom (Id, Description, Layer) values (10103, 'resources//img/Cuff/Cuff-Closeup-Lyr02-BevNarrow-Inner.0078.png', 02);
insert into Category_Zoom (Category_Id, Zoom_Id) values (6, 10103);
insert into Zoom_Inventory_Attribute (Zoom_Id, Inventory_Attribute_Id) values (10103, 47);
-- Final Index and Final Name: inner--0078 Key: fabric0078
insert into Zoom_Inventory_Attribute (Zoom_Id, Inventory_Attribute_Id) values (10103, 129);
insert into Zoom (Id, Description, Layer) values (10104, 'resources//img/Cuff/Cuff-Closeup-Lyr02-BevNarrow-Inner.0079.png', 02);
insert into Category_Zoom (Category_Id, Zoom_Id) values (6, 10104);
insert into Zoom_Inventory_Attribute (Zoom_Id, Inventory_Attribute_Id) values (10104, 47);
-- Final Index and Final Name: inner--0079 Key: fabric0079
insert into Zoom_Inventory_Attribute (Zoom_Id, Inventory_Attribute_Id) values (10104, 130);
insert into Zoom (Id, Description, Layer) values (10105, 'resources//img/Cuff/Cuff-Closeup-Lyr02-BevNarrow-Inner.0080.png', 02);
insert into Category_Zoom (Category_Id, Zoom_Id) values (6, 10105);
insert into Zoom_Inventory_Attribute (Zoom_Id, Inventory_Attribute_Id) values (10105, 47);
-- Final Index and Final Name: inner--0080 Key: fabric0080
insert into Zoom_Inventory_Attribute (Zoom_Id, Inventory_Attribute_Id) values (10105, 131);
insert into Zoom (Id, Description, Layer) values (10106, 'resources//img/Cuff/Cuff-Closeup-Lyr02-BevNarrow-Inner.0081.png', 02);
insert into Category_Zoom (Category_Id, Zoom_Id) values (6, 10106);
insert into Zoom_Inventory_Attribute (Zoom_Id, Inventory_Attribute_Id) values (10106, 47);
-- Final Index and Final Name: inner--0081 Key: fabric0081
insert into Zoom_Inventory_Attribute (Zoom_Id, Inventory_Attribute_Id) values (10106, 132);
insert into Zoom (Id, Description, Layer) values (10107, 'resources//img/Cuff/Cuff-Closeup-Lyr02-BevNarrow-Inner.0082.png', 02);
insert into Category_Zoom (Category_Id, Zoom_Id) values (6, 10107);
insert into Zoom_Inventory_Attribute (Zoom_Id, Inventory_Attribute_Id) values (10107, 47);
-- Final Index and Final Name: inner--0082 Key: fabric0082
insert into Zoom_Inventory_Attribute (Zoom_Id, Inventory_Attribute_Id) values (10107, 133);
insert into Zoom (Id, Description, Layer) values (10108, 'resources//img/Cuff/Cuff-Closeup-Lyr02-BevNarrow-Inner.0083.png', 02);
insert into Category_Zoom (Category_Id, Zoom_Id) values (6, 10108);
insert into Zoom_Inventory_Attribute (Zoom_Id, Inventory_Attribute_Id) values (10108, 47);
-- Final Index and Final Name: inner--0083 Key: fabric0083
insert into Zoom_Inventory_Attribute (Zoom_Id, Inventory_Attribute_Id) values (10108, 134);
insert into Zoom (Id, Description, Layer) values (10109, 'resources//img/Cuff/Cuff-Closeup-Lyr02-BevNarrow-Inner.0084.png', 02);
insert into Category_Zoom (Category_Id, Zoom_Id) values (6, 10109);
insert into Zoom_Inventory_Attribute (Zoom_Id, Inventory_Attribute_Id) values (10109, 47);
-- Final Index and Final Name: inner--0084 Key: fabric0084
insert into Zoom_Inventory_Attribute (Zoom_Id, Inventory_Attribute_Id) values (10109, 135);
insert into Zoom (Id, Description, Layer) values (10110, 'resources//img/Cuff/Cuff-Closeup-Lyr02-BevNarrow-Inner.0085.png', 02);
insert into Category_Zoom (Category_Id, Zoom_Id) values (6, 10110);
insert into Zoom_Inventory_Attribute (Zoom_Id, Inventory_Attribute_Id) values (10110, 47);
-- Final Index and Final Name: inner--0085 Key: fabric0085
insert into Zoom_Inventory_Attribute (Zoom_Id, Inventory_Attribute_Id) values (10110, 136);
insert into Zoom (Id, Description, Layer) values (10111, 'resources//img/Cuff/Cuff-Closeup-Lyr02-BevNarrow-Inner.0086.png', 02);
insert into Category_Zoom (Category_Id, Zoom_Id) values (6, 10111);
insert into Zoom_Inventory_Attribute (Zoom_Id, Inventory_Attribute_Id) values (10111, 47);
-- Final Index and Final Name: inner--0086 Key: fabric0086
insert into Zoom_Inventory_Attribute (Zoom_Id, Inventory_Attribute_Id) values (10111, 137);
insert into Zoom (Id, Description, Layer) values (10112, 'resources//img/Cuff/Cuff-Closeup-Lyr02-BevNarrow-Inner.0087.png', 02);
insert into Category_Zoom (Category_Id, Zoom_Id) values (6, 10112);
insert into Zoom_Inventory_Attribute (Zoom_Id, Inventory_Attribute_Id) values (10112, 47);
-- Final Index and Final Name: inner--0087 Key: fabric0087
insert into Zoom_Inventory_Attribute (Zoom_Id, Inventory_Attribute_Id) values (10112, 138);
insert into Zoom (Id, Description, Layer) values (10113, 'resources//img/Cuff/Cuff-Closeup-Lyr02-BevNarrow-Inner.0088.png', 02);
insert into Category_Zoom (Category_Id, Zoom_Id) values (6, 10113);
insert into Zoom_Inventory_Attribute (Zoom_Id, Inventory_Attribute_Id) values (10113, 47);
-- Final Index and Final Name: inner--0088 Key: fabric0088
insert into Zoom_Inventory_Attribute (Zoom_Id, Inventory_Attribute_Id) values (10113, 139);
insert into Zoom (Id, Description, Layer) values (10114, 'resources//img/Cuff/Cuff-Closeup-Lyr02-BevNarrow-Inner.0089.png', 02);
insert into Category_Zoom (Category_Id, Zoom_Id) values (6, 10114);
insert into Zoom_Inventory_Attribute (Zoom_Id, Inventory_Attribute_Id) values (10114, 47);
-- Final Index and Final Name: inner--0089 Key: fabric0089
insert into Zoom_Inventory_Attribute (Zoom_Id, Inventory_Attribute_Id) values (10114, 140);
insert into Zoom (Id, Description, Layer) values (10115, 'resources//img/Cuff/Cuff-Closeup-Lyr02-BevNarrow-Inner.0090.png', 02);
insert into Category_Zoom (Category_Id, Zoom_Id) values (6, 10115);
insert into Zoom_Inventory_Attribute (Zoom_Id, Inventory_Attribute_Id) values (10115, 47);
-- Final Index and Final Name: inner--0090 Key: fabric0090
insert into Zoom_Inventory_Attribute (Zoom_Id, Inventory_Attribute_Id) values (10115, 141);
insert into Zoom (Id, Description, Layer) values (10116, 'resources//img/Cuff/Cuff-Closeup-Lyr02-BevNarrow-Inner.0091.png', 02);
insert into Category_Zoom (Category_Id, Zoom_Id) values (6, 10116);
insert into Zoom_Inventory_Attribute (Zoom_Id, Inventory_Attribute_Id) values (10116, 47);
-- Final Index and Final Name: inner--0091 Key: fabric0091
insert into Zoom_Inventory_Attribute (Zoom_Id, Inventory_Attribute_Id) values (10116, 142);
insert into Zoom (Id, Description, Layer) values (10117, 'resources//img/Cuff/Cuff-Closeup-Lyr02-BevNarrow-Inner.0092.png', 02);
insert into Category_Zoom (Category_Id, Zoom_Id) values (6, 10117);
insert into Zoom_Inventory_Attribute (Zoom_Id, Inventory_Attribute_Id) values (10117, 47);
-- Final Index and Final Name: inner--0092 Key: fabric0092
insert into Zoom_Inventory_Attribute (Zoom_Id, Inventory_Attribute_Id) values (10117, 143);
insert into Zoom (Id, Description, Layer) values (10118, 'resources//img/Cuff/Cuff-Closeup-Lyr02-BevNarrow-Inner.0093.png', 02);
insert into Category_Zoom (Category_Id, Zoom_Id) values (6, 10118);
insert into Zoom_Inventory_Attribute (Zoom_Id, Inventory_Attribute_Id) values (10118, 47);
-- Final Index and Final Name: inner--0093 Key: fabric0093
insert into Zoom_Inventory_Attribute (Zoom_Id, Inventory_Attribute_Id) values (10118, 144);
insert into Zoom (Id, Description, Layer) values (10119, 'resources//img/Cuff/Cuff-Closeup-Lyr02-BevNarrow-Inner.0094.png', 02);
insert into Category_Zoom (Category_Id, Zoom_Id) values (6, 10119);
insert into Zoom_Inventory_Attribute (Zoom_Id, Inventory_Attribute_Id) values (10119, 47);
-- Final Index and Final Name: inner--0094 Key: fabric0094
insert into Zoom_Inventory_Attribute (Zoom_Id, Inventory_Attribute_Id) values (10119, 145);
insert into Zoom (Id, Description, Layer) values (10120, 'resources//img/Cuff/Cuff-Closeup-Lyr02-BevNarrow-Inner.0095.png', 02);
insert into Category_Zoom (Category_Id, Zoom_Id) values (6, 10120);
insert into Zoom_Inventory_Attribute (Zoom_Id, Inventory_Attribute_Id) values (10120, 47);
-- Final Index and Final Name: inner--0095 Key: fabric0095
insert into Zoom_Inventory_Attribute (Zoom_Id, Inventory_Attribute_Id) values (10120, 146);
insert into Zoom (Id, Description, Layer) values (10121, 'resources//img/Cuff/Cuff-Closeup-Lyr02-BevNarrow-Inner.0096.png', 02);
insert into Category_Zoom (Category_Id, Zoom_Id) values (6, 10121);
insert into Zoom_Inventory_Attribute (Zoom_Id, Inventory_Attribute_Id) values (10121, 47);
-- Final Index and Final Name: inner--0096 Key: fabric0096
insert into Zoom_Inventory_Attribute (Zoom_Id, Inventory_Attribute_Id) values (10121, 147);
insert into Zoom (Id, Description, Layer) values (10122, 'resources//img/Cuff/Cuff-Closeup-Lyr02-BevNarrow-Inner.0097.png', 02);
insert into Category_Zoom (Category_Id, Zoom_Id) values (6, 10122);
insert into Zoom_Inventory_Attribute (Zoom_Id, Inventory_Attribute_Id) values (10122, 47);
-- Final Index and Final Name: inner--0097 Key: fabric0097
insert into Zoom_Inventory_Attribute (Zoom_Id, Inventory_Attribute_Id) values (10122, 148);
insert into Zoom (Id, Description, Layer) values (10123, 'resources//img/Cuff/Cuff-Closeup-Lyr02-BevNarrow-Inner.0098.png', 02);
insert into Category_Zoom (Category_Id, Zoom_Id) values (6, 10123);
insert into Zoom_Inventory_Attribute (Zoom_Id, Inventory_Attribute_Id) values (10123, 47);
-- Final Index and Final Name: inner--0098 Key: fabric0098
insert into Zoom_Inventory_Attribute (Zoom_Id, Inventory_Attribute_Id) values (10123, 149);
insert into Zoom (Id, Description, Layer) values (10124, 'resources//img/Cuff/Cuff-Closeup-Lyr02-BevNarrow-Inner.0099.png', 02);
insert into Category_Zoom (Category_Id, Zoom_Id) values (6, 10124);
insert into Zoom_Inventory_Attribute (Zoom_Id, Inventory_Attribute_Id) values (10124, 47);
-- Final Index and Final Name: inner--0099 Key: fabric0099
insert into Zoom_Inventory_Attribute (Zoom_Id, Inventory_Attribute_Id) values (10124, 150);
insert into Zoom (Id, Description, Layer) values (10125, 'resources//img/Cuff/Cuff-Closeup-Lyr02-BevNarrow-Inner.0100.png', 02);
insert into Category_Zoom (Category_Id, Zoom_Id) values (6, 10125);
insert into Zoom_Inventory_Attribute (Zoom_Id, Inventory_Attribute_Id) values (10125, 47);
-- Final Index and Final Name: inner--0100 Key: fabric0100
insert into Zoom_Inventory_Attribute (Zoom_Id, Inventory_Attribute_Id) values (10125, 151);
insert into Zoom (Id, Description, Layer) values (10126, 'resources//img/Cuff/Cuff-Closeup-Lyr02-BevNarrow-Inner.0101.png', 02);
insert into Category_Zoom (Category_Id, Zoom_Id) values (6, 10126);
insert into Zoom_Inventory_Attribute (Zoom_Id, Inventory_Attribute_Id) values (10126, 47);
-- Final Index and Final Name: inner--0101 Key: fabric0101
insert into Zoom_Inventory_Attribute (Zoom_Id, Inventory_Attribute_Id) values (10126, 152);
insert into Zoom (Id, Description, Layer) values (10127, 'resources//img/Cuff/Cuff-Closeup-Lyr02-BevNarrow-Inner.0102.png', 02);
insert into Category_Zoom (Category_Id, Zoom_Id) values (6, 10127);
insert into Zoom_Inventory_Attribute (Zoom_Id, Inventory_Attribute_Id) values (10127, 47);
-- Final Index and Final Name: inner--0102 Key: fabric0102
insert into Zoom_Inventory_Attribute (Zoom_Id, Inventory_Attribute_Id) values (10127, 153);
insert into Zoom (Id, Description, Layer) values (10128, 'resources//img/Cuff/Cuff-Closeup-Lyr02-BevNarrow-Inner.0103.png', 02);
insert into Category_Zoom (Category_Id, Zoom_Id) values (6, 10128);
insert into Zoom_Inventory_Attribute (Zoom_Id, Inventory_Attribute_Id) values (10128, 47);
-- Final Index and Final Name: inner--0103 Key: fabric0103
insert into Zoom_Inventory_Attribute (Zoom_Id, Inventory_Attribute_Id) values (10128, 154);
insert into Zoom (Id, Description, Layer) values (10129, 'resources//img/Cuff/Cuff-Closeup-Lyr02-BevNarrow-Inner.0104.png', 02);
insert into Category_Zoom (Category_Id, Zoom_Id) values (6, 10129);
insert into Zoom_Inventory_Attribute (Zoom_Id, Inventory_Attribute_Id) values (10129, 47);
-- Final Index and Final Name: inner--0104 Key: fabric0104
insert into Zoom_Inventory_Attribute (Zoom_Id, Inventory_Attribute_Id) values (10129, 155);
insert into Zoom (Id, Description, Layer) values (10130, 'resources//img/Cuff/Cuff-Closeup-Lyr02-BevNarrow-Inner.0105.png', 02);
insert into Category_Zoom (Category_Id, Zoom_Id) values (6, 10130);
insert into Zoom_Inventory_Attribute (Zoom_Id, Inventory_Attribute_Id) values (10130, 47);
-- Final Index and Final Name: inner--0105 Key: fabric0105
insert into Zoom_Inventory_Attribute (Zoom_Id, Inventory_Attribute_Id) values (10130, 156);
insert into Zoom (Id, Description, Layer) values (10131, 'resources//img/Cuff/Cuff-Closeup-Lyr02-BevNarrow-Inner.0106.png', 02);
insert into Category_Zoom (Category_Id, Zoom_Id) values (6, 10131);
insert into Zoom_Inventory_Attribute (Zoom_Id, Inventory_Attribute_Id) values (10131, 47);
-- Final Index and Final Name: inner--0106 Key: fabric0106
insert into Zoom_Inventory_Attribute (Zoom_Id, Inventory_Attribute_Id) values (10131, 157);
insert into Zoom (Id, Description, Layer) values (10132, 'resources//img/Cuff/Cuff-Closeup-Lyr02-BevNarrow-Inner.0107.png', 02);
insert into Category_Zoom (Category_Id, Zoom_Id) values (6, 10132);
insert into Zoom_Inventory_Attribute (Zoom_Id, Inventory_Attribute_Id) values (10132, 47);
-- Final Index and Final Name: inner--0107 Key: fabric0107
insert into Zoom_Inventory_Attribute (Zoom_Id, Inventory_Attribute_Id) values (10132, 158);
insert into Zoom (Id, Description, Layer) values (10133, 'resources//img/Cuff/Cuff-Closeup-Lyr02-BevNarrow-Inner.0108.png', 02);
insert into Category_Zoom (Category_Id, Zoom_Id) values (6, 10133);
insert into Zoom_Inventory_Attribute (Zoom_Id, Inventory_Attribute_Id) values (10133, 47);
-- Final Index and Final Name: inner--0108 Key: fabric0108
insert into Zoom_Inventory_Attribute (Zoom_Id, Inventory_Attribute_Id) values (10133, 159);
insert into Zoom (Id, Description, Layer) values (10134, 'resources//img/Cuff/Cuff-Closeup-Lyr02-BevNarrow-Inner.0109.png', 02);
insert into Category_Zoom (Category_Id, Zoom_Id) values (6, 10134);
insert into Zoom_Inventory_Attribute (Zoom_Id, Inventory_Attribute_Id) values (10134, 47);
-- Final Index and Final Name: inner--0109 Key: fabric0109
insert into Zoom_Inventory_Attribute (Zoom_Id, Inventory_Attribute_Id) values (10134, 160);
insert into Zoom (Id, Description, Layer) values (10135, 'resources//img/Cuff/Cuff-Closeup-Lyr02-BevNarrow-Inner.0110.png', 02);
insert into Category_Zoom (Category_Id, Zoom_Id) values (6, 10135);
insert into Zoom_Inventory_Attribute (Zoom_Id, Inventory_Attribute_Id) values (10135, 47);
-- Final Index and Final Name: inner--0110 Key: fabric0110
insert into Zoom_Inventory_Attribute (Zoom_Id, Inventory_Attribute_Id) values (10135, 161);
insert into Zoom (Id, Description, Layer) values (10136, 'resources//img/Cuff/Cuff-Closeup-Lyr02-BevNarrow-Inner.0111.png', 02);
insert into Category_Zoom (Category_Id, Zoom_Id) values (6, 10136);
insert into Zoom_Inventory_Attribute (Zoom_Id, Inventory_Attribute_Id) values (10136, 47);
-- Final Index and Final Name: inner--0111 Key: fabric0111
insert into Zoom_Inventory_Attribute (Zoom_Id, Inventory_Attribute_Id) values (10136, 162);
insert into Zoom (Id, Description, Layer) values (10137, 'resources//img/Cuff/Cuff-Closeup-Lyr02-BevNarrow-Inner.0112.png', 02);
insert into Category_Zoom (Category_Id, Zoom_Id) values (6, 10137);
insert into Zoom_Inventory_Attribute (Zoom_Id, Inventory_Attribute_Id) values (10137, 47);
-- Final Index and Final Name: inner--0112 Key: fabric0112
insert into Zoom_Inventory_Attribute (Zoom_Id, Inventory_Attribute_Id) values (10137, 163);
insert into Zoom (Id, Description, Layer) values (10138, 'resources//img/Cuff/Cuff-Closeup-Lyr02-BevNarrow-Inner.0113.png', 02);
insert into Category_Zoom (Category_Id, Zoom_Id) values (6, 10138);
insert into Zoom_Inventory_Attribute (Zoom_Id, Inventory_Attribute_Id) values (10138, 47);
-- Final Index and Final Name: inner--0113 Key: fabric0113
insert into Zoom_Inventory_Attribute (Zoom_Id, Inventory_Attribute_Id) values (10138, 164);
insert into Zoom (Id, Description, Layer) values (10139, 'resources//img/Cuff/Cuff-Closeup-Lyr02-BevNarrow-Inner.0114.png', 02);
insert into Category_Zoom (Category_Id, Zoom_Id) values (6, 10139);
insert into Zoom_Inventory_Attribute (Zoom_Id, Inventory_Attribute_Id) values (10139, 47);
-- Final Index and Final Name: inner--0114 Key: fabric0114
insert into Zoom_Inventory_Attribute (Zoom_Id, Inventory_Attribute_Id) values (10139, 165);
insert into Zoom (Id, Description, Layer) values (10140, 'resources//img/Cuff/Cuff-Closeup-Lyr02-BevNarrow-Inner.0115.png', 02);
insert into Category_Zoom (Category_Id, Zoom_Id) values (6, 10140);
insert into Zoom_Inventory_Attribute (Zoom_Id, Inventory_Attribute_Id) values (10140, 47);
-- Final Index and Final Name: inner--0115 Key: fabric0115
insert into Zoom_Inventory_Attribute (Zoom_Id, Inventory_Attribute_Id) values (10140, 166);
insert into Zoom (Id, Description, Layer) values (10141, 'resources//img/Cuff/Cuff-Closeup-Lyr02-BevNarrow-Inner.0116.png', 02);
insert into Category_Zoom (Category_Id, Zoom_Id) values (6, 10141);
insert into Zoom_Inventory_Attribute (Zoom_Id, Inventory_Attribute_Id) values (10141, 47);
-- Final Index and Final Name: inner--0116 Key: fabric0116
insert into Zoom_Inventory_Attribute (Zoom_Id, Inventory_Attribute_Id) values (10141, 167);
insert into Zoom (Id, Description, Layer) values (10142, 'resources//img/Cuff/Cuff-Closeup-Lyr02-BevNarrow-Inner.0117.png', 02);
insert into Category_Zoom (Category_Id, Zoom_Id) values (6, 10142);
insert into Zoom_Inventory_Attribute (Zoom_Id, Inventory_Attribute_Id) values (10142, 47);
-- Final Index and Final Name: inner--0117 Key: fabric0117
insert into Zoom_Inventory_Attribute (Zoom_Id, Inventory_Attribute_Id) values (10142, 168);
insert into Zoom (Id, Description, Layer) values (10143, 'resources//img/Cuff/Cuff-Closeup-Lyr02-BevNarrow-Inner.0118.png', 02);
insert into Category_Zoom (Category_Id, Zoom_Id) values (6, 10143);
insert into Zoom_Inventory_Attribute (Zoom_Id, Inventory_Attribute_Id) values (10143, 47);
-- Final Index and Final Name: inner--0118 Key: fabric0118
insert into Zoom_Inventory_Attribute (Zoom_Id, Inventory_Attribute_Id) values (10143, 169);
insert into Zoom (Id, Description, Layer) values (10144, 'resources//img/Cuff/Cuff-Closeup-Lyr02-BevNarrow-Inner.0119.png', 02);
insert into Category_Zoom (Category_Id, Zoom_Id) values (6, 10144);
insert into Zoom_Inventory_Attribute (Zoom_Id, Inventory_Attribute_Id) values (10144, 47);
-- Final Index and Final Name: inner--0119 Key: fabric0119
insert into Zoom_Inventory_Attribute (Zoom_Id, Inventory_Attribute_Id) values (10144, 170);
insert into Zoom (Id, Description, Layer) values (10145, 'resources//img/Cuff/Cuff-Closeup-Lyr02-BevNarrow-Inner.0120.png', 02);
insert into Category_Zoom (Category_Id, Zoom_Id) values (6, 10145);
insert into Zoom_Inventory_Attribute (Zoom_Id, Inventory_Attribute_Id) values (10145, 47);
-- Final Index and Final Name: inner--0120 Key: fabric0120
insert into Zoom_Inventory_Attribute (Zoom_Id, Inventory_Attribute_Id) values (10145, 171);
insert into Zoom (Id, Description, Layer) values (10146, 'resources//img/Cuff/Cuff-Closeup-Lyr02-BevNarrow-Inner.0121.png', 02);
insert into Category_Zoom (Category_Id, Zoom_Id) values (6, 10146);
insert into Zoom_Inventory_Attribute (Zoom_Id, Inventory_Attribute_Id) values (10146, 47);
-- Final Index and Final Name: inner--0121 Key: fabric0121
insert into Zoom_Inventory_Attribute (Zoom_Id, Inventory_Attribute_Id) values (10146, 172);
insert into Zoom (Id, Description, Layer) values (10147, 'resources//img/Cuff/Cuff-Closeup-Lyr02-BevNarrow-Inner.0122.png', 02);
insert into Category_Zoom (Category_Id, Zoom_Id) values (6, 10147);
insert into Zoom_Inventory_Attribute (Zoom_Id, Inventory_Attribute_Id) values (10147, 47);
-- Final Index and Final Name: inner--0122 Key: fabric0122
insert into Zoom_Inventory_Attribute (Zoom_Id, Inventory_Attribute_Id) values (10147, 173);
insert into Zoom (Id, Description, Layer) values (10148, 'resources//img/Cuff/Cuff-Closeup-Lyr02-BevNarrow-Inner.0123.png', 02);
insert into Category_Zoom (Category_Id, Zoom_Id) values (6, 10148);
insert into Zoom_Inventory_Attribute (Zoom_Id, Inventory_Attribute_Id) values (10148, 47);
-- Final Index and Final Name: inner--0123 Key: fabric0123
insert into Zoom_Inventory_Attribute (Zoom_Id, Inventory_Attribute_Id) values (10148, 174);
insert into Zoom (Id, Description, Layer) values (10149, 'resources//img/Cuff/Cuff-Closeup-Lyr02-BevNarrow-Inner.0124.png', 02);
insert into Category_Zoom (Category_Id, Zoom_Id) values (6, 10149);
insert into Zoom_Inventory_Attribute (Zoom_Id, Inventory_Attribute_Id) values (10149, 47);
-- Final Index and Final Name: inner--0124 Key: fabric0124
insert into Zoom_Inventory_Attribute (Zoom_Id, Inventory_Attribute_Id) values (10149, 175);
insert into Zoom (Id, Description, Layer) values (10150, 'resources//img/Cuff/Cuff-Closeup-Lyr02-BevNarrow-Inner.0125.png', 02);
insert into Category_Zoom (Category_Id, Zoom_Id) values (6, 10150);
insert into Zoom_Inventory_Attribute (Zoom_Id, Inventory_Attribute_Id) values (10150, 47);
-- Final Index and Final Name: inner--0125 Key: fabric0125
insert into Zoom_Inventory_Attribute (Zoom_Id, Inventory_Attribute_Id) values (10150, 176);
insert into Zoom (Id, Description, Layer) values (10151, 'resources//img/Cuff/Cuff-Closeup-Lyr02-BevNarrow-Inner.0126.png', 02);
insert into Category_Zoom (Category_Id, Zoom_Id) values (6, 10151);
insert into Zoom_Inventory_Attribute (Zoom_Id, Inventory_Attribute_Id) values (10151, 47);
-- Final Index and Final Name: inner--0126 Key: fabric0126
insert into Zoom_Inventory_Attribute (Zoom_Id, Inventory_Attribute_Id) values (10151, 177);
insert into Zoom (Id, Description, Layer) values (10152, 'resources//img/Cuff/Cuff-Closeup-Lyr02-BevNarrow-Inner.0127.png', 02);
insert into Category_Zoom (Category_Id, Zoom_Id) values (6, 10152);
insert into Zoom_Inventory_Attribute (Zoom_Id, Inventory_Attribute_Id) values (10152, 47);
-- Final Index and Final Name: inner--0127 Key: fabric0127
insert into Zoom_Inventory_Attribute (Zoom_Id, Inventory_Attribute_Id) values (10152, 178);
insert into Zoom (Id, Description, Layer) values (10153, 'resources//img/Cuff/Cuff-Closeup-Lyr02-BevNarrow-Inner.0128.png', 02);
insert into Category_Zoom (Category_Id, Zoom_Id) values (6, 10153);
insert into Zoom_Inventory_Attribute (Zoom_Id, Inventory_Attribute_Id) values (10153, 47);
-- Final Index and Final Name: inner--0128 Key: fabric0128
insert into Zoom_Inventory_Attribute (Zoom_Id, Inventory_Attribute_Id) values (10153, 179);
insert into Zoom (Id, Description, Layer) values (10154, 'resources//img/Cuff/Cuff-Closeup-Lyr02-BevNarrow-Inner.0129.png', 02);
insert into Category_Zoom (Category_Id, Zoom_Id) values (6, 10154);
insert into Zoom_Inventory_Attribute (Zoom_Id, Inventory_Attribute_Id) values (10154, 47);
-- Final Index and Final Name: inner--0129 Key: fabric0129
insert into Zoom_Inventory_Attribute (Zoom_Id, Inventory_Attribute_Id) values (10154, 180);
insert into Zoom (Id, Description, Layer) values (10155, 'resources//img/Cuff/Cuff-Closeup-Lyr02-BevNarrow-Inner.0130.png', 02);
insert into Category_Zoom (Category_Id, Zoom_Id) values (6, 10155);
insert into Zoom_Inventory_Attribute (Zoom_Id, Inventory_Attribute_Id) values (10155, 47);
-- Final Index and Final Name: inner--0130 Key: fabric0130
insert into Zoom_Inventory_Attribute (Zoom_Id, Inventory_Attribute_Id) values (10155, 181);
insert into Zoom (Id, Description, Layer) values (10156, 'resources//img/Cuff/Cuff-Closeup-Lyr02-BevNarrow-Inner.0131.png', 02);
insert into Category_Zoom (Category_Id, Zoom_Id) values (6, 10156);
insert into Zoom_Inventory_Attribute (Zoom_Id, Inventory_Attribute_Id) values (10156, 47);
-- Final Index and Final Name: inner--0131 Key: fabric0131
insert into Zoom_Inventory_Attribute (Zoom_Id, Inventory_Attribute_Id) values (10156, 182);
insert into Zoom (Id, Description, Layer) values (10157, 'resources//img/Cuff/Cuff-Closeup-Lyr02-BevNarrow-Inner.0132.png', 02);
insert into Category_Zoom (Category_Id, Zoom_Id) values (6, 10157);
insert into Zoom_Inventory_Attribute (Zoom_Id, Inventory_Attribute_Id) values (10157, 47);
-- Final Index and Final Name: inner--0132 Key: fabric0132
insert into Zoom_Inventory_Attribute (Zoom_Id, Inventory_Attribute_Id) values (10157, 183);
insert into Zoom (Id, Description, Layer) values (10158, 'resources//img/Cuff/Cuff-Closeup-Lyr02-BevNarrow-Inner.0133.png', 02);
insert into Category_Zoom (Category_Id, Zoom_Id) values (6, 10158);
insert into Zoom_Inventory_Attribute (Zoom_Id, Inventory_Attribute_Id) values (10158, 47);
-- Final Index and Final Name: inner--0133 Key: fabric0133
insert into Zoom_Inventory_Attribute (Zoom_Id, Inventory_Attribute_Id) values (10158, 184);
insert into Zoom (Id, Description, Layer) values (10159, 'resources//img/Cuff/Cuff-Closeup-Lyr02-BevNarrow-Inner.0134.png', 02);
insert into Category_Zoom (Category_Id, Zoom_Id) values (6, 10159);
insert into Zoom_Inventory_Attribute (Zoom_Id, Inventory_Attribute_Id) values (10159, 47);
-- Final Index and Final Name: inner--0134 Key: fabric0134
insert into Zoom_Inventory_Attribute (Zoom_Id, Inventory_Attribute_Id) values (10159, 185);
insert into Zoom (Id, Description, Layer) values (10160, 'resources//img/Cuff/Cuff-Closeup-Lyr02-BevNarrow-Inner.0135.png', 02);
insert into Category_Zoom (Category_Id, Zoom_Id) values (6, 10160);
insert into Zoom_Inventory_Attribute (Zoom_Id, Inventory_Attribute_Id) values (10160, 47);
-- Final Index and Final Name: inner--0135 Key: fabric0135
insert into Zoom_Inventory_Attribute (Zoom_Id, Inventory_Attribute_Id) values (10160, 186);
insert into Zoom (Id, Description, Layer) values (10161, 'resources//img/Cuff/Cuff-Closeup-Lyr02-BevNarrow-Inner.0136.png', 02);
insert into Category_Zoom (Category_Id, Zoom_Id) values (6, 10161);
insert into Zoom_Inventory_Attribute (Zoom_Id, Inventory_Attribute_Id) values (10161, 47);
-- Final Index and Final Name: inner--0136 Key: fabric0136
insert into Zoom_Inventory_Attribute (Zoom_Id, Inventory_Attribute_Id) values (10161, 187);
insert into Zoom (Id, Description, Layer) values (10162, 'resources//img/Cuff/Cuff-Closeup-Lyr02-BevNarrow-Inner.0137.png', 02);
insert into Category_Zoom (Category_Id, Zoom_Id) values (6, 10162);
insert into Zoom_Inventory_Attribute (Zoom_Id, Inventory_Attribute_Id) values (10162, 47);
-- Final Index and Final Name: inner--0137 Key: fabric0137
insert into Zoom_Inventory_Attribute (Zoom_Id, Inventory_Attribute_Id) values (10162, 188);
insert into Zoom (Id, Description, Layer) values (10163, 'resources//img/Cuff/Cuff-Closeup-Lyr02-BevNarrow-Inner.0138.png', 02);
insert into Category_Zoom (Category_Id, Zoom_Id) values (6, 10163);
insert into Zoom_Inventory_Attribute (Zoom_Id, Inventory_Attribute_Id) values (10163, 47);
-- Final Index and Final Name: inner--0138 Key: fabric0138
insert into Zoom_Inventory_Attribute (Zoom_Id, Inventory_Attribute_Id) values (10163, 189);
insert into Zoom (Id, Description, Layer) values (10164, 'resources//img/Cuff/Cuff-Closeup-Lyr02-BevNarrow-Inner.0139.png', 02);
insert into Category_Zoom (Category_Id, Zoom_Id) values (6, 10164);
insert into Zoom_Inventory_Attribute (Zoom_Id, Inventory_Attribute_Id) values (10164, 47);
-- Final Index and Final Name: inner--0139 Key: fabric0139
insert into Zoom_Inventory_Attribute (Zoom_Id, Inventory_Attribute_Id) values (10164, 190);
insert into Zoom (Id, Description, Layer) values (10165, 'resources//img/Cuff/Cuff-Closeup-Lyr02-BevNarrow-Inner.0140.png', 02);
insert into Category_Zoom (Category_Id, Zoom_Id) values (6, 10165);
insert into Zoom_Inventory_Attribute (Zoom_Id, Inventory_Attribute_Id) values (10165, 47);
-- Final Index and Final Name: inner--0140 Key: fabric0140
insert into Zoom_Inventory_Attribute (Zoom_Id, Inventory_Attribute_Id) values (10165, 191);
insert into Zoom (Id, Description, Layer) values (10166, 'resources//img/Cuff/Cuff-Closeup-Lyr02-BevNarrow-Inner.0141.png', 02);
insert into Category_Zoom (Category_Id, Zoom_Id) values (6, 10166);
insert into Zoom_Inventory_Attribute (Zoom_Id, Inventory_Attribute_Id) values (10166, 47);
-- Final Index and Final Name: inner--0141 Key: fabric0141
insert into Zoom_Inventory_Attribute (Zoom_Id, Inventory_Attribute_Id) values (10166, 192);
insert into Zoom (Id, Description, Layer) values (10167, 'resources//img/Cuff/Cuff-Closeup-Lyr02-BevNarrow-Inner.0142.png', 02);
insert into Category_Zoom (Category_Id, Zoom_Id) values (6, 10167);
insert into Zoom_Inventory_Attribute (Zoom_Id, Inventory_Attribute_Id) values (10167, 47);
-- Final Index and Final Name: inner--0142 Key: fabric0142
insert into Zoom_Inventory_Attribute (Zoom_Id, Inventory_Attribute_Id) values (10167, 193);
insert into Zoom (Id, Description, Layer) values (10168, 'resources//img/Cuff/Cuff-Closeup-Lyr02-BevNarrow-Inner.0143.png', 02);
insert into Category_Zoom (Category_Id, Zoom_Id) values (6, 10168);
insert into Zoom_Inventory_Attribute (Zoom_Id, Inventory_Attribute_Id) values (10168, 47);
-- Final Index and Final Name: inner--0143 Key: fabric0143
insert into Zoom_Inventory_Attribute (Zoom_Id, Inventory_Attribute_Id) values (10168, 194);
insert into Zoom (Id, Description, Layer) values (10169, 'resources//img/Cuff/Cuff-Closeup-Lyr02-BevNarrow-Inner.0144.png', 02);
insert into Category_Zoom (Category_Id, Zoom_Id) values (6, 10169);
insert into Zoom_Inventory_Attribute (Zoom_Id, Inventory_Attribute_Id) values (10169, 47);
-- Final Index and Final Name: inner--0144 Key: fabric0144
insert into Zoom_Inventory_Attribute (Zoom_Id, Inventory_Attribute_Id) values (10169, 195);
insert into Zoom (Id, Description, Layer) values (10170, 'resources//img/Cuff/Cuff-Closeup-Lyr02-BevNarrow-Inner.0145.png', 02);
insert into Category_Zoom (Category_Id, Zoom_Id) values (6, 10170);
insert into Zoom_Inventory_Attribute (Zoom_Id, Inventory_Attribute_Id) values (10170, 47);
-- Final Index and Final Name: inner--0145 Key: fabric0145
insert into Zoom_Inventory_Attribute (Zoom_Id, Inventory_Attribute_Id) values (10170, 196);
insert into Zoom (Id, Description, Layer) values (10171, 'resources//img/Cuff/Cuff-Closeup-Lyr02-BevNarrow-Inner.0146.png', 02);
insert into Category_Zoom (Category_Id, Zoom_Id) values (6, 10171);
insert into Zoom_Inventory_Attribute (Zoom_Id, Inventory_Attribute_Id) values (10171, 47);
-- Final Index and Final Name: inner--0146 Key: fabric0146
insert into Zoom_Inventory_Attribute (Zoom_Id, Inventory_Attribute_Id) values (10171, 197);
insert into Zoom (Id, Description, Layer) values (10172, 'resources//img/Cuff/Cuff-Closeup-Lyr02-BevNarrow-Inner.0147.png', 02);
insert into Category_Zoom (Category_Id, Zoom_Id) values (6, 10172);
insert into Zoom_Inventory_Attribute (Zoom_Id, Inventory_Attribute_Id) values (10172, 47);
-- Final Index and Final Name: inner--0147 Key: fabric0147
insert into Zoom_Inventory_Attribute (Zoom_Id, Inventory_Attribute_Id) values (10172, 198);
insert into Zoom (Id, Description, Layer) values (10173, 'resources//img/Cuff/Cuff-Closeup-Lyr02-BevNarrow-Inner.0148.png', 02);
insert into Category_Zoom (Category_Id, Zoom_Id) values (6, 10173);
insert into Zoom_Inventory_Attribute (Zoom_Id, Inventory_Attribute_Id) values (10173, 47);
-- Final Index and Final Name: inner--0148 Key: fabric0148
insert into Zoom_Inventory_Attribute (Zoom_Id, Inventory_Attribute_Id) values (10173, 199);
insert into Zoom (Id, Description, Layer) values (10174, 'resources//img/Cuff/Cuff-Closeup-Lyr02-BevNarrow-Inner.0149.png', 02);
insert into Category_Zoom (Category_Id, Zoom_Id) values (6, 10174);
insert into Zoom_Inventory_Attribute (Zoom_Id, Inventory_Attribute_Id) values (10174, 47);
-- Final Index and Final Name: inner--0149 Key: fabric0149
insert into Zoom_Inventory_Attribute (Zoom_Id, Inventory_Attribute_Id) values (10174, 200);
insert into Zoom (Id, Description, Layer) values (10175, 'resources//img/Cuff/Cuff-Closeup-Lyr02-BevNarrow-Inner.0150.png', 02);
insert into Category_Zoom (Category_Id, Zoom_Id) values (6, 10175);
insert into Zoom_Inventory_Attribute (Zoom_Id, Inventory_Attribute_Id) values (10175, 47);
-- Final Index and Final Name: inner--0150 Key: fabric0150
insert into Zoom_Inventory_Attribute (Zoom_Id, Inventory_Attribute_Id) values (10175, 201);
insert into Zoom (Id, Description, Layer) values (10176, 'resources//img/Cuff/Cuff-Closeup-Lyr02-BevNarrow-Inner.0151.png', 02);
insert into Category_Zoom (Category_Id, Zoom_Id) values (6, 10176);
insert into Zoom_Inventory_Attribute (Zoom_Id, Inventory_Attribute_Id) values (10176, 47);
-- Final Index and Final Name: inner--0151 Key: fabric0151
insert into Zoom_Inventory_Attribute (Zoom_Id, Inventory_Attribute_Id) values (10176, 202);
insert into Zoom (Id, Description, Layer) values (10177, 'resources//img/Cuff/Cuff-Closeup-Lyr02-BevNarrow-Inner.0152.png', 02);
insert into Category_Zoom (Category_Id, Zoom_Id) values (6, 10177);
insert into Zoom_Inventory_Attribute (Zoom_Id, Inventory_Attribute_Id) values (10177, 47);
-- Final Index and Final Name: inner--0152 Key: fabric0152
insert into Zoom_Inventory_Attribute (Zoom_Id, Inventory_Attribute_Id) values (10177, 203);
insert into Zoom (Id, Description, Layer) values (10178, 'resources//img/Cuff/Cuff-Closeup-Lyr02-BevNarrow-Inner.0153.png', 02);
insert into Category_Zoom (Category_Id, Zoom_Id) values (6, 10178);
insert into Zoom_Inventory_Attribute (Zoom_Id, Inventory_Attribute_Id) values (10178, 47);
-- Final Index and Final Name: inner--0153 Key: fabric0153
insert into Zoom_Inventory_Attribute (Zoom_Id, Inventory_Attribute_Id) values (10178, 204);
insert into Zoom (Id, Description, Layer) values (10179, 'resources//img/Cuff/Cuff-Closeup-Lyr02-BevNarrow-Inner.0154.png', 02);
insert into Category_Zoom (Category_Id, Zoom_Id) values (6, 10179);
insert into Zoom_Inventory_Attribute (Zoom_Id, Inventory_Attribute_Id) values (10179, 47);
-- Final Index and Final Name: inner--0154 Key: fabric0154
insert into Zoom_Inventory_Attribute (Zoom_Id, Inventory_Attribute_Id) values (10179, 205);
insert into Zoom (Id, Description, Layer) values (10180, 'resources//img/Cuff/Cuff-Closeup-Lyr02-BevNarrow-Inner.0155.png', 02);
insert into Category_Zoom (Category_Id, Zoom_Id) values (6, 10180);
insert into Zoom_Inventory_Attribute (Zoom_Id, Inventory_Attribute_Id) values (10180, 47);
-- Final Index and Final Name: inner--0155 Key: fabric0155
insert into Zoom_Inventory_Attribute (Zoom_Id, Inventory_Attribute_Id) values (10180, 206);
insert into Zoom (Id, Description, Layer) values (10181, 'resources//img/Cuff/Cuff-Closeup-Lyr02-BevSingButton-Inner.0001.png', 02);
insert into Category_Zoom (Category_Id, Zoom_Id) values (6, 10181);
insert into Zoom_Inventory_Attribute (Zoom_Id, Inventory_Attribute_Id) values (10181, 49);
-- Final Index and Final Name: inner--0001 Key: fabric0001
insert into Zoom_Inventory_Attribute (Zoom_Id, Inventory_Attribute_Id) values (10181, 52);
insert into Zoom (Id, Description, Layer) values (10182, 'resources//img/Cuff/Cuff-Closeup-Lyr02-BevSingButton-Inner.0002.png', 02);
insert into Category_Zoom (Category_Id, Zoom_Id) values (6, 10182);
insert into Zoom_Inventory_Attribute (Zoom_Id, Inventory_Attribute_Id) values (10182, 49);
-- Final Index and Final Name: inner--0002 Key: fabric0002
insert into Zoom_Inventory_Attribute (Zoom_Id, Inventory_Attribute_Id) values (10182, 53);
insert into Zoom (Id, Description, Layer) values (10183, 'resources//img/Cuff/Cuff-Closeup-Lyr02-BevSingButton-Inner.0003.png', 02);
insert into Category_Zoom (Category_Id, Zoom_Id) values (6, 10183);
insert into Zoom_Inventory_Attribute (Zoom_Id, Inventory_Attribute_Id) values (10183, 49);
-- Final Index and Final Name: inner--0003 Key: fabric0003
insert into Zoom_Inventory_Attribute (Zoom_Id, Inventory_Attribute_Id) values (10183, 54);
insert into Zoom (Id, Description, Layer) values (10184, 'resources//img/Cuff/Cuff-Closeup-Lyr02-BevSingButton-Inner.0004.png', 02);
insert into Category_Zoom (Category_Id, Zoom_Id) values (6, 10184);
insert into Zoom_Inventory_Attribute (Zoom_Id, Inventory_Attribute_Id) values (10184, 49);
-- Final Index and Final Name: inner--0004 Key: fabric0004
insert into Zoom_Inventory_Attribute (Zoom_Id, Inventory_Attribute_Id) values (10184, 55);
insert into Zoom (Id, Description, Layer) values (10185, 'resources//img/Cuff/Cuff-Closeup-Lyr02-BevSingButton-Inner.0005.png', 02);
insert into Category_Zoom (Category_Id, Zoom_Id) values (6, 10185);
insert into Zoom_Inventory_Attribute (Zoom_Id, Inventory_Attribute_Id) values (10185, 49);
-- Final Index and Final Name: inner--0005 Key: fabric0005
insert into Zoom_Inventory_Attribute (Zoom_Id, Inventory_Attribute_Id) values (10185, 56);
insert into Zoom (Id, Description, Layer) values (10186, 'resources//img/Cuff/Cuff-Closeup-Lyr02-BevSingButton-Inner.0006.png', 02);
insert into Category_Zoom (Category_Id, Zoom_Id) values (6, 10186);
insert into Zoom_Inventory_Attribute (Zoom_Id, Inventory_Attribute_Id) values (10186, 49);
-- Final Index and Final Name: inner--0006 Key: fabric0006
insert into Zoom_Inventory_Attribute (Zoom_Id, Inventory_Attribute_Id) values (10186, 57);
insert into Zoom (Id, Description, Layer) values (10187, 'resources//img/Cuff/Cuff-Closeup-Lyr02-BevSingButton-Inner.0007.png', 02);
insert into Category_Zoom (Category_Id, Zoom_Id) values (6, 10187);
insert into Zoom_Inventory_Attribute (Zoom_Id, Inventory_Attribute_Id) values (10187, 49);
-- Final Index and Final Name: inner--0007 Key: fabric0007
insert into Zoom_Inventory_Attribute (Zoom_Id, Inventory_Attribute_Id) values (10187, 58);
insert into Zoom (Id, Description, Layer) values (10188, 'resources//img/Cuff/Cuff-Closeup-Lyr02-BevSingButton-Inner.0008.png', 02);
insert into Category_Zoom (Category_Id, Zoom_Id) values (6, 10188);
insert into Zoom_Inventory_Attribute (Zoom_Id, Inventory_Attribute_Id) values (10188, 49);
-- Final Index and Final Name: inner--0008 Key: fabric0008
insert into Zoom_Inventory_Attribute (Zoom_Id, Inventory_Attribute_Id) values (10188, 59);
insert into Zoom (Id, Description, Layer) values (10189, 'resources//img/Cuff/Cuff-Closeup-Lyr02-BevSingButton-Inner.0009.png', 02);
insert into Category_Zoom (Category_Id, Zoom_Id) values (6, 10189);
insert into Zoom_Inventory_Attribute (Zoom_Id, Inventory_Attribute_Id) values (10189, 49);
-- Final Index and Final Name: inner--0009 Key: fabric0009
insert into Zoom_Inventory_Attribute (Zoom_Id, Inventory_Attribute_Id) values (10189, 60);
insert into Zoom (Id, Description, Layer) values (10190, 'resources//img/Cuff/Cuff-Closeup-Lyr02-BevSingButton-Inner.0010.png', 02);
insert into Category_Zoom (Category_Id, Zoom_Id) values (6, 10190);
insert into Zoom_Inventory_Attribute (Zoom_Id, Inventory_Attribute_Id) values (10190, 49);
-- Final Index and Final Name: inner--0010 Key: fabric0010
insert into Zoom_Inventory_Attribute (Zoom_Id, Inventory_Attribute_Id) values (10190, 61);
insert into Zoom (Id, Description, Layer) values (10191, 'resources//img/Cuff/Cuff-Closeup-Lyr02-BevSingButton-Inner.0011.png', 02);
insert into Category_Zoom (Category_Id, Zoom_Id) values (6, 10191);
insert into Zoom_Inventory_Attribute (Zoom_Id, Inventory_Attribute_Id) values (10191, 49);
-- Final Index and Final Name: inner--0011 Key: fabric0011
insert into Zoom_Inventory_Attribute (Zoom_Id, Inventory_Attribute_Id) values (10191, 62);
insert into Zoom (Id, Description, Layer) values (10192, 'resources//img/Cuff/Cuff-Closeup-Lyr02-BevSingButton-Inner.0012.png', 02);
insert into Category_Zoom (Category_Id, Zoom_Id) values (6, 10192);
insert into Zoom_Inventory_Attribute (Zoom_Id, Inventory_Attribute_Id) values (10192, 49);
-- Final Index and Final Name: inner--0012 Key: fabric0012
insert into Zoom_Inventory_Attribute (Zoom_Id, Inventory_Attribute_Id) values (10192, 63);
insert into Zoom (Id, Description, Layer) values (10193, 'resources//img/Cuff/Cuff-Closeup-Lyr02-BevSingButton-Inner.0013.png', 02);
insert into Category_Zoom (Category_Id, Zoom_Id) values (6, 10193);
insert into Zoom_Inventory_Attribute (Zoom_Id, Inventory_Attribute_Id) values (10193, 49);
-- Final Index and Final Name: inner--0013 Key: fabric0013
insert into Zoom_Inventory_Attribute (Zoom_Id, Inventory_Attribute_Id) values (10193, 64);
insert into Zoom (Id, Description, Layer) values (10194, 'resources//img/Cuff/Cuff-Closeup-Lyr02-BevSingButton-Inner.0014.png', 02);
insert into Category_Zoom (Category_Id, Zoom_Id) values (6, 10194);
insert into Zoom_Inventory_Attribute (Zoom_Id, Inventory_Attribute_Id) values (10194, 49);
-- Final Index and Final Name: inner--0014 Key: fabric0014
insert into Zoom_Inventory_Attribute (Zoom_Id, Inventory_Attribute_Id) values (10194, 65);
insert into Zoom (Id, Description, Layer) values (10195, 'resources//img/Cuff/Cuff-Closeup-Lyr02-BevSingButton-Inner.0015.png', 02);
insert into Category_Zoom (Category_Id, Zoom_Id) values (6, 10195);
insert into Zoom_Inventory_Attribute (Zoom_Id, Inventory_Attribute_Id) values (10195, 49);
-- Final Index and Final Name: inner--0015 Key: fabric0015
insert into Zoom_Inventory_Attribute (Zoom_Id, Inventory_Attribute_Id) values (10195, 66);
insert into Zoom (Id, Description, Layer) values (10196, 'resources//img/Cuff/Cuff-Closeup-Lyr02-BevSingButton-Inner.0016.png', 02);
insert into Category_Zoom (Category_Id, Zoom_Id) values (6, 10196);
insert into Zoom_Inventory_Attribute (Zoom_Id, Inventory_Attribute_Id) values (10196, 49);
-- Final Index and Final Name: inner--0016 Key: fabric0016
insert into Zoom_Inventory_Attribute (Zoom_Id, Inventory_Attribute_Id) values (10196, 67);
insert into Zoom (Id, Description, Layer) values (10197, 'resources//img/Cuff/Cuff-Closeup-Lyr02-BevSingButton-Inner.0017.png', 02);
insert into Category_Zoom (Category_Id, Zoom_Id) values (6, 10197);
insert into Zoom_Inventory_Attribute (Zoom_Id, Inventory_Attribute_Id) values (10197, 49);
-- Final Index and Final Name: inner--0017 Key: fabric0017
insert into Zoom_Inventory_Attribute (Zoom_Id, Inventory_Attribute_Id) values (10197, 68);
insert into Zoom (Id, Description, Layer) values (10198, 'resources//img/Cuff/Cuff-Closeup-Lyr02-BevSingButton-Inner.0018.png', 02);
insert into Category_Zoom (Category_Id, Zoom_Id) values (6, 10198);
insert into Zoom_Inventory_Attribute (Zoom_Id, Inventory_Attribute_Id) values (10198, 49);
-- Final Index and Final Name: inner--0018 Key: fabric0018
insert into Zoom_Inventory_Attribute (Zoom_Id, Inventory_Attribute_Id) values (10198, 69);
insert into Zoom (Id, Description, Layer) values (10199, 'resources//img/Cuff/Cuff-Closeup-Lyr02-BevSingButton-Inner.0019.png', 02);
insert into Category_Zoom (Category_Id, Zoom_Id) values (6, 10199);
insert into Zoom_Inventory_Attribute (Zoom_Id, Inventory_Attribute_Id) values (10199, 49);
-- Final Index and Final Name: inner--0019 Key: fabric0019
insert into Zoom_Inventory_Attribute (Zoom_Id, Inventory_Attribute_Id) values (10199, 70);
insert into Zoom (Id, Description, Layer) values (10200, 'resources//img/Cuff/Cuff-Closeup-Lyr02-BevSingButton-Inner.0020.png', 02);
insert into Category_Zoom (Category_Id, Zoom_Id) values (6, 10200);
insert into Zoom_Inventory_Attribute (Zoom_Id, Inventory_Attribute_Id) values (10200, 49);
-- Final Index and Final Name: inner--0020 Key: fabric0020
insert into Zoom_Inventory_Attribute (Zoom_Id, Inventory_Attribute_Id) values (10200, 71);
insert into Zoom (Id, Description, Layer) values (10201, 'resources//img/Cuff/Cuff-Closeup-Lyr02-BevSingButton-Inner.0021.png', 02);
insert into Category_Zoom (Category_Id, Zoom_Id) values (6, 10201);
insert into Zoom_Inventory_Attribute (Zoom_Id, Inventory_Attribute_Id) values (10201, 49);
-- Final Index and Final Name: inner--0021 Key: fabric0021
insert into Zoom_Inventory_Attribute (Zoom_Id, Inventory_Attribute_Id) values (10201, 72);
insert into Zoom (Id, Description, Layer) values (10202, 'resources//img/Cuff/Cuff-Closeup-Lyr02-BevSingButton-Inner.0022.png', 02);
insert into Category_Zoom (Category_Id, Zoom_Id) values (6, 10202);
insert into Zoom_Inventory_Attribute (Zoom_Id, Inventory_Attribute_Id) values (10202, 49);
-- Final Index and Final Name: inner--0022 Key: fabric0022
insert into Zoom_Inventory_Attribute (Zoom_Id, Inventory_Attribute_Id) values (10202, 73);
insert into Zoom (Id, Description, Layer) values (10203, 'resources//img/Cuff/Cuff-Closeup-Lyr02-BevSingButton-Inner.0023.png', 02);
insert into Category_Zoom (Category_Id, Zoom_Id) values (6, 10203);
insert into Zoom_Inventory_Attribute (Zoom_Id, Inventory_Attribute_Id) values (10203, 49);
-- Final Index and Final Name: inner--0023 Key: fabric0023
insert into Zoom_Inventory_Attribute (Zoom_Id, Inventory_Attribute_Id) values (10203, 74);
insert into Zoom (Id, Description, Layer) values (10204, 'resources//img/Cuff/Cuff-Closeup-Lyr02-BevSingButton-Inner.0024.png', 02);
insert into Category_Zoom (Category_Id, Zoom_Id) values (6, 10204);
insert into Zoom_Inventory_Attribute (Zoom_Id, Inventory_Attribute_Id) values (10204, 49);
-- Final Index and Final Name: inner--0024 Key: fabric0024
insert into Zoom_Inventory_Attribute (Zoom_Id, Inventory_Attribute_Id) values (10204, 75);
insert into Zoom (Id, Description, Layer) values (10205, 'resources//img/Cuff/Cuff-Closeup-Lyr02-BevSingButton-Inner.0025.png', 02);
insert into Category_Zoom (Category_Id, Zoom_Id) values (6, 10205);
insert into Zoom_Inventory_Attribute (Zoom_Id, Inventory_Attribute_Id) values (10205, 49);
-- Final Index and Final Name: inner--0025 Key: fabric0025
insert into Zoom_Inventory_Attribute (Zoom_Id, Inventory_Attribute_Id) values (10205, 76);
insert into Zoom (Id, Description, Layer) values (10206, 'resources//img/Cuff/Cuff-Closeup-Lyr02-BevSingButton-Inner.0026.png', 02);
insert into Category_Zoom (Category_Id, Zoom_Id) values (6, 10206);
insert into Zoom_Inventory_Attribute (Zoom_Id, Inventory_Attribute_Id) values (10206, 49);
-- Final Index and Final Name: inner--0026 Key: fabric0026
insert into Zoom_Inventory_Attribute (Zoom_Id, Inventory_Attribute_Id) values (10206, 77);
insert into Zoom (Id, Description, Layer) values (10207, 'resources//img/Cuff/Cuff-Closeup-Lyr02-BevSingButton-Inner.0027.png', 02);
insert into Category_Zoom (Category_Id, Zoom_Id) values (6, 10207);
insert into Zoom_Inventory_Attribute (Zoom_Id, Inventory_Attribute_Id) values (10207, 49);
-- Final Index and Final Name: inner--0027 Key: fabric0027
insert into Zoom_Inventory_Attribute (Zoom_Id, Inventory_Attribute_Id) values (10207, 78);
insert into Zoom (Id, Description, Layer) values (10208, 'resources//img/Cuff/Cuff-Closeup-Lyr02-BevSingButton-Inner.0028.png', 02);
insert into Category_Zoom (Category_Id, Zoom_Id) values (6, 10208);
insert into Zoom_Inventory_Attribute (Zoom_Id, Inventory_Attribute_Id) values (10208, 49);
-- Final Index and Final Name: inner--0028 Key: fabric0028
insert into Zoom_Inventory_Attribute (Zoom_Id, Inventory_Attribute_Id) values (10208, 79);
insert into Zoom (Id, Description, Layer) values (10209, 'resources//img/Cuff/Cuff-Closeup-Lyr02-BevSingButton-Inner.0029.png', 02);
insert into Category_Zoom (Category_Id, Zoom_Id) values (6, 10209);
insert into Zoom_Inventory_Attribute (Zoom_Id, Inventory_Attribute_Id) values (10209, 49);
-- Final Index and Final Name: inner--0029 Key: fabric0029
insert into Zoom_Inventory_Attribute (Zoom_Id, Inventory_Attribute_Id) values (10209, 80);
insert into Zoom (Id, Description, Layer) values (10210, 'resources//img/Cuff/Cuff-Closeup-Lyr02-BevSingButton-Inner.0030.png', 02);
insert into Category_Zoom (Category_Id, Zoom_Id) values (6, 10210);
insert into Zoom_Inventory_Attribute (Zoom_Id, Inventory_Attribute_Id) values (10210, 49);
-- Final Index and Final Name: inner--0030 Key: fabric0030
insert into Zoom_Inventory_Attribute (Zoom_Id, Inventory_Attribute_Id) values (10210, 81);
insert into Zoom (Id, Description, Layer) values (10211, 'resources//img/Cuff/Cuff-Closeup-Lyr02-BevSingButton-Inner.0031.png', 02);
insert into Category_Zoom (Category_Id, Zoom_Id) values (6, 10211);
insert into Zoom_Inventory_Attribute (Zoom_Id, Inventory_Attribute_Id) values (10211, 49);
-- Final Index and Final Name: inner--0031 Key: fabric0031
insert into Zoom_Inventory_Attribute (Zoom_Id, Inventory_Attribute_Id) values (10211, 82);
insert into Zoom (Id, Description, Layer) values (10212, 'resources//img/Cuff/Cuff-Closeup-Lyr02-BevSingButton-Inner.0032.png', 02);
insert into Category_Zoom (Category_Id, Zoom_Id) values (6, 10212);
insert into Zoom_Inventory_Attribute (Zoom_Id, Inventory_Attribute_Id) values (10212, 49);
-- Final Index and Final Name: inner--0032 Key: fabric0032
insert into Zoom_Inventory_Attribute (Zoom_Id, Inventory_Attribute_Id) values (10212, 83);
insert into Zoom (Id, Description, Layer) values (10213, 'resources//img/Cuff/Cuff-Closeup-Lyr02-BevSingButton-Inner.0033.png', 02);
insert into Category_Zoom (Category_Id, Zoom_Id) values (6, 10213);
insert into Zoom_Inventory_Attribute (Zoom_Id, Inventory_Attribute_Id) values (10213, 49);
-- Final Index and Final Name: inner--0033 Key: fabric0033
insert into Zoom_Inventory_Attribute (Zoom_Id, Inventory_Attribute_Id) values (10213, 84);
insert into Zoom (Id, Description, Layer) values (10214, 'resources//img/Cuff/Cuff-Closeup-Lyr02-BevSingButton-Inner.0034.png', 02);
insert into Category_Zoom (Category_Id, Zoom_Id) values (6, 10214);
insert into Zoom_Inventory_Attribute (Zoom_Id, Inventory_Attribute_Id) values (10214, 49);
-- Final Index and Final Name: inner--0034 Key: fabric0034
insert into Zoom_Inventory_Attribute (Zoom_Id, Inventory_Attribute_Id) values (10214, 85);
insert into Zoom (Id, Description, Layer) values (10215, 'resources//img/Cuff/Cuff-Closeup-Lyr02-BevSingButton-Inner.0035.png', 02);
insert into Category_Zoom (Category_Id, Zoom_Id) values (6, 10215);
insert into Zoom_Inventory_Attribute (Zoom_Id, Inventory_Attribute_Id) values (10215, 49);
-- Final Index and Final Name: inner--0035 Key: fabric0035
insert into Zoom_Inventory_Attribute (Zoom_Id, Inventory_Attribute_Id) values (10215, 86);
insert into Zoom (Id, Description, Layer) values (10216, 'resources//img/Cuff/Cuff-Closeup-Lyr02-BevSingButton-Inner.0036.png', 02);
insert into Category_Zoom (Category_Id, Zoom_Id) values (6, 10216);
insert into Zoom_Inventory_Attribute (Zoom_Id, Inventory_Attribute_Id) values (10216, 49);
-- Final Index and Final Name: inner--0036 Key: fabric0036
insert into Zoom_Inventory_Attribute (Zoom_Id, Inventory_Attribute_Id) values (10216, 87);
insert into Zoom (Id, Description, Layer) values (10217, 'resources//img/Cuff/Cuff-Closeup-Lyr02-BevSingButton-Inner.0037.png', 02);
insert into Category_Zoom (Category_Id, Zoom_Id) values (6, 10217);
insert into Zoom_Inventory_Attribute (Zoom_Id, Inventory_Attribute_Id) values (10217, 49);
-- Final Index and Final Name: inner--0037 Key: fabric0037
insert into Zoom_Inventory_Attribute (Zoom_Id, Inventory_Attribute_Id) values (10217, 88);
insert into Zoom (Id, Description, Layer) values (10218, 'resources//img/Cuff/Cuff-Closeup-Lyr02-BevSingButton-Inner.0038.png', 02);
insert into Category_Zoom (Category_Id, Zoom_Id) values (6, 10218);
insert into Zoom_Inventory_Attribute (Zoom_Id, Inventory_Attribute_Id) values (10218, 49);
-- Final Index and Final Name: inner--0038 Key: fabric0038
insert into Zoom_Inventory_Attribute (Zoom_Id, Inventory_Attribute_Id) values (10218, 89);
insert into Zoom (Id, Description, Layer) values (10219, 'resources//img/Cuff/Cuff-Closeup-Lyr02-BevSingButton-Inner.0039.png', 02);
insert into Category_Zoom (Category_Id, Zoom_Id) values (6, 10219);
insert into Zoom_Inventory_Attribute (Zoom_Id, Inventory_Attribute_Id) values (10219, 49);
-- Final Index and Final Name: inner--0039 Key: fabric0039
insert into Zoom_Inventory_Attribute (Zoom_Id, Inventory_Attribute_Id) values (10219, 90);
insert into Zoom (Id, Description, Layer) values (10220, 'resources//img/Cuff/Cuff-Closeup-Lyr02-BevSingButton-Inner.0040.png', 02);
insert into Category_Zoom (Category_Id, Zoom_Id) values (6, 10220);
insert into Zoom_Inventory_Attribute (Zoom_Id, Inventory_Attribute_Id) values (10220, 49);
-- Final Index and Final Name: inner--0040 Key: fabric0040
insert into Zoom_Inventory_Attribute (Zoom_Id, Inventory_Attribute_Id) values (10220, 91);
insert into Zoom (Id, Description, Layer) values (10221, 'resources//img/Cuff/Cuff-Closeup-Lyr02-BevSingButton-Inner.0041.png', 02);
insert into Category_Zoom (Category_Id, Zoom_Id) values (6, 10221);
insert into Zoom_Inventory_Attribute (Zoom_Id, Inventory_Attribute_Id) values (10221, 49);
-- Final Index and Final Name: inner--0041 Key: fabric0041
insert into Zoom_Inventory_Attribute (Zoom_Id, Inventory_Attribute_Id) values (10221, 92);
insert into Zoom (Id, Description, Layer) values (10222, 'resources//img/Cuff/Cuff-Closeup-Lyr02-BevSingButton-Inner.0042.png', 02);
insert into Category_Zoom (Category_Id, Zoom_Id) values (6, 10222);
insert into Zoom_Inventory_Attribute (Zoom_Id, Inventory_Attribute_Id) values (10222, 49);
-- Final Index and Final Name: inner--0042 Key: fabric0042
insert into Zoom_Inventory_Attribute (Zoom_Id, Inventory_Attribute_Id) values (10222, 93);
insert into Zoom (Id, Description, Layer) values (10223, 'resources//img/Cuff/Cuff-Closeup-Lyr02-BevSingButton-Inner.0043.png', 02);
insert into Category_Zoom (Category_Id, Zoom_Id) values (6, 10223);
insert into Zoom_Inventory_Attribute (Zoom_Id, Inventory_Attribute_Id) values (10223, 49);
-- Final Index and Final Name: inner--0043 Key: fabric0043
insert into Zoom_Inventory_Attribute (Zoom_Id, Inventory_Attribute_Id) values (10223, 94);
insert into Zoom (Id, Description, Layer) values (10224, 'resources//img/Cuff/Cuff-Closeup-Lyr02-BevSingButton-Inner.0044.png', 02);
insert into Category_Zoom (Category_Id, Zoom_Id) values (6, 10224);
insert into Zoom_Inventory_Attribute (Zoom_Id, Inventory_Attribute_Id) values (10224, 49);
-- Final Index and Final Name: inner--0044 Key: fabric0044
insert into Zoom_Inventory_Attribute (Zoom_Id, Inventory_Attribute_Id) values (10224, 95);
insert into Zoom (Id, Description, Layer) values (10225, 'resources//img/Cuff/Cuff-Closeup-Lyr02-BevSingButton-Inner.0045.png', 02);
insert into Category_Zoom (Category_Id, Zoom_Id) values (6, 10225);
insert into Zoom_Inventory_Attribute (Zoom_Id, Inventory_Attribute_Id) values (10225, 49);
-- Final Index and Final Name: inner--0045 Key: fabric0045
insert into Zoom_Inventory_Attribute (Zoom_Id, Inventory_Attribute_Id) values (10225, 96);
insert into Zoom (Id, Description, Layer) values (10226, 'resources//img/Cuff/Cuff-Closeup-Lyr02-BevSingButton-Inner.0046.png', 02);
insert into Category_Zoom (Category_Id, Zoom_Id) values (6, 10226);
insert into Zoom_Inventory_Attribute (Zoom_Id, Inventory_Attribute_Id) values (10226, 49);
-- Final Index and Final Name: inner--0046 Key: fabric0046
insert into Zoom_Inventory_Attribute (Zoom_Id, Inventory_Attribute_Id) values (10226, 97);
insert into Zoom (Id, Description, Layer) values (10227, 'resources//img/Cuff/Cuff-Closeup-Lyr02-BevSingButton-Inner.0047.png', 02);
insert into Category_Zoom (Category_Id, Zoom_Id) values (6, 10227);
insert into Zoom_Inventory_Attribute (Zoom_Id, Inventory_Attribute_Id) values (10227, 49);
-- Final Index and Final Name: inner--0047 Key: fabric0047
insert into Zoom_Inventory_Attribute (Zoom_Id, Inventory_Attribute_Id) values (10227, 98);
insert into Zoom (Id, Description, Layer) values (10228, 'resources//img/Cuff/Cuff-Closeup-Lyr02-BevSingButton-Inner.0048.png', 02);
insert into Category_Zoom (Category_Id, Zoom_Id) values (6, 10228);
insert into Zoom_Inventory_Attribute (Zoom_Id, Inventory_Attribute_Id) values (10228, 49);
-- Final Index and Final Name: inner--0048 Key: fabric0048
insert into Zoom_Inventory_Attribute (Zoom_Id, Inventory_Attribute_Id) values (10228, 99);
insert into Zoom (Id, Description, Layer) values (10229, 'resources//img/Cuff/Cuff-Closeup-Lyr02-BevSingButton-Inner.0049.png', 02);
insert into Category_Zoom (Category_Id, Zoom_Id) values (6, 10229);
insert into Zoom_Inventory_Attribute (Zoom_Id, Inventory_Attribute_Id) values (10229, 49);
-- Final Index and Final Name: inner--0049 Key: fabric0049
insert into Zoom_Inventory_Attribute (Zoom_Id, Inventory_Attribute_Id) values (10229, 100);
insert into Zoom (Id, Description, Layer) values (10230, 'resources//img/Cuff/Cuff-Closeup-Lyr02-BevSingButton-Inner.0050.png', 02);
insert into Category_Zoom (Category_Id, Zoom_Id) values (6, 10230);
insert into Zoom_Inventory_Attribute (Zoom_Id, Inventory_Attribute_Id) values (10230, 49);
-- Final Index and Final Name: inner--0050 Key: fabric0050
insert into Zoom_Inventory_Attribute (Zoom_Id, Inventory_Attribute_Id) values (10230, 101);
insert into Zoom (Id, Description, Layer) values (10231, 'resources//img/Cuff/Cuff-Closeup-Lyr02-BevSingButton-Inner.0051.png', 02);
insert into Category_Zoom (Category_Id, Zoom_Id) values (6, 10231);
insert into Zoom_Inventory_Attribute (Zoom_Id, Inventory_Attribute_Id) values (10231, 49);
-- Final Index and Final Name: inner--0051 Key: fabric0051
insert into Zoom_Inventory_Attribute (Zoom_Id, Inventory_Attribute_Id) values (10231, 102);
insert into Zoom (Id, Description, Layer) values (10232, 'resources//img/Cuff/Cuff-Closeup-Lyr02-BevSingButton-Inner.0052.png', 02);
insert into Category_Zoom (Category_Id, Zoom_Id) values (6, 10232);
insert into Zoom_Inventory_Attribute (Zoom_Id, Inventory_Attribute_Id) values (10232, 49);
-- Final Index and Final Name: inner--0052 Key: fabric0052
insert into Zoom_Inventory_Attribute (Zoom_Id, Inventory_Attribute_Id) values (10232, 103);
insert into Zoom (Id, Description, Layer) values (10233, 'resources//img/Cuff/Cuff-Closeup-Lyr02-BevSingButton-Inner.0053.png', 02);
insert into Category_Zoom (Category_Id, Zoom_Id) values (6, 10233);
insert into Zoom_Inventory_Attribute (Zoom_Id, Inventory_Attribute_Id) values (10233, 49);
-- Final Index and Final Name: inner--0053 Key: fabric0053
insert into Zoom_Inventory_Attribute (Zoom_Id, Inventory_Attribute_Id) values (10233, 104);
insert into Zoom (Id, Description, Layer) values (10234, 'resources//img/Cuff/Cuff-Closeup-Lyr02-BevSingButton-Inner.0054.png', 02);
insert into Category_Zoom (Category_Id, Zoom_Id) values (6, 10234);
insert into Zoom_Inventory_Attribute (Zoom_Id, Inventory_Attribute_Id) values (10234, 49);
-- Final Index and Final Name: inner--0054 Key: fabric0054
insert into Zoom_Inventory_Attribute (Zoom_Id, Inventory_Attribute_Id) values (10234, 105);
insert into Zoom (Id, Description, Layer) values (10235, 'resources//img/Cuff/Cuff-Closeup-Lyr02-BevSingButton-Inner.0055.png', 02);
insert into Category_Zoom (Category_Id, Zoom_Id) values (6, 10235);
insert into Zoom_Inventory_Attribute (Zoom_Id, Inventory_Attribute_Id) values (10235, 49);
-- Final Index and Final Name: inner--0055 Key: fabric0055
insert into Zoom_Inventory_Attribute (Zoom_Id, Inventory_Attribute_Id) values (10235, 106);
insert into Zoom (Id, Description, Layer) values (10236, 'resources//img/Cuff/Cuff-Closeup-Lyr02-BevSingButton-Inner.0056.png', 02);
insert into Category_Zoom (Category_Id, Zoom_Id) values (6, 10236);
insert into Zoom_Inventory_Attribute (Zoom_Id, Inventory_Attribute_Id) values (10236, 49);
-- Final Index and Final Name: inner--0056 Key: fabric0056
insert into Zoom_Inventory_Attribute (Zoom_Id, Inventory_Attribute_Id) values (10236, 107);
insert into Zoom (Id, Description, Layer) values (10237, 'resources//img/Cuff/Cuff-Closeup-Lyr02-BevSingButton-Inner.0057.png', 02);
insert into Category_Zoom (Category_Id, Zoom_Id) values (6, 10237);
insert into Zoom_Inventory_Attribute (Zoom_Id, Inventory_Attribute_Id) values (10237, 49);
-- Final Index and Final Name: inner--0057 Key: fabric0057
insert into Zoom_Inventory_Attribute (Zoom_Id, Inventory_Attribute_Id) values (10237, 108);
insert into Zoom (Id, Description, Layer) values (10238, 'resources//img/Cuff/Cuff-Closeup-Lyr02-BevSingButton-Inner.0058.png', 02);
insert into Category_Zoom (Category_Id, Zoom_Id) values (6, 10238);
insert into Zoom_Inventory_Attribute (Zoom_Id, Inventory_Attribute_Id) values (10238, 49);
-- Final Index and Final Name: inner--0058 Key: fabric0058
insert into Zoom_Inventory_Attribute (Zoom_Id, Inventory_Attribute_Id) values (10238, 109);
insert into Zoom (Id, Description, Layer) values (10239, 'resources//img/Cuff/Cuff-Closeup-Lyr02-BevSingButton-Inner.0059.png', 02);
insert into Category_Zoom (Category_Id, Zoom_Id) values (6, 10239);
insert into Zoom_Inventory_Attribute (Zoom_Id, Inventory_Attribute_Id) values (10239, 49);
-- Final Index and Final Name: inner--0059 Key: fabric0059
insert into Zoom_Inventory_Attribute (Zoom_Id, Inventory_Attribute_Id) values (10239, 110);
insert into Zoom (Id, Description, Layer) values (10240, 'resources//img/Cuff/Cuff-Closeup-Lyr02-BevSingButton-Inner.0060.png', 02);
insert into Category_Zoom (Category_Id, Zoom_Id) values (6, 10240);
insert into Zoom_Inventory_Attribute (Zoom_Id, Inventory_Attribute_Id) values (10240, 49);
-- Final Index and Final Name: inner--0060 Key: fabric0060
insert into Zoom_Inventory_Attribute (Zoom_Id, Inventory_Attribute_Id) values (10240, 111);
insert into Zoom (Id, Description, Layer) values (10241, 'resources//img/Cuff/Cuff-Closeup-Lyr02-BevSingButton-Inner.0061.png', 02);
insert into Category_Zoom (Category_Id, Zoom_Id) values (6, 10241);
insert into Zoom_Inventory_Attribute (Zoom_Id, Inventory_Attribute_Id) values (10241, 49);
-- Final Index and Final Name: inner--0061 Key: fabric0061
insert into Zoom_Inventory_Attribute (Zoom_Id, Inventory_Attribute_Id) values (10241, 112);
insert into Zoom (Id, Description, Layer) values (10242, 'resources//img/Cuff/Cuff-Closeup-Lyr02-BevSingButton-Inner.0062.png', 02);
insert into Category_Zoom (Category_Id, Zoom_Id) values (6, 10242);
insert into Zoom_Inventory_Attribute (Zoom_Id, Inventory_Attribute_Id) values (10242, 49);
-- Final Index and Final Name: inner--0062 Key: fabric0062
insert into Zoom_Inventory_Attribute (Zoom_Id, Inventory_Attribute_Id) values (10242, 113);
insert into Zoom (Id, Description, Layer) values (10243, 'resources//img/Cuff/Cuff-Closeup-Lyr02-BevSingButton-Inner.0063.png', 02);
insert into Category_Zoom (Category_Id, Zoom_Id) values (6, 10243);
insert into Zoom_Inventory_Attribute (Zoom_Id, Inventory_Attribute_Id) values (10243, 49);
-- Final Index and Final Name: inner--0063 Key: fabric0063
insert into Zoom_Inventory_Attribute (Zoom_Id, Inventory_Attribute_Id) values (10243, 114);
insert into Zoom (Id, Description, Layer) values (10244, 'resources//img/Cuff/Cuff-Closeup-Lyr02-BevSingButton-Inner.0064.png', 02);
insert into Category_Zoom (Category_Id, Zoom_Id) values (6, 10244);
insert into Zoom_Inventory_Attribute (Zoom_Id, Inventory_Attribute_Id) values (10244, 49);
-- Final Index and Final Name: inner--0064 Key: fabric0064
insert into Zoom_Inventory_Attribute (Zoom_Id, Inventory_Attribute_Id) values (10244, 115);
insert into Zoom (Id, Description, Layer) values (10245, 'resources//img/Cuff/Cuff-Closeup-Lyr02-BevSingButton-Inner.0065.png', 02);
insert into Category_Zoom (Category_Id, Zoom_Id) values (6, 10245);
insert into Zoom_Inventory_Attribute (Zoom_Id, Inventory_Attribute_Id) values (10245, 49);
-- Final Index and Final Name: inner--0065 Key: fabric0065
insert into Zoom_Inventory_Attribute (Zoom_Id, Inventory_Attribute_Id) values (10245, 116);
insert into Zoom (Id, Description, Layer) values (10246, 'resources//img/Cuff/Cuff-Closeup-Lyr02-BevSingButton-Inner.0066.png', 02);
insert into Category_Zoom (Category_Id, Zoom_Id) values (6, 10246);
insert into Zoom_Inventory_Attribute (Zoom_Id, Inventory_Attribute_Id) values (10246, 49);
-- Final Index and Final Name: inner--0066 Key: fabric0066
insert into Zoom_Inventory_Attribute (Zoom_Id, Inventory_Attribute_Id) values (10246, 117);
insert into Zoom (Id, Description, Layer) values (10247, 'resources//img/Cuff/Cuff-Closeup-Lyr02-BevSingButton-Inner.0067.png', 02);
insert into Category_Zoom (Category_Id, Zoom_Id) values (6, 10247);
insert into Zoom_Inventory_Attribute (Zoom_Id, Inventory_Attribute_Id) values (10247, 49);
-- Final Index and Final Name: inner--0067 Key: fabric0067
insert into Zoom_Inventory_Attribute (Zoom_Id, Inventory_Attribute_Id) values (10247, 118);
insert into Zoom (Id, Description, Layer) values (10248, 'resources//img/Cuff/Cuff-Closeup-Lyr02-BevSingButton-Inner.0068.png', 02);
insert into Category_Zoom (Category_Id, Zoom_Id) values (6, 10248);
insert into Zoom_Inventory_Attribute (Zoom_Id, Inventory_Attribute_Id) values (10248, 49);
-- Final Index and Final Name: inner--0068 Key: fabric0068
insert into Zoom_Inventory_Attribute (Zoom_Id, Inventory_Attribute_Id) values (10248, 119);
insert into Zoom (Id, Description, Layer) values (10249, 'resources//img/Cuff/Cuff-Closeup-Lyr02-BevSingButton-Inner.0069.png', 02);
insert into Category_Zoom (Category_Id, Zoom_Id) values (6, 10249);
insert into Zoom_Inventory_Attribute (Zoom_Id, Inventory_Attribute_Id) values (10249, 49);
-- Final Index and Final Name: inner--0069 Key: fabric0069
insert into Zoom_Inventory_Attribute (Zoom_Id, Inventory_Attribute_Id) values (10249, 120);
insert into Zoom (Id, Description, Layer) values (10250, 'resources//img/Cuff/Cuff-Closeup-Lyr02-BevSingButton-Inner.0070.png', 02);
insert into Category_Zoom (Category_Id, Zoom_Id) values (6, 10250);
insert into Zoom_Inventory_Attribute (Zoom_Id, Inventory_Attribute_Id) values (10250, 49);
-- Final Index and Final Name: inner--0070 Key: fabric0070
insert into Zoom_Inventory_Attribute (Zoom_Id, Inventory_Attribute_Id) values (10250, 121);
insert into Zoom (Id, Description, Layer) values (10251, 'resources//img/Cuff/Cuff-Closeup-Lyr02-BevSingButton-Inner.0071.png', 02);
insert into Category_Zoom (Category_Id, Zoom_Id) values (6, 10251);
insert into Zoom_Inventory_Attribute (Zoom_Id, Inventory_Attribute_Id) values (10251, 49);
-- Final Index and Final Name: inner--0071 Key: fabric0071
insert into Zoom_Inventory_Attribute (Zoom_Id, Inventory_Attribute_Id) values (10251, 122);
insert into Zoom (Id, Description, Layer) values (10252, 'resources//img/Cuff/Cuff-Closeup-Lyr02-BevSingButton-Inner.0072.png', 02);
insert into Category_Zoom (Category_Id, Zoom_Id) values (6, 10252);
insert into Zoom_Inventory_Attribute (Zoom_Id, Inventory_Attribute_Id) values (10252, 49);
-- Final Index and Final Name: inner--0072 Key: fabric0072
insert into Zoom_Inventory_Attribute (Zoom_Id, Inventory_Attribute_Id) values (10252, 123);
insert into Zoom (Id, Description, Layer) values (10253, 'resources//img/Cuff/Cuff-Closeup-Lyr02-BevSingButton-Inner.0073.png', 02);
insert into Category_Zoom (Category_Id, Zoom_Id) values (6, 10253);
insert into Zoom_Inventory_Attribute (Zoom_Id, Inventory_Attribute_Id) values (10253, 49);
-- Final Index and Final Name: inner--0073 Key: fabric0073
insert into Zoom_Inventory_Attribute (Zoom_Id, Inventory_Attribute_Id) values (10253, 124);
insert into Zoom (Id, Description, Layer) values (10254, 'resources//img/Cuff/Cuff-Closeup-Lyr02-BevSingButton-Inner.0074.png', 02);
insert into Category_Zoom (Category_Id, Zoom_Id) values (6, 10254);
insert into Zoom_Inventory_Attribute (Zoom_Id, Inventory_Attribute_Id) values (10254, 49);
-- Final Index and Final Name: inner--0074 Key: fabric0074
insert into Zoom_Inventory_Attribute (Zoom_Id, Inventory_Attribute_Id) values (10254, 125);
insert into Zoom (Id, Description, Layer) values (10255, 'resources//img/Cuff/Cuff-Closeup-Lyr02-BevSingButton-Inner.0075.png', 02);
insert into Category_Zoom (Category_Id, Zoom_Id) values (6, 10255);
insert into Zoom_Inventory_Attribute (Zoom_Id, Inventory_Attribute_Id) values (10255, 49);
-- Final Index and Final Name: inner--0075 Key: fabric0075
insert into Zoom_Inventory_Attribute (Zoom_Id, Inventory_Attribute_Id) values (10255, 126);
insert into Zoom (Id, Description, Layer) values (10256, 'resources//img/Cuff/Cuff-Closeup-Lyr02-BevSingButton-Inner.0076.png', 02);
insert into Category_Zoom (Category_Id, Zoom_Id) values (6, 10256);
insert into Zoom_Inventory_Attribute (Zoom_Id, Inventory_Attribute_Id) values (10256, 49);
-- Final Index and Final Name: inner--0076 Key: fabric0076
insert into Zoom_Inventory_Attribute (Zoom_Id, Inventory_Attribute_Id) values (10256, 127);
insert into Zoom (Id, Description, Layer) values (10257, 'resources//img/Cuff/Cuff-Closeup-Lyr02-BevSingButton-Inner.0077.png', 02);
insert into Category_Zoom (Category_Id, Zoom_Id) values (6, 10257);
insert into Zoom_Inventory_Attribute (Zoom_Id, Inventory_Attribute_Id) values (10257, 49);
-- Final Index and Final Name: inner--0077 Key: fabric0077
insert into Zoom_Inventory_Attribute (Zoom_Id, Inventory_Attribute_Id) values (10257, 128);
insert into Zoom (Id, Description, Layer) values (10258, 'resources//img/Cuff/Cuff-Closeup-Lyr02-BevSingButton-Inner.0078.png', 02);
insert into Category_Zoom (Category_Id, Zoom_Id) values (6, 10258);
insert into Zoom_Inventory_Attribute (Zoom_Id, Inventory_Attribute_Id) values (10258, 49);
-- Final Index and Final Name: inner--0078 Key: fabric0078
insert into Zoom_Inventory_Attribute (Zoom_Id, Inventory_Attribute_Id) values (10258, 129);
insert into Zoom (Id, Description, Layer) values (10259, 'resources//img/Cuff/Cuff-Closeup-Lyr02-BevSingButton-Inner.0079.png', 02);
insert into Category_Zoom (Category_Id, Zoom_Id) values (6, 10259);
insert into Zoom_Inventory_Attribute (Zoom_Id, Inventory_Attribute_Id) values (10259, 49);
-- Final Index and Final Name: inner--0079 Key: fabric0079
insert into Zoom_Inventory_Attribute (Zoom_Id, Inventory_Attribute_Id) values (10259, 130);
insert into Zoom (Id, Description, Layer) values (10260, 'resources//img/Cuff/Cuff-Closeup-Lyr02-BevSingButton-Inner.0080.png', 02);
insert into Category_Zoom (Category_Id, Zoom_Id) values (6, 10260);
insert into Zoom_Inventory_Attribute (Zoom_Id, Inventory_Attribute_Id) values (10260, 49);
-- Final Index and Final Name: inner--0080 Key: fabric0080
insert into Zoom_Inventory_Attribute (Zoom_Id, Inventory_Attribute_Id) values (10260, 131);
insert into Zoom (Id, Description, Layer) values (10261, 'resources//img/Cuff/Cuff-Closeup-Lyr02-BevSingButton-Inner.0081.png', 02);
insert into Category_Zoom (Category_Id, Zoom_Id) values (6, 10261);
insert into Zoom_Inventory_Attribute (Zoom_Id, Inventory_Attribute_Id) values (10261, 49);
-- Final Index and Final Name: inner--0081 Key: fabric0081
insert into Zoom_Inventory_Attribute (Zoom_Id, Inventory_Attribute_Id) values (10261, 132);
insert into Zoom (Id, Description, Layer) values (10262, 'resources//img/Cuff/Cuff-Closeup-Lyr02-BevSingButton-Inner.0082.png', 02);
insert into Category_Zoom (Category_Id, Zoom_Id) values (6, 10262);
insert into Zoom_Inventory_Attribute (Zoom_Id, Inventory_Attribute_Id) values (10262, 49);
-- Final Index and Final Name: inner--0082 Key: fabric0082
insert into Zoom_Inventory_Attribute (Zoom_Id, Inventory_Attribute_Id) values (10262, 133);
insert into Zoom (Id, Description, Layer) values (10263, 'resources//img/Cuff/Cuff-Closeup-Lyr02-BevSingButton-Inner.0083.png', 02);
insert into Category_Zoom (Category_Id, Zoom_Id) values (6, 10263);
insert into Zoom_Inventory_Attribute (Zoom_Id, Inventory_Attribute_Id) values (10263, 49);
-- Final Index and Final Name: inner--0083 Key: fabric0083
insert into Zoom_Inventory_Attribute (Zoom_Id, Inventory_Attribute_Id) values (10263, 134);
insert into Zoom (Id, Description, Layer) values (10264, 'resources//img/Cuff/Cuff-Closeup-Lyr02-BevSingButton-Inner.0084.png', 02);
insert into Category_Zoom (Category_Id, Zoom_Id) values (6, 10264);
insert into Zoom_Inventory_Attribute (Zoom_Id, Inventory_Attribute_Id) values (10264, 49);
-- Final Index and Final Name: inner--0084 Key: fabric0084
insert into Zoom_Inventory_Attribute (Zoom_Id, Inventory_Attribute_Id) values (10264, 135);
insert into Zoom (Id, Description, Layer) values (10265, 'resources//img/Cuff/Cuff-Closeup-Lyr02-BevSingButton-Inner.0085.png', 02);
insert into Category_Zoom (Category_Id, Zoom_Id) values (6, 10265);
insert into Zoom_Inventory_Attribute (Zoom_Id, Inventory_Attribute_Id) values (10265, 49);
-- Final Index and Final Name: inner--0085 Key: fabric0085
insert into Zoom_Inventory_Attribute (Zoom_Id, Inventory_Attribute_Id) values (10265, 136);
insert into Zoom (Id, Description, Layer) values (10266, 'resources//img/Cuff/Cuff-Closeup-Lyr02-BevSingButton-Inner.0086.png', 02);
insert into Category_Zoom (Category_Id, Zoom_Id) values (6, 10266);
insert into Zoom_Inventory_Attribute (Zoom_Id, Inventory_Attribute_Id) values (10266, 49);
-- Final Index and Final Name: inner--0086 Key: fabric0086
insert into Zoom_Inventory_Attribute (Zoom_Id, Inventory_Attribute_Id) values (10266, 137);
insert into Zoom (Id, Description, Layer) values (10267, 'resources//img/Cuff/Cuff-Closeup-Lyr02-BevSingButton-Inner.0087.png', 02);
insert into Category_Zoom (Category_Id, Zoom_Id) values (6, 10267);
insert into Zoom_Inventory_Attribute (Zoom_Id, Inventory_Attribute_Id) values (10267, 49);
-- Final Index and Final Name: inner--0087 Key: fabric0087
insert into Zoom_Inventory_Attribute (Zoom_Id, Inventory_Attribute_Id) values (10267, 138);
insert into Zoom (Id, Description, Layer) values (10268, 'resources//img/Cuff/Cuff-Closeup-Lyr02-BevSingButton-Inner.0088.png', 02);
insert into Category_Zoom (Category_Id, Zoom_Id) values (6, 10268);
insert into Zoom_Inventory_Attribute (Zoom_Id, Inventory_Attribute_Id) values (10268, 49);
-- Final Index and Final Name: inner--0088 Key: fabric0088
insert into Zoom_Inventory_Attribute (Zoom_Id, Inventory_Attribute_Id) values (10268, 139);
insert into Zoom (Id, Description, Layer) values (10269, 'resources//img/Cuff/Cuff-Closeup-Lyr02-BevSingButton-Inner.0089.png', 02);
insert into Category_Zoom (Category_Id, Zoom_Id) values (6, 10269);
insert into Zoom_Inventory_Attribute (Zoom_Id, Inventory_Attribute_Id) values (10269, 49);
-- Final Index and Final Name: inner--0089 Key: fabric0089
insert into Zoom_Inventory_Attribute (Zoom_Id, Inventory_Attribute_Id) values (10269, 140);
insert into Zoom (Id, Description, Layer) values (10270, 'resources//img/Cuff/Cuff-Closeup-Lyr02-BevSingButton-Inner.0090.png', 02);
insert into Category_Zoom (Category_Id, Zoom_Id) values (6, 10270);
insert into Zoom_Inventory_Attribute (Zoom_Id, Inventory_Attribute_Id) values (10270, 49);
-- Final Index and Final Name: inner--0090 Key: fabric0090
insert into Zoom_Inventory_Attribute (Zoom_Id, Inventory_Attribute_Id) values (10270, 141);
insert into Zoom (Id, Description, Layer) values (10271, 'resources//img/Cuff/Cuff-Closeup-Lyr02-BevSingButton-Inner.0091.png', 02);
insert into Category_Zoom (Category_Id, Zoom_Id) values (6, 10271);
insert into Zoom_Inventory_Attribute (Zoom_Id, Inventory_Attribute_Id) values (10271, 49);
-- Final Index and Final Name: inner--0091 Key: fabric0091
insert into Zoom_Inventory_Attribute (Zoom_Id, Inventory_Attribute_Id) values (10271, 142);
insert into Zoom (Id, Description, Layer) values (10272, 'resources//img/Cuff/Cuff-Closeup-Lyr02-BevSingButton-Inner.0092.png', 02);
insert into Category_Zoom (Category_Id, Zoom_Id) values (6, 10272);
insert into Zoom_Inventory_Attribute (Zoom_Id, Inventory_Attribute_Id) values (10272, 49);
-- Final Index and Final Name: inner--0092 Key: fabric0092
insert into Zoom_Inventory_Attribute (Zoom_Id, Inventory_Attribute_Id) values (10272, 143);
insert into Zoom (Id, Description, Layer) values (10273, 'resources//img/Cuff/Cuff-Closeup-Lyr02-BevSingButton-Inner.0093.png', 02);
insert into Category_Zoom (Category_Id, Zoom_Id) values (6, 10273);
insert into Zoom_Inventory_Attribute (Zoom_Id, Inventory_Attribute_Id) values (10273, 49);
-- Final Index and Final Name: inner--0093 Key: fabric0093
insert into Zoom_Inventory_Attribute (Zoom_Id, Inventory_Attribute_Id) values (10273, 144);
insert into Zoom (Id, Description, Layer) values (10274, 'resources//img/Cuff/Cuff-Closeup-Lyr02-BevSingButton-Inner.0094.png', 02);
insert into Category_Zoom (Category_Id, Zoom_Id) values (6, 10274);
insert into Zoom_Inventory_Attribute (Zoom_Id, Inventory_Attribute_Id) values (10274, 49);
-- Final Index and Final Name: inner--0094 Key: fabric0094
insert into Zoom_Inventory_Attribute (Zoom_Id, Inventory_Attribute_Id) values (10274, 145);
insert into Zoom (Id, Description, Layer) values (10275, 'resources//img/Cuff/Cuff-Closeup-Lyr02-BevSingButton-Inner.0095.png', 02);
insert into Category_Zoom (Category_Id, Zoom_Id) values (6, 10275);
insert into Zoom_Inventory_Attribute (Zoom_Id, Inventory_Attribute_Id) values (10275, 49);
-- Final Index and Final Name: inner--0095 Key: fabric0095
insert into Zoom_Inventory_Attribute (Zoom_Id, Inventory_Attribute_Id) values (10275, 146);
insert into Zoom (Id, Description, Layer) values (10276, 'resources//img/Cuff/Cuff-Closeup-Lyr02-BevSingButton-Inner.0096.png', 02);
insert into Category_Zoom (Category_Id, Zoom_Id) values (6, 10276);
insert into Zoom_Inventory_Attribute (Zoom_Id, Inventory_Attribute_Id) values (10276, 49);
-- Final Index and Final Name: inner--0096 Key: fabric0096
insert into Zoom_Inventory_Attribute (Zoom_Id, Inventory_Attribute_Id) values (10276, 147);
insert into Zoom (Id, Description, Layer) values (10277, 'resources//img/Cuff/Cuff-Closeup-Lyr02-BevSingButton-Inner.0097.png', 02);
insert into Category_Zoom (Category_Id, Zoom_Id) values (6, 10277);
insert into Zoom_Inventory_Attribute (Zoom_Id, Inventory_Attribute_Id) values (10277, 49);
-- Final Index and Final Name: inner--0097 Key: fabric0097
insert into Zoom_Inventory_Attribute (Zoom_Id, Inventory_Attribute_Id) values (10277, 148);
insert into Zoom (Id, Description, Layer) values (10278, 'resources//img/Cuff/Cuff-Closeup-Lyr02-BevSingButton-Inner.0098.png', 02);
insert into Category_Zoom (Category_Id, Zoom_Id) values (6, 10278);
insert into Zoom_Inventory_Attribute (Zoom_Id, Inventory_Attribute_Id) values (10278, 49);
-- Final Index and Final Name: inner--0098 Key: fabric0098
insert into Zoom_Inventory_Attribute (Zoom_Id, Inventory_Attribute_Id) values (10278, 149);
insert into Zoom (Id, Description, Layer) values (10279, 'resources//img/Cuff/Cuff-Closeup-Lyr02-BevSingButton-Inner.0099.png', 02);
insert into Category_Zoom (Category_Id, Zoom_Id) values (6, 10279);
insert into Zoom_Inventory_Attribute (Zoom_Id, Inventory_Attribute_Id) values (10279, 49);
-- Final Index and Final Name: inner--0099 Key: fabric0099
insert into Zoom_Inventory_Attribute (Zoom_Id, Inventory_Attribute_Id) values (10279, 150);
insert into Zoom (Id, Description, Layer) values (10280, 'resources//img/Cuff/Cuff-Closeup-Lyr02-BevSingButton-Inner.0100.png', 02);
insert into Category_Zoom (Category_Id, Zoom_Id) values (6, 10280);
insert into Zoom_Inventory_Attribute (Zoom_Id, Inventory_Attribute_Id) values (10280, 49);
-- Final Index and Final Name: inner--0100 Key: fabric0100
insert into Zoom_Inventory_Attribute (Zoom_Id, Inventory_Attribute_Id) values (10280, 151);
insert into Zoom (Id, Description, Layer) values (10281, 'resources//img/Cuff/Cuff-Closeup-Lyr02-BevSingButton-Inner.0101.png', 02);
insert into Category_Zoom (Category_Id, Zoom_Id) values (6, 10281);
insert into Zoom_Inventory_Attribute (Zoom_Id, Inventory_Attribute_Id) values (10281, 49);
-- Final Index and Final Name: inner--0101 Key: fabric0101
insert into Zoom_Inventory_Attribute (Zoom_Id, Inventory_Attribute_Id) values (10281, 152);
insert into Zoom (Id, Description, Layer) values (10282, 'resources//img/Cuff/Cuff-Closeup-Lyr02-BevSingButton-Inner.0102.png', 02);
insert into Category_Zoom (Category_Id, Zoom_Id) values (6, 10282);
insert into Zoom_Inventory_Attribute (Zoom_Id, Inventory_Attribute_Id) values (10282, 49);
-- Final Index and Final Name: inner--0102 Key: fabric0102
insert into Zoom_Inventory_Attribute (Zoom_Id, Inventory_Attribute_Id) values (10282, 153);
insert into Zoom (Id, Description, Layer) values (10283, 'resources//img/Cuff/Cuff-Closeup-Lyr02-BevSingButton-Inner.0103.png', 02);
insert into Category_Zoom (Category_Id, Zoom_Id) values (6, 10283);
insert into Zoom_Inventory_Attribute (Zoom_Id, Inventory_Attribute_Id) values (10283, 49);
-- Final Index and Final Name: inner--0103 Key: fabric0103
insert into Zoom_Inventory_Attribute (Zoom_Id, Inventory_Attribute_Id) values (10283, 154);
insert into Zoom (Id, Description, Layer) values (10284, 'resources//img/Cuff/Cuff-Closeup-Lyr02-BevSingButton-Inner.0104.png', 02);
insert into Category_Zoom (Category_Id, Zoom_Id) values (6, 10284);
insert into Zoom_Inventory_Attribute (Zoom_Id, Inventory_Attribute_Id) values (10284, 49);
-- Final Index and Final Name: inner--0104 Key: fabric0104
insert into Zoom_Inventory_Attribute (Zoom_Id, Inventory_Attribute_Id) values (10284, 155);
insert into Zoom (Id, Description, Layer) values (10285, 'resources//img/Cuff/Cuff-Closeup-Lyr02-BevSingButton-Inner.0105.png', 02);
insert into Category_Zoom (Category_Id, Zoom_Id) values (6, 10285);
insert into Zoom_Inventory_Attribute (Zoom_Id, Inventory_Attribute_Id) values (10285, 49);
-- Final Index and Final Name: inner--0105 Key: fabric0105
insert into Zoom_Inventory_Attribute (Zoom_Id, Inventory_Attribute_Id) values (10285, 156);
insert into Zoom (Id, Description, Layer) values (10286, 'resources//img/Cuff/Cuff-Closeup-Lyr02-BevSingButton-Inner.0106.png', 02);
insert into Category_Zoom (Category_Id, Zoom_Id) values (6, 10286);
insert into Zoom_Inventory_Attribute (Zoom_Id, Inventory_Attribute_Id) values (10286, 49);
-- Final Index and Final Name: inner--0106 Key: fabric0106
insert into Zoom_Inventory_Attribute (Zoom_Id, Inventory_Attribute_Id) values (10286, 157);
insert into Zoom (Id, Description, Layer) values (10287, 'resources//img/Cuff/Cuff-Closeup-Lyr02-BevSingButton-Inner.0107.png', 02);
insert into Category_Zoom (Category_Id, Zoom_Id) values (6, 10287);
insert into Zoom_Inventory_Attribute (Zoom_Id, Inventory_Attribute_Id) values (10287, 49);
-- Final Index and Final Name: inner--0107 Key: fabric0107
insert into Zoom_Inventory_Attribute (Zoom_Id, Inventory_Attribute_Id) values (10287, 158);
insert into Zoom (Id, Description, Layer) values (10288, 'resources//img/Cuff/Cuff-Closeup-Lyr02-BevSingButton-Inner.0108.png', 02);
insert into Category_Zoom (Category_Id, Zoom_Id) values (6, 10288);
insert into Zoom_Inventory_Attribute (Zoom_Id, Inventory_Attribute_Id) values (10288, 49);
-- Final Index and Final Name: inner--0108 Key: fabric0108
insert into Zoom_Inventory_Attribute (Zoom_Id, Inventory_Attribute_Id) values (10288, 159);
insert into Zoom (Id, Description, Layer) values (10289, 'resources//img/Cuff/Cuff-Closeup-Lyr02-BevSingButton-Inner.0109.png', 02);
insert into Category_Zoom (Category_Id, Zoom_Id) values (6, 10289);
insert into Zoom_Inventory_Attribute (Zoom_Id, Inventory_Attribute_Id) values (10289, 49);
-- Final Index and Final Name: inner--0109 Key: fabric0109
insert into Zoom_Inventory_Attribute (Zoom_Id, Inventory_Attribute_Id) values (10289, 160);
insert into Zoom (Id, Description, Layer) values (10290, 'resources//img/Cuff/Cuff-Closeup-Lyr02-BevSingButton-Inner.0110.png', 02);
insert into Category_Zoom (Category_Id, Zoom_Id) values (6, 10290);
insert into Zoom_Inventory_Attribute (Zoom_Id, Inventory_Attribute_Id) values (10290, 49);
-- Final Index and Final Name: inner--0110 Key: fabric0110
insert into Zoom_Inventory_Attribute (Zoom_Id, Inventory_Attribute_Id) values (10290, 161);
insert into Zoom (Id, Description, Layer) values (10291, 'resources//img/Cuff/Cuff-Closeup-Lyr02-BevSingButton-Inner.0111.png', 02);
insert into Category_Zoom (Category_Id, Zoom_Id) values (6, 10291);
insert into Zoom_Inventory_Attribute (Zoom_Id, Inventory_Attribute_Id) values (10291, 49);
-- Final Index and Final Name: inner--0111 Key: fabric0111
insert into Zoom_Inventory_Attribute (Zoom_Id, Inventory_Attribute_Id) values (10291, 162);
insert into Zoom (Id, Description, Layer) values (10292, 'resources//img/Cuff/Cuff-Closeup-Lyr02-BevSingButton-Inner.0112.png', 02);
insert into Category_Zoom (Category_Id, Zoom_Id) values (6, 10292);
insert into Zoom_Inventory_Attribute (Zoom_Id, Inventory_Attribute_Id) values (10292, 49);
-- Final Index and Final Name: inner--0112 Key: fabric0112
insert into Zoom_Inventory_Attribute (Zoom_Id, Inventory_Attribute_Id) values (10292, 163);
insert into Zoom (Id, Description, Layer) values (10293, 'resources//img/Cuff/Cuff-Closeup-Lyr02-BevSingButton-Inner.0113.png', 02);
insert into Category_Zoom (Category_Id, Zoom_Id) values (6, 10293);
insert into Zoom_Inventory_Attribute (Zoom_Id, Inventory_Attribute_Id) values (10293, 49);
-- Final Index and Final Name: inner--0113 Key: fabric0113
insert into Zoom_Inventory_Attribute (Zoom_Id, Inventory_Attribute_Id) values (10293, 164);
insert into Zoom (Id, Description, Layer) values (10294, 'resources//img/Cuff/Cuff-Closeup-Lyr02-BevSingButton-Inner.0114.png', 02);
insert into Category_Zoom (Category_Id, Zoom_Id) values (6, 10294);
insert into Zoom_Inventory_Attribute (Zoom_Id, Inventory_Attribute_Id) values (10294, 49);
-- Final Index and Final Name: inner--0114 Key: fabric0114
insert into Zoom_Inventory_Attribute (Zoom_Id, Inventory_Attribute_Id) values (10294, 165);
insert into Zoom (Id, Description, Layer) values (10295, 'resources//img/Cuff/Cuff-Closeup-Lyr02-BevSingButton-Inner.0115.png', 02);
insert into Category_Zoom (Category_Id, Zoom_Id) values (6, 10295);
insert into Zoom_Inventory_Attribute (Zoom_Id, Inventory_Attribute_Id) values (10295, 49);
-- Final Index and Final Name: inner--0115 Key: fabric0115
insert into Zoom_Inventory_Attribute (Zoom_Id, Inventory_Attribute_Id) values (10295, 166);
insert into Zoom (Id, Description, Layer) values (10296, 'resources//img/Cuff/Cuff-Closeup-Lyr02-BevSingButton-Inner.0116.png', 02);
insert into Category_Zoom (Category_Id, Zoom_Id) values (6, 10296);
insert into Zoom_Inventory_Attribute (Zoom_Id, Inventory_Attribute_Id) values (10296, 49);
-- Final Index and Final Name: inner--0116 Key: fabric0116
insert into Zoom_Inventory_Attribute (Zoom_Id, Inventory_Attribute_Id) values (10296, 167);
insert into Zoom (Id, Description, Layer) values (10297, 'resources//img/Cuff/Cuff-Closeup-Lyr02-BevSingButton-Inner.0117.png', 02);
insert into Category_Zoom (Category_Id, Zoom_Id) values (6, 10297);
insert into Zoom_Inventory_Attribute (Zoom_Id, Inventory_Attribute_Id) values (10297, 49);
-- Final Index and Final Name: inner--0117 Key: fabric0117
insert into Zoom_Inventory_Attribute (Zoom_Id, Inventory_Attribute_Id) values (10297, 168);
insert into Zoom (Id, Description, Layer) values (10298, 'resources//img/Cuff/Cuff-Closeup-Lyr02-BevSingButton-Inner.0118.png', 02);
insert into Category_Zoom (Category_Id, Zoom_Id) values (6, 10298);
insert into Zoom_Inventory_Attribute (Zoom_Id, Inventory_Attribute_Id) values (10298, 49);
-- Final Index and Final Name: inner--0118 Key: fabric0118
insert into Zoom_Inventory_Attribute (Zoom_Id, Inventory_Attribute_Id) values (10298, 169);
insert into Zoom (Id, Description, Layer) values (10299, 'resources//img/Cuff/Cuff-Closeup-Lyr02-BevSingButton-Inner.0119.png', 02);
insert into Category_Zoom (Category_Id, Zoom_Id) values (6, 10299);
insert into Zoom_Inventory_Attribute (Zoom_Id, Inventory_Attribute_Id) values (10299, 49);
-- Final Index and Final Name: inner--0119 Key: fabric0119
insert into Zoom_Inventory_Attribute (Zoom_Id, Inventory_Attribute_Id) values (10299, 170);
insert into Zoom (Id, Description, Layer) values (10300, 'resources//img/Cuff/Cuff-Closeup-Lyr02-BevSingButton-Inner.0120.png', 02);
insert into Category_Zoom (Category_Id, Zoom_Id) values (6, 10300);
insert into Zoom_Inventory_Attribute (Zoom_Id, Inventory_Attribute_Id) values (10300, 49);
-- Final Index and Final Name: inner--0120 Key: fabric0120
insert into Zoom_Inventory_Attribute (Zoom_Id, Inventory_Attribute_Id) values (10300, 171);
insert into Zoom (Id, Description, Layer) values (10301, 'resources//img/Cuff/Cuff-Closeup-Lyr02-BevSingButton-Inner.0121.png', 02);
insert into Category_Zoom (Category_Id, Zoom_Id) values (6, 10301);
insert into Zoom_Inventory_Attribute (Zoom_Id, Inventory_Attribute_Id) values (10301, 49);
-- Final Index and Final Name: inner--0121 Key: fabric0121
insert into Zoom_Inventory_Attribute (Zoom_Id, Inventory_Attribute_Id) values (10301, 172);
insert into Zoom (Id, Description, Layer) values (10302, 'resources//img/Cuff/Cuff-Closeup-Lyr02-BevSingButton-Inner.0122.png', 02);
insert into Category_Zoom (Category_Id, Zoom_Id) values (6, 10302);
insert into Zoom_Inventory_Attribute (Zoom_Id, Inventory_Attribute_Id) values (10302, 49);
-- Final Index and Final Name: inner--0122 Key: fabric0122
insert into Zoom_Inventory_Attribute (Zoom_Id, Inventory_Attribute_Id) values (10302, 173);
insert into Zoom (Id, Description, Layer) values (10303, 'resources//img/Cuff/Cuff-Closeup-Lyr02-BevSingButton-Inner.0123.png', 02);
insert into Category_Zoom (Category_Id, Zoom_Id) values (6, 10303);
insert into Zoom_Inventory_Attribute (Zoom_Id, Inventory_Attribute_Id) values (10303, 49);
-- Final Index and Final Name: inner--0123 Key: fabric0123
insert into Zoom_Inventory_Attribute (Zoom_Id, Inventory_Attribute_Id) values (10303, 174);
insert into Zoom (Id, Description, Layer) values (10304, 'resources//img/Cuff/Cuff-Closeup-Lyr02-BevSingButton-Inner.0124.png', 02);
insert into Category_Zoom (Category_Id, Zoom_Id) values (6, 10304);
insert into Zoom_Inventory_Attribute (Zoom_Id, Inventory_Attribute_Id) values (10304, 49);
-- Final Index and Final Name: inner--0124 Key: fabric0124
insert into Zoom_Inventory_Attribute (Zoom_Id, Inventory_Attribute_Id) values (10304, 175);
insert into Zoom (Id, Description, Layer) values (10305, 'resources//img/Cuff/Cuff-Closeup-Lyr02-BevSingButton-Inner.0125.png', 02);
insert into Category_Zoom (Category_Id, Zoom_Id) values (6, 10305);
insert into Zoom_Inventory_Attribute (Zoom_Id, Inventory_Attribute_Id) values (10305, 49);
-- Final Index and Final Name: inner--0125 Key: fabric0125
insert into Zoom_Inventory_Attribute (Zoom_Id, Inventory_Attribute_Id) values (10305, 176);
insert into Zoom (Id, Description, Layer) values (10306, 'resources//img/Cuff/Cuff-Closeup-Lyr02-BevSingButton-Inner.0126.png', 02);
insert into Category_Zoom (Category_Id, Zoom_Id) values (6, 10306);
insert into Zoom_Inventory_Attribute (Zoom_Id, Inventory_Attribute_Id) values (10306, 49);
-- Final Index and Final Name: inner--0126 Key: fabric0126
insert into Zoom_Inventory_Attribute (Zoom_Id, Inventory_Attribute_Id) values (10306, 177);
insert into Zoom (Id, Description, Layer) values (10307, 'resources//img/Cuff/Cuff-Closeup-Lyr02-BevSingButton-Inner.0127.png', 02);
insert into Category_Zoom (Category_Id, Zoom_Id) values (6, 10307);
insert into Zoom_Inventory_Attribute (Zoom_Id, Inventory_Attribute_Id) values (10307, 49);
-- Final Index and Final Name: inner--0127 Key: fabric0127
insert into Zoom_Inventory_Attribute (Zoom_Id, Inventory_Attribute_Id) values (10307, 178);
insert into Zoom (Id, Description, Layer) values (10308, 'resources//img/Cuff/Cuff-Closeup-Lyr02-BevSingButton-Inner.0128.png', 02);
insert into Category_Zoom (Category_Id, Zoom_Id) values (6, 10308);
insert into Zoom_Inventory_Attribute (Zoom_Id, Inventory_Attribute_Id) values (10308, 49);
-- Final Index and Final Name: inner--0128 Key: fabric0128
insert into Zoom_Inventory_Attribute (Zoom_Id, Inventory_Attribute_Id) values (10308, 179);
insert into Zoom (Id, Description, Layer) values (10309, 'resources//img/Cuff/Cuff-Closeup-Lyr02-BevSingButton-Inner.0129.png', 02);
insert into Category_Zoom (Category_Id, Zoom_Id) values (6, 10309);
insert into Zoom_Inventory_Attribute (Zoom_Id, Inventory_Attribute_Id) values (10309, 49);
-- Final Index and Final Name: inner--0129 Key: fabric0129
insert into Zoom_Inventory_Attribute (Zoom_Id, Inventory_Attribute_Id) values (10309, 180);
insert into Zoom (Id, Description, Layer) values (10310, 'resources//img/Cuff/Cuff-Closeup-Lyr02-BevSingButton-Inner.0130.png', 02);
insert into Category_Zoom (Category_Id, Zoom_Id) values (6, 10310);
insert into Zoom_Inventory_Attribute (Zoom_Id, Inventory_Attribute_Id) values (10310, 49);
-- Final Index and Final Name: inner--0130 Key: fabric0130
insert into Zoom_Inventory_Attribute (Zoom_Id, Inventory_Attribute_Id) values (10310, 181);
insert into Zoom (Id, Description, Layer) values (10311, 'resources//img/Cuff/Cuff-Closeup-Lyr02-BevSingButton-Inner.0131.png', 02);
insert into Category_Zoom (Category_Id, Zoom_Id) values (6, 10311);
insert into Zoom_Inventory_Attribute (Zoom_Id, Inventory_Attribute_Id) values (10311, 49);
-- Final Index and Final Name: inner--0131 Key: fabric0131
insert into Zoom_Inventory_Attribute (Zoom_Id, Inventory_Attribute_Id) values (10311, 182);
insert into Zoom (Id, Description, Layer) values (10312, 'resources//img/Cuff/Cuff-Closeup-Lyr02-BevSingButton-Inner.0132.png', 02);
insert into Category_Zoom (Category_Id, Zoom_Id) values (6, 10312);
insert into Zoom_Inventory_Attribute (Zoom_Id, Inventory_Attribute_Id) values (10312, 49);
-- Final Index and Final Name: inner--0132 Key: fabric0132
insert into Zoom_Inventory_Attribute (Zoom_Id, Inventory_Attribute_Id) values (10312, 183);
insert into Zoom (Id, Description, Layer) values (10313, 'resources//img/Cuff/Cuff-Closeup-Lyr02-BevSingButton-Inner.0133.png', 02);
insert into Category_Zoom (Category_Id, Zoom_Id) values (6, 10313);
insert into Zoom_Inventory_Attribute (Zoom_Id, Inventory_Attribute_Id) values (10313, 49);
-- Final Index and Final Name: inner--0133 Key: fabric0133
insert into Zoom_Inventory_Attribute (Zoom_Id, Inventory_Attribute_Id) values (10313, 184);
insert into Zoom (Id, Description, Layer) values (10314, 'resources//img/Cuff/Cuff-Closeup-Lyr02-BevSingButton-Inner.0134.png', 02);
insert into Category_Zoom (Category_Id, Zoom_Id) values (6, 10314);
insert into Zoom_Inventory_Attribute (Zoom_Id, Inventory_Attribute_Id) values (10314, 49);
-- Final Index and Final Name: inner--0134 Key: fabric0134
insert into Zoom_Inventory_Attribute (Zoom_Id, Inventory_Attribute_Id) values (10314, 185);
insert into Zoom (Id, Description, Layer) values (10315, 'resources//img/Cuff/Cuff-Closeup-Lyr02-BevSingButton-Inner.0135.png', 02);
insert into Category_Zoom (Category_Id, Zoom_Id) values (6, 10315);
insert into Zoom_Inventory_Attribute (Zoom_Id, Inventory_Attribute_Id) values (10315, 49);
-- Final Index and Final Name: inner--0135 Key: fabric0135
insert into Zoom_Inventory_Attribute (Zoom_Id, Inventory_Attribute_Id) values (10315, 186);
insert into Zoom (Id, Description, Layer) values (10316, 'resources//img/Cuff/Cuff-Closeup-Lyr02-BevSingButton-Inner.0136.png', 02);
insert into Category_Zoom (Category_Id, Zoom_Id) values (6, 10316);
insert into Zoom_Inventory_Attribute (Zoom_Id, Inventory_Attribute_Id) values (10316, 49);
-- Final Index and Final Name: inner--0136 Key: fabric0136
insert into Zoom_Inventory_Attribute (Zoom_Id, Inventory_Attribute_Id) values (10316, 187);
insert into Zoom (Id, Description, Layer) values (10317, 'resources//img/Cuff/Cuff-Closeup-Lyr02-BevSingButton-Inner.0137.png', 02);
insert into Category_Zoom (Category_Id, Zoom_Id) values (6, 10317);
insert into Zoom_Inventory_Attribute (Zoom_Id, Inventory_Attribute_Id) values (10317, 49);
-- Final Index and Final Name: inner--0137 Key: fabric0137
insert into Zoom_Inventory_Attribute (Zoom_Id, Inventory_Attribute_Id) values (10317, 188);
insert into Zoom (Id, Description, Layer) values (10318, 'resources//img/Cuff/Cuff-Closeup-Lyr02-BevSingButton-Inner.0138.png', 02);
insert into Category_Zoom (Category_Id, Zoom_Id) values (6, 10318);
insert into Zoom_Inventory_Attribute (Zoom_Id, Inventory_Attribute_Id) values (10318, 49);
-- Final Index and Final Name: inner--0138 Key: fabric0138
insert into Zoom_Inventory_Attribute (Zoom_Id, Inventory_Attribute_Id) values (10318, 189);
insert into Zoom (Id, Description, Layer) values (10319, 'resources//img/Cuff/Cuff-Closeup-Lyr02-BevSingButton-Inner.0139.png', 02);
insert into Category_Zoom (Category_Id, Zoom_Id) values (6, 10319);
insert into Zoom_Inventory_Attribute (Zoom_Id, Inventory_Attribute_Id) values (10319, 49);
-- Final Index and Final Name: inner--0139 Key: fabric0139
insert into Zoom_Inventory_Attribute (Zoom_Id, Inventory_Attribute_Id) values (10319, 190);
insert into Zoom (Id, Description, Layer) values (10320, 'resources//img/Cuff/Cuff-Closeup-Lyr02-BevSingButton-Inner.0140.png', 02);
insert into Category_Zoom (Category_Id, Zoom_Id) values (6, 10320);
insert into Zoom_Inventory_Attribute (Zoom_Id, Inventory_Attribute_Id) values (10320, 49);
-- Final Index and Final Name: inner--0140 Key: fabric0140
insert into Zoom_Inventory_Attribute (Zoom_Id, Inventory_Attribute_Id) values (10320, 191);
insert into Zoom (Id, Description, Layer) values (10321, 'resources//img/Cuff/Cuff-Closeup-Lyr02-BevSingButton-Inner.0141.png', 02);
insert into Category_Zoom (Category_Id, Zoom_Id) values (6, 10321);
insert into Zoom_Inventory_Attribute (Zoom_Id, Inventory_Attribute_Id) values (10321, 49);
-- Final Index and Final Name: inner--0141 Key: fabric0141
insert into Zoom_Inventory_Attribute (Zoom_Id, Inventory_Attribute_Id) values (10321, 192);
insert into Zoom (Id, Description, Layer) values (10322, 'resources//img/Cuff/Cuff-Closeup-Lyr02-BevSingButton-Inner.0142.png', 02);
insert into Category_Zoom (Category_Id, Zoom_Id) values (6, 10322);
insert into Zoom_Inventory_Attribute (Zoom_Id, Inventory_Attribute_Id) values (10322, 49);
-- Final Index and Final Name: inner--0142 Key: fabric0142
insert into Zoom_Inventory_Attribute (Zoom_Id, Inventory_Attribute_Id) values (10322, 193);
insert into Zoom (Id, Description, Layer) values (10323, 'resources//img/Cuff/Cuff-Closeup-Lyr02-BevSingButton-Inner.0143.png', 02);
insert into Category_Zoom (Category_Id, Zoom_Id) values (6, 10323);
insert into Zoom_Inventory_Attribute (Zoom_Id, Inventory_Attribute_Id) values (10323, 49);
-- Final Index and Final Name: inner--0143 Key: fabric0143
insert into Zoom_Inventory_Attribute (Zoom_Id, Inventory_Attribute_Id) values (10323, 194);
insert into Zoom (Id, Description, Layer) values (10324, 'resources//img/Cuff/Cuff-Closeup-Lyr02-BevSingButton-Inner.0144.png', 02);
insert into Category_Zoom (Category_Id, Zoom_Id) values (6, 10324);
insert into Zoom_Inventory_Attribute (Zoom_Id, Inventory_Attribute_Id) values (10324, 49);
-- Final Index and Final Name: inner--0144 Key: fabric0144
insert into Zoom_Inventory_Attribute (Zoom_Id, Inventory_Attribute_Id) values (10324, 195);
insert into Zoom (Id, Description, Layer) values (10325, 'resources//img/Cuff/Cuff-Closeup-Lyr02-BevSingButton-Inner.0145.png', 02);
insert into Category_Zoom (Category_Id, Zoom_Id) values (6, 10325);
insert into Zoom_Inventory_Attribute (Zoom_Id, Inventory_Attribute_Id) values (10325, 49);
-- Final Index and Final Name: inner--0145 Key: fabric0145
insert into Zoom_Inventory_Attribute (Zoom_Id, Inventory_Attribute_Id) values (10325, 196);
insert into Zoom (Id, Description, Layer) values (10326, 'resources//img/Cuff/Cuff-Closeup-Lyr02-BevSingButton-Inner.0146.png', 02);
insert into Category_Zoom (Category_Id, Zoom_Id) values (6, 10326);
insert into Zoom_Inventory_Attribute (Zoom_Id, Inventory_Attribute_Id) values (10326, 49);
-- Final Index and Final Name: inner--0146 Key: fabric0146
insert into Zoom_Inventory_Attribute (Zoom_Id, Inventory_Attribute_Id) values (10326, 197);
insert into Zoom (Id, Description, Layer) values (10327, 'resources//img/Cuff/Cuff-Closeup-Lyr02-BevSingButton-Inner.0147.png', 02);
insert into Category_Zoom (Category_Id, Zoom_Id) values (6, 10327);
insert into Zoom_Inventory_Attribute (Zoom_Id, Inventory_Attribute_Id) values (10327, 49);
-- Final Index and Final Name: inner--0147 Key: fabric0147
insert into Zoom_Inventory_Attribute (Zoom_Id, Inventory_Attribute_Id) values (10327, 198);
insert into Zoom (Id, Description, Layer) values (10328, 'resources//img/Cuff/Cuff-Closeup-Lyr02-BevSingButton-Inner.0148.png', 02);
insert into Category_Zoom (Category_Id, Zoom_Id) values (6, 10328);
insert into Zoom_Inventory_Attribute (Zoom_Id, Inventory_Attribute_Id) values (10328, 49);
-- Final Index and Final Name: inner--0148 Key: fabric0148
insert into Zoom_Inventory_Attribute (Zoom_Id, Inventory_Attribute_Id) values (10328, 199);
insert into Zoom (Id, Description, Layer) values (10329, 'resources//img/Cuff/Cuff-Closeup-Lyr02-BevSingButton-Inner.0149.png', 02);
insert into Category_Zoom (Category_Id, Zoom_Id) values (6, 10329);
insert into Zoom_Inventory_Attribute (Zoom_Id, Inventory_Attribute_Id) values (10329, 49);
-- Final Index and Final Name: inner--0149 Key: fabric0149
insert into Zoom_Inventory_Attribute (Zoom_Id, Inventory_Attribute_Id) values (10329, 200);
insert into Zoom (Id, Description, Layer) values (10330, 'resources//img/Cuff/Cuff-Closeup-Lyr02-BevSingButton-Inner.0150.png', 02);
insert into Category_Zoom (Category_Id, Zoom_Id) values (6, 10330);
insert into Zoom_Inventory_Attribute (Zoom_Id, Inventory_Attribute_Id) values (10330, 49);
-- Final Index and Final Name: inner--0150 Key: fabric0150
insert into Zoom_Inventory_Attribute (Zoom_Id, Inventory_Attribute_Id) values (10330, 201);
insert into Zoom (Id, Description, Layer) values (10331, 'resources//img/Cuff/Cuff-Closeup-Lyr02-BevSingButton-Inner.0151.png', 02);
insert into Category_Zoom (Category_Id, Zoom_Id) values (6, 10331);
insert into Zoom_Inventory_Attribute (Zoom_Id, Inventory_Attribute_Id) values (10331, 49);
-- Final Index and Final Name: inner--0151 Key: fabric0151
insert into Zoom_Inventory_Attribute (Zoom_Id, Inventory_Attribute_Id) values (10331, 202);
insert into Zoom (Id, Description, Layer) values (10332, 'resources//img/Cuff/Cuff-Closeup-Lyr02-BevSingButton-Inner.0152.png', 02);
insert into Category_Zoom (Category_Id, Zoom_Id) values (6, 10332);
insert into Zoom_Inventory_Attribute (Zoom_Id, Inventory_Attribute_Id) values (10332, 49);
-- Final Index and Final Name: inner--0152 Key: fabric0152
insert into Zoom_Inventory_Attribute (Zoom_Id, Inventory_Attribute_Id) values (10332, 203);
insert into Zoom (Id, Description, Layer) values (10333, 'resources//img/Cuff/Cuff-Closeup-Lyr02-BevSingButton-Inner.0153.png', 02);
insert into Category_Zoom (Category_Id, Zoom_Id) values (6, 10333);
insert into Zoom_Inventory_Attribute (Zoom_Id, Inventory_Attribute_Id) values (10333, 49);
-- Final Index and Final Name: inner--0153 Key: fabric0153
insert into Zoom_Inventory_Attribute (Zoom_Id, Inventory_Attribute_Id) values (10333, 204);
insert into Zoom (Id, Description, Layer) values (10334, 'resources//img/Cuff/Cuff-Closeup-Lyr02-BevSingButton-Inner.0154.png', 02);
insert into Category_Zoom (Category_Id, Zoom_Id) values (6, 10334);
insert into Zoom_Inventory_Attribute (Zoom_Id, Inventory_Attribute_Id) values (10334, 49);
-- Final Index and Final Name: inner--0154 Key: fabric0154
insert into Zoom_Inventory_Attribute (Zoom_Id, Inventory_Attribute_Id) values (10334, 205);
insert into Zoom (Id, Description, Layer) values (10335, 'resources//img/Cuff/Cuff-Closeup-Lyr02-BevSingButton-Inner.0155.png', 02);
insert into Category_Zoom (Category_Id, Zoom_Id) values (6, 10335);
insert into Zoom_Inventory_Attribute (Zoom_Id, Inventory_Attribute_Id) values (10335, 49);
-- Final Index and Final Name: inner--0155 Key: fabric0155
insert into Zoom_Inventory_Attribute (Zoom_Id, Inventory_Attribute_Id) values (10335, 206);
insert into Zoom (Id, Description, Layer) values (10336, 'resources//img/Cuff/Cuff-Closeup-Lyr02-BevTrpButton-Inner.0001.png', 02);
insert into Category_Zoom (Category_Id, Zoom_Id) values (6, 10336);
insert into Zoom_Inventory_Attribute (Zoom_Id, Inventory_Attribute_Id) values (10336, 50);
-- Final Index and Final Name: inner--0001 Key: fabric0001
insert into Zoom_Inventory_Attribute (Zoom_Id, Inventory_Attribute_Id) values (10336, 52);
insert into Zoom (Id, Description, Layer) values (10337, 'resources//img/Cuff/Cuff-Closeup-Lyr02-BevTrpButton-Inner.0002.png', 02);
insert into Category_Zoom (Category_Id, Zoom_Id) values (6, 10337);
insert into Zoom_Inventory_Attribute (Zoom_Id, Inventory_Attribute_Id) values (10337, 50);
-- Final Index and Final Name: inner--0002 Key: fabric0002
insert into Zoom_Inventory_Attribute (Zoom_Id, Inventory_Attribute_Id) values (10337, 53);
insert into Zoom (Id, Description, Layer) values (10338, 'resources//img/Cuff/Cuff-Closeup-Lyr02-BevTrpButton-Inner.0003.png', 02);
insert into Category_Zoom (Category_Id, Zoom_Id) values (6, 10338);
insert into Zoom_Inventory_Attribute (Zoom_Id, Inventory_Attribute_Id) values (10338, 50);
-- Final Index and Final Name: inner--0003 Key: fabric0003
insert into Zoom_Inventory_Attribute (Zoom_Id, Inventory_Attribute_Id) values (10338, 54);
insert into Zoom (Id, Description, Layer) values (10339, 'resources//img/Cuff/Cuff-Closeup-Lyr02-BevTrpButton-Inner.0004.png', 02);
insert into Category_Zoom (Category_Id, Zoom_Id) values (6, 10339);
insert into Zoom_Inventory_Attribute (Zoom_Id, Inventory_Attribute_Id) values (10339, 50);
-- Final Index and Final Name: inner--0004 Key: fabric0004
insert into Zoom_Inventory_Attribute (Zoom_Id, Inventory_Attribute_Id) values (10339, 55);
insert into Zoom (Id, Description, Layer) values (10340, 'resources//img/Cuff/Cuff-Closeup-Lyr02-BevTrpButton-Inner.0005.png', 02);
insert into Category_Zoom (Category_Id, Zoom_Id) values (6, 10340);
insert into Zoom_Inventory_Attribute (Zoom_Id, Inventory_Attribute_Id) values (10340, 50);
-- Final Index and Final Name: inner--0005 Key: fabric0005
insert into Zoom_Inventory_Attribute (Zoom_Id, Inventory_Attribute_Id) values (10340, 56);
insert into Zoom (Id, Description, Layer) values (10341, 'resources//img/Cuff/Cuff-Closeup-Lyr02-BevTrpButton-Inner.0006.png', 02);
insert into Category_Zoom (Category_Id, Zoom_Id) values (6, 10341);
insert into Zoom_Inventory_Attribute (Zoom_Id, Inventory_Attribute_Id) values (10341, 50);
-- Final Index and Final Name: inner--0006 Key: fabric0006
insert into Zoom_Inventory_Attribute (Zoom_Id, Inventory_Attribute_Id) values (10341, 57);
insert into Zoom (Id, Description, Layer) values (10342, 'resources//img/Cuff/Cuff-Closeup-Lyr02-BevTrpButton-Inner.0007.png', 02);
insert into Category_Zoom (Category_Id, Zoom_Id) values (6, 10342);
insert into Zoom_Inventory_Attribute (Zoom_Id, Inventory_Attribute_Id) values (10342, 50);
-- Final Index and Final Name: inner--0007 Key: fabric0007
insert into Zoom_Inventory_Attribute (Zoom_Id, Inventory_Attribute_Id) values (10342, 58);
insert into Zoom (Id, Description, Layer) values (10343, 'resources//img/Cuff/Cuff-Closeup-Lyr02-BevTrpButton-Inner.0008.png', 02);
insert into Category_Zoom (Category_Id, Zoom_Id) values (6, 10343);
insert into Zoom_Inventory_Attribute (Zoom_Id, Inventory_Attribute_Id) values (10343, 50);
-- Final Index and Final Name: inner--0008 Key: fabric0008
insert into Zoom_Inventory_Attribute (Zoom_Id, Inventory_Attribute_Id) values (10343, 59);
insert into Zoom (Id, Description, Layer) values (10344, 'resources//img/Cuff/Cuff-Closeup-Lyr02-BevTrpButton-Inner.0009.png', 02);
insert into Category_Zoom (Category_Id, Zoom_Id) values (6, 10344);
insert into Zoom_Inventory_Attribute (Zoom_Id, Inventory_Attribute_Id) values (10344, 50);
-- Final Index and Final Name: inner--0009 Key: fabric0009
insert into Zoom_Inventory_Attribute (Zoom_Id, Inventory_Attribute_Id) values (10344, 60);
insert into Zoom (Id, Description, Layer) values (10345, 'resources//img/Cuff/Cuff-Closeup-Lyr02-BevTrpButton-Inner.0010.png', 02);
insert into Category_Zoom (Category_Id, Zoom_Id) values (6, 10345);
insert into Zoom_Inventory_Attribute (Zoom_Id, Inventory_Attribute_Id) values (10345, 50);
-- Final Index and Final Name: inner--0010 Key: fabric0010
insert into Zoom_Inventory_Attribute (Zoom_Id, Inventory_Attribute_Id) values (10345, 61);
insert into Zoom (Id, Description, Layer) values (10346, 'resources//img/Cuff/Cuff-Closeup-Lyr02-BevTrpButton-Inner.0011.png', 02);
insert into Category_Zoom (Category_Id, Zoom_Id) values (6, 10346);
insert into Zoom_Inventory_Attribute (Zoom_Id, Inventory_Attribute_Id) values (10346, 50);
-- Final Index and Final Name: inner--0011 Key: fabric0011
insert into Zoom_Inventory_Attribute (Zoom_Id, Inventory_Attribute_Id) values (10346, 62);
insert into Zoom (Id, Description, Layer) values (10347, 'resources//img/Cuff/Cuff-Closeup-Lyr02-BevTrpButton-Inner.0012.png', 02);
insert into Category_Zoom (Category_Id, Zoom_Id) values (6, 10347);
insert into Zoom_Inventory_Attribute (Zoom_Id, Inventory_Attribute_Id) values (10347, 50);
-- Final Index and Final Name: inner--0012 Key: fabric0012
insert into Zoom_Inventory_Attribute (Zoom_Id, Inventory_Attribute_Id) values (10347, 63);
insert into Zoom (Id, Description, Layer) values (10348, 'resources//img/Cuff/Cuff-Closeup-Lyr02-BevTrpButton-Inner.0013.png', 02);
insert into Category_Zoom (Category_Id, Zoom_Id) values (6, 10348);
insert into Zoom_Inventory_Attribute (Zoom_Id, Inventory_Attribute_Id) values (10348, 50);
-- Final Index and Final Name: inner--0013 Key: fabric0013
insert into Zoom_Inventory_Attribute (Zoom_Id, Inventory_Attribute_Id) values (10348, 64);
insert into Zoom (Id, Description, Layer) values (10349, 'resources//img/Cuff/Cuff-Closeup-Lyr02-BevTrpButton-Inner.0014.png', 02);
insert into Category_Zoom (Category_Id, Zoom_Id) values (6, 10349);
insert into Zoom_Inventory_Attribute (Zoom_Id, Inventory_Attribute_Id) values (10349, 50);
-- Final Index and Final Name: inner--0014 Key: fabric0014
insert into Zoom_Inventory_Attribute (Zoom_Id, Inventory_Attribute_Id) values (10349, 65);
insert into Zoom (Id, Description, Layer) values (10350, 'resources//img/Cuff/Cuff-Closeup-Lyr02-BevTrpButton-Inner.0015.png', 02);
insert into Category_Zoom (Category_Id, Zoom_Id) values (6, 10350);
insert into Zoom_Inventory_Attribute (Zoom_Id, Inventory_Attribute_Id) values (10350, 50);
-- Final Index and Final Name: inner--0015 Key: fabric0015
insert into Zoom_Inventory_Attribute (Zoom_Id, Inventory_Attribute_Id) values (10350, 66);
insert into Zoom (Id, Description, Layer) values (10351, 'resources//img/Cuff/Cuff-Closeup-Lyr02-BevTrpButton-Inner.0016.png', 02);
insert into Category_Zoom (Category_Id, Zoom_Id) values (6, 10351);
insert into Zoom_Inventory_Attribute (Zoom_Id, Inventory_Attribute_Id) values (10351, 50);
-- Final Index and Final Name: inner--0016 Key: fabric0016
insert into Zoom_Inventory_Attribute (Zoom_Id, Inventory_Attribute_Id) values (10351, 67);
insert into Zoom (Id, Description, Layer) values (10352, 'resources//img/Cuff/Cuff-Closeup-Lyr02-BevTrpButton-Inner.0017.png', 02);
insert into Category_Zoom (Category_Id, Zoom_Id) values (6, 10352);
insert into Zoom_Inventory_Attribute (Zoom_Id, Inventory_Attribute_Id) values (10352, 50);
-- Final Index and Final Name: inner--0017 Key: fabric0017
insert into Zoom_Inventory_Attribute (Zoom_Id, Inventory_Attribute_Id) values (10352, 68);
insert into Zoom (Id, Description, Layer) values (10353, 'resources//img/Cuff/Cuff-Closeup-Lyr02-BevTrpButton-Inner.0018.png', 02);
insert into Category_Zoom (Category_Id, Zoom_Id) values (6, 10353);
insert into Zoom_Inventory_Attribute (Zoom_Id, Inventory_Attribute_Id) values (10353, 50);
-- Final Index and Final Name: inner--0018 Key: fabric0018
insert into Zoom_Inventory_Attribute (Zoom_Id, Inventory_Attribute_Id) values (10353, 69);
insert into Zoom (Id, Description, Layer) values (10354, 'resources//img/Cuff/Cuff-Closeup-Lyr02-BevTrpButton-Inner.0019.png', 02);
insert into Category_Zoom (Category_Id, Zoom_Id) values (6, 10354);
insert into Zoom_Inventory_Attribute (Zoom_Id, Inventory_Attribute_Id) values (10354, 50);
-- Final Index and Final Name: inner--0019 Key: fabric0019
insert into Zoom_Inventory_Attribute (Zoom_Id, Inventory_Attribute_Id) values (10354, 70);
insert into Zoom (Id, Description, Layer) values (10355, 'resources//img/Cuff/Cuff-Closeup-Lyr02-BevTrpButton-Inner.0020.png', 02);
insert into Category_Zoom (Category_Id, Zoom_Id) values (6, 10355);
insert into Zoom_Inventory_Attribute (Zoom_Id, Inventory_Attribute_Id) values (10355, 50);
-- Final Index and Final Name: inner--0020 Key: fabric0020
insert into Zoom_Inventory_Attribute (Zoom_Id, Inventory_Attribute_Id) values (10355, 71);
insert into Zoom (Id, Description, Layer) values (10356, 'resources//img/Cuff/Cuff-Closeup-Lyr02-BevTrpButton-Inner.0021.png', 02);
insert into Category_Zoom (Category_Id, Zoom_Id) values (6, 10356);
insert into Zoom_Inventory_Attribute (Zoom_Id, Inventory_Attribute_Id) values (10356, 50);
-- Final Index and Final Name: inner--0021 Key: fabric0021
insert into Zoom_Inventory_Attribute (Zoom_Id, Inventory_Attribute_Id) values (10356, 72);
insert into Zoom (Id, Description, Layer) values (10357, 'resources//img/Cuff/Cuff-Closeup-Lyr02-BevTrpButton-Inner.0022.png', 02);
insert into Category_Zoom (Category_Id, Zoom_Id) values (6, 10357);
insert into Zoom_Inventory_Attribute (Zoom_Id, Inventory_Attribute_Id) values (10357, 50);
-- Final Index and Final Name: inner--0022 Key: fabric0022
insert into Zoom_Inventory_Attribute (Zoom_Id, Inventory_Attribute_Id) values (10357, 73);
insert into Zoom (Id, Description, Layer) values (10358, 'resources//img/Cuff/Cuff-Closeup-Lyr02-BevTrpButton-Inner.0023.png', 02);
insert into Category_Zoom (Category_Id, Zoom_Id) values (6, 10358);
insert into Zoom_Inventory_Attribute (Zoom_Id, Inventory_Attribute_Id) values (10358, 50);
-- Final Index and Final Name: inner--0023 Key: fabric0023
insert into Zoom_Inventory_Attribute (Zoom_Id, Inventory_Attribute_Id) values (10358, 74);
insert into Zoom (Id, Description, Layer) values (10359, 'resources//img/Cuff/Cuff-Closeup-Lyr02-BevTrpButton-Inner.0024.png', 02);
insert into Category_Zoom (Category_Id, Zoom_Id) values (6, 10359);
insert into Zoom_Inventory_Attribute (Zoom_Id, Inventory_Attribute_Id) values (10359, 50);
-- Final Index and Final Name: inner--0024 Key: fabric0024
insert into Zoom_Inventory_Attribute (Zoom_Id, Inventory_Attribute_Id) values (10359, 75);
insert into Zoom (Id, Description, Layer) values (10360, 'resources//img/Cuff/Cuff-Closeup-Lyr02-BevTrpButton-Inner.0025.png', 02);
insert into Category_Zoom (Category_Id, Zoom_Id) values (6, 10360);
insert into Zoom_Inventory_Attribute (Zoom_Id, Inventory_Attribute_Id) values (10360, 50);
-- Final Index and Final Name: inner--0025 Key: fabric0025
insert into Zoom_Inventory_Attribute (Zoom_Id, Inventory_Attribute_Id) values (10360, 76);
insert into Zoom (Id, Description, Layer) values (10361, 'resources//img/Cuff/Cuff-Closeup-Lyr02-BevTrpButton-Inner.0026.png', 02);
insert into Category_Zoom (Category_Id, Zoom_Id) values (6, 10361);
insert into Zoom_Inventory_Attribute (Zoom_Id, Inventory_Attribute_Id) values (10361, 50);
-- Final Index and Final Name: inner--0026 Key: fabric0026
insert into Zoom_Inventory_Attribute (Zoom_Id, Inventory_Attribute_Id) values (10361, 77);
insert into Zoom (Id, Description, Layer) values (10362, 'resources//img/Cuff/Cuff-Closeup-Lyr02-BevTrpButton-Inner.0027.png', 02);
insert into Category_Zoom (Category_Id, Zoom_Id) values (6, 10362);
insert into Zoom_Inventory_Attribute (Zoom_Id, Inventory_Attribute_Id) values (10362, 50);
-- Final Index and Final Name: inner--0027 Key: fabric0027
insert into Zoom_Inventory_Attribute (Zoom_Id, Inventory_Attribute_Id) values (10362, 78);
insert into Zoom (Id, Description, Layer) values (10363, 'resources//img/Cuff/Cuff-Closeup-Lyr02-BevTrpButton-Inner.0028.png', 02);
insert into Category_Zoom (Category_Id, Zoom_Id) values (6, 10363);
insert into Zoom_Inventory_Attribute (Zoom_Id, Inventory_Attribute_Id) values (10363, 50);
-- Final Index and Final Name: inner--0028 Key: fabric0028
insert into Zoom_Inventory_Attribute (Zoom_Id, Inventory_Attribute_Id) values (10363, 79);
insert into Zoom (Id, Description, Layer) values (10364, 'resources//img/Cuff/Cuff-Closeup-Lyr02-BevTrpButton-Inner.0029.png', 02);
insert into Category_Zoom (Category_Id, Zoom_Id) values (6, 10364);
insert into Zoom_Inventory_Attribute (Zoom_Id, Inventory_Attribute_Id) values (10364, 50);
-- Final Index and Final Name: inner--0029 Key: fabric0029
insert into Zoom_Inventory_Attribute (Zoom_Id, Inventory_Attribute_Id) values (10364, 80);
insert into Zoom (Id, Description, Layer) values (10365, 'resources//img/Cuff/Cuff-Closeup-Lyr02-BevTrpButton-Inner.0030.png', 02);
insert into Category_Zoom (Category_Id, Zoom_Id) values (6, 10365);
insert into Zoom_Inventory_Attribute (Zoom_Id, Inventory_Attribute_Id) values (10365, 50);
-- Final Index and Final Name: inner--0030 Key: fabric0030
insert into Zoom_Inventory_Attribute (Zoom_Id, Inventory_Attribute_Id) values (10365, 81);
insert into Zoom (Id, Description, Layer) values (10366, 'resources//img/Cuff/Cuff-Closeup-Lyr02-BevTrpButton-Inner.0031.png', 02);
insert into Category_Zoom (Category_Id, Zoom_Id) values (6, 10366);
insert into Zoom_Inventory_Attribute (Zoom_Id, Inventory_Attribute_Id) values (10366, 50);
-- Final Index and Final Name: inner--0031 Key: fabric0031
insert into Zoom_Inventory_Attribute (Zoom_Id, Inventory_Attribute_Id) values (10366, 82);
insert into Zoom (Id, Description, Layer) values (10367, 'resources//img/Cuff/Cuff-Closeup-Lyr02-BevTrpButton-Inner.0032.png', 02);
insert into Category_Zoom (Category_Id, Zoom_Id) values (6, 10367);
insert into Zoom_Inventory_Attribute (Zoom_Id, Inventory_Attribute_Id) values (10367, 50);
-- Final Index and Final Name: inner--0032 Key: fabric0032
insert into Zoom_Inventory_Attribute (Zoom_Id, Inventory_Attribute_Id) values (10367, 83);
insert into Zoom (Id, Description, Layer) values (10368, 'resources//img/Cuff/Cuff-Closeup-Lyr02-BevTrpButton-Inner.0033.png', 02);
insert into Category_Zoom (Category_Id, Zoom_Id) values (6, 10368);
insert into Zoom_Inventory_Attribute (Zoom_Id, Inventory_Attribute_Id) values (10368, 50);
-- Final Index and Final Name: inner--0033 Key: fabric0033
insert into Zoom_Inventory_Attribute (Zoom_Id, Inventory_Attribute_Id) values (10368, 84);
insert into Zoom (Id, Description, Layer) values (10369, 'resources//img/Cuff/Cuff-Closeup-Lyr02-BevTrpButton-Inner.0034.png', 02);
insert into Category_Zoom (Category_Id, Zoom_Id) values (6, 10369);
insert into Zoom_Inventory_Attribute (Zoom_Id, Inventory_Attribute_Id) values (10369, 50);
-- Final Index and Final Name: inner--0034 Key: fabric0034
insert into Zoom_Inventory_Attribute (Zoom_Id, Inventory_Attribute_Id) values (10369, 85);
insert into Zoom (Id, Description, Layer) values (10370, 'resources//img/Cuff/Cuff-Closeup-Lyr02-BevTrpButton-Inner.0035.png', 02);
insert into Category_Zoom (Category_Id, Zoom_Id) values (6, 10370);
insert into Zoom_Inventory_Attribute (Zoom_Id, Inventory_Attribute_Id) values (10370, 50);
-- Final Index and Final Name: inner--0035 Key: fabric0035
insert into Zoom_Inventory_Attribute (Zoom_Id, Inventory_Attribute_Id) values (10370, 86);
insert into Zoom (Id, Description, Layer) values (10371, 'resources//img/Cuff/Cuff-Closeup-Lyr02-BevTrpButton-Inner.0036.png', 02);
insert into Category_Zoom (Category_Id, Zoom_Id) values (6, 10371);
insert into Zoom_Inventory_Attribute (Zoom_Id, Inventory_Attribute_Id) values (10371, 50);
-- Final Index and Final Name: inner--0036 Key: fabric0036
insert into Zoom_Inventory_Attribute (Zoom_Id, Inventory_Attribute_Id) values (10371, 87);
insert into Zoom (Id, Description, Layer) values (10372, 'resources//img/Cuff/Cuff-Closeup-Lyr02-BevTrpButton-Inner.0037.png', 02);
insert into Category_Zoom (Category_Id, Zoom_Id) values (6, 10372);
insert into Zoom_Inventory_Attribute (Zoom_Id, Inventory_Attribute_Id) values (10372, 50);
-- Final Index and Final Name: inner--0037 Key: fabric0037
insert into Zoom_Inventory_Attribute (Zoom_Id, Inventory_Attribute_Id) values (10372, 88);
insert into Zoom (Id, Description, Layer) values (10373, 'resources//img/Cuff/Cuff-Closeup-Lyr02-BevTrpButton-Inner.0038.png', 02);
insert into Category_Zoom (Category_Id, Zoom_Id) values (6, 10373);
insert into Zoom_Inventory_Attribute (Zoom_Id, Inventory_Attribute_Id) values (10373, 50);
-- Final Index and Final Name: inner--0038 Key: fabric0038
insert into Zoom_Inventory_Attribute (Zoom_Id, Inventory_Attribute_Id) values (10373, 89);
insert into Zoom (Id, Description, Layer) values (10374, 'resources//img/Cuff/Cuff-Closeup-Lyr02-BevTrpButton-Inner.0039.png', 02);
insert into Category_Zoom (Category_Id, Zoom_Id) values (6, 10374);
insert into Zoom_Inventory_Attribute (Zoom_Id, Inventory_Attribute_Id) values (10374, 50);
-- Final Index and Final Name: inner--0039 Key: fabric0039
insert into Zoom_Inventory_Attribute (Zoom_Id, Inventory_Attribute_Id) values (10374, 90);
insert into Zoom (Id, Description, Layer) values (10375, 'resources//img/Cuff/Cuff-Closeup-Lyr02-BevTrpButton-Inner.0040.png', 02);
insert into Category_Zoom (Category_Id, Zoom_Id) values (6, 10375);
insert into Zoom_Inventory_Attribute (Zoom_Id, Inventory_Attribute_Id) values (10375, 50);
-- Final Index and Final Name: inner--0040 Key: fabric0040
insert into Zoom_Inventory_Attribute (Zoom_Id, Inventory_Attribute_Id) values (10375, 91);
insert into Zoom (Id, Description, Layer) values (10376, 'resources//img/Cuff/Cuff-Closeup-Lyr02-BevTrpButton-Inner.0041.png', 02);
insert into Category_Zoom (Category_Id, Zoom_Id) values (6, 10376);
insert into Zoom_Inventory_Attribute (Zoom_Id, Inventory_Attribute_Id) values (10376, 50);
-- Final Index and Final Name: inner--0041 Key: fabric0041
insert into Zoom_Inventory_Attribute (Zoom_Id, Inventory_Attribute_Id) values (10376, 92);
insert into Zoom (Id, Description, Layer) values (10377, 'resources//img/Cuff/Cuff-Closeup-Lyr02-BevTrpButton-Inner.0042.png', 02);
insert into Category_Zoom (Category_Id, Zoom_Id) values (6, 10377);
insert into Zoom_Inventory_Attribute (Zoom_Id, Inventory_Attribute_Id) values (10377, 50);
-- Final Index and Final Name: inner--0042 Key: fabric0042
insert into Zoom_Inventory_Attribute (Zoom_Id, Inventory_Attribute_Id) values (10377, 93);
insert into Zoom (Id, Description, Layer) values (10378, 'resources//img/Cuff/Cuff-Closeup-Lyr02-BevTrpButton-Inner.0043.png', 02);
insert into Category_Zoom (Category_Id, Zoom_Id) values (6, 10378);
insert into Zoom_Inventory_Attribute (Zoom_Id, Inventory_Attribute_Id) values (10378, 50);
-- Final Index and Final Name: inner--0043 Key: fabric0043
insert into Zoom_Inventory_Attribute (Zoom_Id, Inventory_Attribute_Id) values (10378, 94);
insert into Zoom (Id, Description, Layer) values (10379, 'resources//img/Cuff/Cuff-Closeup-Lyr02-BevTrpButton-Inner.0044.png', 02);
insert into Category_Zoom (Category_Id, Zoom_Id) values (6, 10379);
insert into Zoom_Inventory_Attribute (Zoom_Id, Inventory_Attribute_Id) values (10379, 50);
-- Final Index and Final Name: inner--0044 Key: fabric0044
insert into Zoom_Inventory_Attribute (Zoom_Id, Inventory_Attribute_Id) values (10379, 95);
insert into Zoom (Id, Description, Layer) values (10380, 'resources//img/Cuff/Cuff-Closeup-Lyr02-BevTrpButton-Inner.0045.png', 02);
insert into Category_Zoom (Category_Id, Zoom_Id) values (6, 10380);
insert into Zoom_Inventory_Attribute (Zoom_Id, Inventory_Attribute_Id) values (10380, 50);
-- Final Index and Final Name: inner--0045 Key: fabric0045
insert into Zoom_Inventory_Attribute (Zoom_Id, Inventory_Attribute_Id) values (10380, 96);
insert into Zoom (Id, Description, Layer) values (10381, 'resources//img/Cuff/Cuff-Closeup-Lyr02-BevTrpButton-Inner.0046.png', 02);
insert into Category_Zoom (Category_Id, Zoom_Id) values (6, 10381);
insert into Zoom_Inventory_Attribute (Zoom_Id, Inventory_Attribute_Id) values (10381, 50);
-- Final Index and Final Name: inner--0046 Key: fabric0046
insert into Zoom_Inventory_Attribute (Zoom_Id, Inventory_Attribute_Id) values (10381, 97);
insert into Zoom (Id, Description, Layer) values (10382, 'resources//img/Cuff/Cuff-Closeup-Lyr02-BevTrpButton-Inner.0047.png', 02);
insert into Category_Zoom (Category_Id, Zoom_Id) values (6, 10382);
insert into Zoom_Inventory_Attribute (Zoom_Id, Inventory_Attribute_Id) values (10382, 50);
-- Final Index and Final Name: inner--0047 Key: fabric0047
insert into Zoom_Inventory_Attribute (Zoom_Id, Inventory_Attribute_Id) values (10382, 98);
insert into Zoom (Id, Description, Layer) values (10383, 'resources//img/Cuff/Cuff-Closeup-Lyr02-BevTrpButton-Inner.0048.png', 02);
insert into Category_Zoom (Category_Id, Zoom_Id) values (6, 10383);
insert into Zoom_Inventory_Attribute (Zoom_Id, Inventory_Attribute_Id) values (10383, 50);
-- Final Index and Final Name: inner--0048 Key: fabric0048
insert into Zoom_Inventory_Attribute (Zoom_Id, Inventory_Attribute_Id) values (10383, 99);
insert into Zoom (Id, Description, Layer) values (10384, 'resources//img/Cuff/Cuff-Closeup-Lyr02-BevTrpButton-Inner.0049.png', 02);
insert into Category_Zoom (Category_Id, Zoom_Id) values (6, 10384);
insert into Zoom_Inventory_Attribute (Zoom_Id, Inventory_Attribute_Id) values (10384, 50);
-- Final Index and Final Name: inner--0049 Key: fabric0049
insert into Zoom_Inventory_Attribute (Zoom_Id, Inventory_Attribute_Id) values (10384, 100);
insert into Zoom (Id, Description, Layer) values (10385, 'resources//img/Cuff/Cuff-Closeup-Lyr02-BevTrpButton-Inner.0050.png', 02);
insert into Category_Zoom (Category_Id, Zoom_Id) values (6, 10385);
insert into Zoom_Inventory_Attribute (Zoom_Id, Inventory_Attribute_Id) values (10385, 50);
-- Final Index and Final Name: inner--0050 Key: fabric0050
insert into Zoom_Inventory_Attribute (Zoom_Id, Inventory_Attribute_Id) values (10385, 101);
insert into Zoom (Id, Description, Layer) values (10386, 'resources//img/Cuff/Cuff-Closeup-Lyr02-BevTrpButton-Inner.0051.png', 02);
insert into Category_Zoom (Category_Id, Zoom_Id) values (6, 10386);
insert into Zoom_Inventory_Attribute (Zoom_Id, Inventory_Attribute_Id) values (10386, 50);
-- Final Index and Final Name: inner--0051 Key: fabric0051
insert into Zoom_Inventory_Attribute (Zoom_Id, Inventory_Attribute_Id) values (10386, 102);
insert into Zoom (Id, Description, Layer) values (10387, 'resources//img/Cuff/Cuff-Closeup-Lyr02-BevTrpButton-Inner.0052.png', 02);
insert into Category_Zoom (Category_Id, Zoom_Id) values (6, 10387);
insert into Zoom_Inventory_Attribute (Zoom_Id, Inventory_Attribute_Id) values (10387, 50);
-- Final Index and Final Name: inner--0052 Key: fabric0052
insert into Zoom_Inventory_Attribute (Zoom_Id, Inventory_Attribute_Id) values (10387, 103);
insert into Zoom (Id, Description, Layer) values (10388, 'resources//img/Cuff/Cuff-Closeup-Lyr02-BevTrpButton-Inner.0053.png', 02);
insert into Category_Zoom (Category_Id, Zoom_Id) values (6, 10388);
insert into Zoom_Inventory_Attribute (Zoom_Id, Inventory_Attribute_Id) values (10388, 50);
-- Final Index and Final Name: inner--0053 Key: fabric0053
insert into Zoom_Inventory_Attribute (Zoom_Id, Inventory_Attribute_Id) values (10388, 104);
insert into Zoom (Id, Description, Layer) values (10389, 'resources//img/Cuff/Cuff-Closeup-Lyr02-BevTrpButton-Inner.0054.png', 02);
insert into Category_Zoom (Category_Id, Zoom_Id) values (6, 10389);
insert into Zoom_Inventory_Attribute (Zoom_Id, Inventory_Attribute_Id) values (10389, 50);
-- Final Index and Final Name: inner--0054 Key: fabric0054
insert into Zoom_Inventory_Attribute (Zoom_Id, Inventory_Attribute_Id) values (10389, 105);
insert into Zoom (Id, Description, Layer) values (10390, 'resources//img/Cuff/Cuff-Closeup-Lyr02-BevTrpButton-Inner.0055.png', 02);
insert into Category_Zoom (Category_Id, Zoom_Id) values (6, 10390);
insert into Zoom_Inventory_Attribute (Zoom_Id, Inventory_Attribute_Id) values (10390, 50);
-- Final Index and Final Name: inner--0055 Key: fabric0055
insert into Zoom_Inventory_Attribute (Zoom_Id, Inventory_Attribute_Id) values (10390, 106);
insert into Zoom (Id, Description, Layer) values (10391, 'resources//img/Cuff/Cuff-Closeup-Lyr02-BevTrpButton-Inner.0056.png', 02);
insert into Category_Zoom (Category_Id, Zoom_Id) values (6, 10391);
insert into Zoom_Inventory_Attribute (Zoom_Id, Inventory_Attribute_Id) values (10391, 50);
-- Final Index and Final Name: inner--0056 Key: fabric0056
insert into Zoom_Inventory_Attribute (Zoom_Id, Inventory_Attribute_Id) values (10391, 107);
insert into Zoom (Id, Description, Layer) values (10392, 'resources//img/Cuff/Cuff-Closeup-Lyr02-BevTrpButton-Inner.0057.png', 02);
insert into Category_Zoom (Category_Id, Zoom_Id) values (6, 10392);
insert into Zoom_Inventory_Attribute (Zoom_Id, Inventory_Attribute_Id) values (10392, 50);
-- Final Index and Final Name: inner--0057 Key: fabric0057
insert into Zoom_Inventory_Attribute (Zoom_Id, Inventory_Attribute_Id) values (10392, 108);
insert into Zoom (Id, Description, Layer) values (10393, 'resources//img/Cuff/Cuff-Closeup-Lyr02-BevTrpButton-Inner.0058.png', 02);
insert into Category_Zoom (Category_Id, Zoom_Id) values (6, 10393);
insert into Zoom_Inventory_Attribute (Zoom_Id, Inventory_Attribute_Id) values (10393, 50);
-- Final Index and Final Name: inner--0058 Key: fabric0058
insert into Zoom_Inventory_Attribute (Zoom_Id, Inventory_Attribute_Id) values (10393, 109);
insert into Zoom (Id, Description, Layer) values (10394, 'resources//img/Cuff/Cuff-Closeup-Lyr02-BevTrpButton-Inner.0059.png', 02);
insert into Category_Zoom (Category_Id, Zoom_Id) values (6, 10394);
insert into Zoom_Inventory_Attribute (Zoom_Id, Inventory_Attribute_Id) values (10394, 50);
-- Final Index and Final Name: inner--0059 Key: fabric0059
insert into Zoom_Inventory_Attribute (Zoom_Id, Inventory_Attribute_Id) values (10394, 110);
insert into Zoom (Id, Description, Layer) values (10395, 'resources//img/Cuff/Cuff-Closeup-Lyr02-BevTrpButton-Inner.0060.png', 02);
insert into Category_Zoom (Category_Id, Zoom_Id) values (6, 10395);
insert into Zoom_Inventory_Attribute (Zoom_Id, Inventory_Attribute_Id) values (10395, 50);
-- Final Index and Final Name: inner--0060 Key: fabric0060
insert into Zoom_Inventory_Attribute (Zoom_Id, Inventory_Attribute_Id) values (10395, 111);
insert into Zoom (Id, Description, Layer) values (10396, 'resources//img/Cuff/Cuff-Closeup-Lyr02-BevTrpButton-Inner.0061.png', 02);
insert into Category_Zoom (Category_Id, Zoom_Id) values (6, 10396);
insert into Zoom_Inventory_Attribute (Zoom_Id, Inventory_Attribute_Id) values (10396, 50);
-- Final Index and Final Name: inner--0061 Key: fabric0061
insert into Zoom_Inventory_Attribute (Zoom_Id, Inventory_Attribute_Id) values (10396, 112);
insert into Zoom (Id, Description, Layer) values (10397, 'resources//img/Cuff/Cuff-Closeup-Lyr02-BevTrpButton-Inner.0062.png', 02);
insert into Category_Zoom (Category_Id, Zoom_Id) values (6, 10397);
insert into Zoom_Inventory_Attribute (Zoom_Id, Inventory_Attribute_Id) values (10397, 50);
-- Final Index and Final Name: inner--0062 Key: fabric0062
insert into Zoom_Inventory_Attribute (Zoom_Id, Inventory_Attribute_Id) values (10397, 113);
insert into Zoom (Id, Description, Layer) values (10398, 'resources//img/Cuff/Cuff-Closeup-Lyr02-BevTrpButton-Inner.0063.png', 02);
insert into Category_Zoom (Category_Id, Zoom_Id) values (6, 10398);
insert into Zoom_Inventory_Attribute (Zoom_Id, Inventory_Attribute_Id) values (10398, 50);
-- Final Index and Final Name: inner--0063 Key: fabric0063
insert into Zoom_Inventory_Attribute (Zoom_Id, Inventory_Attribute_Id) values (10398, 114);
insert into Zoom (Id, Description, Layer) values (10399, 'resources//img/Cuff/Cuff-Closeup-Lyr02-BevTrpButton-Inner.0064.png', 02);
insert into Category_Zoom (Category_Id, Zoom_Id) values (6, 10399);
insert into Zoom_Inventory_Attribute (Zoom_Id, Inventory_Attribute_Id) values (10399, 50);
-- Final Index and Final Name: inner--0064 Key: fabric0064
insert into Zoom_Inventory_Attribute (Zoom_Id, Inventory_Attribute_Id) values (10399, 115);
insert into Zoom (Id, Description, Layer) values (10400, 'resources//img/Cuff/Cuff-Closeup-Lyr02-BevTrpButton-Inner.0065.png', 02);
insert into Category_Zoom (Category_Id, Zoom_Id) values (6, 10400);
insert into Zoom_Inventory_Attribute (Zoom_Id, Inventory_Attribute_Id) values (10400, 50);
-- Final Index and Final Name: inner--0065 Key: fabric0065
insert into Zoom_Inventory_Attribute (Zoom_Id, Inventory_Attribute_Id) values (10400, 116);
insert into Zoom (Id, Description, Layer) values (10401, 'resources//img/Cuff/Cuff-Closeup-Lyr02-BevTrpButton-Inner.0066.png', 02);
insert into Category_Zoom (Category_Id, Zoom_Id) values (6, 10401);
insert into Zoom_Inventory_Attribute (Zoom_Id, Inventory_Attribute_Id) values (10401, 50);
-- Final Index and Final Name: inner--0066 Key: fabric0066
insert into Zoom_Inventory_Attribute (Zoom_Id, Inventory_Attribute_Id) values (10401, 117);
insert into Zoom (Id, Description, Layer) values (10402, 'resources//img/Cuff/Cuff-Closeup-Lyr02-BevTrpButton-Inner.0067.png', 02);
insert into Category_Zoom (Category_Id, Zoom_Id) values (6, 10402);
insert into Zoom_Inventory_Attribute (Zoom_Id, Inventory_Attribute_Id) values (10402, 50);
-- Final Index and Final Name: inner--0067 Key: fabric0067
insert into Zoom_Inventory_Attribute (Zoom_Id, Inventory_Attribute_Id) values (10402, 118);
insert into Zoom (Id, Description, Layer) values (10403, 'resources//img/Cuff/Cuff-Closeup-Lyr02-BevTrpButton-Inner.0068.png', 02);
insert into Category_Zoom (Category_Id, Zoom_Id) values (6, 10403);
insert into Zoom_Inventory_Attribute (Zoom_Id, Inventory_Attribute_Id) values (10403, 50);
-- Final Index and Final Name: inner--0068 Key: fabric0068
insert into Zoom_Inventory_Attribute (Zoom_Id, Inventory_Attribute_Id) values (10403, 119);
insert into Zoom (Id, Description, Layer) values (10404, 'resources//img/Cuff/Cuff-Closeup-Lyr02-BevTrpButton-Inner.0069.png', 02);
insert into Category_Zoom (Category_Id, Zoom_Id) values (6, 10404);
insert into Zoom_Inventory_Attribute (Zoom_Id, Inventory_Attribute_Id) values (10404, 50);
-- Final Index and Final Name: inner--0069 Key: fabric0069
insert into Zoom_Inventory_Attribute (Zoom_Id, Inventory_Attribute_Id) values (10404, 120);
insert into Zoom (Id, Description, Layer) values (10405, 'resources//img/Cuff/Cuff-Closeup-Lyr02-BevTrpButton-Inner.0070.png', 02);
insert into Category_Zoom (Category_Id, Zoom_Id) values (6, 10405);
insert into Zoom_Inventory_Attribute (Zoom_Id, Inventory_Attribute_Id) values (10405, 50);
-- Final Index and Final Name: inner--0070 Key: fabric0070
insert into Zoom_Inventory_Attribute (Zoom_Id, Inventory_Attribute_Id) values (10405, 121);
insert into Zoom (Id, Description, Layer) values (10406, 'resources//img/Cuff/Cuff-Closeup-Lyr02-BevTrpButton-Inner.0071.png', 02);
insert into Category_Zoom (Category_Id, Zoom_Id) values (6, 10406);
insert into Zoom_Inventory_Attribute (Zoom_Id, Inventory_Attribute_Id) values (10406, 50);
-- Final Index and Final Name: inner--0071 Key: fabric0071
insert into Zoom_Inventory_Attribute (Zoom_Id, Inventory_Attribute_Id) values (10406, 122);
insert into Zoom (Id, Description, Layer) values (10407, 'resources//img/Cuff/Cuff-Closeup-Lyr02-BevTrpButton-Inner.0072.png', 02);
insert into Category_Zoom (Category_Id, Zoom_Id) values (6, 10407);
insert into Zoom_Inventory_Attribute (Zoom_Id, Inventory_Attribute_Id) values (10407, 50);
-- Final Index and Final Name: inner--0072 Key: fabric0072
insert into Zoom_Inventory_Attribute (Zoom_Id, Inventory_Attribute_Id) values (10407, 123);
insert into Zoom (Id, Description, Layer) values (10408, 'resources//img/Cuff/Cuff-Closeup-Lyr02-BevTrpButton-Inner.0073.png', 02);
insert into Category_Zoom (Category_Id, Zoom_Id) values (6, 10408);
insert into Zoom_Inventory_Attribute (Zoom_Id, Inventory_Attribute_Id) values (10408, 50);
-- Final Index and Final Name: inner--0073 Key: fabric0073
insert into Zoom_Inventory_Attribute (Zoom_Id, Inventory_Attribute_Id) values (10408, 124);
insert into Zoom (Id, Description, Layer) values (10409, 'resources//img/Cuff/Cuff-Closeup-Lyr02-BevTrpButton-Inner.0074.png', 02);
insert into Category_Zoom (Category_Id, Zoom_Id) values (6, 10409);
insert into Zoom_Inventory_Attribute (Zoom_Id, Inventory_Attribute_Id) values (10409, 50);
-- Final Index and Final Name: inner--0074 Key: fabric0074
insert into Zoom_Inventory_Attribute (Zoom_Id, Inventory_Attribute_Id) values (10409, 125);
insert into Zoom (Id, Description, Layer) values (10410, 'resources//img/Cuff/Cuff-Closeup-Lyr02-BevTrpButton-Inner.0075.png', 02);
insert into Category_Zoom (Category_Id, Zoom_Id) values (6, 10410);
insert into Zoom_Inventory_Attribute (Zoom_Id, Inventory_Attribute_Id) values (10410, 50);
-- Final Index and Final Name: inner--0075 Key: fabric0075
insert into Zoom_Inventory_Attribute (Zoom_Id, Inventory_Attribute_Id) values (10410, 126);
insert into Zoom (Id, Description, Layer) values (10411, 'resources//img/Cuff/Cuff-Closeup-Lyr02-BevTrpButton-Inner.0076.png', 02);
insert into Category_Zoom (Category_Id, Zoom_Id) values (6, 10411);
insert into Zoom_Inventory_Attribute (Zoom_Id, Inventory_Attribute_Id) values (10411, 50);
-- Final Index and Final Name: inner--0076 Key: fabric0076
insert into Zoom_Inventory_Attribute (Zoom_Id, Inventory_Attribute_Id) values (10411, 127);
insert into Zoom (Id, Description, Layer) values (10412, 'resources//img/Cuff/Cuff-Closeup-Lyr02-BevTrpButton-Inner.0077.png', 02);
insert into Category_Zoom (Category_Id, Zoom_Id) values (6, 10412);
insert into Zoom_Inventory_Attribute (Zoom_Id, Inventory_Attribute_Id) values (10412, 50);
-- Final Index and Final Name: inner--0077 Key: fabric0077
insert into Zoom_Inventory_Attribute (Zoom_Id, Inventory_Attribute_Id) values (10412, 128);
insert into Zoom (Id, Description, Layer) values (10413, 'resources//img/Cuff/Cuff-Closeup-Lyr02-BevTrpButton-Inner.0078.png', 02);
insert into Category_Zoom (Category_Id, Zoom_Id) values (6, 10413);
insert into Zoom_Inventory_Attribute (Zoom_Id, Inventory_Attribute_Id) values (10413, 50);
-- Final Index and Final Name: inner--0078 Key: fabric0078
insert into Zoom_Inventory_Attribute (Zoom_Id, Inventory_Attribute_Id) values (10413, 129);
insert into Zoom (Id, Description, Layer) values (10414, 'resources//img/Cuff/Cuff-Closeup-Lyr02-BevTrpButton-Inner.0079.png', 02);
insert into Category_Zoom (Category_Id, Zoom_Id) values (6, 10414);
insert into Zoom_Inventory_Attribute (Zoom_Id, Inventory_Attribute_Id) values (10414, 50);
-- Final Index and Final Name: inner--0079 Key: fabric0079
insert into Zoom_Inventory_Attribute (Zoom_Id, Inventory_Attribute_Id) values (10414, 130);
insert into Zoom (Id, Description, Layer) values (10415, 'resources//img/Cuff/Cuff-Closeup-Lyr02-BevTrpButton-Inner.0080.png', 02);
insert into Category_Zoom (Category_Id, Zoom_Id) values (6, 10415);
insert into Zoom_Inventory_Attribute (Zoom_Id, Inventory_Attribute_Id) values (10415, 50);
-- Final Index and Final Name: inner--0080 Key: fabric0080
insert into Zoom_Inventory_Attribute (Zoom_Id, Inventory_Attribute_Id) values (10415, 131);
insert into Zoom (Id, Description, Layer) values (10416, 'resources//img/Cuff/Cuff-Closeup-Lyr02-BevTrpButton-Inner.0081.png', 02);
insert into Category_Zoom (Category_Id, Zoom_Id) values (6, 10416);
insert into Zoom_Inventory_Attribute (Zoom_Id, Inventory_Attribute_Id) values (10416, 50);
-- Final Index and Final Name: inner--0081 Key: fabric0081
insert into Zoom_Inventory_Attribute (Zoom_Id, Inventory_Attribute_Id) values (10416, 132);
insert into Zoom (Id, Description, Layer) values (10417, 'resources//img/Cuff/Cuff-Closeup-Lyr02-BevTrpButton-Inner.0082.png', 02);
insert into Category_Zoom (Category_Id, Zoom_Id) values (6, 10417);
insert into Zoom_Inventory_Attribute (Zoom_Id, Inventory_Attribute_Id) values (10417, 50);
-- Final Index and Final Name: inner--0082 Key: fabric0082
insert into Zoom_Inventory_Attribute (Zoom_Id, Inventory_Attribute_Id) values (10417, 133);
insert into Zoom (Id, Description, Layer) values (10418, 'resources//img/Cuff/Cuff-Closeup-Lyr02-BevTrpButton-Inner.0083.png', 02);
insert into Category_Zoom (Category_Id, Zoom_Id) values (6, 10418);
insert into Zoom_Inventory_Attribute (Zoom_Id, Inventory_Attribute_Id) values (10418, 50);
-- Final Index and Final Name: inner--0083 Key: fabric0083
insert into Zoom_Inventory_Attribute (Zoom_Id, Inventory_Attribute_Id) values (10418, 134);
insert into Zoom (Id, Description, Layer) values (10419, 'resources//img/Cuff/Cuff-Closeup-Lyr02-BevTrpButton-Inner.0084.png', 02);
insert into Category_Zoom (Category_Id, Zoom_Id) values (6, 10419);
insert into Zoom_Inventory_Attribute (Zoom_Id, Inventory_Attribute_Id) values (10419, 50);
-- Final Index and Final Name: inner--0084 Key: fabric0084
insert into Zoom_Inventory_Attribute (Zoom_Id, Inventory_Attribute_Id) values (10419, 135);
insert into Zoom (Id, Description, Layer) values (10420, 'resources//img/Cuff/Cuff-Closeup-Lyr02-BevTrpButton-Inner.0085.png', 02);
insert into Category_Zoom (Category_Id, Zoom_Id) values (6, 10420);
insert into Zoom_Inventory_Attribute (Zoom_Id, Inventory_Attribute_Id) values (10420, 50);
-- Final Index and Final Name: inner--0085 Key: fabric0085
insert into Zoom_Inventory_Attribute (Zoom_Id, Inventory_Attribute_Id) values (10420, 136);
insert into Zoom (Id, Description, Layer) values (10421, 'resources//img/Cuff/Cuff-Closeup-Lyr02-BevTrpButton-Inner.0086.png', 02);
insert into Category_Zoom (Category_Id, Zoom_Id) values (6, 10421);
insert into Zoom_Inventory_Attribute (Zoom_Id, Inventory_Attribute_Id) values (10421, 50);
-- Final Index and Final Name: inner--0086 Key: fabric0086
insert into Zoom_Inventory_Attribute (Zoom_Id, Inventory_Attribute_Id) values (10421, 137);
insert into Zoom (Id, Description, Layer) values (10422, 'resources//img/Cuff/Cuff-Closeup-Lyr02-BevTrpButton-Inner.0087.png', 02);
insert into Category_Zoom (Category_Id, Zoom_Id) values (6, 10422);
insert into Zoom_Inventory_Attribute (Zoom_Id, Inventory_Attribute_Id) values (10422, 50);
-- Final Index and Final Name: inner--0087 Key: fabric0087
insert into Zoom_Inventory_Attribute (Zoom_Id, Inventory_Attribute_Id) values (10422, 138);
insert into Zoom (Id, Description, Layer) values (10423, 'resources//img/Cuff/Cuff-Closeup-Lyr02-BevTrpButton-Inner.0088.png', 02);
insert into Category_Zoom (Category_Id, Zoom_Id) values (6, 10423);
insert into Zoom_Inventory_Attribute (Zoom_Id, Inventory_Attribute_Id) values (10423, 50);
-- Final Index and Final Name: inner--0088 Key: fabric0088
insert into Zoom_Inventory_Attribute (Zoom_Id, Inventory_Attribute_Id) values (10423, 139);
insert into Zoom (Id, Description, Layer) values (10424, 'resources//img/Cuff/Cuff-Closeup-Lyr02-BevTrpButton-Inner.0089.png', 02);
insert into Category_Zoom (Category_Id, Zoom_Id) values (6, 10424);
insert into Zoom_Inventory_Attribute (Zoom_Id, Inventory_Attribute_Id) values (10424, 50);
-- Final Index and Final Name: inner--0089 Key: fabric0089
insert into Zoom_Inventory_Attribute (Zoom_Id, Inventory_Attribute_Id) values (10424, 140);
insert into Zoom (Id, Description, Layer) values (10425, 'resources//img/Cuff/Cuff-Closeup-Lyr02-BevTrpButton-Inner.0090.png', 02);
insert into Category_Zoom (Category_Id, Zoom_Id) values (6, 10425);
insert into Zoom_Inventory_Attribute (Zoom_Id, Inventory_Attribute_Id) values (10425, 50);
-- Final Index and Final Name: inner--0090 Key: fabric0090
insert into Zoom_Inventory_Attribute (Zoom_Id, Inventory_Attribute_Id) values (10425, 141);
insert into Zoom (Id, Description, Layer) values (10426, 'resources//img/Cuff/Cuff-Closeup-Lyr02-BevTrpButton-Inner.0091.png', 02);
insert into Category_Zoom (Category_Id, Zoom_Id) values (6, 10426);
insert into Zoom_Inventory_Attribute (Zoom_Id, Inventory_Attribute_Id) values (10426, 50);
-- Final Index and Final Name: inner--0091 Key: fabric0091
insert into Zoom_Inventory_Attribute (Zoom_Id, Inventory_Attribute_Id) values (10426, 142);
insert into Zoom (Id, Description, Layer) values (10427, 'resources//img/Cuff/Cuff-Closeup-Lyr02-BevTrpButton-Inner.0092.png', 02);
insert into Category_Zoom (Category_Id, Zoom_Id) values (6, 10427);
insert into Zoom_Inventory_Attribute (Zoom_Id, Inventory_Attribute_Id) values (10427, 50);
-- Final Index and Final Name: inner--0092 Key: fabric0092
insert into Zoom_Inventory_Attribute (Zoom_Id, Inventory_Attribute_Id) values (10427, 143);
insert into Zoom (Id, Description, Layer) values (10428, 'resources//img/Cuff/Cuff-Closeup-Lyr02-BevTrpButton-Inner.0093.png', 02);
insert into Category_Zoom (Category_Id, Zoom_Id) values (6, 10428);
insert into Zoom_Inventory_Attribute (Zoom_Id, Inventory_Attribute_Id) values (10428, 50);
-- Final Index and Final Name: inner--0093 Key: fabric0093
insert into Zoom_Inventory_Attribute (Zoom_Id, Inventory_Attribute_Id) values (10428, 144);
insert into Zoom (Id, Description, Layer) values (10429, 'resources//img/Cuff/Cuff-Closeup-Lyr02-BevTrpButton-Inner.0094.png', 02);
insert into Category_Zoom (Category_Id, Zoom_Id) values (6, 10429);
insert into Zoom_Inventory_Attribute (Zoom_Id, Inventory_Attribute_Id) values (10429, 50);
-- Final Index and Final Name: inner--0094 Key: fabric0094
insert into Zoom_Inventory_Attribute (Zoom_Id, Inventory_Attribute_Id) values (10429, 145);
insert into Zoom (Id, Description, Layer) values (10430, 'resources//img/Cuff/Cuff-Closeup-Lyr02-BevTrpButton-Inner.0095.png', 02);
insert into Category_Zoom (Category_Id, Zoom_Id) values (6, 10430);
insert into Zoom_Inventory_Attribute (Zoom_Id, Inventory_Attribute_Id) values (10430, 50);
-- Final Index and Final Name: inner--0095 Key: fabric0095
insert into Zoom_Inventory_Attribute (Zoom_Id, Inventory_Attribute_Id) values (10430, 146);
insert into Zoom (Id, Description, Layer) values (10431, 'resources//img/Cuff/Cuff-Closeup-Lyr02-BevTrpButton-Inner.0096.png', 02);
insert into Category_Zoom (Category_Id, Zoom_Id) values (6, 10431);
insert into Zoom_Inventory_Attribute (Zoom_Id, Inventory_Attribute_Id) values (10431, 50);
-- Final Index and Final Name: inner--0096 Key: fabric0096
insert into Zoom_Inventory_Attribute (Zoom_Id, Inventory_Attribute_Id) values (10431, 147);
insert into Zoom (Id, Description, Layer) values (10432, 'resources//img/Cuff/Cuff-Closeup-Lyr02-BevTrpButton-Inner.0097.png', 02);
insert into Category_Zoom (Category_Id, Zoom_Id) values (6, 10432);
insert into Zoom_Inventory_Attribute (Zoom_Id, Inventory_Attribute_Id) values (10432, 50);
-- Final Index and Final Name: inner--0097 Key: fabric0097
insert into Zoom_Inventory_Attribute (Zoom_Id, Inventory_Attribute_Id) values (10432, 148);
insert into Zoom (Id, Description, Layer) values (10433, 'resources//img/Cuff/Cuff-Closeup-Lyr02-BevTrpButton-Inner.0098.png', 02);
insert into Category_Zoom (Category_Id, Zoom_Id) values (6, 10433);
insert into Zoom_Inventory_Attribute (Zoom_Id, Inventory_Attribute_Id) values (10433, 50);
-- Final Index and Final Name: inner--0098 Key: fabric0098
insert into Zoom_Inventory_Attribute (Zoom_Id, Inventory_Attribute_Id) values (10433, 149);
insert into Zoom (Id, Description, Layer) values (10434, 'resources//img/Cuff/Cuff-Closeup-Lyr02-BevTrpButton-Inner.0099.png', 02);
insert into Category_Zoom (Category_Id, Zoom_Id) values (6, 10434);
insert into Zoom_Inventory_Attribute (Zoom_Id, Inventory_Attribute_Id) values (10434, 50);
-- Final Index and Final Name: inner--0099 Key: fabric0099
insert into Zoom_Inventory_Attribute (Zoom_Id, Inventory_Attribute_Id) values (10434, 150);
insert into Zoom (Id, Description, Layer) values (10435, 'resources//img/Cuff/Cuff-Closeup-Lyr02-BevTrpButton-Inner.0100.png', 02);
insert into Category_Zoom (Category_Id, Zoom_Id) values (6, 10435);
insert into Zoom_Inventory_Attribute (Zoom_Id, Inventory_Attribute_Id) values (10435, 50);
-- Final Index and Final Name: inner--0100 Key: fabric0100
insert into Zoom_Inventory_Attribute (Zoom_Id, Inventory_Attribute_Id) values (10435, 151);
insert into Zoom (Id, Description, Layer) values (10436, 'resources//img/Cuff/Cuff-Closeup-Lyr02-BevTrpButton-Inner.0101.png', 02);
insert into Category_Zoom (Category_Id, Zoom_Id) values (6, 10436);
insert into Zoom_Inventory_Attribute (Zoom_Id, Inventory_Attribute_Id) values (10436, 50);
-- Final Index and Final Name: inner--0101 Key: fabric0101
insert into Zoom_Inventory_Attribute (Zoom_Id, Inventory_Attribute_Id) values (10436, 152);
insert into Zoom (Id, Description, Layer) values (10437, 'resources//img/Cuff/Cuff-Closeup-Lyr02-BevTrpButton-Inner.0102.png', 02);
insert into Category_Zoom (Category_Id, Zoom_Id) values (6, 10437);
insert into Zoom_Inventory_Attribute (Zoom_Id, Inventory_Attribute_Id) values (10437, 50);
-- Final Index and Final Name: inner--0102 Key: fabric0102
insert into Zoom_Inventory_Attribute (Zoom_Id, Inventory_Attribute_Id) values (10437, 153);
insert into Zoom (Id, Description, Layer) values (10438, 'resources//img/Cuff/Cuff-Closeup-Lyr02-BevTrpButton-Inner.0103.png', 02);
insert into Category_Zoom (Category_Id, Zoom_Id) values (6, 10438);
insert into Zoom_Inventory_Attribute (Zoom_Id, Inventory_Attribute_Id) values (10438, 50);
-- Final Index and Final Name: inner--0103 Key: fabric0103
insert into Zoom_Inventory_Attribute (Zoom_Id, Inventory_Attribute_Id) values (10438, 154);
insert into Zoom (Id, Description, Layer) values (10439, 'resources//img/Cuff/Cuff-Closeup-Lyr02-BevTrpButton-Inner.0104.png', 02);
insert into Category_Zoom (Category_Id, Zoom_Id) values (6, 10439);
insert into Zoom_Inventory_Attribute (Zoom_Id, Inventory_Attribute_Id) values (10439, 50);
-- Final Index and Final Name: inner--0104 Key: fabric0104
insert into Zoom_Inventory_Attribute (Zoom_Id, Inventory_Attribute_Id) values (10439, 155);
insert into Zoom (Id, Description, Layer) values (10440, 'resources//img/Cuff/Cuff-Closeup-Lyr02-BevTrpButton-Inner.0105.png', 02);
insert into Category_Zoom (Category_Id, Zoom_Id) values (6, 10440);
insert into Zoom_Inventory_Attribute (Zoom_Id, Inventory_Attribute_Id) values (10440, 50);
-- Final Index and Final Name: inner--0105 Key: fabric0105
insert into Zoom_Inventory_Attribute (Zoom_Id, Inventory_Attribute_Id) values (10440, 156);
insert into Zoom (Id, Description, Layer) values (10441, 'resources//img/Cuff/Cuff-Closeup-Lyr02-BevTrpButton-Inner.0106.png', 02);
insert into Category_Zoom (Category_Id, Zoom_Id) values (6, 10441);
insert into Zoom_Inventory_Attribute (Zoom_Id, Inventory_Attribute_Id) values (10441, 50);
-- Final Index and Final Name: inner--0106 Key: fabric0106
insert into Zoom_Inventory_Attribute (Zoom_Id, Inventory_Attribute_Id) values (10441, 157);
insert into Zoom (Id, Description, Layer) values (10442, 'resources//img/Cuff/Cuff-Closeup-Lyr02-BevTrpButton-Inner.0107.png', 02);
insert into Category_Zoom (Category_Id, Zoom_Id) values (6, 10442);
insert into Zoom_Inventory_Attribute (Zoom_Id, Inventory_Attribute_Id) values (10442, 50);
-- Final Index and Final Name: inner--0107 Key: fabric0107
insert into Zoom_Inventory_Attribute (Zoom_Id, Inventory_Attribute_Id) values (10442, 158);
insert into Zoom (Id, Description, Layer) values (10443, 'resources//img/Cuff/Cuff-Closeup-Lyr02-BevTrpButton-Inner.0108.png', 02);
insert into Category_Zoom (Category_Id, Zoom_Id) values (6, 10443);
insert into Zoom_Inventory_Attribute (Zoom_Id, Inventory_Attribute_Id) values (10443, 50);
-- Final Index and Final Name: inner--0108 Key: fabric0108
insert into Zoom_Inventory_Attribute (Zoom_Id, Inventory_Attribute_Id) values (10443, 159);
insert into Zoom (Id, Description, Layer) values (10444, 'resources//img/Cuff/Cuff-Closeup-Lyr02-BevTrpButton-Inner.0109.png', 02);
insert into Category_Zoom (Category_Id, Zoom_Id) values (6, 10444);
insert into Zoom_Inventory_Attribute (Zoom_Id, Inventory_Attribute_Id) values (10444, 50);
-- Final Index and Final Name: inner--0109 Key: fabric0109
insert into Zoom_Inventory_Attribute (Zoom_Id, Inventory_Attribute_Id) values (10444, 160);
insert into Zoom (Id, Description, Layer) values (10445, 'resources//img/Cuff/Cuff-Closeup-Lyr02-BevTrpButton-Inner.0110.png', 02);
insert into Category_Zoom (Category_Id, Zoom_Id) values (6, 10445);
insert into Zoom_Inventory_Attribute (Zoom_Id, Inventory_Attribute_Id) values (10445, 50);
-- Final Index and Final Name: inner--0110 Key: fabric0110
insert into Zoom_Inventory_Attribute (Zoom_Id, Inventory_Attribute_Id) values (10445, 161);
insert into Zoom (Id, Description, Layer) values (10446, 'resources//img/Cuff/Cuff-Closeup-Lyr02-BevTrpButton-Inner.0111.png', 02);
insert into Category_Zoom (Category_Id, Zoom_Id) values (6, 10446);
insert into Zoom_Inventory_Attribute (Zoom_Id, Inventory_Attribute_Id) values (10446, 50);
-- Final Index and Final Name: inner--0111 Key: fabric0111
insert into Zoom_Inventory_Attribute (Zoom_Id, Inventory_Attribute_Id) values (10446, 162);
insert into Zoom (Id, Description, Layer) values (10447, 'resources//img/Cuff/Cuff-Closeup-Lyr02-BevTrpButton-Inner.0112.png', 02);
insert into Category_Zoom (Category_Id, Zoom_Id) values (6, 10447);
insert into Zoom_Inventory_Attribute (Zoom_Id, Inventory_Attribute_Id) values (10447, 50);
-- Final Index and Final Name: inner--0112 Key: fabric0112
insert into Zoom_Inventory_Attribute (Zoom_Id, Inventory_Attribute_Id) values (10447, 163);
insert into Zoom (Id, Description, Layer) values (10448, 'resources//img/Cuff/Cuff-Closeup-Lyr02-BevTrpButton-Inner.0113.png', 02);
insert into Category_Zoom (Category_Id, Zoom_Id) values (6, 10448);
insert into Zoom_Inventory_Attribute (Zoom_Id, Inventory_Attribute_Id) values (10448, 50);
-- Final Index and Final Name: inner--0113 Key: fabric0113
insert into Zoom_Inventory_Attribute (Zoom_Id, Inventory_Attribute_Id) values (10448, 164);
insert into Zoom (Id, Description, Layer) values (10449, 'resources//img/Cuff/Cuff-Closeup-Lyr02-BevTrpButton-Inner.0114.png', 02);
insert into Category_Zoom (Category_Id, Zoom_Id) values (6, 10449);
insert into Zoom_Inventory_Attribute (Zoom_Id, Inventory_Attribute_Id) values (10449, 50);
-- Final Index and Final Name: inner--0114 Key: fabric0114
insert into Zoom_Inventory_Attribute (Zoom_Id, Inventory_Attribute_Id) values (10449, 165);
insert into Zoom (Id, Description, Layer) values (10450, 'resources//img/Cuff/Cuff-Closeup-Lyr02-BevTrpButton-Inner.0115.png', 02);
insert into Category_Zoom (Category_Id, Zoom_Id) values (6, 10450);
insert into Zoom_Inventory_Attribute (Zoom_Id, Inventory_Attribute_Id) values (10450, 50);
-- Final Index and Final Name: inner--0115 Key: fabric0115
insert into Zoom_Inventory_Attribute (Zoom_Id, Inventory_Attribute_Id) values (10450, 166);
insert into Zoom (Id, Description, Layer) values (10451, 'resources//img/Cuff/Cuff-Closeup-Lyr02-BevTrpButton-Inner.0116.png', 02);
insert into Category_Zoom (Category_Id, Zoom_Id) values (6, 10451);
insert into Zoom_Inventory_Attribute (Zoom_Id, Inventory_Attribute_Id) values (10451, 50);
-- Final Index and Final Name: inner--0116 Key: fabric0116
insert into Zoom_Inventory_Attribute (Zoom_Id, Inventory_Attribute_Id) values (10451, 167);
insert into Zoom (Id, Description, Layer) values (10452, 'resources//img/Cuff/Cuff-Closeup-Lyr02-BevTrpButton-Inner.0117.png', 02);
insert into Category_Zoom (Category_Id, Zoom_Id) values (6, 10452);
insert into Zoom_Inventory_Attribute (Zoom_Id, Inventory_Attribute_Id) values (10452, 50);
-- Final Index and Final Name: inner--0117 Key: fabric0117
insert into Zoom_Inventory_Attribute (Zoom_Id, Inventory_Attribute_Id) values (10452, 168);
insert into Zoom (Id, Description, Layer) values (10453, 'resources//img/Cuff/Cuff-Closeup-Lyr02-BevTrpButton-Inner.0118.png', 02);
insert into Category_Zoom (Category_Id, Zoom_Id) values (6, 10453);
insert into Zoom_Inventory_Attribute (Zoom_Id, Inventory_Attribute_Id) values (10453, 50);
-- Final Index and Final Name: inner--0118 Key: fabric0118
insert into Zoom_Inventory_Attribute (Zoom_Id, Inventory_Attribute_Id) values (10453, 169);
insert into Zoom (Id, Description, Layer) values (10454, 'resources//img/Cuff/Cuff-Closeup-Lyr02-BevTrpButton-Inner.0119.png', 02);
insert into Category_Zoom (Category_Id, Zoom_Id) values (6, 10454);
insert into Zoom_Inventory_Attribute (Zoom_Id, Inventory_Attribute_Id) values (10454, 50);
-- Final Index and Final Name: inner--0119 Key: fabric0119
insert into Zoom_Inventory_Attribute (Zoom_Id, Inventory_Attribute_Id) values (10454, 170);
insert into Zoom (Id, Description, Layer) values (10455, 'resources//img/Cuff/Cuff-Closeup-Lyr02-BevTrpButton-Inner.0120.png', 02);
insert into Category_Zoom (Category_Id, Zoom_Id) values (6, 10455);
insert into Zoom_Inventory_Attribute (Zoom_Id, Inventory_Attribute_Id) values (10455, 50);
-- Final Index and Final Name: inner--0120 Key: fabric0120
insert into Zoom_Inventory_Attribute (Zoom_Id, Inventory_Attribute_Id) values (10455, 171);
insert into Zoom (Id, Description, Layer) values (10456, 'resources//img/Cuff/Cuff-Closeup-Lyr02-BevTrpButton-Inner.0121.png', 02);
insert into Category_Zoom (Category_Id, Zoom_Id) values (6, 10456);
insert into Zoom_Inventory_Attribute (Zoom_Id, Inventory_Attribute_Id) values (10456, 50);
-- Final Index and Final Name: inner--0121 Key: fabric0121
insert into Zoom_Inventory_Attribute (Zoom_Id, Inventory_Attribute_Id) values (10456, 172);
insert into Zoom (Id, Description, Layer) values (10457, 'resources//img/Cuff/Cuff-Closeup-Lyr02-BevTrpButton-Inner.0122.png', 02);
insert into Category_Zoom (Category_Id, Zoom_Id) values (6, 10457);
insert into Zoom_Inventory_Attribute (Zoom_Id, Inventory_Attribute_Id) values (10457, 50);
-- Final Index and Final Name: inner--0122 Key: fabric0122
insert into Zoom_Inventory_Attribute (Zoom_Id, Inventory_Attribute_Id) values (10457, 173);
insert into Zoom (Id, Description, Layer) values (10458, 'resources//img/Cuff/Cuff-Closeup-Lyr02-BevTrpButton-Inner.0123.png', 02);
insert into Category_Zoom (Category_Id, Zoom_Id) values (6, 10458);
insert into Zoom_Inventory_Attribute (Zoom_Id, Inventory_Attribute_Id) values (10458, 50);
-- Final Index and Final Name: inner--0123 Key: fabric0123
insert into Zoom_Inventory_Attribute (Zoom_Id, Inventory_Attribute_Id) values (10458, 174);
insert into Zoom (Id, Description, Layer) values (10459, 'resources//img/Cuff/Cuff-Closeup-Lyr02-BevTrpButton-Inner.0124.png', 02);
insert into Category_Zoom (Category_Id, Zoom_Id) values (6, 10459);
insert into Zoom_Inventory_Attribute (Zoom_Id, Inventory_Attribute_Id) values (10459, 50);
-- Final Index and Final Name: inner--0124 Key: fabric0124
insert into Zoom_Inventory_Attribute (Zoom_Id, Inventory_Attribute_Id) values (10459, 175);
insert into Zoom (Id, Description, Layer) values (10460, 'resources//img/Cuff/Cuff-Closeup-Lyr02-BevTrpButton-Inner.0125.png', 02);
insert into Category_Zoom (Category_Id, Zoom_Id) values (6, 10460);
insert into Zoom_Inventory_Attribute (Zoom_Id, Inventory_Attribute_Id) values (10460, 50);
-- Final Index and Final Name: inner--0125 Key: fabric0125
insert into Zoom_Inventory_Attribute (Zoom_Id, Inventory_Attribute_Id) values (10460, 176);
insert into Zoom (Id, Description, Layer) values (10461, 'resources//img/Cuff/Cuff-Closeup-Lyr02-BevTrpButton-Inner.0126.png', 02);
insert into Category_Zoom (Category_Id, Zoom_Id) values (6, 10461);
insert into Zoom_Inventory_Attribute (Zoom_Id, Inventory_Attribute_Id) values (10461, 50);
-- Final Index and Final Name: inner--0126 Key: fabric0126
insert into Zoom_Inventory_Attribute (Zoom_Id, Inventory_Attribute_Id) values (10461, 177);
insert into Zoom (Id, Description, Layer) values (10462, 'resources//img/Cuff/Cuff-Closeup-Lyr02-BevTrpButton-Inner.0127.png', 02);
insert into Category_Zoom (Category_Id, Zoom_Id) values (6, 10462);
insert into Zoom_Inventory_Attribute (Zoom_Id, Inventory_Attribute_Id) values (10462, 50);
-- Final Index and Final Name: inner--0127 Key: fabric0127
insert into Zoom_Inventory_Attribute (Zoom_Id, Inventory_Attribute_Id) values (10462, 178);
insert into Zoom (Id, Description, Layer) values (10463, 'resources//img/Cuff/Cuff-Closeup-Lyr02-BevTrpButton-Inner.0128.png', 02);
insert into Category_Zoom (Category_Id, Zoom_Id) values (6, 10463);
insert into Zoom_Inventory_Attribute (Zoom_Id, Inventory_Attribute_Id) values (10463, 50);
-- Final Index and Final Name: inner--0128 Key: fabric0128
insert into Zoom_Inventory_Attribute (Zoom_Id, Inventory_Attribute_Id) values (10463, 179);
insert into Zoom (Id, Description, Layer) values (10464, 'resources//img/Cuff/Cuff-Closeup-Lyr02-BevTrpButton-Inner.0129.png', 02);
insert into Category_Zoom (Category_Id, Zoom_Id) values (6, 10464);
insert into Zoom_Inventory_Attribute (Zoom_Id, Inventory_Attribute_Id) values (10464, 50);
-- Final Index and Final Name: inner--0129 Key: fabric0129
insert into Zoom_Inventory_Attribute (Zoom_Id, Inventory_Attribute_Id) values (10464, 180);
insert into Zoom (Id, Description, Layer) values (10465, 'resources//img/Cuff/Cuff-Closeup-Lyr02-BevTrpButton-Inner.0130.png', 02);
insert into Category_Zoom (Category_Id, Zoom_Id) values (6, 10465);
insert into Zoom_Inventory_Attribute (Zoom_Id, Inventory_Attribute_Id) values (10465, 50);
-- Final Index and Final Name: inner--0130 Key: fabric0130
insert into Zoom_Inventory_Attribute (Zoom_Id, Inventory_Attribute_Id) values (10465, 181);
insert into Zoom (Id, Description, Layer) values (10466, 'resources//img/Cuff/Cuff-Closeup-Lyr02-BevTrpButton-Inner.0131.png', 02);
insert into Category_Zoom (Category_Id, Zoom_Id) values (6, 10466);
insert into Zoom_Inventory_Attribute (Zoom_Id, Inventory_Attribute_Id) values (10466, 50);
-- Final Index and Final Name: inner--0131 Key: fabric0131
insert into Zoom_Inventory_Attribute (Zoom_Id, Inventory_Attribute_Id) values (10466, 182);
insert into Zoom (Id, Description, Layer) values (10467, 'resources//img/Cuff/Cuff-Closeup-Lyr02-BevTrpButton-Inner.0132.png', 02);
insert into Category_Zoom (Category_Id, Zoom_Id) values (6, 10467);
insert into Zoom_Inventory_Attribute (Zoom_Id, Inventory_Attribute_Id) values (10467, 50);
-- Final Index and Final Name: inner--0132 Key: fabric0132
insert into Zoom_Inventory_Attribute (Zoom_Id, Inventory_Attribute_Id) values (10467, 183);
insert into Zoom (Id, Description, Layer) values (10468, 'resources//img/Cuff/Cuff-Closeup-Lyr02-BevTrpButton-Inner.0133.png', 02);
insert into Category_Zoom (Category_Id, Zoom_Id) values (6, 10468);
insert into Zoom_Inventory_Attribute (Zoom_Id, Inventory_Attribute_Id) values (10468, 50);
-- Final Index and Final Name: inner--0133 Key: fabric0133
insert into Zoom_Inventory_Attribute (Zoom_Id, Inventory_Attribute_Id) values (10468, 184);
insert into Zoom (Id, Description, Layer) values (10469, 'resources//img/Cuff/Cuff-Closeup-Lyr02-BevTrpButton-Inner.0134.png', 02);
insert into Category_Zoom (Category_Id, Zoom_Id) values (6, 10469);
insert into Zoom_Inventory_Attribute (Zoom_Id, Inventory_Attribute_Id) values (10469, 50);
-- Final Index and Final Name: inner--0134 Key: fabric0134
insert into Zoom_Inventory_Attribute (Zoom_Id, Inventory_Attribute_Id) values (10469, 185);
insert into Zoom (Id, Description, Layer) values (10470, 'resources//img/Cuff/Cuff-Closeup-Lyr02-BevTrpButton-Inner.0135.png', 02);
insert into Category_Zoom (Category_Id, Zoom_Id) values (6, 10470);
insert into Zoom_Inventory_Attribute (Zoom_Id, Inventory_Attribute_Id) values (10470, 50);
-- Final Index and Final Name: inner--0135 Key: fabric0135
insert into Zoom_Inventory_Attribute (Zoom_Id, Inventory_Attribute_Id) values (10470, 186);
insert into Zoom (Id, Description, Layer) values (10471, 'resources//img/Cuff/Cuff-Closeup-Lyr02-BevTrpButton-Inner.0136.png', 02);
insert into Category_Zoom (Category_Id, Zoom_Id) values (6, 10471);
insert into Zoom_Inventory_Attribute (Zoom_Id, Inventory_Attribute_Id) values (10471, 50);
-- Final Index and Final Name: inner--0136 Key: fabric0136
insert into Zoom_Inventory_Attribute (Zoom_Id, Inventory_Attribute_Id) values (10471, 187);
insert into Zoom (Id, Description, Layer) values (10472, 'resources//img/Cuff/Cuff-Closeup-Lyr02-BevTrpButton-Inner.0137.png', 02);
insert into Category_Zoom (Category_Id, Zoom_Id) values (6, 10472);
insert into Zoom_Inventory_Attribute (Zoom_Id, Inventory_Attribute_Id) values (10472, 50);
-- Final Index and Final Name: inner--0137 Key: fabric0137
insert into Zoom_Inventory_Attribute (Zoom_Id, Inventory_Attribute_Id) values (10472, 188);
insert into Zoom (Id, Description, Layer) values (10473, 'resources//img/Cuff/Cuff-Closeup-Lyr02-BevTrpButton-Inner.0138.png', 02);
insert into Category_Zoom (Category_Id, Zoom_Id) values (6, 10473);
insert into Zoom_Inventory_Attribute (Zoom_Id, Inventory_Attribute_Id) values (10473, 50);
-- Final Index and Final Name: inner--0138 Key: fabric0138
insert into Zoom_Inventory_Attribute (Zoom_Id, Inventory_Attribute_Id) values (10473, 189);
insert into Zoom (Id, Description, Layer) values (10474, 'resources//img/Cuff/Cuff-Closeup-Lyr02-BevTrpButton-Inner.0139.png', 02);
insert into Category_Zoom (Category_Id, Zoom_Id) values (6, 10474);
insert into Zoom_Inventory_Attribute (Zoom_Id, Inventory_Attribute_Id) values (10474, 50);
-- Final Index and Final Name: inner--0139 Key: fabric0139
insert into Zoom_Inventory_Attribute (Zoom_Id, Inventory_Attribute_Id) values (10474, 190);
insert into Zoom (Id, Description, Layer) values (10475, 'resources//img/Cuff/Cuff-Closeup-Lyr02-BevTrpButton-Inner.0140.png', 02);
insert into Category_Zoom (Category_Id, Zoom_Id) values (6, 10475);
insert into Zoom_Inventory_Attribute (Zoom_Id, Inventory_Attribute_Id) values (10475, 50);
-- Final Index and Final Name: inner--0140 Key: fabric0140
insert into Zoom_Inventory_Attribute (Zoom_Id, Inventory_Attribute_Id) values (10475, 191);
insert into Zoom (Id, Description, Layer) values (10476, 'resources//img/Cuff/Cuff-Closeup-Lyr02-BevTrpButton-Inner.0141.png', 02);
insert into Category_Zoom (Category_Id, Zoom_Id) values (6, 10476);
insert into Zoom_Inventory_Attribute (Zoom_Id, Inventory_Attribute_Id) values (10476, 50);
-- Final Index and Final Name: inner--0141 Key: fabric0141
insert into Zoom_Inventory_Attribute (Zoom_Id, Inventory_Attribute_Id) values (10476, 192);
insert into Zoom (Id, Description, Layer) values (10477, 'resources//img/Cuff/Cuff-Closeup-Lyr02-BevTrpButton-Inner.0142.png', 02);
insert into Category_Zoom (Category_Id, Zoom_Id) values (6, 10477);
insert into Zoom_Inventory_Attribute (Zoom_Id, Inventory_Attribute_Id) values (10477, 50);
-- Final Index and Final Name: inner--0142 Key: fabric0142
insert into Zoom_Inventory_Attribute (Zoom_Id, Inventory_Attribute_Id) values (10477, 193);
insert into Zoom (Id, Description, Layer) values (10478, 'resources//img/Cuff/Cuff-Closeup-Lyr02-BevTrpButton-Inner.0143.png', 02);
insert into Category_Zoom (Category_Id, Zoom_Id) values (6, 10478);
insert into Zoom_Inventory_Attribute (Zoom_Id, Inventory_Attribute_Id) values (10478, 50);
-- Final Index and Final Name: inner--0143 Key: fabric0143
insert into Zoom_Inventory_Attribute (Zoom_Id, Inventory_Attribute_Id) values (10478, 194);
insert into Zoom (Id, Description, Layer) values (10479, 'resources//img/Cuff/Cuff-Closeup-Lyr02-BevTrpButton-Inner.0144.png', 02);
insert into Category_Zoom (Category_Id, Zoom_Id) values (6, 10479);
insert into Zoom_Inventory_Attribute (Zoom_Id, Inventory_Attribute_Id) values (10479, 50);
-- Final Index and Final Name: inner--0144 Key: fabric0144
insert into Zoom_Inventory_Attribute (Zoom_Id, Inventory_Attribute_Id) values (10479, 195);
insert into Zoom (Id, Description, Layer) values (10480, 'resources//img/Cuff/Cuff-Closeup-Lyr02-BevTrpButton-Inner.0145.png', 02);
insert into Category_Zoom (Category_Id, Zoom_Id) values (6, 10480);
insert into Zoom_Inventory_Attribute (Zoom_Id, Inventory_Attribute_Id) values (10480, 50);
-- Final Index and Final Name: inner--0145 Key: fabric0145
insert into Zoom_Inventory_Attribute (Zoom_Id, Inventory_Attribute_Id) values (10480, 196);
insert into Zoom (Id, Description, Layer) values (10481, 'resources//img/Cuff/Cuff-Closeup-Lyr02-BevTrpButton-Inner.0146.png', 02);
insert into Category_Zoom (Category_Id, Zoom_Id) values (6, 10481);
insert into Zoom_Inventory_Attribute (Zoom_Id, Inventory_Attribute_Id) values (10481, 50);
-- Final Index and Final Name: inner--0146 Key: fabric0146
insert into Zoom_Inventory_Attribute (Zoom_Id, Inventory_Attribute_Id) values (10481, 197);
insert into Zoom (Id, Description, Layer) values (10482, 'resources//img/Cuff/Cuff-Closeup-Lyr02-BevTrpButton-Inner.0147.png', 02);
insert into Category_Zoom (Category_Id, Zoom_Id) values (6, 10482);
insert into Zoom_Inventory_Attribute (Zoom_Id, Inventory_Attribute_Id) values (10482, 50);
-- Final Index and Final Name: inner--0147 Key: fabric0147
insert into Zoom_Inventory_Attribute (Zoom_Id, Inventory_Attribute_Id) values (10482, 198);
insert into Zoom (Id, Description, Layer) values (10483, 'resources//img/Cuff/Cuff-Closeup-Lyr02-BevTrpButton-Inner.0148.png', 02);
insert into Category_Zoom (Category_Id, Zoom_Id) values (6, 10483);
insert into Zoom_Inventory_Attribute (Zoom_Id, Inventory_Attribute_Id) values (10483, 50);
-- Final Index and Final Name: inner--0148 Key: fabric0148
insert into Zoom_Inventory_Attribute (Zoom_Id, Inventory_Attribute_Id) values (10483, 199);
insert into Zoom (Id, Description, Layer) values (10484, 'resources//img/Cuff/Cuff-Closeup-Lyr02-BevTrpButton-Inner.0149.png', 02);
insert into Category_Zoom (Category_Id, Zoom_Id) values (6, 10484);
insert into Zoom_Inventory_Attribute (Zoom_Id, Inventory_Attribute_Id) values (10484, 50);
-- Final Index and Final Name: inner--0149 Key: fabric0149
insert into Zoom_Inventory_Attribute (Zoom_Id, Inventory_Attribute_Id) values (10484, 200);
insert into Zoom (Id, Description, Layer) values (10485, 'resources//img/Cuff/Cuff-Closeup-Lyr02-BevTrpButton-Inner.0150.png', 02);
insert into Category_Zoom (Category_Id, Zoom_Id) values (6, 10485);
insert into Zoom_Inventory_Attribute (Zoom_Id, Inventory_Attribute_Id) values (10485, 50);
-- Final Index and Final Name: inner--0150 Key: fabric0150
insert into Zoom_Inventory_Attribute (Zoom_Id, Inventory_Attribute_Id) values (10485, 201);
insert into Zoom (Id, Description, Layer) values (10486, 'resources//img/Cuff/Cuff-Closeup-Lyr02-BevTrpButton-Inner.0151.png', 02);
insert into Category_Zoom (Category_Id, Zoom_Id) values (6, 10486);
insert into Zoom_Inventory_Attribute (Zoom_Id, Inventory_Attribute_Id) values (10486, 50);
-- Final Index and Final Name: inner--0151 Key: fabric0151
insert into Zoom_Inventory_Attribute (Zoom_Id, Inventory_Attribute_Id) values (10486, 202);
insert into Zoom (Id, Description, Layer) values (10487, 'resources//img/Cuff/Cuff-Closeup-Lyr02-BevTrpButton-Inner.0152.png', 02);
insert into Category_Zoom (Category_Id, Zoom_Id) values (6, 10487);
insert into Zoom_Inventory_Attribute (Zoom_Id, Inventory_Attribute_Id) values (10487, 50);
-- Final Index and Final Name: inner--0152 Key: fabric0152
insert into Zoom_Inventory_Attribute (Zoom_Id, Inventory_Attribute_Id) values (10487, 203);
insert into Zoom (Id, Description, Layer) values (10488, 'resources//img/Cuff/Cuff-Closeup-Lyr02-BevTrpButton-Inner.0153.png', 02);
insert into Category_Zoom (Category_Id, Zoom_Id) values (6, 10488);
insert into Zoom_Inventory_Attribute (Zoom_Id, Inventory_Attribute_Id) values (10488, 50);
-- Final Index and Final Name: inner--0153 Key: fabric0153
insert into Zoom_Inventory_Attribute (Zoom_Id, Inventory_Attribute_Id) values (10488, 204);
insert into Zoom (Id, Description, Layer) values (10489, 'resources//img/Cuff/Cuff-Closeup-Lyr02-BevTrpButton-Inner.0154.png', 02);
insert into Category_Zoom (Category_Id, Zoom_Id) values (6, 10489);
insert into Zoom_Inventory_Attribute (Zoom_Id, Inventory_Attribute_Id) values (10489, 50);
-- Final Index and Final Name: inner--0154 Key: fabric0154
insert into Zoom_Inventory_Attribute (Zoom_Id, Inventory_Attribute_Id) values (10489, 205);
insert into Zoom (Id, Description, Layer) values (10490, 'resources//img/Cuff/Cuff-Closeup-Lyr02-BevTrpButton-Inner.0155.png', 02);
insert into Category_Zoom (Category_Id, Zoom_Id) values (6, 10490);
insert into Zoom_Inventory_Attribute (Zoom_Id, Inventory_Attribute_Id) values (10490, 50);
-- Final Index and Final Name: inner--0155 Key: fabric0155
insert into Zoom_Inventory_Attribute (Zoom_Id, Inventory_Attribute_Id) values (10490, 206);
insert into Zoom (Id, Description, Layer) values (10491, 'resources//img/Cuff/Cuff-Closeup-Lyr02-Neapolitan-Inner.0001.png', 02);
insert into Category_Zoom (Category_Id, Zoom_Id) values (6, 10491);
insert into Zoom_Inventory_Attribute (Zoom_Id, Inventory_Attribute_Id) values (10491, 48);
-- Final Index and Final Name: inner--0001 Key: fabric0001
insert into Zoom_Inventory_Attribute (Zoom_Id, Inventory_Attribute_Id) values (10491, 52);
insert into Zoom (Id, Description, Layer) values (10492, 'resources//img/Cuff/Cuff-Closeup-Lyr02-Neapolitan-Inner.0002.png', 02);
insert into Category_Zoom (Category_Id, Zoom_Id) values (6, 10492);
insert into Zoom_Inventory_Attribute (Zoom_Id, Inventory_Attribute_Id) values (10492, 48);
-- Final Index and Final Name: inner--0002 Key: fabric0002
insert into Zoom_Inventory_Attribute (Zoom_Id, Inventory_Attribute_Id) values (10492, 53);
insert into Zoom (Id, Description, Layer) values (10493, 'resources//img/Cuff/Cuff-Closeup-Lyr02-Neapolitan-Inner.0003.png', 02);
insert into Category_Zoom (Category_Id, Zoom_Id) values (6, 10493);
insert into Zoom_Inventory_Attribute (Zoom_Id, Inventory_Attribute_Id) values (10493, 48);
-- Final Index and Final Name: inner--0003 Key: fabric0003
insert into Zoom_Inventory_Attribute (Zoom_Id, Inventory_Attribute_Id) values (10493, 54);
insert into Zoom (Id, Description, Layer) values (10494, 'resources//img/Cuff/Cuff-Closeup-Lyr02-Neapolitan-Inner.0004.png', 02);
insert into Category_Zoom (Category_Id, Zoom_Id) values (6, 10494);
insert into Zoom_Inventory_Attribute (Zoom_Id, Inventory_Attribute_Id) values (10494, 48);
-- Final Index and Final Name: inner--0004 Key: fabric0004
insert into Zoom_Inventory_Attribute (Zoom_Id, Inventory_Attribute_Id) values (10494, 55);
insert into Zoom (Id, Description, Layer) values (10495, 'resources//img/Cuff/Cuff-Closeup-Lyr02-Neapolitan-Inner.0005.png', 02);
insert into Category_Zoom (Category_Id, Zoom_Id) values (6, 10495);
insert into Zoom_Inventory_Attribute (Zoom_Id, Inventory_Attribute_Id) values (10495, 48);
-- Final Index and Final Name: inner--0005 Key: fabric0005
insert into Zoom_Inventory_Attribute (Zoom_Id, Inventory_Attribute_Id) values (10495, 56);
insert into Zoom (Id, Description, Layer) values (10496, 'resources//img/Cuff/Cuff-Closeup-Lyr02-Neapolitan-Inner.0006.png', 02);
insert into Category_Zoom (Category_Id, Zoom_Id) values (6, 10496);
insert into Zoom_Inventory_Attribute (Zoom_Id, Inventory_Attribute_Id) values (10496, 48);
-- Final Index and Final Name: inner--0006 Key: fabric0006
insert into Zoom_Inventory_Attribute (Zoom_Id, Inventory_Attribute_Id) values (10496, 57);
insert into Zoom (Id, Description, Layer) values (10497, 'resources//img/Cuff/Cuff-Closeup-Lyr02-Neapolitan-Inner.0007.png', 02);
insert into Category_Zoom (Category_Id, Zoom_Id) values (6, 10497);
insert into Zoom_Inventory_Attribute (Zoom_Id, Inventory_Attribute_Id) values (10497, 48);
-- Final Index and Final Name: inner--0007 Key: fabric0007
insert into Zoom_Inventory_Attribute (Zoom_Id, Inventory_Attribute_Id) values (10497, 58);
insert into Zoom (Id, Description, Layer) values (10498, 'resources//img/Cuff/Cuff-Closeup-Lyr02-Neapolitan-Inner.0008.png', 02);
insert into Category_Zoom (Category_Id, Zoom_Id) values (6, 10498);
insert into Zoom_Inventory_Attribute (Zoom_Id, Inventory_Attribute_Id) values (10498, 48);
-- Final Index and Final Name: inner--0008 Key: fabric0008
insert into Zoom_Inventory_Attribute (Zoom_Id, Inventory_Attribute_Id) values (10498, 59);
insert into Zoom (Id, Description, Layer) values (10499, 'resources//img/Cuff/Cuff-Closeup-Lyr02-Neapolitan-Inner.0009.png', 02);
insert into Category_Zoom (Category_Id, Zoom_Id) values (6, 10499);
insert into Zoom_Inventory_Attribute (Zoom_Id, Inventory_Attribute_Id) values (10499, 48);
-- Final Index and Final Name: inner--0009 Key: fabric0009
insert into Zoom_Inventory_Attribute (Zoom_Id, Inventory_Attribute_Id) values (10499, 60);
insert into Zoom (Id, Description, Layer) values (10500, 'resources//img/Cuff/Cuff-Closeup-Lyr02-Neapolitan-Inner.0010.png', 02);
insert into Category_Zoom (Category_Id, Zoom_Id) values (6, 10500);
insert into Zoom_Inventory_Attribute (Zoom_Id, Inventory_Attribute_Id) values (10500, 48);
-- Final Index and Final Name: inner--0010 Key: fabric0010
insert into Zoom_Inventory_Attribute (Zoom_Id, Inventory_Attribute_Id) values (10500, 61);
insert into Zoom (Id, Description, Layer) values (10501, 'resources//img/Cuff/Cuff-Closeup-Lyr02-Neapolitan-Inner.0011.png', 02);
insert into Category_Zoom (Category_Id, Zoom_Id) values (6, 10501);
insert into Zoom_Inventory_Attribute (Zoom_Id, Inventory_Attribute_Id) values (10501, 48);
-- Final Index and Final Name: inner--0011 Key: fabric0011
insert into Zoom_Inventory_Attribute (Zoom_Id, Inventory_Attribute_Id) values (10501, 62);
insert into Zoom (Id, Description, Layer) values (10502, 'resources//img/Cuff/Cuff-Closeup-Lyr02-Neapolitan-Inner.0012.png', 02);
insert into Category_Zoom (Category_Id, Zoom_Id) values (6, 10502);
insert into Zoom_Inventory_Attribute (Zoom_Id, Inventory_Attribute_Id) values (10502, 48);
-- Final Index and Final Name: inner--0012 Key: fabric0012
insert into Zoom_Inventory_Attribute (Zoom_Id, Inventory_Attribute_Id) values (10502, 63);
insert into Zoom (Id, Description, Layer) values (10503, 'resources//img/Cuff/Cuff-Closeup-Lyr02-Neapolitan-Inner.0013.png', 02);
insert into Category_Zoom (Category_Id, Zoom_Id) values (6, 10503);
insert into Zoom_Inventory_Attribute (Zoom_Id, Inventory_Attribute_Id) values (10503, 48);
-- Final Index and Final Name: inner--0013 Key: fabric0013
insert into Zoom_Inventory_Attribute (Zoom_Id, Inventory_Attribute_Id) values (10503, 64);
insert into Zoom (Id, Description, Layer) values (10504, 'resources//img/Cuff/Cuff-Closeup-Lyr02-Neapolitan-Inner.0014.png', 02);
insert into Category_Zoom (Category_Id, Zoom_Id) values (6, 10504);
insert into Zoom_Inventory_Attribute (Zoom_Id, Inventory_Attribute_Id) values (10504, 48);
-- Final Index and Final Name: inner--0014 Key: fabric0014
insert into Zoom_Inventory_Attribute (Zoom_Id, Inventory_Attribute_Id) values (10504, 65);
insert into Zoom (Id, Description, Layer) values (10505, 'resources//img/Cuff/Cuff-Closeup-Lyr02-Neapolitan-Inner.0015.png', 02);
insert into Category_Zoom (Category_Id, Zoom_Id) values (6, 10505);
insert into Zoom_Inventory_Attribute (Zoom_Id, Inventory_Attribute_Id) values (10505, 48);
-- Final Index and Final Name: inner--0015 Key: fabric0015
insert into Zoom_Inventory_Attribute (Zoom_Id, Inventory_Attribute_Id) values (10505, 66);
insert into Zoom (Id, Description, Layer) values (10506, 'resources//img/Cuff/Cuff-Closeup-Lyr02-Neapolitan-Inner.0016.png', 02);
insert into Category_Zoom (Category_Id, Zoom_Id) values (6, 10506);
insert into Zoom_Inventory_Attribute (Zoom_Id, Inventory_Attribute_Id) values (10506, 48);
-- Final Index and Final Name: inner--0016 Key: fabric0016
insert into Zoom_Inventory_Attribute (Zoom_Id, Inventory_Attribute_Id) values (10506, 67);
insert into Zoom (Id, Description, Layer) values (10507, 'resources//img/Cuff/Cuff-Closeup-Lyr02-Neapolitan-Inner.0017.png', 02);
insert into Category_Zoom (Category_Id, Zoom_Id) values (6, 10507);
insert into Zoom_Inventory_Attribute (Zoom_Id, Inventory_Attribute_Id) values (10507, 48);
-- Final Index and Final Name: inner--0017 Key: fabric0017
insert into Zoom_Inventory_Attribute (Zoom_Id, Inventory_Attribute_Id) values (10507, 68);
insert into Zoom (Id, Description, Layer) values (10508, 'resources//img/Cuff/Cuff-Closeup-Lyr02-Neapolitan-Inner.0018.png', 02);
insert into Category_Zoom (Category_Id, Zoom_Id) values (6, 10508);
insert into Zoom_Inventory_Attribute (Zoom_Id, Inventory_Attribute_Id) values (10508, 48);
-- Final Index and Final Name: inner--0018 Key: fabric0018
insert into Zoom_Inventory_Attribute (Zoom_Id, Inventory_Attribute_Id) values (10508, 69);
insert into Zoom (Id, Description, Layer) values (10509, 'resources//img/Cuff/Cuff-Closeup-Lyr02-Neapolitan-Inner.0019.png', 02);
insert into Category_Zoom (Category_Id, Zoom_Id) values (6, 10509);
insert into Zoom_Inventory_Attribute (Zoom_Id, Inventory_Attribute_Id) values (10509, 48);
-- Final Index and Final Name: inner--0019 Key: fabric0019
insert into Zoom_Inventory_Attribute (Zoom_Id, Inventory_Attribute_Id) values (10509, 70);
insert into Zoom (Id, Description, Layer) values (10510, 'resources//img/Cuff/Cuff-Closeup-Lyr02-Neapolitan-Inner.0020.png', 02);
insert into Category_Zoom (Category_Id, Zoom_Id) values (6, 10510);
insert into Zoom_Inventory_Attribute (Zoom_Id, Inventory_Attribute_Id) values (10510, 48);
-- Final Index and Final Name: inner--0020 Key: fabric0020
insert into Zoom_Inventory_Attribute (Zoom_Id, Inventory_Attribute_Id) values (10510, 71);
insert into Zoom (Id, Description, Layer) values (10511, 'resources//img/Cuff/Cuff-Closeup-Lyr02-Neapolitan-Inner.0021.png', 02);
insert into Category_Zoom (Category_Id, Zoom_Id) values (6, 10511);
insert into Zoom_Inventory_Attribute (Zoom_Id, Inventory_Attribute_Id) values (10511, 48);
-- Final Index and Final Name: inner--0021 Key: fabric0021
insert into Zoom_Inventory_Attribute (Zoom_Id, Inventory_Attribute_Id) values (10511, 72);
insert into Zoom (Id, Description, Layer) values (10512, 'resources//img/Cuff/Cuff-Closeup-Lyr02-Neapolitan-Inner.0022.png', 02);
insert into Category_Zoom (Category_Id, Zoom_Id) values (6, 10512);
insert into Zoom_Inventory_Attribute (Zoom_Id, Inventory_Attribute_Id) values (10512, 48);
-- Final Index and Final Name: inner--0022 Key: fabric0022
insert into Zoom_Inventory_Attribute (Zoom_Id, Inventory_Attribute_Id) values (10512, 73);
insert into Zoom (Id, Description, Layer) values (10513, 'resources//img/Cuff/Cuff-Closeup-Lyr02-Neapolitan-Inner.0023.png', 02);
insert into Category_Zoom (Category_Id, Zoom_Id) values (6, 10513);
insert into Zoom_Inventory_Attribute (Zoom_Id, Inventory_Attribute_Id) values (10513, 48);
-- Final Index and Final Name: inner--0023 Key: fabric0023
insert into Zoom_Inventory_Attribute (Zoom_Id, Inventory_Attribute_Id) values (10513, 74);
insert into Zoom (Id, Description, Layer) values (10514, 'resources//img/Cuff/Cuff-Closeup-Lyr02-Neapolitan-Inner.0024.png', 02);
insert into Category_Zoom (Category_Id, Zoom_Id) values (6, 10514);
insert into Zoom_Inventory_Attribute (Zoom_Id, Inventory_Attribute_Id) values (10514, 48);
-- Final Index and Final Name: inner--0024 Key: fabric0024
insert into Zoom_Inventory_Attribute (Zoom_Id, Inventory_Attribute_Id) values (10514, 75);
insert into Zoom (Id, Description, Layer) values (10515, 'resources//img/Cuff/Cuff-Closeup-Lyr02-Neapolitan-Inner.0025.png', 02);
insert into Category_Zoom (Category_Id, Zoom_Id) values (6, 10515);
insert into Zoom_Inventory_Attribute (Zoom_Id, Inventory_Attribute_Id) values (10515, 48);
-- Final Index and Final Name: inner--0025 Key: fabric0025
insert into Zoom_Inventory_Attribute (Zoom_Id, Inventory_Attribute_Id) values (10515, 76);
insert into Zoom (Id, Description, Layer) values (10516, 'resources//img/Cuff/Cuff-Closeup-Lyr02-Neapolitan-Inner.0026.png', 02);
insert into Category_Zoom (Category_Id, Zoom_Id) values (6, 10516);
insert into Zoom_Inventory_Attribute (Zoom_Id, Inventory_Attribute_Id) values (10516, 48);
-- Final Index and Final Name: inner--0026 Key: fabric0026
insert into Zoom_Inventory_Attribute (Zoom_Id, Inventory_Attribute_Id) values (10516, 77);
insert into Zoom (Id, Description, Layer) values (10517, 'resources//img/Cuff/Cuff-Closeup-Lyr02-Neapolitan-Inner.0027.png', 02);
insert into Category_Zoom (Category_Id, Zoom_Id) values (6, 10517);
insert into Zoom_Inventory_Attribute (Zoom_Id, Inventory_Attribute_Id) values (10517, 48);
-- Final Index and Final Name: inner--0027 Key: fabric0027
insert into Zoom_Inventory_Attribute (Zoom_Id, Inventory_Attribute_Id) values (10517, 78);
insert into Zoom (Id, Description, Layer) values (10518, 'resources//img/Cuff/Cuff-Closeup-Lyr02-Neapolitan-Inner.0028.png', 02);
insert into Category_Zoom (Category_Id, Zoom_Id) values (6, 10518);
insert into Zoom_Inventory_Attribute (Zoom_Id, Inventory_Attribute_Id) values (10518, 48);
-- Final Index and Final Name: inner--0028 Key: fabric0028
insert into Zoom_Inventory_Attribute (Zoom_Id, Inventory_Attribute_Id) values (10518, 79);
insert into Zoom (Id, Description, Layer) values (10519, 'resources//img/Cuff/Cuff-Closeup-Lyr02-Neapolitan-Inner.0029.png', 02);
insert into Category_Zoom (Category_Id, Zoom_Id) values (6, 10519);
insert into Zoom_Inventory_Attribute (Zoom_Id, Inventory_Attribute_Id) values (10519, 48);
-- Final Index and Final Name: inner--0029 Key: fabric0029
insert into Zoom_Inventory_Attribute (Zoom_Id, Inventory_Attribute_Id) values (10519, 80);
insert into Zoom (Id, Description, Layer) values (10520, 'resources//img/Cuff/Cuff-Closeup-Lyr02-Neapolitan-Inner.0030.png', 02);
insert into Category_Zoom (Category_Id, Zoom_Id) values (6, 10520);
insert into Zoom_Inventory_Attribute (Zoom_Id, Inventory_Attribute_Id) values (10520, 48);
-- Final Index and Final Name: inner--0030 Key: fabric0030
insert into Zoom_Inventory_Attribute (Zoom_Id, Inventory_Attribute_Id) values (10520, 81);
insert into Zoom (Id, Description, Layer) values (10521, 'resources//img/Cuff/Cuff-Closeup-Lyr02-Neapolitan-Inner.0031.png', 02);
insert into Category_Zoom (Category_Id, Zoom_Id) values (6, 10521);
insert into Zoom_Inventory_Attribute (Zoom_Id, Inventory_Attribute_Id) values (10521, 48);
-- Final Index and Final Name: inner--0031 Key: fabric0031
insert into Zoom_Inventory_Attribute (Zoom_Id, Inventory_Attribute_Id) values (10521, 82);
insert into Zoom (Id, Description, Layer) values (10522, 'resources//img/Cuff/Cuff-Closeup-Lyr02-Neapolitan-Inner.0032.png', 02);
insert into Category_Zoom (Category_Id, Zoom_Id) values (6, 10522);
insert into Zoom_Inventory_Attribute (Zoom_Id, Inventory_Attribute_Id) values (10522, 48);
-- Final Index and Final Name: inner--0032 Key: fabric0032
insert into Zoom_Inventory_Attribute (Zoom_Id, Inventory_Attribute_Id) values (10522, 83);
insert into Zoom (Id, Description, Layer) values (10523, 'resources//img/Cuff/Cuff-Closeup-Lyr02-Neapolitan-Inner.0033.png', 02);
insert into Category_Zoom (Category_Id, Zoom_Id) values (6, 10523);
insert into Zoom_Inventory_Attribute (Zoom_Id, Inventory_Attribute_Id) values (10523, 48);
-- Final Index and Final Name: inner--0033 Key: fabric0033
insert into Zoom_Inventory_Attribute (Zoom_Id, Inventory_Attribute_Id) values (10523, 84);
insert into Zoom (Id, Description, Layer) values (10524, 'resources//img/Cuff/Cuff-Closeup-Lyr02-Neapolitan-Inner.0034.png', 02);
insert into Category_Zoom (Category_Id, Zoom_Id) values (6, 10524);
insert into Zoom_Inventory_Attribute (Zoom_Id, Inventory_Attribute_Id) values (10524, 48);
-- Final Index and Final Name: inner--0034 Key: fabric0034
insert into Zoom_Inventory_Attribute (Zoom_Id, Inventory_Attribute_Id) values (10524, 85);
insert into Zoom (Id, Description, Layer) values (10525, 'resources//img/Cuff/Cuff-Closeup-Lyr02-Neapolitan-Inner.0035.png', 02);
insert into Category_Zoom (Category_Id, Zoom_Id) values (6, 10525);
insert into Zoom_Inventory_Attribute (Zoom_Id, Inventory_Attribute_Id) values (10525, 48);
-- Final Index and Final Name: inner--0035 Key: fabric0035
insert into Zoom_Inventory_Attribute (Zoom_Id, Inventory_Attribute_Id) values (10525, 86);
insert into Zoom (Id, Description, Layer) values (10526, 'resources//img/Cuff/Cuff-Closeup-Lyr02-Neapolitan-Inner.0036.png', 02);
insert into Category_Zoom (Category_Id, Zoom_Id) values (6, 10526);
insert into Zoom_Inventory_Attribute (Zoom_Id, Inventory_Attribute_Id) values (10526, 48);
-- Final Index and Final Name: inner--0036 Key: fabric0036
insert into Zoom_Inventory_Attribute (Zoom_Id, Inventory_Attribute_Id) values (10526, 87);
insert into Zoom (Id, Description, Layer) values (10527, 'resources//img/Cuff/Cuff-Closeup-Lyr02-Neapolitan-Inner.0037.png', 02);
insert into Category_Zoom (Category_Id, Zoom_Id) values (6, 10527);
insert into Zoom_Inventory_Attribute (Zoom_Id, Inventory_Attribute_Id) values (10527, 48);
-- Final Index and Final Name: inner--0037 Key: fabric0037
insert into Zoom_Inventory_Attribute (Zoom_Id, Inventory_Attribute_Id) values (10527, 88);
insert into Zoom (Id, Description, Layer) values (10528, 'resources//img/Cuff/Cuff-Closeup-Lyr02-Neapolitan-Inner.0038.png', 02);
insert into Category_Zoom (Category_Id, Zoom_Id) values (6, 10528);
insert into Zoom_Inventory_Attribute (Zoom_Id, Inventory_Attribute_Id) values (10528, 48);
-- Final Index and Final Name: inner--0038 Key: fabric0038
insert into Zoom_Inventory_Attribute (Zoom_Id, Inventory_Attribute_Id) values (10528, 89);
insert into Zoom (Id, Description, Layer) values (10529, 'resources//img/Cuff/Cuff-Closeup-Lyr02-Neapolitan-Inner.0039.png', 02);
insert into Category_Zoom (Category_Id, Zoom_Id) values (6, 10529);
insert into Zoom_Inventory_Attribute (Zoom_Id, Inventory_Attribute_Id) values (10529, 48);
-- Final Index and Final Name: inner--0039 Key: fabric0039
insert into Zoom_Inventory_Attribute (Zoom_Id, Inventory_Attribute_Id) values (10529, 90);
insert into Zoom (Id, Description, Layer) values (10530, 'resources//img/Cuff/Cuff-Closeup-Lyr02-Neapolitan-Inner.0040.png', 02);
insert into Category_Zoom (Category_Id, Zoom_Id) values (6, 10530);
insert into Zoom_Inventory_Attribute (Zoom_Id, Inventory_Attribute_Id) values (10530, 48);
-- Final Index and Final Name: inner--0040 Key: fabric0040
insert into Zoom_Inventory_Attribute (Zoom_Id, Inventory_Attribute_Id) values (10530, 91);
insert into Zoom (Id, Description, Layer) values (10531, 'resources//img/Cuff/Cuff-Closeup-Lyr02-Neapolitan-Inner.0041.png', 02);
insert into Category_Zoom (Category_Id, Zoom_Id) values (6, 10531);
insert into Zoom_Inventory_Attribute (Zoom_Id, Inventory_Attribute_Id) values (10531, 48);
-- Final Index and Final Name: inner--0041 Key: fabric0041
insert into Zoom_Inventory_Attribute (Zoom_Id, Inventory_Attribute_Id) values (10531, 92);
insert into Zoom (Id, Description, Layer) values (10532, 'resources//img/Cuff/Cuff-Closeup-Lyr02-Neapolitan-Inner.0042.png', 02);
insert into Category_Zoom (Category_Id, Zoom_Id) values (6, 10532);
insert into Zoom_Inventory_Attribute (Zoom_Id, Inventory_Attribute_Id) values (10532, 48);
-- Final Index and Final Name: inner--0042 Key: fabric0042
insert into Zoom_Inventory_Attribute (Zoom_Id, Inventory_Attribute_Id) values (10532, 93);
insert into Zoom (Id, Description, Layer) values (10533, 'resources//img/Cuff/Cuff-Closeup-Lyr02-Neapolitan-Inner.0043.png', 02);
insert into Category_Zoom (Category_Id, Zoom_Id) values (6, 10533);
insert into Zoom_Inventory_Attribute (Zoom_Id, Inventory_Attribute_Id) values (10533, 48);
-- Final Index and Final Name: inner--0043 Key: fabric0043
insert into Zoom_Inventory_Attribute (Zoom_Id, Inventory_Attribute_Id) values (10533, 94);
insert into Zoom (Id, Description, Layer) values (10534, 'resources//img/Cuff/Cuff-Closeup-Lyr02-Neapolitan-Inner.0044.png', 02);
insert into Category_Zoom (Category_Id, Zoom_Id) values (6, 10534);
insert into Zoom_Inventory_Attribute (Zoom_Id, Inventory_Attribute_Id) values (10534, 48);
-- Final Index and Final Name: inner--0044 Key: fabric0044
insert into Zoom_Inventory_Attribute (Zoom_Id, Inventory_Attribute_Id) values (10534, 95);
insert into Zoom (Id, Description, Layer) values (10535, 'resources//img/Cuff/Cuff-Closeup-Lyr02-Neapolitan-Inner.0045.png', 02);
insert into Category_Zoom (Category_Id, Zoom_Id) values (6, 10535);
insert into Zoom_Inventory_Attribute (Zoom_Id, Inventory_Attribute_Id) values (10535, 48);
-- Final Index and Final Name: inner--0045 Key: fabric0045
insert into Zoom_Inventory_Attribute (Zoom_Id, Inventory_Attribute_Id) values (10535, 96);
insert into Zoom (Id, Description, Layer) values (10536, 'resources//img/Cuff/Cuff-Closeup-Lyr02-Neapolitan-Inner.0046.png', 02);
insert into Category_Zoom (Category_Id, Zoom_Id) values (6, 10536);
insert into Zoom_Inventory_Attribute (Zoom_Id, Inventory_Attribute_Id) values (10536, 48);
-- Final Index and Final Name: inner--0046 Key: fabric0046
insert into Zoom_Inventory_Attribute (Zoom_Id, Inventory_Attribute_Id) values (10536, 97);
insert into Zoom (Id, Description, Layer) values (10537, 'resources//img/Cuff/Cuff-Closeup-Lyr02-Neapolitan-Inner.0047.png', 02);
insert into Category_Zoom (Category_Id, Zoom_Id) values (6, 10537);
insert into Zoom_Inventory_Attribute (Zoom_Id, Inventory_Attribute_Id) values (10537, 48);
-- Final Index and Final Name: inner--0047 Key: fabric0047
insert into Zoom_Inventory_Attribute (Zoom_Id, Inventory_Attribute_Id) values (10537, 98);
insert into Zoom (Id, Description, Layer) values (10538, 'resources//img/Cuff/Cuff-Closeup-Lyr02-Neapolitan-Inner.0048.png', 02);
insert into Category_Zoom (Category_Id, Zoom_Id) values (6, 10538);
insert into Zoom_Inventory_Attribute (Zoom_Id, Inventory_Attribute_Id) values (10538, 48);
-- Final Index and Final Name: inner--0048 Key: fabric0048
insert into Zoom_Inventory_Attribute (Zoom_Id, Inventory_Attribute_Id) values (10538, 99);
insert into Zoom (Id, Description, Layer) values (10539, 'resources//img/Cuff/Cuff-Closeup-Lyr02-Neapolitan-Inner.0049.png', 02);
insert into Category_Zoom (Category_Id, Zoom_Id) values (6, 10539);
insert into Zoom_Inventory_Attribute (Zoom_Id, Inventory_Attribute_Id) values (10539, 48);
-- Final Index and Final Name: inner--0049 Key: fabric0049
insert into Zoom_Inventory_Attribute (Zoom_Id, Inventory_Attribute_Id) values (10539, 100);
insert into Zoom (Id, Description, Layer) values (10540, 'resources//img/Cuff/Cuff-Closeup-Lyr02-Neapolitan-Inner.0050.png', 02);
insert into Category_Zoom (Category_Id, Zoom_Id) values (6, 10540);
insert into Zoom_Inventory_Attribute (Zoom_Id, Inventory_Attribute_Id) values (10540, 48);
-- Final Index and Final Name: inner--0050 Key: fabric0050
insert into Zoom_Inventory_Attribute (Zoom_Id, Inventory_Attribute_Id) values (10540, 101);
insert into Zoom (Id, Description, Layer) values (10541, 'resources//img/Cuff/Cuff-Closeup-Lyr02-Neapolitan-Inner.0051.png', 02);
insert into Category_Zoom (Category_Id, Zoom_Id) values (6, 10541);
insert into Zoom_Inventory_Attribute (Zoom_Id, Inventory_Attribute_Id) values (10541, 48);
-- Final Index and Final Name: inner--0051 Key: fabric0051
insert into Zoom_Inventory_Attribute (Zoom_Id, Inventory_Attribute_Id) values (10541, 102);
insert into Zoom (Id, Description, Layer) values (10542, 'resources//img/Cuff/Cuff-Closeup-Lyr02-Neapolitan-Inner.0052.png', 02);
insert into Category_Zoom (Category_Id, Zoom_Id) values (6, 10542);
insert into Zoom_Inventory_Attribute (Zoom_Id, Inventory_Attribute_Id) values (10542, 48);
-- Final Index and Final Name: inner--0052 Key: fabric0052
insert into Zoom_Inventory_Attribute (Zoom_Id, Inventory_Attribute_Id) values (10542, 103);
insert into Zoom (Id, Description, Layer) values (10543, 'resources//img/Cuff/Cuff-Closeup-Lyr02-Neapolitan-Inner.0053.png', 02);
insert into Category_Zoom (Category_Id, Zoom_Id) values (6, 10543);
insert into Zoom_Inventory_Attribute (Zoom_Id, Inventory_Attribute_Id) values (10543, 48);
-- Final Index and Final Name: inner--0053 Key: fabric0053
insert into Zoom_Inventory_Attribute (Zoom_Id, Inventory_Attribute_Id) values (10543, 104);
insert into Zoom (Id, Description, Layer) values (10544, 'resources//img/Cuff/Cuff-Closeup-Lyr02-Neapolitan-Inner.0054.png', 02);
insert into Category_Zoom (Category_Id, Zoom_Id) values (6, 10544);
insert into Zoom_Inventory_Attribute (Zoom_Id, Inventory_Attribute_Id) values (10544, 48);
-- Final Index and Final Name: inner--0054 Key: fabric0054
insert into Zoom_Inventory_Attribute (Zoom_Id, Inventory_Attribute_Id) values (10544, 105);
insert into Zoom (Id, Description, Layer) values (10545, 'resources//img/Cuff/Cuff-Closeup-Lyr02-Neapolitan-Inner.0055.png', 02);
insert into Category_Zoom (Category_Id, Zoom_Id) values (6, 10545);
insert into Zoom_Inventory_Attribute (Zoom_Id, Inventory_Attribute_Id) values (10545, 48);
-- Final Index and Final Name: inner--0055 Key: fabric0055
insert into Zoom_Inventory_Attribute (Zoom_Id, Inventory_Attribute_Id) values (10545, 106);
insert into Zoom (Id, Description, Layer) values (10546, 'resources//img/Cuff/Cuff-Closeup-Lyr02-Neapolitan-Inner.0056.png', 02);
insert into Category_Zoom (Category_Id, Zoom_Id) values (6, 10546);
insert into Zoom_Inventory_Attribute (Zoom_Id, Inventory_Attribute_Id) values (10546, 48);
-- Final Index and Final Name: inner--0056 Key: fabric0056
insert into Zoom_Inventory_Attribute (Zoom_Id, Inventory_Attribute_Id) values (10546, 107);
insert into Zoom (Id, Description, Layer) values (10547, 'resources//img/Cuff/Cuff-Closeup-Lyr02-Neapolitan-Inner.0057.png', 02);
insert into Category_Zoom (Category_Id, Zoom_Id) values (6, 10547);
insert into Zoom_Inventory_Attribute (Zoom_Id, Inventory_Attribute_Id) values (10547, 48);
-- Final Index and Final Name: inner--0057 Key: fabric0057
insert into Zoom_Inventory_Attribute (Zoom_Id, Inventory_Attribute_Id) values (10547, 108);
insert into Zoom (Id, Description, Layer) values (10548, 'resources//img/Cuff/Cuff-Closeup-Lyr02-Neapolitan-Inner.0058.png', 02);
insert into Category_Zoom (Category_Id, Zoom_Id) values (6, 10548);
insert into Zoom_Inventory_Attribute (Zoom_Id, Inventory_Attribute_Id) values (10548, 48);
-- Final Index and Final Name: inner--0058 Key: fabric0058
insert into Zoom_Inventory_Attribute (Zoom_Id, Inventory_Attribute_Id) values (10548, 109);
insert into Zoom (Id, Description, Layer) values (10549, 'resources//img/Cuff/Cuff-Closeup-Lyr02-Neapolitan-Inner.0059.png', 02);
insert into Category_Zoom (Category_Id, Zoom_Id) values (6, 10549);
insert into Zoom_Inventory_Attribute (Zoom_Id, Inventory_Attribute_Id) values (10549, 48);
-- Final Index and Final Name: inner--0059 Key: fabric0059
insert into Zoom_Inventory_Attribute (Zoom_Id, Inventory_Attribute_Id) values (10549, 110);
insert into Zoom (Id, Description, Layer) values (10550, 'resources//img/Cuff/Cuff-Closeup-Lyr02-Neapolitan-Inner.0060.png', 02);
insert into Category_Zoom (Category_Id, Zoom_Id) values (6, 10550);
insert into Zoom_Inventory_Attribute (Zoom_Id, Inventory_Attribute_Id) values (10550, 48);
-- Final Index and Final Name: inner--0060 Key: fabric0060
insert into Zoom_Inventory_Attribute (Zoom_Id, Inventory_Attribute_Id) values (10550, 111);
insert into Zoom (Id, Description, Layer) values (10551, 'resources//img/Cuff/Cuff-Closeup-Lyr02-Neapolitan-Inner.0061.png', 02);
insert into Category_Zoom (Category_Id, Zoom_Id) values (6, 10551);
insert into Zoom_Inventory_Attribute (Zoom_Id, Inventory_Attribute_Id) values (10551, 48);
-- Final Index and Final Name: inner--0061 Key: fabric0061
insert into Zoom_Inventory_Attribute (Zoom_Id, Inventory_Attribute_Id) values (10551, 112);
insert into Zoom (Id, Description, Layer) values (10552, 'resources//img/Cuff/Cuff-Closeup-Lyr02-Neapolitan-Inner.0062.png', 02);
insert into Category_Zoom (Category_Id, Zoom_Id) values (6, 10552);
insert into Zoom_Inventory_Attribute (Zoom_Id, Inventory_Attribute_Id) values (10552, 48);
-- Final Index and Final Name: inner--0062 Key: fabric0062
insert into Zoom_Inventory_Attribute (Zoom_Id, Inventory_Attribute_Id) values (10552, 113);
insert into Zoom (Id, Description, Layer) values (10553, 'resources//img/Cuff/Cuff-Closeup-Lyr02-Neapolitan-Inner.0063.png', 02);
insert into Category_Zoom (Category_Id, Zoom_Id) values (6, 10553);
insert into Zoom_Inventory_Attribute (Zoom_Id, Inventory_Attribute_Id) values (10553, 48);
-- Final Index and Final Name: inner--0063 Key: fabric0063
insert into Zoom_Inventory_Attribute (Zoom_Id, Inventory_Attribute_Id) values (10553, 114);
insert into Zoom (Id, Description, Layer) values (10554, 'resources//img/Cuff/Cuff-Closeup-Lyr02-Neapolitan-Inner.0064.png', 02);
insert into Category_Zoom (Category_Id, Zoom_Id) values (6, 10554);
insert into Zoom_Inventory_Attribute (Zoom_Id, Inventory_Attribute_Id) values (10554, 48);
-- Final Index and Final Name: inner--0064 Key: fabric0064
insert into Zoom_Inventory_Attribute (Zoom_Id, Inventory_Attribute_Id) values (10554, 115);
insert into Zoom (Id, Description, Layer) values (10555, 'resources//img/Cuff/Cuff-Closeup-Lyr02-Neapolitan-Inner.0065.png', 02);
insert into Category_Zoom (Category_Id, Zoom_Id) values (6, 10555);
insert into Zoom_Inventory_Attribute (Zoom_Id, Inventory_Attribute_Id) values (10555, 48);
-- Final Index and Final Name: inner--0065 Key: fabric0065
insert into Zoom_Inventory_Attribute (Zoom_Id, Inventory_Attribute_Id) values (10555, 116);
insert into Zoom (Id, Description, Layer) values (10556, 'resources//img/Cuff/Cuff-Closeup-Lyr02-Neapolitan-Inner.0066.png', 02);
insert into Category_Zoom (Category_Id, Zoom_Id) values (6, 10556);
insert into Zoom_Inventory_Attribute (Zoom_Id, Inventory_Attribute_Id) values (10556, 48);
-- Final Index and Final Name: inner--0066 Key: fabric0066
insert into Zoom_Inventory_Attribute (Zoom_Id, Inventory_Attribute_Id) values (10556, 117);
insert into Zoom (Id, Description, Layer) values (10557, 'resources//img/Cuff/Cuff-Closeup-Lyr02-Neapolitan-Inner.0067.png', 02);
insert into Category_Zoom (Category_Id, Zoom_Id) values (6, 10557);
insert into Zoom_Inventory_Attribute (Zoom_Id, Inventory_Attribute_Id) values (10557, 48);
-- Final Index and Final Name: inner--0067 Key: fabric0067
insert into Zoom_Inventory_Attribute (Zoom_Id, Inventory_Attribute_Id) values (10557, 118);
insert into Zoom (Id, Description, Layer) values (10558, 'resources//img/Cuff/Cuff-Closeup-Lyr02-Neapolitan-Inner.0068.png', 02);
insert into Category_Zoom (Category_Id, Zoom_Id) values (6, 10558);
insert into Zoom_Inventory_Attribute (Zoom_Id, Inventory_Attribute_Id) values (10558, 48);
-- Final Index and Final Name: inner--0068 Key: fabric0068
insert into Zoom_Inventory_Attribute (Zoom_Id, Inventory_Attribute_Id) values (10558, 119);
insert into Zoom (Id, Description, Layer) values (10559, 'resources//img/Cuff/Cuff-Closeup-Lyr02-Neapolitan-Inner.0069.png', 02);
insert into Category_Zoom (Category_Id, Zoom_Id) values (6, 10559);
insert into Zoom_Inventory_Attribute (Zoom_Id, Inventory_Attribute_Id) values (10559, 48);
-- Final Index and Final Name: inner--0069 Key: fabric0069
insert into Zoom_Inventory_Attribute (Zoom_Id, Inventory_Attribute_Id) values (10559, 120);
insert into Zoom (Id, Description, Layer) values (10560, 'resources//img/Cuff/Cuff-Closeup-Lyr02-Neapolitan-Inner.0070.png', 02);
insert into Category_Zoom (Category_Id, Zoom_Id) values (6, 10560);
insert into Zoom_Inventory_Attribute (Zoom_Id, Inventory_Attribute_Id) values (10560, 48);
-- Final Index and Final Name: inner--0070 Key: fabric0070
insert into Zoom_Inventory_Attribute (Zoom_Id, Inventory_Attribute_Id) values (10560, 121);
insert into Zoom (Id, Description, Layer) values (10561, 'resources//img/Cuff/Cuff-Closeup-Lyr02-Neapolitan-Inner.0071.png', 02);
insert into Category_Zoom (Category_Id, Zoom_Id) values (6, 10561);
insert into Zoom_Inventory_Attribute (Zoom_Id, Inventory_Attribute_Id) values (10561, 48);
-- Final Index and Final Name: inner--0071 Key: fabric0071
insert into Zoom_Inventory_Attribute (Zoom_Id, Inventory_Attribute_Id) values (10561, 122);
insert into Zoom (Id, Description, Layer) values (10562, 'resources//img/Cuff/Cuff-Closeup-Lyr02-Neapolitan-Inner.0072.png', 02);
insert into Category_Zoom (Category_Id, Zoom_Id) values (6, 10562);
insert into Zoom_Inventory_Attribute (Zoom_Id, Inventory_Attribute_Id) values (10562, 48);
-- Final Index and Final Name: inner--0072 Key: fabric0072
insert into Zoom_Inventory_Attribute (Zoom_Id, Inventory_Attribute_Id) values (10562, 123);
insert into Zoom (Id, Description, Layer) values (10563, 'resources//img/Cuff/Cuff-Closeup-Lyr02-Neapolitan-Inner.0073.png', 02);
insert into Category_Zoom (Category_Id, Zoom_Id) values (6, 10563);
insert into Zoom_Inventory_Attribute (Zoom_Id, Inventory_Attribute_Id) values (10563, 48);
-- Final Index and Final Name: inner--0073 Key: fabric0073
insert into Zoom_Inventory_Attribute (Zoom_Id, Inventory_Attribute_Id) values (10563, 124);
insert into Zoom (Id, Description, Layer) values (10564, 'resources//img/Cuff/Cuff-Closeup-Lyr02-Neapolitan-Inner.0074.png', 02);
insert into Category_Zoom (Category_Id, Zoom_Id) values (6, 10564);
insert into Zoom_Inventory_Attribute (Zoom_Id, Inventory_Attribute_Id) values (10564, 48);
-- Final Index and Final Name: inner--0074 Key: fabric0074
insert into Zoom_Inventory_Attribute (Zoom_Id, Inventory_Attribute_Id) values (10564, 125);
insert into Zoom (Id, Description, Layer) values (10565, 'resources//img/Cuff/Cuff-Closeup-Lyr02-Neapolitan-Inner.0075.png', 02);
insert into Category_Zoom (Category_Id, Zoom_Id) values (6, 10565);
insert into Zoom_Inventory_Attribute (Zoom_Id, Inventory_Attribute_Id) values (10565, 48);
-- Final Index and Final Name: inner--0075 Key: fabric0075
insert into Zoom_Inventory_Attribute (Zoom_Id, Inventory_Attribute_Id) values (10565, 126);
insert into Zoom (Id, Description, Layer) values (10566, 'resources//img/Cuff/Cuff-Closeup-Lyr02-Neapolitan-Inner.0076.png', 02);
insert into Category_Zoom (Category_Id, Zoom_Id) values (6, 10566);
insert into Zoom_Inventory_Attribute (Zoom_Id, Inventory_Attribute_Id) values (10566, 48);
-- Final Index and Final Name: inner--0076 Key: fabric0076
insert into Zoom_Inventory_Attribute (Zoom_Id, Inventory_Attribute_Id) values (10566, 127);
insert into Zoom (Id, Description, Layer) values (10567, 'resources//img/Cuff/Cuff-Closeup-Lyr02-Neapolitan-Inner.0077.png', 02);
insert into Category_Zoom (Category_Id, Zoom_Id) values (6, 10567);
insert into Zoom_Inventory_Attribute (Zoom_Id, Inventory_Attribute_Id) values (10567, 48);
-- Final Index and Final Name: inner--0077 Key: fabric0077
insert into Zoom_Inventory_Attribute (Zoom_Id, Inventory_Attribute_Id) values (10567, 128);
insert into Zoom (Id, Description, Layer) values (10568, 'resources//img/Cuff/Cuff-Closeup-Lyr02-Neapolitan-Inner.0078.png', 02);
insert into Category_Zoom (Category_Id, Zoom_Id) values (6, 10568);
insert into Zoom_Inventory_Attribute (Zoom_Id, Inventory_Attribute_Id) values (10568, 48);
-- Final Index and Final Name: inner--0078 Key: fabric0078
insert into Zoom_Inventory_Attribute (Zoom_Id, Inventory_Attribute_Id) values (10568, 129);
insert into Zoom (Id, Description, Layer) values (10569, 'resources//img/Cuff/Cuff-Closeup-Lyr02-Neapolitan-Inner.0079.png', 02);
insert into Category_Zoom (Category_Id, Zoom_Id) values (6, 10569);
insert into Zoom_Inventory_Attribute (Zoom_Id, Inventory_Attribute_Id) values (10569, 48);
-- Final Index and Final Name: inner--0079 Key: fabric0079
insert into Zoom_Inventory_Attribute (Zoom_Id, Inventory_Attribute_Id) values (10569, 130);
insert into Zoom (Id, Description, Layer) values (10570, 'resources//img/Cuff/Cuff-Closeup-Lyr02-Neapolitan-Inner.0080.png', 02);
insert into Category_Zoom (Category_Id, Zoom_Id) values (6, 10570);
insert into Zoom_Inventory_Attribute (Zoom_Id, Inventory_Attribute_Id) values (10570, 48);
-- Final Index and Final Name: inner--0080 Key: fabric0080
insert into Zoom_Inventory_Attribute (Zoom_Id, Inventory_Attribute_Id) values (10570, 131);
insert into Zoom (Id, Description, Layer) values (10571, 'resources//img/Cuff/Cuff-Closeup-Lyr02-Neapolitan-Inner.0081.png', 02);
insert into Category_Zoom (Category_Id, Zoom_Id) values (6, 10571);
insert into Zoom_Inventory_Attribute (Zoom_Id, Inventory_Attribute_Id) values (10571, 48);
-- Final Index and Final Name: inner--0081 Key: fabric0081
insert into Zoom_Inventory_Attribute (Zoom_Id, Inventory_Attribute_Id) values (10571, 132);
insert into Zoom (Id, Description, Layer) values (10572, 'resources//img/Cuff/Cuff-Closeup-Lyr02-Neapolitan-Inner.0082.png', 02);
insert into Category_Zoom (Category_Id, Zoom_Id) values (6, 10572);
insert into Zoom_Inventory_Attribute (Zoom_Id, Inventory_Attribute_Id) values (10572, 48);
-- Final Index and Final Name: inner--0082 Key: fabric0082
insert into Zoom_Inventory_Attribute (Zoom_Id, Inventory_Attribute_Id) values (10572, 133);
insert into Zoom (Id, Description, Layer) values (10573, 'resources//img/Cuff/Cuff-Closeup-Lyr02-Neapolitan-Inner.0083.png', 02);
insert into Category_Zoom (Category_Id, Zoom_Id) values (6, 10573);
insert into Zoom_Inventory_Attribute (Zoom_Id, Inventory_Attribute_Id) values (10573, 48);
-- Final Index and Final Name: inner--0083 Key: fabric0083
insert into Zoom_Inventory_Attribute (Zoom_Id, Inventory_Attribute_Id) values (10573, 134);
insert into Zoom (Id, Description, Layer) values (10574, 'resources//img/Cuff/Cuff-Closeup-Lyr02-Neapolitan-Inner.0084.png', 02);
insert into Category_Zoom (Category_Id, Zoom_Id) values (6, 10574);
insert into Zoom_Inventory_Attribute (Zoom_Id, Inventory_Attribute_Id) values (10574, 48);
-- Final Index and Final Name: inner--0084 Key: fabric0084
insert into Zoom_Inventory_Attribute (Zoom_Id, Inventory_Attribute_Id) values (10574, 135);
insert into Zoom (Id, Description, Layer) values (10575, 'resources//img/Cuff/Cuff-Closeup-Lyr02-Neapolitan-Inner.0085.png', 02);
insert into Category_Zoom (Category_Id, Zoom_Id) values (6, 10575);
insert into Zoom_Inventory_Attribute (Zoom_Id, Inventory_Attribute_Id) values (10575, 48);
-- Final Index and Final Name: inner--0085 Key: fabric0085
insert into Zoom_Inventory_Attribute (Zoom_Id, Inventory_Attribute_Id) values (10575, 136);
insert into Zoom (Id, Description, Layer) values (10576, 'resources//img/Cuff/Cuff-Closeup-Lyr02-Neapolitan-Inner.0086.png', 02);
insert into Category_Zoom (Category_Id, Zoom_Id) values (6, 10576);
insert into Zoom_Inventory_Attribute (Zoom_Id, Inventory_Attribute_Id) values (10576, 48);
-- Final Index and Final Name: inner--0086 Key: fabric0086
insert into Zoom_Inventory_Attribute (Zoom_Id, Inventory_Attribute_Id) values (10576, 137);
insert into Zoom (Id, Description, Layer) values (10577, 'resources//img/Cuff/Cuff-Closeup-Lyr02-Neapolitan-Inner.0087.png', 02);
insert into Category_Zoom (Category_Id, Zoom_Id) values (6, 10577);
insert into Zoom_Inventory_Attribute (Zoom_Id, Inventory_Attribute_Id) values (10577, 48);
-- Final Index and Final Name: inner--0087 Key: fabric0087
insert into Zoom_Inventory_Attribute (Zoom_Id, Inventory_Attribute_Id) values (10577, 138);
insert into Zoom (Id, Description, Layer) values (10578, 'resources//img/Cuff/Cuff-Closeup-Lyr02-Neapolitan-Inner.0088.png', 02);
insert into Category_Zoom (Category_Id, Zoom_Id) values (6, 10578);
insert into Zoom_Inventory_Attribute (Zoom_Id, Inventory_Attribute_Id) values (10578, 48);
-- Final Index and Final Name: inner--0088 Key: fabric0088
insert into Zoom_Inventory_Attribute (Zoom_Id, Inventory_Attribute_Id) values (10578, 139);
insert into Zoom (Id, Description, Layer) values (10579, 'resources//img/Cuff/Cuff-Closeup-Lyr02-Neapolitan-Inner.0089.png', 02);
insert into Category_Zoom (Category_Id, Zoom_Id) values (6, 10579);
insert into Zoom_Inventory_Attribute (Zoom_Id, Inventory_Attribute_Id) values (10579, 48);
-- Final Index and Final Name: inner--0089 Key: fabric0089
insert into Zoom_Inventory_Attribute (Zoom_Id, Inventory_Attribute_Id) values (10579, 140);
insert into Zoom (Id, Description, Layer) values (10580, 'resources//img/Cuff/Cuff-Closeup-Lyr02-Neapolitan-Inner.0090.png', 02);
insert into Category_Zoom (Category_Id, Zoom_Id) values (6, 10580);
insert into Zoom_Inventory_Attribute (Zoom_Id, Inventory_Attribute_Id) values (10580, 48);
-- Final Index and Final Name: inner--0090 Key: fabric0090
insert into Zoom_Inventory_Attribute (Zoom_Id, Inventory_Attribute_Id) values (10580, 141);
insert into Zoom (Id, Description, Layer) values (10581, 'resources//img/Cuff/Cuff-Closeup-Lyr02-Neapolitan-Inner.0091.png', 02);
insert into Category_Zoom (Category_Id, Zoom_Id) values (6, 10581);
insert into Zoom_Inventory_Attribute (Zoom_Id, Inventory_Attribute_Id) values (10581, 48);
-- Final Index and Final Name: inner--0091 Key: fabric0091
insert into Zoom_Inventory_Attribute (Zoom_Id, Inventory_Attribute_Id) values (10581, 142);
insert into Zoom (Id, Description, Layer) values (10582, 'resources//img/Cuff/Cuff-Closeup-Lyr02-Neapolitan-Inner.0092.png', 02);
insert into Category_Zoom (Category_Id, Zoom_Id) values (6, 10582);
insert into Zoom_Inventory_Attribute (Zoom_Id, Inventory_Attribute_Id) values (10582, 48);
-- Final Index and Final Name: inner--0092 Key: fabric0092
insert into Zoom_Inventory_Attribute (Zoom_Id, Inventory_Attribute_Id) values (10582, 143);
insert into Zoom (Id, Description, Layer) values (10583, 'resources//img/Cuff/Cuff-Closeup-Lyr02-Neapolitan-Inner.0093.png', 02);
insert into Category_Zoom (Category_Id, Zoom_Id) values (6, 10583);
insert into Zoom_Inventory_Attribute (Zoom_Id, Inventory_Attribute_Id) values (10583, 48);
-- Final Index and Final Name: inner--0093 Key: fabric0093
insert into Zoom_Inventory_Attribute (Zoom_Id, Inventory_Attribute_Id) values (10583, 144);
insert into Zoom (Id, Description, Layer) values (10584, 'resources//img/Cuff/Cuff-Closeup-Lyr02-Neapolitan-Inner.0094.png', 02);
insert into Category_Zoom (Category_Id, Zoom_Id) values (6, 10584);
insert into Zoom_Inventory_Attribute (Zoom_Id, Inventory_Attribute_Id) values (10584, 48);
-- Final Index and Final Name: inner--0094 Key: fabric0094
insert into Zoom_Inventory_Attribute (Zoom_Id, Inventory_Attribute_Id) values (10584, 145);
insert into Zoom (Id, Description, Layer) values (10585, 'resources//img/Cuff/Cuff-Closeup-Lyr02-Neapolitan-Inner.0095.png', 02);
insert into Category_Zoom (Category_Id, Zoom_Id) values (6, 10585);
insert into Zoom_Inventory_Attribute (Zoom_Id, Inventory_Attribute_Id) values (10585, 48);
-- Final Index and Final Name: inner--0095 Key: fabric0095
insert into Zoom_Inventory_Attribute (Zoom_Id, Inventory_Attribute_Id) values (10585, 146);
insert into Zoom (Id, Description, Layer) values (10586, 'resources//img/Cuff/Cuff-Closeup-Lyr02-Neapolitan-Inner.0096.png', 02);
insert into Category_Zoom (Category_Id, Zoom_Id) values (6, 10586);
insert into Zoom_Inventory_Attribute (Zoom_Id, Inventory_Attribute_Id) values (10586, 48);
-- Final Index and Final Name: inner--0096 Key: fabric0096
insert into Zoom_Inventory_Attribute (Zoom_Id, Inventory_Attribute_Id) values (10586, 147);
insert into Zoom (Id, Description, Layer) values (10587, 'resources//img/Cuff/Cuff-Closeup-Lyr02-Neapolitan-Inner.0097.png', 02);
insert into Category_Zoom (Category_Id, Zoom_Id) values (6, 10587);
insert into Zoom_Inventory_Attribute (Zoom_Id, Inventory_Attribute_Id) values (10587, 48);
-- Final Index and Final Name: inner--0097 Key: fabric0097
insert into Zoom_Inventory_Attribute (Zoom_Id, Inventory_Attribute_Id) values (10587, 148);
insert into Zoom (Id, Description, Layer) values (10588, 'resources//img/Cuff/Cuff-Closeup-Lyr02-Neapolitan-Inner.0098.png', 02);
insert into Category_Zoom (Category_Id, Zoom_Id) values (6, 10588);
insert into Zoom_Inventory_Attribute (Zoom_Id, Inventory_Attribute_Id) values (10588, 48);
-- Final Index and Final Name: inner--0098 Key: fabric0098
insert into Zoom_Inventory_Attribute (Zoom_Id, Inventory_Attribute_Id) values (10588, 149);
insert into Zoom (Id, Description, Layer) values (10589, 'resources//img/Cuff/Cuff-Closeup-Lyr02-Neapolitan-Inner.0099.png', 02);
insert into Category_Zoom (Category_Id, Zoom_Id) values (6, 10589);
insert into Zoom_Inventory_Attribute (Zoom_Id, Inventory_Attribute_Id) values (10589, 48);
-- Final Index and Final Name: inner--0099 Key: fabric0099
insert into Zoom_Inventory_Attribute (Zoom_Id, Inventory_Attribute_Id) values (10589, 150);
insert into Zoom (Id, Description, Layer) values (10590, 'resources//img/Cuff/Cuff-Closeup-Lyr02-Neapolitan-Inner.0100.png', 02);
insert into Category_Zoom (Category_Id, Zoom_Id) values (6, 10590);
insert into Zoom_Inventory_Attribute (Zoom_Id, Inventory_Attribute_Id) values (10590, 48);
-- Final Index and Final Name: inner--0100 Key: fabric0100
insert into Zoom_Inventory_Attribute (Zoom_Id, Inventory_Attribute_Id) values (10590, 151);
insert into Zoom (Id, Description, Layer) values (10591, 'resources//img/Cuff/Cuff-Closeup-Lyr02-Neapolitan-Inner.0101.png', 02);
insert into Category_Zoom (Category_Id, Zoom_Id) values (6, 10591);
insert into Zoom_Inventory_Attribute (Zoom_Id, Inventory_Attribute_Id) values (10591, 48);
-- Final Index and Final Name: inner--0101 Key: fabric0101
insert into Zoom_Inventory_Attribute (Zoom_Id, Inventory_Attribute_Id) values (10591, 152);
insert into Zoom (Id, Description, Layer) values (10592, 'resources//img/Cuff/Cuff-Closeup-Lyr02-Neapolitan-Inner.0102.png', 02);
insert into Category_Zoom (Category_Id, Zoom_Id) values (6, 10592);
insert into Zoom_Inventory_Attribute (Zoom_Id, Inventory_Attribute_Id) values (10592, 48);
-- Final Index and Final Name: inner--0102 Key: fabric0102
insert into Zoom_Inventory_Attribute (Zoom_Id, Inventory_Attribute_Id) values (10592, 153);
insert into Zoom (Id, Description, Layer) values (10593, 'resources//img/Cuff/Cuff-Closeup-Lyr02-Neapolitan-Inner.0103.png', 02);
insert into Category_Zoom (Category_Id, Zoom_Id) values (6, 10593);
insert into Zoom_Inventory_Attribute (Zoom_Id, Inventory_Attribute_Id) values (10593, 48);
-- Final Index and Final Name: inner--0103 Key: fabric0103
insert into Zoom_Inventory_Attribute (Zoom_Id, Inventory_Attribute_Id) values (10593, 154);
insert into Zoom (Id, Description, Layer) values (10594, 'resources//img/Cuff/Cuff-Closeup-Lyr02-Neapolitan-Inner.0104.png', 02);
insert into Category_Zoom (Category_Id, Zoom_Id) values (6, 10594);
insert into Zoom_Inventory_Attribute (Zoom_Id, Inventory_Attribute_Id) values (10594, 48);
-- Final Index and Final Name: inner--0104 Key: fabric0104
insert into Zoom_Inventory_Attribute (Zoom_Id, Inventory_Attribute_Id) values (10594, 155);
insert into Zoom (Id, Description, Layer) values (10595, 'resources//img/Cuff/Cuff-Closeup-Lyr02-Neapolitan-Inner.0105.png', 02);
insert into Category_Zoom (Category_Id, Zoom_Id) values (6, 10595);
insert into Zoom_Inventory_Attribute (Zoom_Id, Inventory_Attribute_Id) values (10595, 48);
-- Final Index and Final Name: inner--0105 Key: fabric0105
insert into Zoom_Inventory_Attribute (Zoom_Id, Inventory_Attribute_Id) values (10595, 156);
insert into Zoom (Id, Description, Layer) values (10596, 'resources//img/Cuff/Cuff-Closeup-Lyr02-Neapolitan-Inner.0106.png', 02);
insert into Category_Zoom (Category_Id, Zoom_Id) values (6, 10596);
insert into Zoom_Inventory_Attribute (Zoom_Id, Inventory_Attribute_Id) values (10596, 48);
-- Final Index and Final Name: inner--0106 Key: fabric0106
insert into Zoom_Inventory_Attribute (Zoom_Id, Inventory_Attribute_Id) values (10596, 157);
insert into Zoom (Id, Description, Layer) values (10597, 'resources//img/Cuff/Cuff-Closeup-Lyr02-Neapolitan-Inner.0107.png', 02);
insert into Category_Zoom (Category_Id, Zoom_Id) values (6, 10597);
insert into Zoom_Inventory_Attribute (Zoom_Id, Inventory_Attribute_Id) values (10597, 48);
-- Final Index and Final Name: inner--0107 Key: fabric0107
insert into Zoom_Inventory_Attribute (Zoom_Id, Inventory_Attribute_Id) values (10597, 158);
insert into Zoom (Id, Description, Layer) values (10598, 'resources//img/Cuff/Cuff-Closeup-Lyr02-Neapolitan-Inner.0108.png', 02);
insert into Category_Zoom (Category_Id, Zoom_Id) values (6, 10598);
insert into Zoom_Inventory_Attribute (Zoom_Id, Inventory_Attribute_Id) values (10598, 48);
-- Final Index and Final Name: inner--0108 Key: fabric0108
insert into Zoom_Inventory_Attribute (Zoom_Id, Inventory_Attribute_Id) values (10598, 159);
insert into Zoom (Id, Description, Layer) values (10599, 'resources//img/Cuff/Cuff-Closeup-Lyr02-Neapolitan-Inner.0109.png', 02);
insert into Category_Zoom (Category_Id, Zoom_Id) values (6, 10599);
insert into Zoom_Inventory_Attribute (Zoom_Id, Inventory_Attribute_Id) values (10599, 48);
-- Final Index and Final Name: inner--0109 Key: fabric0109
insert into Zoom_Inventory_Attribute (Zoom_Id, Inventory_Attribute_Id) values (10599, 160);
insert into Zoom (Id, Description, Layer) values (10600, 'resources//img/Cuff/Cuff-Closeup-Lyr02-Neapolitan-Inner.0110.png', 02);
insert into Category_Zoom (Category_Id, Zoom_Id) values (6, 10600);
insert into Zoom_Inventory_Attribute (Zoom_Id, Inventory_Attribute_Id) values (10600, 48);
-- Final Index and Final Name: inner--0110 Key: fabric0110
insert into Zoom_Inventory_Attribute (Zoom_Id, Inventory_Attribute_Id) values (10600, 161);
insert into Zoom (Id, Description, Layer) values (10601, 'resources//img/Cuff/Cuff-Closeup-Lyr02-Neapolitan-Inner.0111.png', 02);
insert into Category_Zoom (Category_Id, Zoom_Id) values (6, 10601);
insert into Zoom_Inventory_Attribute (Zoom_Id, Inventory_Attribute_Id) values (10601, 48);
-- Final Index and Final Name: inner--0111 Key: fabric0111
insert into Zoom_Inventory_Attribute (Zoom_Id, Inventory_Attribute_Id) values (10601, 162);
insert into Zoom (Id, Description, Layer) values (10602, 'resources//img/Cuff/Cuff-Closeup-Lyr02-Neapolitan-Inner.0112.png', 02);
insert into Category_Zoom (Category_Id, Zoom_Id) values (6, 10602);
insert into Zoom_Inventory_Attribute (Zoom_Id, Inventory_Attribute_Id) values (10602, 48);
-- Final Index and Final Name: inner--0112 Key: fabric0112
insert into Zoom_Inventory_Attribute (Zoom_Id, Inventory_Attribute_Id) values (10602, 163);
insert into Zoom (Id, Description, Layer) values (10603, 'resources//img/Cuff/Cuff-Closeup-Lyr02-Neapolitan-Inner.0113.png', 02);
insert into Category_Zoom (Category_Id, Zoom_Id) values (6, 10603);
insert into Zoom_Inventory_Attribute (Zoom_Id, Inventory_Attribute_Id) values (10603, 48);
-- Final Index and Final Name: inner--0113 Key: fabric0113
insert into Zoom_Inventory_Attribute (Zoom_Id, Inventory_Attribute_Id) values (10603, 164);
insert into Zoom (Id, Description, Layer) values (10604, 'resources//img/Cuff/Cuff-Closeup-Lyr02-Neapolitan-Inner.0114.png', 02);
insert into Category_Zoom (Category_Id, Zoom_Id) values (6, 10604);
insert into Zoom_Inventory_Attribute (Zoom_Id, Inventory_Attribute_Id) values (10604, 48);
-- Final Index and Final Name: inner--0114 Key: fabric0114
insert into Zoom_Inventory_Attribute (Zoom_Id, Inventory_Attribute_Id) values (10604, 165);
insert into Zoom (Id, Description, Layer) values (10605, 'resources//img/Cuff/Cuff-Closeup-Lyr02-Neapolitan-Inner.0115.png', 02);
insert into Category_Zoom (Category_Id, Zoom_Id) values (6, 10605);
insert into Zoom_Inventory_Attribute (Zoom_Id, Inventory_Attribute_Id) values (10605, 48);
-- Final Index and Final Name: inner--0115 Key: fabric0115
insert into Zoom_Inventory_Attribute (Zoom_Id, Inventory_Attribute_Id) values (10605, 166);
insert into Zoom (Id, Description, Layer) values (10606, 'resources//img/Cuff/Cuff-Closeup-Lyr02-Neapolitan-Inner.0116.png', 02);
insert into Category_Zoom (Category_Id, Zoom_Id) values (6, 10606);
insert into Zoom_Inventory_Attribute (Zoom_Id, Inventory_Attribute_Id) values (10606, 48);
-- Final Index and Final Name: inner--0116 Key: fabric0116
insert into Zoom_Inventory_Attribute (Zoom_Id, Inventory_Attribute_Id) values (10606, 167);
insert into Zoom (Id, Description, Layer) values (10607, 'resources//img/Cuff/Cuff-Closeup-Lyr02-Neapolitan-Inner.0117.png', 02);
insert into Category_Zoom (Category_Id, Zoom_Id) values (6, 10607);
insert into Zoom_Inventory_Attribute (Zoom_Id, Inventory_Attribute_Id) values (10607, 48);
-- Final Index and Final Name: inner--0117 Key: fabric0117
insert into Zoom_Inventory_Attribute (Zoom_Id, Inventory_Attribute_Id) values (10607, 168);
insert into Zoom (Id, Description, Layer) values (10608, 'resources//img/Cuff/Cuff-Closeup-Lyr02-Neapolitan-Inner.0118.png', 02);
insert into Category_Zoom (Category_Id, Zoom_Id) values (6, 10608);
insert into Zoom_Inventory_Attribute (Zoom_Id, Inventory_Attribute_Id) values (10608, 48);
-- Final Index and Final Name: inner--0118 Key: fabric0118
insert into Zoom_Inventory_Attribute (Zoom_Id, Inventory_Attribute_Id) values (10608, 169);
insert into Zoom (Id, Description, Layer) values (10609, 'resources//img/Cuff/Cuff-Closeup-Lyr02-Neapolitan-Inner.0119.png', 02);
insert into Category_Zoom (Category_Id, Zoom_Id) values (6, 10609);
insert into Zoom_Inventory_Attribute (Zoom_Id, Inventory_Attribute_Id) values (10609, 48);
-- Final Index and Final Name: inner--0119 Key: fabric0119
insert into Zoom_Inventory_Attribute (Zoom_Id, Inventory_Attribute_Id) values (10609, 170);
insert into Zoom (Id, Description, Layer) values (10610, 'resources//img/Cuff/Cuff-Closeup-Lyr02-Neapolitan-Inner.0120.png', 02);
insert into Category_Zoom (Category_Id, Zoom_Id) values (6, 10610);
insert into Zoom_Inventory_Attribute (Zoom_Id, Inventory_Attribute_Id) values (10610, 48);
-- Final Index and Final Name: inner--0120 Key: fabric0120
insert into Zoom_Inventory_Attribute (Zoom_Id, Inventory_Attribute_Id) values (10610, 171);
insert into Zoom (Id, Description, Layer) values (10611, 'resources//img/Cuff/Cuff-Closeup-Lyr02-Neapolitan-Inner.0121.png', 02);
insert into Category_Zoom (Category_Id, Zoom_Id) values (6, 10611);
insert into Zoom_Inventory_Attribute (Zoom_Id, Inventory_Attribute_Id) values (10611, 48);
-- Final Index and Final Name: inner--0121 Key: fabric0121
insert into Zoom_Inventory_Attribute (Zoom_Id, Inventory_Attribute_Id) values (10611, 172);
insert into Zoom (Id, Description, Layer) values (10612, 'resources//img/Cuff/Cuff-Closeup-Lyr02-Neapolitan-Inner.0122.png', 02);
insert into Category_Zoom (Category_Id, Zoom_Id) values (6, 10612);
insert into Zoom_Inventory_Attribute (Zoom_Id, Inventory_Attribute_Id) values (10612, 48);
-- Final Index and Final Name: inner--0122 Key: fabric0122
insert into Zoom_Inventory_Attribute (Zoom_Id, Inventory_Attribute_Id) values (10612, 173);
insert into Zoom (Id, Description, Layer) values (10613, 'resources//img/Cuff/Cuff-Closeup-Lyr02-Neapolitan-Inner.0123.png', 02);
insert into Category_Zoom (Category_Id, Zoom_Id) values (6, 10613);
insert into Zoom_Inventory_Attribute (Zoom_Id, Inventory_Attribute_Id) values (10613, 48);
-- Final Index and Final Name: inner--0123 Key: fabric0123
insert into Zoom_Inventory_Attribute (Zoom_Id, Inventory_Attribute_Id) values (10613, 174);
insert into Zoom (Id, Description, Layer) values (10614, 'resources//img/Cuff/Cuff-Closeup-Lyr02-Neapolitan-Inner.0124.png', 02);
insert into Category_Zoom (Category_Id, Zoom_Id) values (6, 10614);
insert into Zoom_Inventory_Attribute (Zoom_Id, Inventory_Attribute_Id) values (10614, 48);
-- Final Index and Final Name: inner--0124 Key: fabric0124
insert into Zoom_Inventory_Attribute (Zoom_Id, Inventory_Attribute_Id) values (10614, 175);
insert into Zoom (Id, Description, Layer) values (10615, 'resources//img/Cuff/Cuff-Closeup-Lyr02-Neapolitan-Inner.0125.png', 02);
insert into Category_Zoom (Category_Id, Zoom_Id) values (6, 10615);
insert into Zoom_Inventory_Attribute (Zoom_Id, Inventory_Attribute_Id) values (10615, 48);
-- Final Index and Final Name: inner--0125 Key: fabric0125
insert into Zoom_Inventory_Attribute (Zoom_Id, Inventory_Attribute_Id) values (10615, 176);
insert into Zoom (Id, Description, Layer) values (10616, 'resources//img/Cuff/Cuff-Closeup-Lyr02-Neapolitan-Inner.0126.png', 02);
insert into Category_Zoom (Category_Id, Zoom_Id) values (6, 10616);
insert into Zoom_Inventory_Attribute (Zoom_Id, Inventory_Attribute_Id) values (10616, 48);
-- Final Index and Final Name: inner--0126 Key: fabric0126
insert into Zoom_Inventory_Attribute (Zoom_Id, Inventory_Attribute_Id) values (10616, 177);
insert into Zoom (Id, Description, Layer) values (10617, 'resources//img/Cuff/Cuff-Closeup-Lyr02-Neapolitan-Inner.0127.png', 02);
insert into Category_Zoom (Category_Id, Zoom_Id) values (6, 10617);
insert into Zoom_Inventory_Attribute (Zoom_Id, Inventory_Attribute_Id) values (10617, 48);
-- Final Index and Final Name: inner--0127 Key: fabric0127
insert into Zoom_Inventory_Attribute (Zoom_Id, Inventory_Attribute_Id) values (10617, 178);
insert into Zoom (Id, Description, Layer) values (10618, 'resources//img/Cuff/Cuff-Closeup-Lyr02-Neapolitan-Inner.0128.png', 02);
insert into Category_Zoom (Category_Id, Zoom_Id) values (6, 10618);
insert into Zoom_Inventory_Attribute (Zoom_Id, Inventory_Attribute_Id) values (10618, 48);
-- Final Index and Final Name: inner--0128 Key: fabric0128
insert into Zoom_Inventory_Attribute (Zoom_Id, Inventory_Attribute_Id) values (10618, 179);
insert into Zoom (Id, Description, Layer) values (10619, 'resources//img/Cuff/Cuff-Closeup-Lyr02-Neapolitan-Inner.0129.png', 02);
insert into Category_Zoom (Category_Id, Zoom_Id) values (6, 10619);
insert into Zoom_Inventory_Attribute (Zoom_Id, Inventory_Attribute_Id) values (10619, 48);
-- Final Index and Final Name: inner--0129 Key: fabric0129
insert into Zoom_Inventory_Attribute (Zoom_Id, Inventory_Attribute_Id) values (10619, 180);
insert into Zoom (Id, Description, Layer) values (10620, 'resources//img/Cuff/Cuff-Closeup-Lyr02-Neapolitan-Inner.0130.png', 02);
insert into Category_Zoom (Category_Id, Zoom_Id) values (6, 10620);
insert into Zoom_Inventory_Attribute (Zoom_Id, Inventory_Attribute_Id) values (10620, 48);
-- Final Index and Final Name: inner--0130 Key: fabric0130
insert into Zoom_Inventory_Attribute (Zoom_Id, Inventory_Attribute_Id) values (10620, 181);
insert into Zoom (Id, Description, Layer) values (10621, 'resources//img/Cuff/Cuff-Closeup-Lyr02-Neapolitan-Inner.0131.png', 02);
insert into Category_Zoom (Category_Id, Zoom_Id) values (6, 10621);
insert into Zoom_Inventory_Attribute (Zoom_Id, Inventory_Attribute_Id) values (10621, 48);
-- Final Index and Final Name: inner--0131 Key: fabric0131
insert into Zoom_Inventory_Attribute (Zoom_Id, Inventory_Attribute_Id) values (10621, 182);
insert into Zoom (Id, Description, Layer) values (10622, 'resources//img/Cuff/Cuff-Closeup-Lyr02-Neapolitan-Inner.0132.png', 02);
insert into Category_Zoom (Category_Id, Zoom_Id) values (6, 10622);
insert into Zoom_Inventory_Attribute (Zoom_Id, Inventory_Attribute_Id) values (10622, 48);
-- Final Index and Final Name: inner--0132 Key: fabric0132
insert into Zoom_Inventory_Attribute (Zoom_Id, Inventory_Attribute_Id) values (10622, 183);
insert into Zoom (Id, Description, Layer) values (10623, 'resources//img/Cuff/Cuff-Closeup-Lyr02-Neapolitan-Inner.0133.png', 02);
insert into Category_Zoom (Category_Id, Zoom_Id) values (6, 10623);
insert into Zoom_Inventory_Attribute (Zoom_Id, Inventory_Attribute_Id) values (10623, 48);
-- Final Index and Final Name: inner--0133 Key: fabric0133
insert into Zoom_Inventory_Attribute (Zoom_Id, Inventory_Attribute_Id) values (10623, 184);
insert into Zoom (Id, Description, Layer) values (10624, 'resources//img/Cuff/Cuff-Closeup-Lyr02-Neapolitan-Inner.0134.png', 02);
insert into Category_Zoom (Category_Id, Zoom_Id) values (6, 10624);
insert into Zoom_Inventory_Attribute (Zoom_Id, Inventory_Attribute_Id) values (10624, 48);
-- Final Index and Final Name: inner--0134 Key: fabric0134
insert into Zoom_Inventory_Attribute (Zoom_Id, Inventory_Attribute_Id) values (10624, 185);
insert into Zoom (Id, Description, Layer) values (10625, 'resources//img/Cuff/Cuff-Closeup-Lyr02-Neapolitan-Inner.0135.png', 02);
insert into Category_Zoom (Category_Id, Zoom_Id) values (6, 10625);
insert into Zoom_Inventory_Attribute (Zoom_Id, Inventory_Attribute_Id) values (10625, 48);
-- Final Index and Final Name: inner--0135 Key: fabric0135
insert into Zoom_Inventory_Attribute (Zoom_Id, Inventory_Attribute_Id) values (10625, 186);
insert into Zoom (Id, Description, Layer) values (10626, 'resources//img/Cuff/Cuff-Closeup-Lyr02-Neapolitan-Inner.0136.png', 02);
insert into Category_Zoom (Category_Id, Zoom_Id) values (6, 10626);
insert into Zoom_Inventory_Attribute (Zoom_Id, Inventory_Attribute_Id) values (10626, 48);
-- Final Index and Final Name: inner--0136 Key: fabric0136
insert into Zoom_Inventory_Attribute (Zoom_Id, Inventory_Attribute_Id) values (10626, 187);
insert into Zoom (Id, Description, Layer) values (10627, 'resources//img/Cuff/Cuff-Closeup-Lyr02-Neapolitan-Inner.0137.png', 02);
insert into Category_Zoom (Category_Id, Zoom_Id) values (6, 10627);
insert into Zoom_Inventory_Attribute (Zoom_Id, Inventory_Attribute_Id) values (10627, 48);
-- Final Index and Final Name: inner--0137 Key: fabric0137
insert into Zoom_Inventory_Attribute (Zoom_Id, Inventory_Attribute_Id) values (10627, 188);
insert into Zoom (Id, Description, Layer) values (10628, 'resources//img/Cuff/Cuff-Closeup-Lyr02-Neapolitan-Inner.0138.png', 02);
insert into Category_Zoom (Category_Id, Zoom_Id) values (6, 10628);
insert into Zoom_Inventory_Attribute (Zoom_Id, Inventory_Attribute_Id) values (10628, 48);
-- Final Index and Final Name: inner--0138 Key: fabric0138
insert into Zoom_Inventory_Attribute (Zoom_Id, Inventory_Attribute_Id) values (10628, 189);
insert into Zoom (Id, Description, Layer) values (10629, 'resources//img/Cuff/Cuff-Closeup-Lyr02-Neapolitan-Inner.0139.png', 02);
insert into Category_Zoom (Category_Id, Zoom_Id) values (6, 10629);
insert into Zoom_Inventory_Attribute (Zoom_Id, Inventory_Attribute_Id) values (10629, 48);
-- Final Index and Final Name: inner--0139 Key: fabric0139
insert into Zoom_Inventory_Attribute (Zoom_Id, Inventory_Attribute_Id) values (10629, 190);
insert into Zoom (Id, Description, Layer) values (10630, 'resources//img/Cuff/Cuff-Closeup-Lyr02-Neapolitan-Inner.0140.png', 02);
insert into Category_Zoom (Category_Id, Zoom_Id) values (6, 10630);
insert into Zoom_Inventory_Attribute (Zoom_Id, Inventory_Attribute_Id) values (10630, 48);
-- Final Index and Final Name: inner--0140 Key: fabric0140
insert into Zoom_Inventory_Attribute (Zoom_Id, Inventory_Attribute_Id) values (10630, 191);
insert into Zoom (Id, Description, Layer) values (10631, 'resources//img/Cuff/Cuff-Closeup-Lyr02-Neapolitan-Inner.0141.png', 02);
insert into Category_Zoom (Category_Id, Zoom_Id) values (6, 10631);
insert into Zoom_Inventory_Attribute (Zoom_Id, Inventory_Attribute_Id) values (10631, 48);
-- Final Index and Final Name: inner--0141 Key: fabric0141
insert into Zoom_Inventory_Attribute (Zoom_Id, Inventory_Attribute_Id) values (10631, 192);
insert into Zoom (Id, Description, Layer) values (10632, 'resources//img/Cuff/Cuff-Closeup-Lyr02-Neapolitan-Inner.0142.png', 02);
insert into Category_Zoom (Category_Id, Zoom_Id) values (6, 10632);
insert into Zoom_Inventory_Attribute (Zoom_Id, Inventory_Attribute_Id) values (10632, 48);
-- Final Index and Final Name: inner--0142 Key: fabric0142
insert into Zoom_Inventory_Attribute (Zoom_Id, Inventory_Attribute_Id) values (10632, 193);
insert into Zoom (Id, Description, Layer) values (10633, 'resources//img/Cuff/Cuff-Closeup-Lyr02-Neapolitan-Inner.0143.png', 02);
insert into Category_Zoom (Category_Id, Zoom_Id) values (6, 10633);
insert into Zoom_Inventory_Attribute (Zoom_Id, Inventory_Attribute_Id) values (10633, 48);
-- Final Index and Final Name: inner--0143 Key: fabric0143
insert into Zoom_Inventory_Attribute (Zoom_Id, Inventory_Attribute_Id) values (10633, 194);
insert into Zoom (Id, Description, Layer) values (10634, 'resources//img/Cuff/Cuff-Closeup-Lyr02-Neapolitan-Inner.0144.png', 02);
insert into Category_Zoom (Category_Id, Zoom_Id) values (6, 10634);
insert into Zoom_Inventory_Attribute (Zoom_Id, Inventory_Attribute_Id) values (10634, 48);
-- Final Index and Final Name: inner--0144 Key: fabric0144
insert into Zoom_Inventory_Attribute (Zoom_Id, Inventory_Attribute_Id) values (10634, 195);
insert into Zoom (Id, Description, Layer) values (10635, 'resources//img/Cuff/Cuff-Closeup-Lyr02-Neapolitan-Inner.0145.png', 02);
insert into Category_Zoom (Category_Id, Zoom_Id) values (6, 10635);
insert into Zoom_Inventory_Attribute (Zoom_Id, Inventory_Attribute_Id) values (10635, 48);
-- Final Index and Final Name: inner--0145 Key: fabric0145
insert into Zoom_Inventory_Attribute (Zoom_Id, Inventory_Attribute_Id) values (10635, 196);
insert into Zoom (Id, Description, Layer) values (10636, 'resources//img/Cuff/Cuff-Closeup-Lyr02-Neapolitan-Inner.0146.png', 02);
insert into Category_Zoom (Category_Id, Zoom_Id) values (6, 10636);
insert into Zoom_Inventory_Attribute (Zoom_Id, Inventory_Attribute_Id) values (10636, 48);
-- Final Index and Final Name: inner--0146 Key: fabric0146
insert into Zoom_Inventory_Attribute (Zoom_Id, Inventory_Attribute_Id) values (10636, 197);
insert into Zoom (Id, Description, Layer) values (10637, 'resources//img/Cuff/Cuff-Closeup-Lyr02-Neapolitan-Inner.0147.png', 02);
insert into Category_Zoom (Category_Id, Zoom_Id) values (6, 10637);
insert into Zoom_Inventory_Attribute (Zoom_Id, Inventory_Attribute_Id) values (10637, 48);
-- Final Index and Final Name: inner--0147 Key: fabric0147
insert into Zoom_Inventory_Attribute (Zoom_Id, Inventory_Attribute_Id) values (10637, 198);
insert into Zoom (Id, Description, Layer) values (10638, 'resources//img/Cuff/Cuff-Closeup-Lyr02-Neapolitan-Inner.0148.png', 02);
insert into Category_Zoom (Category_Id, Zoom_Id) values (6, 10638);
insert into Zoom_Inventory_Attribute (Zoom_Id, Inventory_Attribute_Id) values (10638, 48);
-- Final Index and Final Name: inner--0148 Key: fabric0148
insert into Zoom_Inventory_Attribute (Zoom_Id, Inventory_Attribute_Id) values (10638, 199);
insert into Zoom (Id, Description, Layer) values (10639, 'resources//img/Cuff/Cuff-Closeup-Lyr02-Neapolitan-Inner.0149.png', 02);
insert into Category_Zoom (Category_Id, Zoom_Id) values (6, 10639);
insert into Zoom_Inventory_Attribute (Zoom_Id, Inventory_Attribute_Id) values (10639, 48);
-- Final Index and Final Name: inner--0149 Key: fabric0149
insert into Zoom_Inventory_Attribute (Zoom_Id, Inventory_Attribute_Id) values (10639, 200);
insert into Zoom (Id, Description, Layer) values (10640, 'resources//img/Cuff/Cuff-Closeup-Lyr02-Neapolitan-Inner.0150.png', 02);
insert into Category_Zoom (Category_Id, Zoom_Id) values (6, 10640);
insert into Zoom_Inventory_Attribute (Zoom_Id, Inventory_Attribute_Id) values (10640, 48);
-- Final Index and Final Name: inner--0150 Key: fabric0150
insert into Zoom_Inventory_Attribute (Zoom_Id, Inventory_Attribute_Id) values (10640, 201);
insert into Zoom (Id, Description, Layer) values (10641, 'resources//img/Cuff/Cuff-Closeup-Lyr02-Neapolitan-Inner.0151.png', 02);
insert into Category_Zoom (Category_Id, Zoom_Id) values (6, 10641);
insert into Zoom_Inventory_Attribute (Zoom_Id, Inventory_Attribute_Id) values (10641, 48);
-- Final Index and Final Name: inner--0151 Key: fabric0151
insert into Zoom_Inventory_Attribute (Zoom_Id, Inventory_Attribute_Id) values (10641, 202);
insert into Zoom (Id, Description, Layer) values (10642, 'resources//img/Cuff/Cuff-Closeup-Lyr02-Neapolitan-Inner.0152.png', 02);
insert into Category_Zoom (Category_Id, Zoom_Id) values (6, 10642);
insert into Zoom_Inventory_Attribute (Zoom_Id, Inventory_Attribute_Id) values (10642, 48);
-- Final Index and Final Name: inner--0152 Key: fabric0152
insert into Zoom_Inventory_Attribute (Zoom_Id, Inventory_Attribute_Id) values (10642, 203);
insert into Zoom (Id, Description, Layer) values (10643, 'resources//img/Cuff/Cuff-Closeup-Lyr02-Neapolitan-Inner.0153.png', 02);
insert into Category_Zoom (Category_Id, Zoom_Id) values (6, 10643);
insert into Zoom_Inventory_Attribute (Zoom_Id, Inventory_Attribute_Id) values (10643, 48);
-- Final Index and Final Name: inner--0153 Key: fabric0153
insert into Zoom_Inventory_Attribute (Zoom_Id, Inventory_Attribute_Id) values (10643, 204);
insert into Zoom (Id, Description, Layer) values (10644, 'resources//img/Cuff/Cuff-Closeup-Lyr02-Neapolitan-Inner.0154.png', 02);
insert into Category_Zoom (Category_Id, Zoom_Id) values (6, 10644);
insert into Zoom_Inventory_Attribute (Zoom_Id, Inventory_Attribute_Id) values (10644, 48);
-- Final Index and Final Name: inner--0154 Key: fabric0154
insert into Zoom_Inventory_Attribute (Zoom_Id, Inventory_Attribute_Id) values (10644, 205);
insert into Zoom (Id, Description, Layer) values (10645, 'resources//img/Cuff/Cuff-Closeup-Lyr02-Neapolitan-Inner.0155.png', 02);
insert into Category_Zoom (Category_Id, Zoom_Id) values (6, 10645);
insert into Zoom_Inventory_Attribute (Zoom_Id, Inventory_Attribute_Id) values (10645, 48);
-- Final Index and Final Name: inner--0155 Key: fabric0155
insert into Zoom_Inventory_Attribute (Zoom_Id, Inventory_Attribute_Id) values (10645, 206);
insert into Zoom (Id, Description, Layer) values (10646, 'resources//img/Cuff/Cuff-Closeup-Lyr02-RdDbButton-Inner.0001.png', 02);
insert into Category_Zoom (Category_Id, Zoom_Id) values (6, 10646);
insert into Zoom_Inventory_Attribute (Zoom_Id, Inventory_Attribute_Id) values (10646, 45);
-- Final Index and Final Name: inner--0001 Key: fabric0001
insert into Zoom_Inventory_Attribute (Zoom_Id, Inventory_Attribute_Id) values (10646, 52);
insert into Zoom (Id, Description, Layer) values (10647, 'resources//img/Cuff/Cuff-Closeup-Lyr02-RdDbButton-Inner.0002.png', 02);
insert into Category_Zoom (Category_Id, Zoom_Id) values (6, 10647);
insert into Zoom_Inventory_Attribute (Zoom_Id, Inventory_Attribute_Id) values (10647, 45);
-- Final Index and Final Name: inner--0002 Key: fabric0002
insert into Zoom_Inventory_Attribute (Zoom_Id, Inventory_Attribute_Id) values (10647, 53);
insert into Zoom (Id, Description, Layer) values (10648, 'resources//img/Cuff/Cuff-Closeup-Lyr02-RdDbButton-Inner.0003.png', 02);
insert into Category_Zoom (Category_Id, Zoom_Id) values (6, 10648);
insert into Zoom_Inventory_Attribute (Zoom_Id, Inventory_Attribute_Id) values (10648, 45);
-- Final Index and Final Name: inner--0003 Key: fabric0003
insert into Zoom_Inventory_Attribute (Zoom_Id, Inventory_Attribute_Id) values (10648, 54);
insert into Zoom (Id, Description, Layer) values (10649, 'resources//img/Cuff/Cuff-Closeup-Lyr02-RdDbButton-Inner.0004.png', 02);
insert into Category_Zoom (Category_Id, Zoom_Id) values (6, 10649);
insert into Zoom_Inventory_Attribute (Zoom_Id, Inventory_Attribute_Id) values (10649, 45);
-- Final Index and Final Name: inner--0004 Key: fabric0004
insert into Zoom_Inventory_Attribute (Zoom_Id, Inventory_Attribute_Id) values (10649, 55);
insert into Zoom (Id, Description, Layer) values (10650, 'resources//img/Cuff/Cuff-Closeup-Lyr02-RdDbButton-Inner.0005.png', 02);
insert into Category_Zoom (Category_Id, Zoom_Id) values (6, 10650);
insert into Zoom_Inventory_Attribute (Zoom_Id, Inventory_Attribute_Id) values (10650, 45);
-- Final Index and Final Name: inner--0005 Key: fabric0005
insert into Zoom_Inventory_Attribute (Zoom_Id, Inventory_Attribute_Id) values (10650, 56);
insert into Zoom (Id, Description, Layer) values (10651, 'resources//img/Cuff/Cuff-Closeup-Lyr02-RdDbButton-Inner.0006.png', 02);
insert into Category_Zoom (Category_Id, Zoom_Id) values (6, 10651);
insert into Zoom_Inventory_Attribute (Zoom_Id, Inventory_Attribute_Id) values (10651, 45);
-- Final Index and Final Name: inner--0006 Key: fabric0006
insert into Zoom_Inventory_Attribute (Zoom_Id, Inventory_Attribute_Id) values (10651, 57);
insert into Zoom (Id, Description, Layer) values (10652, 'resources//img/Cuff/Cuff-Closeup-Lyr02-RdDbButton-Inner.0007.png', 02);
insert into Category_Zoom (Category_Id, Zoom_Id) values (6, 10652);
insert into Zoom_Inventory_Attribute (Zoom_Id, Inventory_Attribute_Id) values (10652, 45);
-- Final Index and Final Name: inner--0007 Key: fabric0007
insert into Zoom_Inventory_Attribute (Zoom_Id, Inventory_Attribute_Id) values (10652, 58);
insert into Zoom (Id, Description, Layer) values (10653, 'resources//img/Cuff/Cuff-Closeup-Lyr02-RdDbButton-Inner.0008.png', 02);
insert into Category_Zoom (Category_Id, Zoom_Id) values (6, 10653);
insert into Zoom_Inventory_Attribute (Zoom_Id, Inventory_Attribute_Id) values (10653, 45);
-- Final Index and Final Name: inner--0008 Key: fabric0008
insert into Zoom_Inventory_Attribute (Zoom_Id, Inventory_Attribute_Id) values (10653, 59);
insert into Zoom (Id, Description, Layer) values (10654, 'resources//img/Cuff/Cuff-Closeup-Lyr02-RdDbButton-Inner.0009.png', 02);
insert into Category_Zoom (Category_Id, Zoom_Id) values (6, 10654);
insert into Zoom_Inventory_Attribute (Zoom_Id, Inventory_Attribute_Id) values (10654, 45);
-- Final Index and Final Name: inner--0009 Key: fabric0009
insert into Zoom_Inventory_Attribute (Zoom_Id, Inventory_Attribute_Id) values (10654, 60);
insert into Zoom (Id, Description, Layer) values (10655, 'resources//img/Cuff/Cuff-Closeup-Lyr02-RdDbButton-Inner.0010.png', 02);
insert into Category_Zoom (Category_Id, Zoom_Id) values (6, 10655);
insert into Zoom_Inventory_Attribute (Zoom_Id, Inventory_Attribute_Id) values (10655, 45);
-- Final Index and Final Name: inner--0010 Key: fabric0010
insert into Zoom_Inventory_Attribute (Zoom_Id, Inventory_Attribute_Id) values (10655, 61);
insert into Zoom (Id, Description, Layer) values (10656, 'resources//img/Cuff/Cuff-Closeup-Lyr02-RdDbButton-Inner.0011.png', 02);
insert into Category_Zoom (Category_Id, Zoom_Id) values (6, 10656);
insert into Zoom_Inventory_Attribute (Zoom_Id, Inventory_Attribute_Id) values (10656, 45);
-- Final Index and Final Name: inner--0011 Key: fabric0011
insert into Zoom_Inventory_Attribute (Zoom_Id, Inventory_Attribute_Id) values (10656, 62);
insert into Zoom (Id, Description, Layer) values (10657, 'resources//img/Cuff/Cuff-Closeup-Lyr02-RdDbButton-Inner.0012.png', 02);
insert into Category_Zoom (Category_Id, Zoom_Id) values (6, 10657);
insert into Zoom_Inventory_Attribute (Zoom_Id, Inventory_Attribute_Id) values (10657, 45);
-- Final Index and Final Name: inner--0012 Key: fabric0012
insert into Zoom_Inventory_Attribute (Zoom_Id, Inventory_Attribute_Id) values (10657, 63);
insert into Zoom (Id, Description, Layer) values (10658, 'resources//img/Cuff/Cuff-Closeup-Lyr02-RdDbButton-Inner.0013.png', 02);
insert into Category_Zoom (Category_Id, Zoom_Id) values (6, 10658);
insert into Zoom_Inventory_Attribute (Zoom_Id, Inventory_Attribute_Id) values (10658, 45);
-- Final Index and Final Name: inner--0013 Key: fabric0013
insert into Zoom_Inventory_Attribute (Zoom_Id, Inventory_Attribute_Id) values (10658, 64);
insert into Zoom (Id, Description, Layer) values (10659, 'resources//img/Cuff/Cuff-Closeup-Lyr02-RdDbButton-Inner.0014.png', 02);
insert into Category_Zoom (Category_Id, Zoom_Id) values (6, 10659);
insert into Zoom_Inventory_Attribute (Zoom_Id, Inventory_Attribute_Id) values (10659, 45);
-- Final Index and Final Name: inner--0014 Key: fabric0014
insert into Zoom_Inventory_Attribute (Zoom_Id, Inventory_Attribute_Id) values (10659, 65);
insert into Zoom (Id, Description, Layer) values (10660, 'resources//img/Cuff/Cuff-Closeup-Lyr02-RdDbButton-Inner.0015.png', 02);
insert into Category_Zoom (Category_Id, Zoom_Id) values (6, 10660);
insert into Zoom_Inventory_Attribute (Zoom_Id, Inventory_Attribute_Id) values (10660, 45);
-- Final Index and Final Name: inner--0015 Key: fabric0015
insert into Zoom_Inventory_Attribute (Zoom_Id, Inventory_Attribute_Id) values (10660, 66);
insert into Zoom (Id, Description, Layer) values (10661, 'resources//img/Cuff/Cuff-Closeup-Lyr02-RdDbButton-Inner.0016.png', 02);
insert into Category_Zoom (Category_Id, Zoom_Id) values (6, 10661);
insert into Zoom_Inventory_Attribute (Zoom_Id, Inventory_Attribute_Id) values (10661, 45);
-- Final Index and Final Name: inner--0016 Key: fabric0016
insert into Zoom_Inventory_Attribute (Zoom_Id, Inventory_Attribute_Id) values (10661, 67);
insert into Zoom (Id, Description, Layer) values (10662, 'resources//img/Cuff/Cuff-Closeup-Lyr02-RdDbButton-Inner.0017.png', 02);
insert into Category_Zoom (Category_Id, Zoom_Id) values (6, 10662);
insert into Zoom_Inventory_Attribute (Zoom_Id, Inventory_Attribute_Id) values (10662, 45);
-- Final Index and Final Name: inner--0017 Key: fabric0017
insert into Zoom_Inventory_Attribute (Zoom_Id, Inventory_Attribute_Id) values (10662, 68);
insert into Zoom (Id, Description, Layer) values (10663, 'resources//img/Cuff/Cuff-Closeup-Lyr02-RdDbButton-Inner.0018.png', 02);
insert into Category_Zoom (Category_Id, Zoom_Id) values (6, 10663);
insert into Zoom_Inventory_Attribute (Zoom_Id, Inventory_Attribute_Id) values (10663, 45);
-- Final Index and Final Name: inner--0018 Key: fabric0018
insert into Zoom_Inventory_Attribute (Zoom_Id, Inventory_Attribute_Id) values (10663, 69);
insert into Zoom (Id, Description, Layer) values (10664, 'resources//img/Cuff/Cuff-Closeup-Lyr02-RdDbButton-Inner.0019.png', 02);
insert into Category_Zoom (Category_Id, Zoom_Id) values (6, 10664);
insert into Zoom_Inventory_Attribute (Zoom_Id, Inventory_Attribute_Id) values (10664, 45);
-- Final Index and Final Name: inner--0019 Key: fabric0019
insert into Zoom_Inventory_Attribute (Zoom_Id, Inventory_Attribute_Id) values (10664, 70);
insert into Zoom (Id, Description, Layer) values (10665, 'resources//img/Cuff/Cuff-Closeup-Lyr02-RdDbButton-Inner.0020.png', 02);
insert into Category_Zoom (Category_Id, Zoom_Id) values (6, 10665);
insert into Zoom_Inventory_Attribute (Zoom_Id, Inventory_Attribute_Id) values (10665, 45);
-- Final Index and Final Name: inner--0020 Key: fabric0020
insert into Zoom_Inventory_Attribute (Zoom_Id, Inventory_Attribute_Id) values (10665, 71);
insert into Zoom (Id, Description, Layer) values (10666, 'resources//img/Cuff/Cuff-Closeup-Lyr02-RdDbButton-Inner.0021.png', 02);
insert into Category_Zoom (Category_Id, Zoom_Id) values (6, 10666);
insert into Zoom_Inventory_Attribute (Zoom_Id, Inventory_Attribute_Id) values (10666, 45);
-- Final Index and Final Name: inner--0021 Key: fabric0021
insert into Zoom_Inventory_Attribute (Zoom_Id, Inventory_Attribute_Id) values (10666, 72);
insert into Zoom (Id, Description, Layer) values (10667, 'resources//img/Cuff/Cuff-Closeup-Lyr02-RdDbButton-Inner.0022.png', 02);
insert into Category_Zoom (Category_Id, Zoom_Id) values (6, 10667);
insert into Zoom_Inventory_Attribute (Zoom_Id, Inventory_Attribute_Id) values (10667, 45);
-- Final Index and Final Name: inner--0022 Key: fabric0022
insert into Zoom_Inventory_Attribute (Zoom_Id, Inventory_Attribute_Id) values (10667, 73);
insert into Zoom (Id, Description, Layer) values (10668, 'resources//img/Cuff/Cuff-Closeup-Lyr02-RdDbButton-Inner.0023.png', 02);
insert into Category_Zoom (Category_Id, Zoom_Id) values (6, 10668);
insert into Zoom_Inventory_Attribute (Zoom_Id, Inventory_Attribute_Id) values (10668, 45);
-- Final Index and Final Name: inner--0023 Key: fabric0023
insert into Zoom_Inventory_Attribute (Zoom_Id, Inventory_Attribute_Id) values (10668, 74);
insert into Zoom (Id, Description, Layer) values (10669, 'resources//img/Cuff/Cuff-Closeup-Lyr02-RdDbButton-Inner.0024.png', 02);
insert into Category_Zoom (Category_Id, Zoom_Id) values (6, 10669);
insert into Zoom_Inventory_Attribute (Zoom_Id, Inventory_Attribute_Id) values (10669, 45);
-- Final Index and Final Name: inner--0024 Key: fabric0024
insert into Zoom_Inventory_Attribute (Zoom_Id, Inventory_Attribute_Id) values (10669, 75);
insert into Zoom (Id, Description, Layer) values (10670, 'resources//img/Cuff/Cuff-Closeup-Lyr02-RdDbButton-Inner.0025.png', 02);
insert into Category_Zoom (Category_Id, Zoom_Id) values (6, 10670);
insert into Zoom_Inventory_Attribute (Zoom_Id, Inventory_Attribute_Id) values (10670, 45);
-- Final Index and Final Name: inner--0025 Key: fabric0025
insert into Zoom_Inventory_Attribute (Zoom_Id, Inventory_Attribute_Id) values (10670, 76);
insert into Zoom (Id, Description, Layer) values (10671, 'resources//img/Cuff/Cuff-Closeup-Lyr02-RdDbButton-Inner.0026.png', 02);
insert into Category_Zoom (Category_Id, Zoom_Id) values (6, 10671);
insert into Zoom_Inventory_Attribute (Zoom_Id, Inventory_Attribute_Id) values (10671, 45);
-- Final Index and Final Name: inner--0026 Key: fabric0026
insert into Zoom_Inventory_Attribute (Zoom_Id, Inventory_Attribute_Id) values (10671, 77);
insert into Zoom (Id, Description, Layer) values (10672, 'resources//img/Cuff/Cuff-Closeup-Lyr02-RdDbButton-Inner.0027.png', 02);
insert into Category_Zoom (Category_Id, Zoom_Id) values (6, 10672);
insert into Zoom_Inventory_Attribute (Zoom_Id, Inventory_Attribute_Id) values (10672, 45);
-- Final Index and Final Name: inner--0027 Key: fabric0027
insert into Zoom_Inventory_Attribute (Zoom_Id, Inventory_Attribute_Id) values (10672, 78);
insert into Zoom (Id, Description, Layer) values (10673, 'resources//img/Cuff/Cuff-Closeup-Lyr02-RdDbButton-Inner.0028.png', 02);
insert into Category_Zoom (Category_Id, Zoom_Id) values (6, 10673);
insert into Zoom_Inventory_Attribute (Zoom_Id, Inventory_Attribute_Id) values (10673, 45);
-- Final Index and Final Name: inner--0028 Key: fabric0028
insert into Zoom_Inventory_Attribute (Zoom_Id, Inventory_Attribute_Id) values (10673, 79);
insert into Zoom (Id, Description, Layer) values (10674, 'resources//img/Cuff/Cuff-Closeup-Lyr02-RdDbButton-Inner.0029.png', 02);
insert into Category_Zoom (Category_Id, Zoom_Id) values (6, 10674);
insert into Zoom_Inventory_Attribute (Zoom_Id, Inventory_Attribute_Id) values (10674, 45);
-- Final Index and Final Name: inner--0029 Key: fabric0029
insert into Zoom_Inventory_Attribute (Zoom_Id, Inventory_Attribute_Id) values (10674, 80);
insert into Zoom (Id, Description, Layer) values (10675, 'resources//img/Cuff/Cuff-Closeup-Lyr02-RdDbButton-Inner.0030.png', 02);
insert into Category_Zoom (Category_Id, Zoom_Id) values (6, 10675);
insert into Zoom_Inventory_Attribute (Zoom_Id, Inventory_Attribute_Id) values (10675, 45);
-- Final Index and Final Name: inner--0030 Key: fabric0030
insert into Zoom_Inventory_Attribute (Zoom_Id, Inventory_Attribute_Id) values (10675, 81);
insert into Zoom (Id, Description, Layer) values (10676, 'resources//img/Cuff/Cuff-Closeup-Lyr02-RdDbButton-Inner.0031.png', 02);
insert into Category_Zoom (Category_Id, Zoom_Id) values (6, 10676);
insert into Zoom_Inventory_Attribute (Zoom_Id, Inventory_Attribute_Id) values (10676, 45);
-- Final Index and Final Name: inner--0031 Key: fabric0031
insert into Zoom_Inventory_Attribute (Zoom_Id, Inventory_Attribute_Id) values (10676, 82);
insert into Zoom (Id, Description, Layer) values (10677, 'resources//img/Cuff/Cuff-Closeup-Lyr02-RdDbButton-Inner.0032.png', 02);
insert into Category_Zoom (Category_Id, Zoom_Id) values (6, 10677);
insert into Zoom_Inventory_Attribute (Zoom_Id, Inventory_Attribute_Id) values (10677, 45);
-- Final Index and Final Name: inner--0032 Key: fabric0032
insert into Zoom_Inventory_Attribute (Zoom_Id, Inventory_Attribute_Id) values (10677, 83);
insert into Zoom (Id, Description, Layer) values (10678, 'resources//img/Cuff/Cuff-Closeup-Lyr02-RdDbButton-Inner.0033.png', 02);
insert into Category_Zoom (Category_Id, Zoom_Id) values (6, 10678);
insert into Zoom_Inventory_Attribute (Zoom_Id, Inventory_Attribute_Id) values (10678, 45);
-- Final Index and Final Name: inner--0033 Key: fabric0033
insert into Zoom_Inventory_Attribute (Zoom_Id, Inventory_Attribute_Id) values (10678, 84);
insert into Zoom (Id, Description, Layer) values (10679, 'resources//img/Cuff/Cuff-Closeup-Lyr02-RdDbButton-Inner.0034.png', 02);
insert into Category_Zoom (Category_Id, Zoom_Id) values (6, 10679);
insert into Zoom_Inventory_Attribute (Zoom_Id, Inventory_Attribute_Id) values (10679, 45);
-- Final Index and Final Name: inner--0034 Key: fabric0034
insert into Zoom_Inventory_Attribute (Zoom_Id, Inventory_Attribute_Id) values (10679, 85);
insert into Zoom (Id, Description, Layer) values (10680, 'resources//img/Cuff/Cuff-Closeup-Lyr02-RdDbButton-Inner.0035.png', 02);
insert into Category_Zoom (Category_Id, Zoom_Id) values (6, 10680);
insert into Zoom_Inventory_Attribute (Zoom_Id, Inventory_Attribute_Id) values (10680, 45);
-- Final Index and Final Name: inner--0035 Key: fabric0035
insert into Zoom_Inventory_Attribute (Zoom_Id, Inventory_Attribute_Id) values (10680, 86);
insert into Zoom (Id, Description, Layer) values (10681, 'resources//img/Cuff/Cuff-Closeup-Lyr02-RdDbButton-Inner.0036.png', 02);
insert into Category_Zoom (Category_Id, Zoom_Id) values (6, 10681);
insert into Zoom_Inventory_Attribute (Zoom_Id, Inventory_Attribute_Id) values (10681, 45);
-- Final Index and Final Name: inner--0036 Key: fabric0036
insert into Zoom_Inventory_Attribute (Zoom_Id, Inventory_Attribute_Id) values (10681, 87);
insert into Zoom (Id, Description, Layer) values (10682, 'resources//img/Cuff/Cuff-Closeup-Lyr02-RdDbButton-Inner.0037.png', 02);
insert into Category_Zoom (Category_Id, Zoom_Id) values (6, 10682);
insert into Zoom_Inventory_Attribute (Zoom_Id, Inventory_Attribute_Id) values (10682, 45);
-- Final Index and Final Name: inner--0037 Key: fabric0037
insert into Zoom_Inventory_Attribute (Zoom_Id, Inventory_Attribute_Id) values (10682, 88);
insert into Zoom (Id, Description, Layer) values (10683, 'resources//img/Cuff/Cuff-Closeup-Lyr02-RdDbButton-Inner.0038.png', 02);
insert into Category_Zoom (Category_Id, Zoom_Id) values (6, 10683);
insert into Zoom_Inventory_Attribute (Zoom_Id, Inventory_Attribute_Id) values (10683, 45);
-- Final Index and Final Name: inner--0038 Key: fabric0038
insert into Zoom_Inventory_Attribute (Zoom_Id, Inventory_Attribute_Id) values (10683, 89);
insert into Zoom (Id, Description, Layer) values (10684, 'resources//img/Cuff/Cuff-Closeup-Lyr02-RdDbButton-Inner.0039.png', 02);
insert into Category_Zoom (Category_Id, Zoom_Id) values (6, 10684);
insert into Zoom_Inventory_Attribute (Zoom_Id, Inventory_Attribute_Id) values (10684, 45);
-- Final Index and Final Name: inner--0039 Key: fabric0039
insert into Zoom_Inventory_Attribute (Zoom_Id, Inventory_Attribute_Id) values (10684, 90);
insert into Zoom (Id, Description, Layer) values (10685, 'resources//img/Cuff/Cuff-Closeup-Lyr02-RdDbButton-Inner.0040.png', 02);
insert into Category_Zoom (Category_Id, Zoom_Id) values (6, 10685);
insert into Zoom_Inventory_Attribute (Zoom_Id, Inventory_Attribute_Id) values (10685, 45);
-- Final Index and Final Name: inner--0040 Key: fabric0040
insert into Zoom_Inventory_Attribute (Zoom_Id, Inventory_Attribute_Id) values (10685, 91);
insert into Zoom (Id, Description, Layer) values (10686, 'resources//img/Cuff/Cuff-Closeup-Lyr02-RdDbButton-Inner.0041.png', 02);
insert into Category_Zoom (Category_Id, Zoom_Id) values (6, 10686);
insert into Zoom_Inventory_Attribute (Zoom_Id, Inventory_Attribute_Id) values (10686, 45);
-- Final Index and Final Name: inner--0041 Key: fabric0041
insert into Zoom_Inventory_Attribute (Zoom_Id, Inventory_Attribute_Id) values (10686, 92);
insert into Zoom (Id, Description, Layer) values (10687, 'resources//img/Cuff/Cuff-Closeup-Lyr02-RdDbButton-Inner.0042.png', 02);
insert into Category_Zoom (Category_Id, Zoom_Id) values (6, 10687);
insert into Zoom_Inventory_Attribute (Zoom_Id, Inventory_Attribute_Id) values (10687, 45);
-- Final Index and Final Name: inner--0042 Key: fabric0042
insert into Zoom_Inventory_Attribute (Zoom_Id, Inventory_Attribute_Id) values (10687, 93);
insert into Zoom (Id, Description, Layer) values (10688, 'resources//img/Cuff/Cuff-Closeup-Lyr02-RdDbButton-Inner.0043.png', 02);
insert into Category_Zoom (Category_Id, Zoom_Id) values (6, 10688);
insert into Zoom_Inventory_Attribute (Zoom_Id, Inventory_Attribute_Id) values (10688, 45);
-- Final Index and Final Name: inner--0043 Key: fabric0043
insert into Zoom_Inventory_Attribute (Zoom_Id, Inventory_Attribute_Id) values (10688, 94);
insert into Zoom (Id, Description, Layer) values (10689, 'resources//img/Cuff/Cuff-Closeup-Lyr02-RdDbButton-Inner.0044.png', 02);
insert into Category_Zoom (Category_Id, Zoom_Id) values (6, 10689);
insert into Zoom_Inventory_Attribute (Zoom_Id, Inventory_Attribute_Id) values (10689, 45);
-- Final Index and Final Name: inner--0044 Key: fabric0044
insert into Zoom_Inventory_Attribute (Zoom_Id, Inventory_Attribute_Id) values (10689, 95);
insert into Zoom (Id, Description, Layer) values (10690, 'resources//img/Cuff/Cuff-Closeup-Lyr02-RdDbButton-Inner.0045.png', 02);
insert into Category_Zoom (Category_Id, Zoom_Id) values (6, 10690);
insert into Zoom_Inventory_Attribute (Zoom_Id, Inventory_Attribute_Id) values (10690, 45);
-- Final Index and Final Name: inner--0045 Key: fabric0045
insert into Zoom_Inventory_Attribute (Zoom_Id, Inventory_Attribute_Id) values (10690, 96);
insert into Zoom (Id, Description, Layer) values (10691, 'resources//img/Cuff/Cuff-Closeup-Lyr02-RdDbButton-Inner.0046.png', 02);
insert into Category_Zoom (Category_Id, Zoom_Id) values (6, 10691);
insert into Zoom_Inventory_Attribute (Zoom_Id, Inventory_Attribute_Id) values (10691, 45);
-- Final Index and Final Name: inner--0046 Key: fabric0046
insert into Zoom_Inventory_Attribute (Zoom_Id, Inventory_Attribute_Id) values (10691, 97);
insert into Zoom (Id, Description, Layer) values (10692, 'resources//img/Cuff/Cuff-Closeup-Lyr02-RdDbButton-Inner.0047.png', 02);
insert into Category_Zoom (Category_Id, Zoom_Id) values (6, 10692);
insert into Zoom_Inventory_Attribute (Zoom_Id, Inventory_Attribute_Id) values (10692, 45);
-- Final Index and Final Name: inner--0047 Key: fabric0047
insert into Zoom_Inventory_Attribute (Zoom_Id, Inventory_Attribute_Id) values (10692, 98);
insert into Zoom (Id, Description, Layer) values (10693, 'resources//img/Cuff/Cuff-Closeup-Lyr02-RdDbButton-Inner.0048.png', 02);
insert into Category_Zoom (Category_Id, Zoom_Id) values (6, 10693);
insert into Zoom_Inventory_Attribute (Zoom_Id, Inventory_Attribute_Id) values (10693, 45);
-- Final Index and Final Name: inner--0048 Key: fabric0048
insert into Zoom_Inventory_Attribute (Zoom_Id, Inventory_Attribute_Id) values (10693, 99);
insert into Zoom (Id, Description, Layer) values (10694, 'resources//img/Cuff/Cuff-Closeup-Lyr02-RdDbButton-Inner.0049.png', 02);
insert into Category_Zoom (Category_Id, Zoom_Id) values (6, 10694);
insert into Zoom_Inventory_Attribute (Zoom_Id, Inventory_Attribute_Id) values (10694, 45);
-- Final Index and Final Name: inner--0049 Key: fabric0049
insert into Zoom_Inventory_Attribute (Zoom_Id, Inventory_Attribute_Id) values (10694, 100);
insert into Zoom (Id, Description, Layer) values (10695, 'resources//img/Cuff/Cuff-Closeup-Lyr02-RdDbButton-Inner.0050.png', 02);
insert into Category_Zoom (Category_Id, Zoom_Id) values (6, 10695);
insert into Zoom_Inventory_Attribute (Zoom_Id, Inventory_Attribute_Id) values (10695, 45);
-- Final Index and Final Name: inner--0050 Key: fabric0050
insert into Zoom_Inventory_Attribute (Zoom_Id, Inventory_Attribute_Id) values (10695, 101);
insert into Zoom (Id, Description, Layer) values (10696, 'resources//img/Cuff/Cuff-Closeup-Lyr02-RdDbButton-Inner.0051.png', 02);
insert into Category_Zoom (Category_Id, Zoom_Id) values (6, 10696);
insert into Zoom_Inventory_Attribute (Zoom_Id, Inventory_Attribute_Id) values (10696, 45);
-- Final Index and Final Name: inner--0051 Key: fabric0051
insert into Zoom_Inventory_Attribute (Zoom_Id, Inventory_Attribute_Id) values (10696, 102);
insert into Zoom (Id, Description, Layer) values (10697, 'resources//img/Cuff/Cuff-Closeup-Lyr02-RdDbButton-Inner.0052.png', 02);
insert into Category_Zoom (Category_Id, Zoom_Id) values (6, 10697);
insert into Zoom_Inventory_Attribute (Zoom_Id, Inventory_Attribute_Id) values (10697, 45);
-- Final Index and Final Name: inner--0052 Key: fabric0052
insert into Zoom_Inventory_Attribute (Zoom_Id, Inventory_Attribute_Id) values (10697, 103);
insert into Zoom (Id, Description, Layer) values (10698, 'resources//img/Cuff/Cuff-Closeup-Lyr02-RdDbButton-Inner.0053.png', 02);
insert into Category_Zoom (Category_Id, Zoom_Id) values (6, 10698);
insert into Zoom_Inventory_Attribute (Zoom_Id, Inventory_Attribute_Id) values (10698, 45);
-- Final Index and Final Name: inner--0053 Key: fabric0053
insert into Zoom_Inventory_Attribute (Zoom_Id, Inventory_Attribute_Id) values (10698, 104);
insert into Zoom (Id, Description, Layer) values (10699, 'resources//img/Cuff/Cuff-Closeup-Lyr02-RdDbButton-Inner.0054.png', 02);
insert into Category_Zoom (Category_Id, Zoom_Id) values (6, 10699);
insert into Zoom_Inventory_Attribute (Zoom_Id, Inventory_Attribute_Id) values (10699, 45);
-- Final Index and Final Name: inner--0054 Key: fabric0054
insert into Zoom_Inventory_Attribute (Zoom_Id, Inventory_Attribute_Id) values (10699, 105);
insert into Zoom (Id, Description, Layer) values (10700, 'resources//img/Cuff/Cuff-Closeup-Lyr02-RdDbButton-Inner.0055.png', 02);
insert into Category_Zoom (Category_Id, Zoom_Id) values (6, 10700);
insert into Zoom_Inventory_Attribute (Zoom_Id, Inventory_Attribute_Id) values (10700, 45);
-- Final Index and Final Name: inner--0055 Key: fabric0055
insert into Zoom_Inventory_Attribute (Zoom_Id, Inventory_Attribute_Id) values (10700, 106);
insert into Zoom (Id, Description, Layer) values (10701, 'resources//img/Cuff/Cuff-Closeup-Lyr02-RdDbButton-Inner.0056.png', 02);
insert into Category_Zoom (Category_Id, Zoom_Id) values (6, 10701);
insert into Zoom_Inventory_Attribute (Zoom_Id, Inventory_Attribute_Id) values (10701, 45);
-- Final Index and Final Name: inner--0056 Key: fabric0056
insert into Zoom_Inventory_Attribute (Zoom_Id, Inventory_Attribute_Id) values (10701, 107);
insert into Zoom (Id, Description, Layer) values (10702, 'resources//img/Cuff/Cuff-Closeup-Lyr02-RdDbButton-Inner.0057.png', 02);
insert into Category_Zoom (Category_Id, Zoom_Id) values (6, 10702);
insert into Zoom_Inventory_Attribute (Zoom_Id, Inventory_Attribute_Id) values (10702, 45);
-- Final Index and Final Name: inner--0057 Key: fabric0057
insert into Zoom_Inventory_Attribute (Zoom_Id, Inventory_Attribute_Id) values (10702, 108);
insert into Zoom (Id, Description, Layer) values (10703, 'resources//img/Cuff/Cuff-Closeup-Lyr02-RdDbButton-Inner.0058.png', 02);
insert into Category_Zoom (Category_Id, Zoom_Id) values (6, 10703);
insert into Zoom_Inventory_Attribute (Zoom_Id, Inventory_Attribute_Id) values (10703, 45);
-- Final Index and Final Name: inner--0058 Key: fabric0058
insert into Zoom_Inventory_Attribute (Zoom_Id, Inventory_Attribute_Id) values (10703, 109);
insert into Zoom (Id, Description, Layer) values (10704, 'resources//img/Cuff/Cuff-Closeup-Lyr02-RdDbButton-Inner.0059.png', 02);
insert into Category_Zoom (Category_Id, Zoom_Id) values (6, 10704);
insert into Zoom_Inventory_Attribute (Zoom_Id, Inventory_Attribute_Id) values (10704, 45);
-- Final Index and Final Name: inner--0059 Key: fabric0059
insert into Zoom_Inventory_Attribute (Zoom_Id, Inventory_Attribute_Id) values (10704, 110);
insert into Zoom (Id, Description, Layer) values (10705, 'resources//img/Cuff/Cuff-Closeup-Lyr02-RdDbButton-Inner.0060.png', 02);
insert into Category_Zoom (Category_Id, Zoom_Id) values (6, 10705);
insert into Zoom_Inventory_Attribute (Zoom_Id, Inventory_Attribute_Id) values (10705, 45);
-- Final Index and Final Name: inner--0060 Key: fabric0060
insert into Zoom_Inventory_Attribute (Zoom_Id, Inventory_Attribute_Id) values (10705, 111);
insert into Zoom (Id, Description, Layer) values (10706, 'resources//img/Cuff/Cuff-Closeup-Lyr02-RdDbButton-Inner.0061.png', 02);
insert into Category_Zoom (Category_Id, Zoom_Id) values (6, 10706);
insert into Zoom_Inventory_Attribute (Zoom_Id, Inventory_Attribute_Id) values (10706, 45);
-- Final Index and Final Name: inner--0061 Key: fabric0061
insert into Zoom_Inventory_Attribute (Zoom_Id, Inventory_Attribute_Id) values (10706, 112);
insert into Zoom (Id, Description, Layer) values (10707, 'resources//img/Cuff/Cuff-Closeup-Lyr02-RdDbButton-Inner.0062.png', 02);
insert into Category_Zoom (Category_Id, Zoom_Id) values (6, 10707);
insert into Zoom_Inventory_Attribute (Zoom_Id, Inventory_Attribute_Id) values (10707, 45);
-- Final Index and Final Name: inner--0062 Key: fabric0062
insert into Zoom_Inventory_Attribute (Zoom_Id, Inventory_Attribute_Id) values (10707, 113);
insert into Zoom (Id, Description, Layer) values (10708, 'resources//img/Cuff/Cuff-Closeup-Lyr02-RdDbButton-Inner.0063.png', 02);
insert into Category_Zoom (Category_Id, Zoom_Id) values (6, 10708);
insert into Zoom_Inventory_Attribute (Zoom_Id, Inventory_Attribute_Id) values (10708, 45);
-- Final Index and Final Name: inner--0063 Key: fabric0063
insert into Zoom_Inventory_Attribute (Zoom_Id, Inventory_Attribute_Id) values (10708, 114);
insert into Zoom (Id, Description, Layer) values (10709, 'resources//img/Cuff/Cuff-Closeup-Lyr02-RdDbButton-Inner.0064.png', 02);
insert into Category_Zoom (Category_Id, Zoom_Id) values (6, 10709);
insert into Zoom_Inventory_Attribute (Zoom_Id, Inventory_Attribute_Id) values (10709, 45);
-- Final Index and Final Name: inner--0064 Key: fabric0064
insert into Zoom_Inventory_Attribute (Zoom_Id, Inventory_Attribute_Id) values (10709, 115);
insert into Zoom (Id, Description, Layer) values (10710, 'resources//img/Cuff/Cuff-Closeup-Lyr02-RdDbButton-Inner.0065.png', 02);
insert into Category_Zoom (Category_Id, Zoom_Id) values (6, 10710);
insert into Zoom_Inventory_Attribute (Zoom_Id, Inventory_Attribute_Id) values (10710, 45);
-- Final Index and Final Name: inner--0065 Key: fabric0065
insert into Zoom_Inventory_Attribute (Zoom_Id, Inventory_Attribute_Id) values (10710, 116);
insert into Zoom (Id, Description, Layer) values (10711, 'resources//img/Cuff/Cuff-Closeup-Lyr02-RdDbButton-Inner.0066.png', 02);
insert into Category_Zoom (Category_Id, Zoom_Id) values (6, 10711);
insert into Zoom_Inventory_Attribute (Zoom_Id, Inventory_Attribute_Id) values (10711, 45);
-- Final Index and Final Name: inner--0066 Key: fabric0066
insert into Zoom_Inventory_Attribute (Zoom_Id, Inventory_Attribute_Id) values (10711, 117);
insert into Zoom (Id, Description, Layer) values (10712, 'resources//img/Cuff/Cuff-Closeup-Lyr02-RdDbButton-Inner.0067.png', 02);
insert into Category_Zoom (Category_Id, Zoom_Id) values (6, 10712);
insert into Zoom_Inventory_Attribute (Zoom_Id, Inventory_Attribute_Id) values (10712, 45);
-- Final Index and Final Name: inner--0067 Key: fabric0067
insert into Zoom_Inventory_Attribute (Zoom_Id, Inventory_Attribute_Id) values (10712, 118);
insert into Zoom (Id, Description, Layer) values (10713, 'resources//img/Cuff/Cuff-Closeup-Lyr02-RdDbButton-Inner.0068.png', 02);
insert into Category_Zoom (Category_Id, Zoom_Id) values (6, 10713);
insert into Zoom_Inventory_Attribute (Zoom_Id, Inventory_Attribute_Id) values (10713, 45);
-- Final Index and Final Name: inner--0068 Key: fabric0068
insert into Zoom_Inventory_Attribute (Zoom_Id, Inventory_Attribute_Id) values (10713, 119);
insert into Zoom (Id, Description, Layer) values (10714, 'resources//img/Cuff/Cuff-Closeup-Lyr02-RdDbButton-Inner.0069.png', 02);
insert into Category_Zoom (Category_Id, Zoom_Id) values (6, 10714);
insert into Zoom_Inventory_Attribute (Zoom_Id, Inventory_Attribute_Id) values (10714, 45);
-- Final Index and Final Name: inner--0069 Key: fabric0069
insert into Zoom_Inventory_Attribute (Zoom_Id, Inventory_Attribute_Id) values (10714, 120);
insert into Zoom (Id, Description, Layer) values (10715, 'resources//img/Cuff/Cuff-Closeup-Lyr02-RdDbButton-Inner.0070.png', 02);
insert into Category_Zoom (Category_Id, Zoom_Id) values (6, 10715);
insert into Zoom_Inventory_Attribute (Zoom_Id, Inventory_Attribute_Id) values (10715, 45);
-- Final Index and Final Name: inner--0070 Key: fabric0070
insert into Zoom_Inventory_Attribute (Zoom_Id, Inventory_Attribute_Id) values (10715, 121);
insert into Zoom (Id, Description, Layer) values (10716, 'resources//img/Cuff/Cuff-Closeup-Lyr02-RdDbButton-Inner.0071.png', 02);
insert into Category_Zoom (Category_Id, Zoom_Id) values (6, 10716);
insert into Zoom_Inventory_Attribute (Zoom_Id, Inventory_Attribute_Id) values (10716, 45);
-- Final Index and Final Name: inner--0071 Key: fabric0071
insert into Zoom_Inventory_Attribute (Zoom_Id, Inventory_Attribute_Id) values (10716, 122);
insert into Zoom (Id, Description, Layer) values (10717, 'resources//img/Cuff/Cuff-Closeup-Lyr02-RdDbButton-Inner.0072.png', 02);
insert into Category_Zoom (Category_Id, Zoom_Id) values (6, 10717);
insert into Zoom_Inventory_Attribute (Zoom_Id, Inventory_Attribute_Id) values (10717, 45);
-- Final Index and Final Name: inner--0072 Key: fabric0072
insert into Zoom_Inventory_Attribute (Zoom_Id, Inventory_Attribute_Id) values (10717, 123);
insert into Zoom (Id, Description, Layer) values (10718, 'resources//img/Cuff/Cuff-Closeup-Lyr02-RdDbButton-Inner.0073.png', 02);
insert into Category_Zoom (Category_Id, Zoom_Id) values (6, 10718);
insert into Zoom_Inventory_Attribute (Zoom_Id, Inventory_Attribute_Id) values (10718, 45);
-- Final Index and Final Name: inner--0073 Key: fabric0073
insert into Zoom_Inventory_Attribute (Zoom_Id, Inventory_Attribute_Id) values (10718, 124);
insert into Zoom (Id, Description, Layer) values (10719, 'resources//img/Cuff/Cuff-Closeup-Lyr02-RdDbButton-Inner.0074.png', 02);
insert into Category_Zoom (Category_Id, Zoom_Id) values (6, 10719);
insert into Zoom_Inventory_Attribute (Zoom_Id, Inventory_Attribute_Id) values (10719, 45);
-- Final Index and Final Name: inner--0074 Key: fabric0074
insert into Zoom_Inventory_Attribute (Zoom_Id, Inventory_Attribute_Id) values (10719, 125);
insert into Zoom (Id, Description, Layer) values (10720, 'resources//img/Cuff/Cuff-Closeup-Lyr02-RdDbButton-Inner.0075.png', 02);
insert into Category_Zoom (Category_Id, Zoom_Id) values (6, 10720);
insert into Zoom_Inventory_Attribute (Zoom_Id, Inventory_Attribute_Id) values (10720, 45);
-- Final Index and Final Name: inner--0075 Key: fabric0075
insert into Zoom_Inventory_Attribute (Zoom_Id, Inventory_Attribute_Id) values (10720, 126);
insert into Zoom (Id, Description, Layer) values (10721, 'resources//img/Cuff/Cuff-Closeup-Lyr02-RdDbButton-Inner.0076.png', 02);
insert into Category_Zoom (Category_Id, Zoom_Id) values (6, 10721);
insert into Zoom_Inventory_Attribute (Zoom_Id, Inventory_Attribute_Id) values (10721, 45);
-- Final Index and Final Name: inner--0076 Key: fabric0076
insert into Zoom_Inventory_Attribute (Zoom_Id, Inventory_Attribute_Id) values (10721, 127);
insert into Zoom (Id, Description, Layer) values (10722, 'resources//img/Cuff/Cuff-Closeup-Lyr02-RdDbButton-Inner.0077.png', 02);
insert into Category_Zoom (Category_Id, Zoom_Id) values (6, 10722);
insert into Zoom_Inventory_Attribute (Zoom_Id, Inventory_Attribute_Id) values (10722, 45);
-- Final Index and Final Name: inner--0077 Key: fabric0077
insert into Zoom_Inventory_Attribute (Zoom_Id, Inventory_Attribute_Id) values (10722, 128);
insert into Zoom (Id, Description, Layer) values (10723, 'resources//img/Cuff/Cuff-Closeup-Lyr02-RdDbButton-Inner.0078.png', 02);
insert into Category_Zoom (Category_Id, Zoom_Id) values (6, 10723);
insert into Zoom_Inventory_Attribute (Zoom_Id, Inventory_Attribute_Id) values (10723, 45);
-- Final Index and Final Name: inner--0078 Key: fabric0078
insert into Zoom_Inventory_Attribute (Zoom_Id, Inventory_Attribute_Id) values (10723, 129);
insert into Zoom (Id, Description, Layer) values (10724, 'resources//img/Cuff/Cuff-Closeup-Lyr02-RdDbButton-Inner.0079.png', 02);
insert into Category_Zoom (Category_Id, Zoom_Id) values (6, 10724);
insert into Zoom_Inventory_Attribute (Zoom_Id, Inventory_Attribute_Id) values (10724, 45);
-- Final Index and Final Name: inner--0079 Key: fabric0079
insert into Zoom_Inventory_Attribute (Zoom_Id, Inventory_Attribute_Id) values (10724, 130);
insert into Zoom (Id, Description, Layer) values (10725, 'resources//img/Cuff/Cuff-Closeup-Lyr02-RdDbButton-Inner.0080.png', 02);
insert into Category_Zoom (Category_Id, Zoom_Id) values (6, 10725);
insert into Zoom_Inventory_Attribute (Zoom_Id, Inventory_Attribute_Id) values (10725, 45);
-- Final Index and Final Name: inner--0080 Key: fabric0080
insert into Zoom_Inventory_Attribute (Zoom_Id, Inventory_Attribute_Id) values (10725, 131);
insert into Zoom (Id, Description, Layer) values (10726, 'resources//img/Cuff/Cuff-Closeup-Lyr02-RdDbButton-Inner.0081.png', 02);
insert into Category_Zoom (Category_Id, Zoom_Id) values (6, 10726);
insert into Zoom_Inventory_Attribute (Zoom_Id, Inventory_Attribute_Id) values (10726, 45);
-- Final Index and Final Name: inner--0081 Key: fabric0081
insert into Zoom_Inventory_Attribute (Zoom_Id, Inventory_Attribute_Id) values (10726, 132);
insert into Zoom (Id, Description, Layer) values (10727, 'resources//img/Cuff/Cuff-Closeup-Lyr02-RdDbButton-Inner.0082.png', 02);
insert into Category_Zoom (Category_Id, Zoom_Id) values (6, 10727);
insert into Zoom_Inventory_Attribute (Zoom_Id, Inventory_Attribute_Id) values (10727, 45);
-- Final Index and Final Name: inner--0082 Key: fabric0082
insert into Zoom_Inventory_Attribute (Zoom_Id, Inventory_Attribute_Id) values (10727, 133);
insert into Zoom (Id, Description, Layer) values (10728, 'resources//img/Cuff/Cuff-Closeup-Lyr02-RdDbButton-Inner.0083.png', 02);
insert into Category_Zoom (Category_Id, Zoom_Id) values (6, 10728);
insert into Zoom_Inventory_Attribute (Zoom_Id, Inventory_Attribute_Id) values (10728, 45);
-- Final Index and Final Name: inner--0083 Key: fabric0083
insert into Zoom_Inventory_Attribute (Zoom_Id, Inventory_Attribute_Id) values (10728, 134);
insert into Zoom (Id, Description, Layer) values (10729, 'resources//img/Cuff/Cuff-Closeup-Lyr02-RdDbButton-Inner.0084.png', 02);
insert into Category_Zoom (Category_Id, Zoom_Id) values (6, 10729);
insert into Zoom_Inventory_Attribute (Zoom_Id, Inventory_Attribute_Id) values (10729, 45);
-- Final Index and Final Name: inner--0084 Key: fabric0084
insert into Zoom_Inventory_Attribute (Zoom_Id, Inventory_Attribute_Id) values (10729, 135);
insert into Zoom (Id, Description, Layer) values (10730, 'resources//img/Cuff/Cuff-Closeup-Lyr02-RdDbButton-Inner.0085.png', 02);
insert into Category_Zoom (Category_Id, Zoom_Id) values (6, 10730);
insert into Zoom_Inventory_Attribute (Zoom_Id, Inventory_Attribute_Id) values (10730, 45);
-- Final Index and Final Name: inner--0085 Key: fabric0085
insert into Zoom_Inventory_Attribute (Zoom_Id, Inventory_Attribute_Id) values (10730, 136);
insert into Zoom (Id, Description, Layer) values (10731, 'resources//img/Cuff/Cuff-Closeup-Lyr02-RdDbButton-Inner.0086.png', 02);
insert into Category_Zoom (Category_Id, Zoom_Id) values (6, 10731);
insert into Zoom_Inventory_Attribute (Zoom_Id, Inventory_Attribute_Id) values (10731, 45);
-- Final Index and Final Name: inner--0086 Key: fabric0086
insert into Zoom_Inventory_Attribute (Zoom_Id, Inventory_Attribute_Id) values (10731, 137);
insert into Zoom (Id, Description, Layer) values (10732, 'resources//img/Cuff/Cuff-Closeup-Lyr02-RdDbButton-Inner.0087.png', 02);
insert into Category_Zoom (Category_Id, Zoom_Id) values (6, 10732);
insert into Zoom_Inventory_Attribute (Zoom_Id, Inventory_Attribute_Id) values (10732, 45);
-- Final Index and Final Name: inner--0087 Key: fabric0087
insert into Zoom_Inventory_Attribute (Zoom_Id, Inventory_Attribute_Id) values (10732, 138);
insert into Zoom (Id, Description, Layer) values (10733, 'resources//img/Cuff/Cuff-Closeup-Lyr02-RdDbButton-Inner.0088.png', 02);
insert into Category_Zoom (Category_Id, Zoom_Id) values (6, 10733);
insert into Zoom_Inventory_Attribute (Zoom_Id, Inventory_Attribute_Id) values (10733, 45);
-- Final Index and Final Name: inner--0088 Key: fabric0088
insert into Zoom_Inventory_Attribute (Zoom_Id, Inventory_Attribute_Id) values (10733, 139);
insert into Zoom (Id, Description, Layer) values (10734, 'resources//img/Cuff/Cuff-Closeup-Lyr02-RdDbButton-Inner.0089.png', 02);
insert into Category_Zoom (Category_Id, Zoom_Id) values (6, 10734);
insert into Zoom_Inventory_Attribute (Zoom_Id, Inventory_Attribute_Id) values (10734, 45);
-- Final Index and Final Name: inner--0089 Key: fabric0089
insert into Zoom_Inventory_Attribute (Zoom_Id, Inventory_Attribute_Id) values (10734, 140);
insert into Zoom (Id, Description, Layer) values (10735, 'resources//img/Cuff/Cuff-Closeup-Lyr02-RdDbButton-Inner.0090.png', 02);
insert into Category_Zoom (Category_Id, Zoom_Id) values (6, 10735);
insert into Zoom_Inventory_Attribute (Zoom_Id, Inventory_Attribute_Id) values (10735, 45);
-- Final Index and Final Name: inner--0090 Key: fabric0090
insert into Zoom_Inventory_Attribute (Zoom_Id, Inventory_Attribute_Id) values (10735, 141);
insert into Zoom (Id, Description, Layer) values (10736, 'resources//img/Cuff/Cuff-Closeup-Lyr02-RdDbButton-Inner.0091.png', 02);
insert into Category_Zoom (Category_Id, Zoom_Id) values (6, 10736);
insert into Zoom_Inventory_Attribute (Zoom_Id, Inventory_Attribute_Id) values (10736, 45);
-- Final Index and Final Name: inner--0091 Key: fabric0091
insert into Zoom_Inventory_Attribute (Zoom_Id, Inventory_Attribute_Id) values (10736, 142);
insert into Zoom (Id, Description, Layer) values (10737, 'resources//img/Cuff/Cuff-Closeup-Lyr02-RdDbButton-Inner.0092.png', 02);
insert into Category_Zoom (Category_Id, Zoom_Id) values (6, 10737);
insert into Zoom_Inventory_Attribute (Zoom_Id, Inventory_Attribute_Id) values (10737, 45);
-- Final Index and Final Name: inner--0092 Key: fabric0092
insert into Zoom_Inventory_Attribute (Zoom_Id, Inventory_Attribute_Id) values (10737, 143);
insert into Zoom (Id, Description, Layer) values (10738, 'resources//img/Cuff/Cuff-Closeup-Lyr02-RdDbButton-Inner.0093.png', 02);
insert into Category_Zoom (Category_Id, Zoom_Id) values (6, 10738);
insert into Zoom_Inventory_Attribute (Zoom_Id, Inventory_Attribute_Id) values (10738, 45);
-- Final Index and Final Name: inner--0093 Key: fabric0093
insert into Zoom_Inventory_Attribute (Zoom_Id, Inventory_Attribute_Id) values (10738, 144);
insert into Zoom (Id, Description, Layer) values (10739, 'resources//img/Cuff/Cuff-Closeup-Lyr02-RdDbButton-Inner.0094.png', 02);
insert into Category_Zoom (Category_Id, Zoom_Id) values (6, 10739);
insert into Zoom_Inventory_Attribute (Zoom_Id, Inventory_Attribute_Id) values (10739, 45);
-- Final Index and Final Name: inner--0094 Key: fabric0094
insert into Zoom_Inventory_Attribute (Zoom_Id, Inventory_Attribute_Id) values (10739, 145);
insert into Zoom (Id, Description, Layer) values (10740, 'resources//img/Cuff/Cuff-Closeup-Lyr02-RdDbButton-Inner.0095.png', 02);
insert into Category_Zoom (Category_Id, Zoom_Id) values (6, 10740);
insert into Zoom_Inventory_Attribute (Zoom_Id, Inventory_Attribute_Id) values (10740, 45);
-- Final Index and Final Name: inner--0095 Key: fabric0095
insert into Zoom_Inventory_Attribute (Zoom_Id, Inventory_Attribute_Id) values (10740, 146);
insert into Zoom (Id, Description, Layer) values (10741, 'resources//img/Cuff/Cuff-Closeup-Lyr02-RdDbButton-Inner.0096.png', 02);
insert into Category_Zoom (Category_Id, Zoom_Id) values (6, 10741);
insert into Zoom_Inventory_Attribute (Zoom_Id, Inventory_Attribute_Id) values (10741, 45);
-- Final Index and Final Name: inner--0096 Key: fabric0096
insert into Zoom_Inventory_Attribute (Zoom_Id, Inventory_Attribute_Id) values (10741, 147);
insert into Zoom (Id, Description, Layer) values (10742, 'resources//img/Cuff/Cuff-Closeup-Lyr02-RdDbButton-Inner.0097.png', 02);
insert into Category_Zoom (Category_Id, Zoom_Id) values (6, 10742);
insert into Zoom_Inventory_Attribute (Zoom_Id, Inventory_Attribute_Id) values (10742, 45);
-- Final Index and Final Name: inner--0097 Key: fabric0097
insert into Zoom_Inventory_Attribute (Zoom_Id, Inventory_Attribute_Id) values (10742, 148);
insert into Zoom (Id, Description, Layer) values (10743, 'resources//img/Cuff/Cuff-Closeup-Lyr02-RdDbButton-Inner.0098.png', 02);
insert into Category_Zoom (Category_Id, Zoom_Id) values (6, 10743);
insert into Zoom_Inventory_Attribute (Zoom_Id, Inventory_Attribute_Id) values (10743, 45);
-- Final Index and Final Name: inner--0098 Key: fabric0098
insert into Zoom_Inventory_Attribute (Zoom_Id, Inventory_Attribute_Id) values (10743, 149);
insert into Zoom (Id, Description, Layer) values (10744, 'resources//img/Cuff/Cuff-Closeup-Lyr02-RdDbButton-Inner.0099.png', 02);
insert into Category_Zoom (Category_Id, Zoom_Id) values (6, 10744);
insert into Zoom_Inventory_Attribute (Zoom_Id, Inventory_Attribute_Id) values (10744, 45);
-- Final Index and Final Name: inner--0099 Key: fabric0099
insert into Zoom_Inventory_Attribute (Zoom_Id, Inventory_Attribute_Id) values (10744, 150);
insert into Zoom (Id, Description, Layer) values (10745, 'resources//img/Cuff/Cuff-Closeup-Lyr02-RdDbButton-Inner.0100.png', 02);
insert into Category_Zoom (Category_Id, Zoom_Id) values (6, 10745);
insert into Zoom_Inventory_Attribute (Zoom_Id, Inventory_Attribute_Id) values (10745, 45);
-- Final Index and Final Name: inner--0100 Key: fabric0100
insert into Zoom_Inventory_Attribute (Zoom_Id, Inventory_Attribute_Id) values (10745, 151);
insert into Zoom (Id, Description, Layer) values (10746, 'resources//img/Cuff/Cuff-Closeup-Lyr02-RdDbButton-Inner.0101.png', 02);
insert into Category_Zoom (Category_Id, Zoom_Id) values (6, 10746);
insert into Zoom_Inventory_Attribute (Zoom_Id, Inventory_Attribute_Id) values (10746, 45);
-- Final Index and Final Name: inner--0101 Key: fabric0101
insert into Zoom_Inventory_Attribute (Zoom_Id, Inventory_Attribute_Id) values (10746, 152);
insert into Zoom (Id, Description, Layer) values (10747, 'resources//img/Cuff/Cuff-Closeup-Lyr02-RdDbButton-Inner.0102.png', 02);
insert into Category_Zoom (Category_Id, Zoom_Id) values (6, 10747);
insert into Zoom_Inventory_Attribute (Zoom_Id, Inventory_Attribute_Id) values (10747, 45);
-- Final Index and Final Name: inner--0102 Key: fabric0102
insert into Zoom_Inventory_Attribute (Zoom_Id, Inventory_Attribute_Id) values (10747, 153);
insert into Zoom (Id, Description, Layer) values (10748, 'resources//img/Cuff/Cuff-Closeup-Lyr02-RdDbButton-Inner.0103.png', 02);
insert into Category_Zoom (Category_Id, Zoom_Id) values (6, 10748);
insert into Zoom_Inventory_Attribute (Zoom_Id, Inventory_Attribute_Id) values (10748, 45);
-- Final Index and Final Name: inner--0103 Key: fabric0103
insert into Zoom_Inventory_Attribute (Zoom_Id, Inventory_Attribute_Id) values (10748, 154);
insert into Zoom (Id, Description, Layer) values (10749, 'resources//img/Cuff/Cuff-Closeup-Lyr02-RdDbButton-Inner.0104.png', 02);
insert into Category_Zoom (Category_Id, Zoom_Id) values (6, 10749);
insert into Zoom_Inventory_Attribute (Zoom_Id, Inventory_Attribute_Id) values (10749, 45);
-- Final Index and Final Name: inner--0104 Key: fabric0104
insert into Zoom_Inventory_Attribute (Zoom_Id, Inventory_Attribute_Id) values (10749, 155);
insert into Zoom (Id, Description, Layer) values (10750, 'resources//img/Cuff/Cuff-Closeup-Lyr02-RdDbButton-Inner.0105.png', 02);
insert into Category_Zoom (Category_Id, Zoom_Id) values (6, 10750);
insert into Zoom_Inventory_Attribute (Zoom_Id, Inventory_Attribute_Id) values (10750, 45);
-- Final Index and Final Name: inner--0105 Key: fabric0105
insert into Zoom_Inventory_Attribute (Zoom_Id, Inventory_Attribute_Id) values (10750, 156);
insert into Zoom (Id, Description, Layer) values (10751, 'resources//img/Cuff/Cuff-Closeup-Lyr02-RdDbButton-Inner.0106.png', 02);
insert into Category_Zoom (Category_Id, Zoom_Id) values (6, 10751);
insert into Zoom_Inventory_Attribute (Zoom_Id, Inventory_Attribute_Id) values (10751, 45);
-- Final Index and Final Name: inner--0106 Key: fabric0106
insert into Zoom_Inventory_Attribute (Zoom_Id, Inventory_Attribute_Id) values (10751, 157);
insert into Zoom (Id, Description, Layer) values (10752, 'resources//img/Cuff/Cuff-Closeup-Lyr02-RdDbButton-Inner.0107.png', 02);
insert into Category_Zoom (Category_Id, Zoom_Id) values (6, 10752);
insert into Zoom_Inventory_Attribute (Zoom_Id, Inventory_Attribute_Id) values (10752, 45);
-- Final Index and Final Name: inner--0107 Key: fabric0107
insert into Zoom_Inventory_Attribute (Zoom_Id, Inventory_Attribute_Id) values (10752, 158);
insert into Zoom (Id, Description, Layer) values (10753, 'resources//img/Cuff/Cuff-Closeup-Lyr02-RdDbButton-Inner.0108.png', 02);
insert into Category_Zoom (Category_Id, Zoom_Id) values (6, 10753);
insert into Zoom_Inventory_Attribute (Zoom_Id, Inventory_Attribute_Id) values (10753, 45);
-- Final Index and Final Name: inner--0108 Key: fabric0108
insert into Zoom_Inventory_Attribute (Zoom_Id, Inventory_Attribute_Id) values (10753, 159);
insert into Zoom (Id, Description, Layer) values (10754, 'resources//img/Cuff/Cuff-Closeup-Lyr02-RdDbButton-Inner.0109.png', 02);
insert into Category_Zoom (Category_Id, Zoom_Id) values (6, 10754);
insert into Zoom_Inventory_Attribute (Zoom_Id, Inventory_Attribute_Id) values (10754, 45);
-- Final Index and Final Name: inner--0109 Key: fabric0109
insert into Zoom_Inventory_Attribute (Zoom_Id, Inventory_Attribute_Id) values (10754, 160);
insert into Zoom (Id, Description, Layer) values (10755, 'resources//img/Cuff/Cuff-Closeup-Lyr02-RdDbButton-Inner.0110.png', 02);
insert into Category_Zoom (Category_Id, Zoom_Id) values (6, 10755);
insert into Zoom_Inventory_Attribute (Zoom_Id, Inventory_Attribute_Id) values (10755, 45);
-- Final Index and Final Name: inner--0110 Key: fabric0110
insert into Zoom_Inventory_Attribute (Zoom_Id, Inventory_Attribute_Id) values (10755, 161);
insert into Zoom (Id, Description, Layer) values (10756, 'resources//img/Cuff/Cuff-Closeup-Lyr02-RdDbButton-Inner.0111.png', 02);
insert into Category_Zoom (Category_Id, Zoom_Id) values (6, 10756);
insert into Zoom_Inventory_Attribute (Zoom_Id, Inventory_Attribute_Id) values (10756, 45);
-- Final Index and Final Name: inner--0111 Key: fabric0111
insert into Zoom_Inventory_Attribute (Zoom_Id, Inventory_Attribute_Id) values (10756, 162);
insert into Zoom (Id, Description, Layer) values (10757, 'resources//img/Cuff/Cuff-Closeup-Lyr02-RdDbButton-Inner.0112.png', 02);
insert into Category_Zoom (Category_Id, Zoom_Id) values (6, 10757);
insert into Zoom_Inventory_Attribute (Zoom_Id, Inventory_Attribute_Id) values (10757, 45);
-- Final Index and Final Name: inner--0112 Key: fabric0112
insert into Zoom_Inventory_Attribute (Zoom_Id, Inventory_Attribute_Id) values (10757, 163);
insert into Zoom (Id, Description, Layer) values (10758, 'resources//img/Cuff/Cuff-Closeup-Lyr02-RdDbButton-Inner.0113.png', 02);
insert into Category_Zoom (Category_Id, Zoom_Id) values (6, 10758);
insert into Zoom_Inventory_Attribute (Zoom_Id, Inventory_Attribute_Id) values (10758, 45);
-- Final Index and Final Name: inner--0113 Key: fabric0113
insert into Zoom_Inventory_Attribute (Zoom_Id, Inventory_Attribute_Id) values (10758, 164);
insert into Zoom (Id, Description, Layer) values (10759, 'resources//img/Cuff/Cuff-Closeup-Lyr02-RdDbButton-Inner.0114.png', 02);
insert into Category_Zoom (Category_Id, Zoom_Id) values (6, 10759);
insert into Zoom_Inventory_Attribute (Zoom_Id, Inventory_Attribute_Id) values (10759, 45);
-- Final Index and Final Name: inner--0114 Key: fabric0114
insert into Zoom_Inventory_Attribute (Zoom_Id, Inventory_Attribute_Id) values (10759, 165);
insert into Zoom (Id, Description, Layer) values (10760, 'resources//img/Cuff/Cuff-Closeup-Lyr02-RdDbButton-Inner.0115.png', 02);
insert into Category_Zoom (Category_Id, Zoom_Id) values (6, 10760);
insert into Zoom_Inventory_Attribute (Zoom_Id, Inventory_Attribute_Id) values (10760, 45);
-- Final Index and Final Name: inner--0115 Key: fabric0115
insert into Zoom_Inventory_Attribute (Zoom_Id, Inventory_Attribute_Id) values (10760, 166);
insert into Zoom (Id, Description, Layer) values (10761, 'resources//img/Cuff/Cuff-Closeup-Lyr02-RdDbButton-Inner.0116.png', 02);
insert into Category_Zoom (Category_Id, Zoom_Id) values (6, 10761);
insert into Zoom_Inventory_Attribute (Zoom_Id, Inventory_Attribute_Id) values (10761, 45);
-- Final Index and Final Name: inner--0116 Key: fabric0116
insert into Zoom_Inventory_Attribute (Zoom_Id, Inventory_Attribute_Id) values (10761, 167);
insert into Zoom (Id, Description, Layer) values (10762, 'resources//img/Cuff/Cuff-Closeup-Lyr02-RdDbButton-Inner.0117.png', 02);
insert into Category_Zoom (Category_Id, Zoom_Id) values (6, 10762);
insert into Zoom_Inventory_Attribute (Zoom_Id, Inventory_Attribute_Id) values (10762, 45);
-- Final Index and Final Name: inner--0117 Key: fabric0117
insert into Zoom_Inventory_Attribute (Zoom_Id, Inventory_Attribute_Id) values (10762, 168);
insert into Zoom (Id, Description, Layer) values (10763, 'resources//img/Cuff/Cuff-Closeup-Lyr02-RdDbButton-Inner.0118.png', 02);
insert into Category_Zoom (Category_Id, Zoom_Id) values (6, 10763);
insert into Zoom_Inventory_Attribute (Zoom_Id, Inventory_Attribute_Id) values (10763, 45);
-- Final Index and Final Name: inner--0118 Key: fabric0118
insert into Zoom_Inventory_Attribute (Zoom_Id, Inventory_Attribute_Id) values (10763, 169);
insert into Zoom (Id, Description, Layer) values (10764, 'resources//img/Cuff/Cuff-Closeup-Lyr02-RdDbButton-Inner.0119.png', 02);
insert into Category_Zoom (Category_Id, Zoom_Id) values (6, 10764);
insert into Zoom_Inventory_Attribute (Zoom_Id, Inventory_Attribute_Id) values (10764, 45);
-- Final Index and Final Name: inner--0119 Key: fabric0119
insert into Zoom_Inventory_Attribute (Zoom_Id, Inventory_Attribute_Id) values (10764, 170);
insert into Zoom (Id, Description, Layer) values (10765, 'resources//img/Cuff/Cuff-Closeup-Lyr02-RdDbButton-Inner.0120.png', 02);
insert into Category_Zoom (Category_Id, Zoom_Id) values (6, 10765);
insert into Zoom_Inventory_Attribute (Zoom_Id, Inventory_Attribute_Id) values (10765, 45);
-- Final Index and Final Name: inner--0120 Key: fabric0120
insert into Zoom_Inventory_Attribute (Zoom_Id, Inventory_Attribute_Id) values (10765, 171);
insert into Zoom (Id, Description, Layer) values (10766, 'resources//img/Cuff/Cuff-Closeup-Lyr02-RdDbButton-Inner.0121.png', 02);
insert into Category_Zoom (Category_Id, Zoom_Id) values (6, 10766);
insert into Zoom_Inventory_Attribute (Zoom_Id, Inventory_Attribute_Id) values (10766, 45);
-- Final Index and Final Name: inner--0121 Key: fabric0121
insert into Zoom_Inventory_Attribute (Zoom_Id, Inventory_Attribute_Id) values (10766, 172);
insert into Zoom (Id, Description, Layer) values (10767, 'resources//img/Cuff/Cuff-Closeup-Lyr02-RdDbButton-Inner.0122.png', 02);
insert into Category_Zoom (Category_Id, Zoom_Id) values (6, 10767);
insert into Zoom_Inventory_Attribute (Zoom_Id, Inventory_Attribute_Id) values (10767, 45);
-- Final Index and Final Name: inner--0122 Key: fabric0122
insert into Zoom_Inventory_Attribute (Zoom_Id, Inventory_Attribute_Id) values (10767, 173);
insert into Zoom (Id, Description, Layer) values (10768, 'resources//img/Cuff/Cuff-Closeup-Lyr02-RdDbButton-Inner.0123.png', 02);
insert into Category_Zoom (Category_Id, Zoom_Id) values (6, 10768);
insert into Zoom_Inventory_Attribute (Zoom_Id, Inventory_Attribute_Id) values (10768, 45);
-- Final Index and Final Name: inner--0123 Key: fabric0123
insert into Zoom_Inventory_Attribute (Zoom_Id, Inventory_Attribute_Id) values (10768, 174);
insert into Zoom (Id, Description, Layer) values (10769, 'resources//img/Cuff/Cuff-Closeup-Lyr02-RdDbButton-Inner.0124.png', 02);
insert into Category_Zoom (Category_Id, Zoom_Id) values (6, 10769);
insert into Zoom_Inventory_Attribute (Zoom_Id, Inventory_Attribute_Id) values (10769, 45);
-- Final Index and Final Name: inner--0124 Key: fabric0124
insert into Zoom_Inventory_Attribute (Zoom_Id, Inventory_Attribute_Id) values (10769, 175);
insert into Zoom (Id, Description, Layer) values (10770, 'resources//img/Cuff/Cuff-Closeup-Lyr02-RdDbButton-Inner.0125.png', 02);
insert into Category_Zoom (Category_Id, Zoom_Id) values (6, 10770);
insert into Zoom_Inventory_Attribute (Zoom_Id, Inventory_Attribute_Id) values (10770, 45);
-- Final Index and Final Name: inner--0125 Key: fabric0125
insert into Zoom_Inventory_Attribute (Zoom_Id, Inventory_Attribute_Id) values (10770, 176);
insert into Zoom (Id, Description, Layer) values (10771, 'resources//img/Cuff/Cuff-Closeup-Lyr02-RdDbButton-Inner.0126.png', 02);
insert into Category_Zoom (Category_Id, Zoom_Id) values (6, 10771);
insert into Zoom_Inventory_Attribute (Zoom_Id, Inventory_Attribute_Id) values (10771, 45);
-- Final Index and Final Name: inner--0126 Key: fabric0126
insert into Zoom_Inventory_Attribute (Zoom_Id, Inventory_Attribute_Id) values (10771, 177);
insert into Zoom (Id, Description, Layer) values (10772, 'resources//img/Cuff/Cuff-Closeup-Lyr02-RdDbButton-Inner.0127.png', 02);
insert into Category_Zoom (Category_Id, Zoom_Id) values (6, 10772);
insert into Zoom_Inventory_Attribute (Zoom_Id, Inventory_Attribute_Id) values (10772, 45);
-- Final Index and Final Name: inner--0127 Key: fabric0127
insert into Zoom_Inventory_Attribute (Zoom_Id, Inventory_Attribute_Id) values (10772, 178);
insert into Zoom (Id, Description, Layer) values (10773, 'resources//img/Cuff/Cuff-Closeup-Lyr02-RdDbButton-Inner.0128.png', 02);
insert into Category_Zoom (Category_Id, Zoom_Id) values (6, 10773);
insert into Zoom_Inventory_Attribute (Zoom_Id, Inventory_Attribute_Id) values (10773, 45);
-- Final Index and Final Name: inner--0128 Key: fabric0128
insert into Zoom_Inventory_Attribute (Zoom_Id, Inventory_Attribute_Id) values (10773, 179);
insert into Zoom (Id, Description, Layer) values (10774, 'resources//img/Cuff/Cuff-Closeup-Lyr02-RdDbButton-Inner.0129.png', 02);
insert into Category_Zoom (Category_Id, Zoom_Id) values (6, 10774);
insert into Zoom_Inventory_Attribute (Zoom_Id, Inventory_Attribute_Id) values (10774, 45);
-- Final Index and Final Name: inner--0129 Key: fabric0129
insert into Zoom_Inventory_Attribute (Zoom_Id, Inventory_Attribute_Id) values (10774, 180);
insert into Zoom (Id, Description, Layer) values (10775, 'resources//img/Cuff/Cuff-Closeup-Lyr02-RdDbButton-Inner.0130.png', 02);
insert into Category_Zoom (Category_Id, Zoom_Id) values (6, 10775);
insert into Zoom_Inventory_Attribute (Zoom_Id, Inventory_Attribute_Id) values (10775, 45);
-- Final Index and Final Name: inner--0130 Key: fabric0130
insert into Zoom_Inventory_Attribute (Zoom_Id, Inventory_Attribute_Id) values (10775, 181);
insert into Zoom (Id, Description, Layer) values (10776, 'resources//img/Cuff/Cuff-Closeup-Lyr02-RdDbButton-Inner.0131.png', 02);
insert into Category_Zoom (Category_Id, Zoom_Id) values (6, 10776);
insert into Zoom_Inventory_Attribute (Zoom_Id, Inventory_Attribute_Id) values (10776, 45);
-- Final Index and Final Name: inner--0131 Key: fabric0131
insert into Zoom_Inventory_Attribute (Zoom_Id, Inventory_Attribute_Id) values (10776, 182);
insert into Zoom (Id, Description, Layer) values (10777, 'resources//img/Cuff/Cuff-Closeup-Lyr02-RdDbButton-Inner.0132.png', 02);
insert into Category_Zoom (Category_Id, Zoom_Id) values (6, 10777);
insert into Zoom_Inventory_Attribute (Zoom_Id, Inventory_Attribute_Id) values (10777, 45);
-- Final Index and Final Name: inner--0132 Key: fabric0132
insert into Zoom_Inventory_Attribute (Zoom_Id, Inventory_Attribute_Id) values (10777, 183);
insert into Zoom (Id, Description, Layer) values (10778, 'resources//img/Cuff/Cuff-Closeup-Lyr02-RdDbButton-Inner.0133.png', 02);
insert into Category_Zoom (Category_Id, Zoom_Id) values (6, 10778);
insert into Zoom_Inventory_Attribute (Zoom_Id, Inventory_Attribute_Id) values (10778, 45);
-- Final Index and Final Name: inner--0133 Key: fabric0133
insert into Zoom_Inventory_Attribute (Zoom_Id, Inventory_Attribute_Id) values (10778, 184);
insert into Zoom (Id, Description, Layer) values (10779, 'resources//img/Cuff/Cuff-Closeup-Lyr02-RdDbButton-Inner.0134.png', 02);
insert into Category_Zoom (Category_Id, Zoom_Id) values (6, 10779);
insert into Zoom_Inventory_Attribute (Zoom_Id, Inventory_Attribute_Id) values (10779, 45);
-- Final Index and Final Name: inner--0134 Key: fabric0134
insert into Zoom_Inventory_Attribute (Zoom_Id, Inventory_Attribute_Id) values (10779, 185);
insert into Zoom (Id, Description, Layer) values (10780, 'resources//img/Cuff/Cuff-Closeup-Lyr02-RdDbButton-Inner.0135.png', 02);
insert into Category_Zoom (Category_Id, Zoom_Id) values (6, 10780);
insert into Zoom_Inventory_Attribute (Zoom_Id, Inventory_Attribute_Id) values (10780, 45);
-- Final Index and Final Name: inner--0135 Key: fabric0135
insert into Zoom_Inventory_Attribute (Zoom_Id, Inventory_Attribute_Id) values (10780, 186);
insert into Zoom (Id, Description, Layer) values (10781, 'resources//img/Cuff/Cuff-Closeup-Lyr02-RdDbButton-Inner.0136.png', 02);
insert into Category_Zoom (Category_Id, Zoom_Id) values (6, 10781);
insert into Zoom_Inventory_Attribute (Zoom_Id, Inventory_Attribute_Id) values (10781, 45);
-- Final Index and Final Name: inner--0136 Key: fabric0136
insert into Zoom_Inventory_Attribute (Zoom_Id, Inventory_Attribute_Id) values (10781, 187);
insert into Zoom (Id, Description, Layer) values (10782, 'resources//img/Cuff/Cuff-Closeup-Lyr02-RdDbButton-Inner.0137.png', 02);
insert into Category_Zoom (Category_Id, Zoom_Id) values (6, 10782);
insert into Zoom_Inventory_Attribute (Zoom_Id, Inventory_Attribute_Id) values (10782, 45);
-- Final Index and Final Name: inner--0137 Key: fabric0137
insert into Zoom_Inventory_Attribute (Zoom_Id, Inventory_Attribute_Id) values (10782, 188);
insert into Zoom (Id, Description, Layer) values (10783, 'resources//img/Cuff/Cuff-Closeup-Lyr02-RdDbButton-Inner.0138.png', 02);
insert into Category_Zoom (Category_Id, Zoom_Id) values (6, 10783);
insert into Zoom_Inventory_Attribute (Zoom_Id, Inventory_Attribute_Id) values (10783, 45);
-- Final Index and Final Name: inner--0138 Key: fabric0138
insert into Zoom_Inventory_Attribute (Zoom_Id, Inventory_Attribute_Id) values (10783, 189);
insert into Zoom (Id, Description, Layer) values (10784, 'resources//img/Cuff/Cuff-Closeup-Lyr02-RdDbButton-Inner.0139.png', 02);
insert into Category_Zoom (Category_Id, Zoom_Id) values (6, 10784);
insert into Zoom_Inventory_Attribute (Zoom_Id, Inventory_Attribute_Id) values (10784, 45);
-- Final Index and Final Name: inner--0139 Key: fabric0139
insert into Zoom_Inventory_Attribute (Zoom_Id, Inventory_Attribute_Id) values (10784, 190);
insert into Zoom (Id, Description, Layer) values (10785, 'resources//img/Cuff/Cuff-Closeup-Lyr02-RdDbButton-Inner.0140.png', 02);
insert into Category_Zoom (Category_Id, Zoom_Id) values (6, 10785);
insert into Zoom_Inventory_Attribute (Zoom_Id, Inventory_Attribute_Id) values (10785, 45);
-- Final Index and Final Name: inner--0140 Key: fabric0140
insert into Zoom_Inventory_Attribute (Zoom_Id, Inventory_Attribute_Id) values (10785, 191);
insert into Zoom (Id, Description, Layer) values (10786, 'resources//img/Cuff/Cuff-Closeup-Lyr02-RdDbButton-Inner.0141.png', 02);
insert into Category_Zoom (Category_Id, Zoom_Id) values (6, 10786);
insert into Zoom_Inventory_Attribute (Zoom_Id, Inventory_Attribute_Id) values (10786, 45);
-- Final Index and Final Name: inner--0141 Key: fabric0141
insert into Zoom_Inventory_Attribute (Zoom_Id, Inventory_Attribute_Id) values (10786, 192);
insert into Zoom (Id, Description, Layer) values (10787, 'resources//img/Cuff/Cuff-Closeup-Lyr02-RdDbButton-Inner.0142.png', 02);
insert into Category_Zoom (Category_Id, Zoom_Id) values (6, 10787);
insert into Zoom_Inventory_Attribute (Zoom_Id, Inventory_Attribute_Id) values (10787, 45);
-- Final Index and Final Name: inner--0142 Key: fabric0142
insert into Zoom_Inventory_Attribute (Zoom_Id, Inventory_Attribute_Id) values (10787, 193);
insert into Zoom (Id, Description, Layer) values (10788, 'resources//img/Cuff/Cuff-Closeup-Lyr02-RdDbButton-Inner.0143.png', 02);
insert into Category_Zoom (Category_Id, Zoom_Id) values (6, 10788);
insert into Zoom_Inventory_Attribute (Zoom_Id, Inventory_Attribute_Id) values (10788, 45);
-- Final Index and Final Name: inner--0143 Key: fabric0143
insert into Zoom_Inventory_Attribute (Zoom_Id, Inventory_Attribute_Id) values (10788, 194);
insert into Zoom (Id, Description, Layer) values (10789, 'resources//img/Cuff/Cuff-Closeup-Lyr02-RdDbButton-Inner.0144.png', 02);
insert into Category_Zoom (Category_Id, Zoom_Id) values (6, 10789);
insert into Zoom_Inventory_Attribute (Zoom_Id, Inventory_Attribute_Id) values (10789, 45);
-- Final Index and Final Name: inner--0144 Key: fabric0144
insert into Zoom_Inventory_Attribute (Zoom_Id, Inventory_Attribute_Id) values (10789, 195);
insert into Zoom (Id, Description, Layer) values (10790, 'resources//img/Cuff/Cuff-Closeup-Lyr02-RdDbButton-Inner.0145.png', 02);
insert into Category_Zoom (Category_Id, Zoom_Id) values (6, 10790);
insert into Zoom_Inventory_Attribute (Zoom_Id, Inventory_Attribute_Id) values (10790, 45);
-- Final Index and Final Name: inner--0145 Key: fabric0145
insert into Zoom_Inventory_Attribute (Zoom_Id, Inventory_Attribute_Id) values (10790, 196);
insert into Zoom (Id, Description, Layer) values (10791, 'resources//img/Cuff/Cuff-Closeup-Lyr02-RdDbButton-Inner.0146.png', 02);
insert into Category_Zoom (Category_Id, Zoom_Id) values (6, 10791);
insert into Zoom_Inventory_Attribute (Zoom_Id, Inventory_Attribute_Id) values (10791, 45);
-- Final Index and Final Name: inner--0146 Key: fabric0146
insert into Zoom_Inventory_Attribute (Zoom_Id, Inventory_Attribute_Id) values (10791, 197);
insert into Zoom (Id, Description, Layer) values (10792, 'resources//img/Cuff/Cuff-Closeup-Lyr02-RdDbButton-Inner.0147.png', 02);
insert into Category_Zoom (Category_Id, Zoom_Id) values (6, 10792);
insert into Zoom_Inventory_Attribute (Zoom_Id, Inventory_Attribute_Id) values (10792, 45);
-- Final Index and Final Name: inner--0147 Key: fabric0147
insert into Zoom_Inventory_Attribute (Zoom_Id, Inventory_Attribute_Id) values (10792, 198);
insert into Zoom (Id, Description, Layer) values (10793, 'resources//img/Cuff/Cuff-Closeup-Lyr02-RdDbButton-Inner.0148.png', 02);
insert into Category_Zoom (Category_Id, Zoom_Id) values (6, 10793);
insert into Zoom_Inventory_Attribute (Zoom_Id, Inventory_Attribute_Id) values (10793, 45);
-- Final Index and Final Name: inner--0148 Key: fabric0148
insert into Zoom_Inventory_Attribute (Zoom_Id, Inventory_Attribute_Id) values (10793, 199);
insert into Zoom (Id, Description, Layer) values (10794, 'resources//img/Cuff/Cuff-Closeup-Lyr02-RdDbButton-Inner.0149.png', 02);
insert into Category_Zoom (Category_Id, Zoom_Id) values (6, 10794);
insert into Zoom_Inventory_Attribute (Zoom_Id, Inventory_Attribute_Id) values (10794, 45);
-- Final Index and Final Name: inner--0149 Key: fabric0149
insert into Zoom_Inventory_Attribute (Zoom_Id, Inventory_Attribute_Id) values (10794, 200);
insert into Zoom (Id, Description, Layer) values (10795, 'resources//img/Cuff/Cuff-Closeup-Lyr02-RdDbButton-Inner.0150.png', 02);
insert into Category_Zoom (Category_Id, Zoom_Id) values (6, 10795);
insert into Zoom_Inventory_Attribute (Zoom_Id, Inventory_Attribute_Id) values (10795, 45);
-- Final Index and Final Name: inner--0150 Key: fabric0150
insert into Zoom_Inventory_Attribute (Zoom_Id, Inventory_Attribute_Id) values (10795, 201);
insert into Zoom (Id, Description, Layer) values (10796, 'resources//img/Cuff/Cuff-Closeup-Lyr02-RdDbButton-Inner.0151.png', 02);
insert into Category_Zoom (Category_Id, Zoom_Id) values (6, 10796);
insert into Zoom_Inventory_Attribute (Zoom_Id, Inventory_Attribute_Id) values (10796, 45);
-- Final Index and Final Name: inner--0151 Key: fabric0151
insert into Zoom_Inventory_Attribute (Zoom_Id, Inventory_Attribute_Id) values (10796, 202);
insert into Zoom (Id, Description, Layer) values (10797, 'resources//img/Cuff/Cuff-Closeup-Lyr02-RdDbButton-Inner.0152.png', 02);
insert into Category_Zoom (Category_Id, Zoom_Id) values (6, 10797);
insert into Zoom_Inventory_Attribute (Zoom_Id, Inventory_Attribute_Id) values (10797, 45);
-- Final Index and Final Name: inner--0152 Key: fabric0152
insert into Zoom_Inventory_Attribute (Zoom_Id, Inventory_Attribute_Id) values (10797, 203);
insert into Zoom (Id, Description, Layer) values (10798, 'resources//img/Cuff/Cuff-Closeup-Lyr02-RdDbButton-Inner.0153.png', 02);
insert into Category_Zoom (Category_Id, Zoom_Id) values (6, 10798);
insert into Zoom_Inventory_Attribute (Zoom_Id, Inventory_Attribute_Id) values (10798, 45);
-- Final Index and Final Name: inner--0153 Key: fabric0153
insert into Zoom_Inventory_Attribute (Zoom_Id, Inventory_Attribute_Id) values (10798, 204);
insert into Zoom (Id, Description, Layer) values (10799, 'resources//img/Cuff/Cuff-Closeup-Lyr02-RdDbButton-Inner.0154.png', 02);
insert into Category_Zoom (Category_Id, Zoom_Id) values (6, 10799);
insert into Zoom_Inventory_Attribute (Zoom_Id, Inventory_Attribute_Id) values (10799, 45);
-- Final Index and Final Name: inner--0154 Key: fabric0154
insert into Zoom_Inventory_Attribute (Zoom_Id, Inventory_Attribute_Id) values (10799, 205);
insert into Zoom (Id, Description, Layer) values (10800, 'resources//img/Cuff/Cuff-Closeup-Lyr02-RdDbButton-Inner.0155.png', 02);
insert into Category_Zoom (Category_Id, Zoom_Id) values (6, 10800);
insert into Zoom_Inventory_Attribute (Zoom_Id, Inventory_Attribute_Id) values (10800, 45);
-- Final Index and Final Name: inner--0155 Key: fabric0155
insert into Zoom_Inventory_Attribute (Zoom_Id, Inventory_Attribute_Id) values (10800, 206);
insert into Zoom (Id, Description, Layer) values (10801, 'resources//img/Cuff/Cuff-Closeup-Lyr02-RdFrench-Inner.0001.png', 02);
insert into Category_Zoom (Category_Id, Zoom_Id) values (6, 10801);
insert into Zoom_Inventory_Attribute (Zoom_Id, Inventory_Attribute_Id) values (10801, 46);
-- Final Index and Final Name: inner--0001 Key: fabric0001
insert into Zoom_Inventory_Attribute (Zoom_Id, Inventory_Attribute_Id) values (10801, 52);
insert into Zoom (Id, Description, Layer) values (10802, 'resources//img/Cuff/Cuff-Closeup-Lyr02-RdFrench-Inner.0002.png', 02);
insert into Category_Zoom (Category_Id, Zoom_Id) values (6, 10802);
insert into Zoom_Inventory_Attribute (Zoom_Id, Inventory_Attribute_Id) values (10802, 46);
-- Final Index and Final Name: inner--0002 Key: fabric0002
insert into Zoom_Inventory_Attribute (Zoom_Id, Inventory_Attribute_Id) values (10802, 53);
insert into Zoom (Id, Description, Layer) values (10803, 'resources//img/Cuff/Cuff-Closeup-Lyr02-RdFrench-Inner.0003.png', 02);
insert into Category_Zoom (Category_Id, Zoom_Id) values (6, 10803);
insert into Zoom_Inventory_Attribute (Zoom_Id, Inventory_Attribute_Id) values (10803, 46);
-- Final Index and Final Name: inner--0003 Key: fabric0003
insert into Zoom_Inventory_Attribute (Zoom_Id, Inventory_Attribute_Id) values (10803, 54);
insert into Zoom (Id, Description, Layer) values (10804, 'resources//img/Cuff/Cuff-Closeup-Lyr02-RdFrench-Inner.0004.png', 02);
insert into Category_Zoom (Category_Id, Zoom_Id) values (6, 10804);
insert into Zoom_Inventory_Attribute (Zoom_Id, Inventory_Attribute_Id) values (10804, 46);
-- Final Index and Final Name: inner--0004 Key: fabric0004
insert into Zoom_Inventory_Attribute (Zoom_Id, Inventory_Attribute_Id) values (10804, 55);
insert into Zoom (Id, Description, Layer) values (10805, 'resources//img/Cuff/Cuff-Closeup-Lyr02-RdFrench-Inner.0005.png', 02);
insert into Category_Zoom (Category_Id, Zoom_Id) values (6, 10805);
insert into Zoom_Inventory_Attribute (Zoom_Id, Inventory_Attribute_Id) values (10805, 46);
-- Final Index and Final Name: inner--0005 Key: fabric0005
insert into Zoom_Inventory_Attribute (Zoom_Id, Inventory_Attribute_Id) values (10805, 56);
insert into Zoom (Id, Description, Layer) values (10806, 'resources//img/Cuff/Cuff-Closeup-Lyr02-RdFrench-Inner.0006.png', 02);
insert into Category_Zoom (Category_Id, Zoom_Id) values (6, 10806);
insert into Zoom_Inventory_Attribute (Zoom_Id, Inventory_Attribute_Id) values (10806, 46);
-- Final Index and Final Name: inner--0006 Key: fabric0006
insert into Zoom_Inventory_Attribute (Zoom_Id, Inventory_Attribute_Id) values (10806, 57);
insert into Zoom (Id, Description, Layer) values (10807, 'resources//img/Cuff/Cuff-Closeup-Lyr02-RdFrench-Inner.0007.png', 02);
insert into Category_Zoom (Category_Id, Zoom_Id) values (6, 10807);
insert into Zoom_Inventory_Attribute (Zoom_Id, Inventory_Attribute_Id) values (10807, 46);
-- Final Index and Final Name: inner--0007 Key: fabric0007
insert into Zoom_Inventory_Attribute (Zoom_Id, Inventory_Attribute_Id) values (10807, 58);
insert into Zoom (Id, Description, Layer) values (10808, 'resources//img/Cuff/Cuff-Closeup-Lyr02-RdFrench-Inner.0008.png', 02);
insert into Category_Zoom (Category_Id, Zoom_Id) values (6, 10808);
insert into Zoom_Inventory_Attribute (Zoom_Id, Inventory_Attribute_Id) values (10808, 46);
-- Final Index and Final Name: inner--0008 Key: fabric0008
insert into Zoom_Inventory_Attribute (Zoom_Id, Inventory_Attribute_Id) values (10808, 59);
insert into Zoom (Id, Description, Layer) values (10809, 'resources//img/Cuff/Cuff-Closeup-Lyr02-RdFrench-Inner.0009.png', 02);
insert into Category_Zoom (Category_Id, Zoom_Id) values (6, 10809);
insert into Zoom_Inventory_Attribute (Zoom_Id, Inventory_Attribute_Id) values (10809, 46);
-- Final Index and Final Name: inner--0009 Key: fabric0009
insert into Zoom_Inventory_Attribute (Zoom_Id, Inventory_Attribute_Id) values (10809, 60);
insert into Zoom (Id, Description, Layer) values (10810, 'resources//img/Cuff/Cuff-Closeup-Lyr02-RdFrench-Inner.0010.png', 02);
insert into Category_Zoom (Category_Id, Zoom_Id) values (6, 10810);
insert into Zoom_Inventory_Attribute (Zoom_Id, Inventory_Attribute_Id) values (10810, 46);
-- Final Index and Final Name: inner--0010 Key: fabric0010
insert into Zoom_Inventory_Attribute (Zoom_Id, Inventory_Attribute_Id) values (10810, 61);
insert into Zoom (Id, Description, Layer) values (10811, 'resources//img/Cuff/Cuff-Closeup-Lyr02-RdFrench-Inner.0011.png', 02);
insert into Category_Zoom (Category_Id, Zoom_Id) values (6, 10811);
insert into Zoom_Inventory_Attribute (Zoom_Id, Inventory_Attribute_Id) values (10811, 46);
-- Final Index and Final Name: inner--0011 Key: fabric0011
insert into Zoom_Inventory_Attribute (Zoom_Id, Inventory_Attribute_Id) values (10811, 62);
insert into Zoom (Id, Description, Layer) values (10812, 'resources//img/Cuff/Cuff-Closeup-Lyr02-RdFrench-Inner.0012.png', 02);
insert into Category_Zoom (Category_Id, Zoom_Id) values (6, 10812);
insert into Zoom_Inventory_Attribute (Zoom_Id, Inventory_Attribute_Id) values (10812, 46);
-- Final Index and Final Name: inner--0012 Key: fabric0012
insert into Zoom_Inventory_Attribute (Zoom_Id, Inventory_Attribute_Id) values (10812, 63);
insert into Zoom (Id, Description, Layer) values (10813, 'resources//img/Cuff/Cuff-Closeup-Lyr02-RdFrench-Inner.0013.png', 02);
insert into Category_Zoom (Category_Id, Zoom_Id) values (6, 10813);
insert into Zoom_Inventory_Attribute (Zoom_Id, Inventory_Attribute_Id) values (10813, 46);
-- Final Index and Final Name: inner--0013 Key: fabric0013
insert into Zoom_Inventory_Attribute (Zoom_Id, Inventory_Attribute_Id) values (10813, 64);
insert into Zoom (Id, Description, Layer) values (10814, 'resources//img/Cuff/Cuff-Closeup-Lyr02-RdFrench-Inner.0014.png', 02);
insert into Category_Zoom (Category_Id, Zoom_Id) values (6, 10814);
insert into Zoom_Inventory_Attribute (Zoom_Id, Inventory_Attribute_Id) values (10814, 46);
-- Final Index and Final Name: inner--0014 Key: fabric0014
insert into Zoom_Inventory_Attribute (Zoom_Id, Inventory_Attribute_Id) values (10814, 65);
insert into Zoom (Id, Description, Layer) values (10815, 'resources//img/Cuff/Cuff-Closeup-Lyr02-RdFrench-Inner.0015.png', 02);
insert into Category_Zoom (Category_Id, Zoom_Id) values (6, 10815);
insert into Zoom_Inventory_Attribute (Zoom_Id, Inventory_Attribute_Id) values (10815, 46);
-- Final Index and Final Name: inner--0015 Key: fabric0015
insert into Zoom_Inventory_Attribute (Zoom_Id, Inventory_Attribute_Id) values (10815, 66);
insert into Zoom (Id, Description, Layer) values (10816, 'resources//img/Cuff/Cuff-Closeup-Lyr02-RdFrench-Inner.0016.png', 02);
insert into Category_Zoom (Category_Id, Zoom_Id) values (6, 10816);
insert into Zoom_Inventory_Attribute (Zoom_Id, Inventory_Attribute_Id) values (10816, 46);
-- Final Index and Final Name: inner--0016 Key: fabric0016
insert into Zoom_Inventory_Attribute (Zoom_Id, Inventory_Attribute_Id) values (10816, 67);
insert into Zoom (Id, Description, Layer) values (10817, 'resources//img/Cuff/Cuff-Closeup-Lyr02-RdFrench-Inner.0017.png', 02);
insert into Category_Zoom (Category_Id, Zoom_Id) values (6, 10817);
insert into Zoom_Inventory_Attribute (Zoom_Id, Inventory_Attribute_Id) values (10817, 46);
-- Final Index and Final Name: inner--0017 Key: fabric0017
insert into Zoom_Inventory_Attribute (Zoom_Id, Inventory_Attribute_Id) values (10817, 68);
insert into Zoom (Id, Description, Layer) values (10818, 'resources//img/Cuff/Cuff-Closeup-Lyr02-RdFrench-Inner.0018.png', 02);
insert into Category_Zoom (Category_Id, Zoom_Id) values (6, 10818);
insert into Zoom_Inventory_Attribute (Zoom_Id, Inventory_Attribute_Id) values (10818, 46);
-- Final Index and Final Name: inner--0018 Key: fabric0018
insert into Zoom_Inventory_Attribute (Zoom_Id, Inventory_Attribute_Id) values (10818, 69);
insert into Zoom (Id, Description, Layer) values (10819, 'resources//img/Cuff/Cuff-Closeup-Lyr02-RdFrench-Inner.0019.png', 02);
insert into Category_Zoom (Category_Id, Zoom_Id) values (6, 10819);
insert into Zoom_Inventory_Attribute (Zoom_Id, Inventory_Attribute_Id) values (10819, 46);
-- Final Index and Final Name: inner--0019 Key: fabric0019
insert into Zoom_Inventory_Attribute (Zoom_Id, Inventory_Attribute_Id) values (10819, 70);
insert into Zoom (Id, Description, Layer) values (10820, 'resources//img/Cuff/Cuff-Closeup-Lyr02-RdFrench-Inner.0020.png', 02);
insert into Category_Zoom (Category_Id, Zoom_Id) values (6, 10820);
insert into Zoom_Inventory_Attribute (Zoom_Id, Inventory_Attribute_Id) values (10820, 46);
-- Final Index and Final Name: inner--0020 Key: fabric0020
insert into Zoom_Inventory_Attribute (Zoom_Id, Inventory_Attribute_Id) values (10820, 71);
insert into Zoom (Id, Description, Layer) values (10821, 'resources//img/Cuff/Cuff-Closeup-Lyr02-RdFrench-Inner.0021.png', 02);
insert into Category_Zoom (Category_Id, Zoom_Id) values (6, 10821);
insert into Zoom_Inventory_Attribute (Zoom_Id, Inventory_Attribute_Id) values (10821, 46);
-- Final Index and Final Name: inner--0021 Key: fabric0021
insert into Zoom_Inventory_Attribute (Zoom_Id, Inventory_Attribute_Id) values (10821, 72);
insert into Zoom (Id, Description, Layer) values (10822, 'resources//img/Cuff/Cuff-Closeup-Lyr02-RdFrench-Inner.0022.png', 02);
insert into Category_Zoom (Category_Id, Zoom_Id) values (6, 10822);
insert into Zoom_Inventory_Attribute (Zoom_Id, Inventory_Attribute_Id) values (10822, 46);
-- Final Index and Final Name: inner--0022 Key: fabric0022
insert into Zoom_Inventory_Attribute (Zoom_Id, Inventory_Attribute_Id) values (10822, 73);
insert into Zoom (Id, Description, Layer) values (10823, 'resources//img/Cuff/Cuff-Closeup-Lyr02-RdFrench-Inner.0023.png', 02);
insert into Category_Zoom (Category_Id, Zoom_Id) values (6, 10823);
insert into Zoom_Inventory_Attribute (Zoom_Id, Inventory_Attribute_Id) values (10823, 46);
-- Final Index and Final Name: inner--0023 Key: fabric0023
insert into Zoom_Inventory_Attribute (Zoom_Id, Inventory_Attribute_Id) values (10823, 74);
insert into Zoom (Id, Description, Layer) values (10824, 'resources//img/Cuff/Cuff-Closeup-Lyr02-RdFrench-Inner.0024.png', 02);
insert into Category_Zoom (Category_Id, Zoom_Id) values (6, 10824);
insert into Zoom_Inventory_Attribute (Zoom_Id, Inventory_Attribute_Id) values (10824, 46);
-- Final Index and Final Name: inner--0024 Key: fabric0024
insert into Zoom_Inventory_Attribute (Zoom_Id, Inventory_Attribute_Id) values (10824, 75);
insert into Zoom (Id, Description, Layer) values (10825, 'resources//img/Cuff/Cuff-Closeup-Lyr02-RdFrench-Inner.0025.png', 02);
insert into Category_Zoom (Category_Id, Zoom_Id) values (6, 10825);
insert into Zoom_Inventory_Attribute (Zoom_Id, Inventory_Attribute_Id) values (10825, 46);
-- Final Index and Final Name: inner--0025 Key: fabric0025
insert into Zoom_Inventory_Attribute (Zoom_Id, Inventory_Attribute_Id) values (10825, 76);
insert into Zoom (Id, Description, Layer) values (10826, 'resources//img/Cuff/Cuff-Closeup-Lyr02-RdFrench-Inner.0026.png', 02);
insert into Category_Zoom (Category_Id, Zoom_Id) values (6, 10826);
insert into Zoom_Inventory_Attribute (Zoom_Id, Inventory_Attribute_Id) values (10826, 46);
-- Final Index and Final Name: inner--0026 Key: fabric0026
insert into Zoom_Inventory_Attribute (Zoom_Id, Inventory_Attribute_Id) values (10826, 77);
insert into Zoom (Id, Description, Layer) values (10827, 'resources//img/Cuff/Cuff-Closeup-Lyr02-RdFrench-Inner.0027.png', 02);
insert into Category_Zoom (Category_Id, Zoom_Id) values (6, 10827);
insert into Zoom_Inventory_Attribute (Zoom_Id, Inventory_Attribute_Id) values (10827, 46);
-- Final Index and Final Name: inner--0027 Key: fabric0027
insert into Zoom_Inventory_Attribute (Zoom_Id, Inventory_Attribute_Id) values (10827, 78);
insert into Zoom (Id, Description, Layer) values (10828, 'resources//img/Cuff/Cuff-Closeup-Lyr02-RdFrench-Inner.0028.png', 02);
insert into Category_Zoom (Category_Id, Zoom_Id) values (6, 10828);
insert into Zoom_Inventory_Attribute (Zoom_Id, Inventory_Attribute_Id) values (10828, 46);
-- Final Index and Final Name: inner--0028 Key: fabric0028
insert into Zoom_Inventory_Attribute (Zoom_Id, Inventory_Attribute_Id) values (10828, 79);
insert into Zoom (Id, Description, Layer) values (10829, 'resources//img/Cuff/Cuff-Closeup-Lyr02-RdFrench-Inner.0029.png', 02);
insert into Category_Zoom (Category_Id, Zoom_Id) values (6, 10829);
insert into Zoom_Inventory_Attribute (Zoom_Id, Inventory_Attribute_Id) values (10829, 46);
-- Final Index and Final Name: inner--0029 Key: fabric0029
insert into Zoom_Inventory_Attribute (Zoom_Id, Inventory_Attribute_Id) values (10829, 80);
insert into Zoom (Id, Description, Layer) values (10830, 'resources//img/Cuff/Cuff-Closeup-Lyr02-RdFrench-Inner.0030.png', 02);
insert into Category_Zoom (Category_Id, Zoom_Id) values (6, 10830);
insert into Zoom_Inventory_Attribute (Zoom_Id, Inventory_Attribute_Id) values (10830, 46);
-- Final Index and Final Name: inner--0030 Key: fabric0030
insert into Zoom_Inventory_Attribute (Zoom_Id, Inventory_Attribute_Id) values (10830, 81);
insert into Zoom (Id, Description, Layer) values (10831, 'resources//img/Cuff/Cuff-Closeup-Lyr02-RdFrench-Inner.0031.png', 02);
insert into Category_Zoom (Category_Id, Zoom_Id) values (6, 10831);
insert into Zoom_Inventory_Attribute (Zoom_Id, Inventory_Attribute_Id) values (10831, 46);
-- Final Index and Final Name: inner--0031 Key: fabric0031
insert into Zoom_Inventory_Attribute (Zoom_Id, Inventory_Attribute_Id) values (10831, 82);
insert into Zoom (Id, Description, Layer) values (10832, 'resources//img/Cuff/Cuff-Closeup-Lyr02-RdFrench-Inner.0032.png', 02);
insert into Category_Zoom (Category_Id, Zoom_Id) values (6, 10832);
insert into Zoom_Inventory_Attribute (Zoom_Id, Inventory_Attribute_Id) values (10832, 46);
-- Final Index and Final Name: inner--0032 Key: fabric0032
insert into Zoom_Inventory_Attribute (Zoom_Id, Inventory_Attribute_Id) values (10832, 83);
insert into Zoom (Id, Description, Layer) values (10833, 'resources//img/Cuff/Cuff-Closeup-Lyr02-RdFrench-Inner.0033.png', 02);
insert into Category_Zoom (Category_Id, Zoom_Id) values (6, 10833);
insert into Zoom_Inventory_Attribute (Zoom_Id, Inventory_Attribute_Id) values (10833, 46);
-- Final Index and Final Name: inner--0033 Key: fabric0033
insert into Zoom_Inventory_Attribute (Zoom_Id, Inventory_Attribute_Id) values (10833, 84);
insert into Zoom (Id, Description, Layer) values (10834, 'resources//img/Cuff/Cuff-Closeup-Lyr02-RdFrench-Inner.0034.png', 02);
insert into Category_Zoom (Category_Id, Zoom_Id) values (6, 10834);
insert into Zoom_Inventory_Attribute (Zoom_Id, Inventory_Attribute_Id) values (10834, 46);
-- Final Index and Final Name: inner--0034 Key: fabric0034
insert into Zoom_Inventory_Attribute (Zoom_Id, Inventory_Attribute_Id) values (10834, 85);
insert into Zoom (Id, Description, Layer) values (10835, 'resources//img/Cuff/Cuff-Closeup-Lyr02-RdFrench-Inner.0035.png', 02);
insert into Category_Zoom (Category_Id, Zoom_Id) values (6, 10835);
insert into Zoom_Inventory_Attribute (Zoom_Id, Inventory_Attribute_Id) values (10835, 46);
-- Final Index and Final Name: inner--0035 Key: fabric0035
insert into Zoom_Inventory_Attribute (Zoom_Id, Inventory_Attribute_Id) values (10835, 86);
insert into Zoom (Id, Description, Layer) values (10836, 'resources//img/Cuff/Cuff-Closeup-Lyr02-RdFrench-Inner.0036.png', 02);
insert into Category_Zoom (Category_Id, Zoom_Id) values (6, 10836);
insert into Zoom_Inventory_Attribute (Zoom_Id, Inventory_Attribute_Id) values (10836, 46);
-- Final Index and Final Name: inner--0036 Key: fabric0036
insert into Zoom_Inventory_Attribute (Zoom_Id, Inventory_Attribute_Id) values (10836, 87);
insert into Zoom (Id, Description, Layer) values (10837, 'resources//img/Cuff/Cuff-Closeup-Lyr02-RdFrench-Inner.0037.png', 02);
insert into Category_Zoom (Category_Id, Zoom_Id) values (6, 10837);
insert into Zoom_Inventory_Attribute (Zoom_Id, Inventory_Attribute_Id) values (10837, 46);
-- Final Index and Final Name: inner--0037 Key: fabric0037
insert into Zoom_Inventory_Attribute (Zoom_Id, Inventory_Attribute_Id) values (10837, 88);
insert into Zoom (Id, Description, Layer) values (10838, 'resources//img/Cuff/Cuff-Closeup-Lyr02-RdFrench-Inner.0038.png', 02);
insert into Category_Zoom (Category_Id, Zoom_Id) values (6, 10838);
insert into Zoom_Inventory_Attribute (Zoom_Id, Inventory_Attribute_Id) values (10838, 46);
-- Final Index and Final Name: inner--0038 Key: fabric0038
insert into Zoom_Inventory_Attribute (Zoom_Id, Inventory_Attribute_Id) values (10838, 89);
insert into Zoom (Id, Description, Layer) values (10839, 'resources//img/Cuff/Cuff-Closeup-Lyr02-RdFrench-Inner.0039.png', 02);
insert into Category_Zoom (Category_Id, Zoom_Id) values (6, 10839);
insert into Zoom_Inventory_Attribute (Zoom_Id, Inventory_Attribute_Id) values (10839, 46);
-- Final Index and Final Name: inner--0039 Key: fabric0039
insert into Zoom_Inventory_Attribute (Zoom_Id, Inventory_Attribute_Id) values (10839, 90);
insert into Zoom (Id, Description, Layer) values (10840, 'resources//img/Cuff/Cuff-Closeup-Lyr02-RdFrench-Inner.0040.png', 02);
insert into Category_Zoom (Category_Id, Zoom_Id) values (6, 10840);
insert into Zoom_Inventory_Attribute (Zoom_Id, Inventory_Attribute_Id) values (10840, 46);
-- Final Index and Final Name: inner--0040 Key: fabric0040
insert into Zoom_Inventory_Attribute (Zoom_Id, Inventory_Attribute_Id) values (10840, 91);
insert into Zoom (Id, Description, Layer) values (10841, 'resources//img/Cuff/Cuff-Closeup-Lyr02-RdFrench-Inner.0041.png', 02);
insert into Category_Zoom (Category_Id, Zoom_Id) values (6, 10841);
insert into Zoom_Inventory_Attribute (Zoom_Id, Inventory_Attribute_Id) values (10841, 46);
-- Final Index and Final Name: inner--0041 Key: fabric0041
insert into Zoom_Inventory_Attribute (Zoom_Id, Inventory_Attribute_Id) values (10841, 92);
insert into Zoom (Id, Description, Layer) values (10842, 'resources//img/Cuff/Cuff-Closeup-Lyr02-RdFrench-Inner.0042.png', 02);
insert into Category_Zoom (Category_Id, Zoom_Id) values (6, 10842);
insert into Zoom_Inventory_Attribute (Zoom_Id, Inventory_Attribute_Id) values (10842, 46);
-- Final Index and Final Name: inner--0042 Key: fabric0042
insert into Zoom_Inventory_Attribute (Zoom_Id, Inventory_Attribute_Id) values (10842, 93);
insert into Zoom (Id, Description, Layer) values (10843, 'resources//img/Cuff/Cuff-Closeup-Lyr02-RdFrench-Inner.0043.png', 02);
insert into Category_Zoom (Category_Id, Zoom_Id) values (6, 10843);
insert into Zoom_Inventory_Attribute (Zoom_Id, Inventory_Attribute_Id) values (10843, 46);
-- Final Index and Final Name: inner--0043 Key: fabric0043
insert into Zoom_Inventory_Attribute (Zoom_Id, Inventory_Attribute_Id) values (10843, 94);
insert into Zoom (Id, Description, Layer) values (10844, 'resources//img/Cuff/Cuff-Closeup-Lyr02-RdFrench-Inner.0044.png', 02);
insert into Category_Zoom (Category_Id, Zoom_Id) values (6, 10844);
insert into Zoom_Inventory_Attribute (Zoom_Id, Inventory_Attribute_Id) values (10844, 46);
-- Final Index and Final Name: inner--0044 Key: fabric0044
insert into Zoom_Inventory_Attribute (Zoom_Id, Inventory_Attribute_Id) values (10844, 95);
insert into Zoom (Id, Description, Layer) values (10845, 'resources//img/Cuff/Cuff-Closeup-Lyr02-RdFrench-Inner.0045.png', 02);
insert into Category_Zoom (Category_Id, Zoom_Id) values (6, 10845);
insert into Zoom_Inventory_Attribute (Zoom_Id, Inventory_Attribute_Id) values (10845, 46);
-- Final Index and Final Name: inner--0045 Key: fabric0045
insert into Zoom_Inventory_Attribute (Zoom_Id, Inventory_Attribute_Id) values (10845, 96);
insert into Zoom (Id, Description, Layer) values (10846, 'resources//img/Cuff/Cuff-Closeup-Lyr02-RdFrench-Inner.0046.png', 02);
insert into Category_Zoom (Category_Id, Zoom_Id) values (6, 10846);
insert into Zoom_Inventory_Attribute (Zoom_Id, Inventory_Attribute_Id) values (10846, 46);
-- Final Index and Final Name: inner--0046 Key: fabric0046
insert into Zoom_Inventory_Attribute (Zoom_Id, Inventory_Attribute_Id) values (10846, 97);
insert into Zoom (Id, Description, Layer) values (10847, 'resources//img/Cuff/Cuff-Closeup-Lyr02-RdFrench-Inner.0047.png', 02);
insert into Category_Zoom (Category_Id, Zoom_Id) values (6, 10847);
insert into Zoom_Inventory_Attribute (Zoom_Id, Inventory_Attribute_Id) values (10847, 46);
-- Final Index and Final Name: inner--0047 Key: fabric0047
insert into Zoom_Inventory_Attribute (Zoom_Id, Inventory_Attribute_Id) values (10847, 98);
insert into Zoom (Id, Description, Layer) values (10848, 'resources//img/Cuff/Cuff-Closeup-Lyr02-RdFrench-Inner.0048.png', 02);
insert into Category_Zoom (Category_Id, Zoom_Id) values (6, 10848);
insert into Zoom_Inventory_Attribute (Zoom_Id, Inventory_Attribute_Id) values (10848, 46);
-- Final Index and Final Name: inner--0048 Key: fabric0048
insert into Zoom_Inventory_Attribute (Zoom_Id, Inventory_Attribute_Id) values (10848, 99);
insert into Zoom (Id, Description, Layer) values (10849, 'resources//img/Cuff/Cuff-Closeup-Lyr02-RdFrench-Inner.0049.png', 02);
insert into Category_Zoom (Category_Id, Zoom_Id) values (6, 10849);
insert into Zoom_Inventory_Attribute (Zoom_Id, Inventory_Attribute_Id) values (10849, 46);
-- Final Index and Final Name: inner--0049 Key: fabric0049
insert into Zoom_Inventory_Attribute (Zoom_Id, Inventory_Attribute_Id) values (10849, 100);
insert into Zoom (Id, Description, Layer) values (10850, 'resources//img/Cuff/Cuff-Closeup-Lyr02-RdFrench-Inner.0050.png', 02);
insert into Category_Zoom (Category_Id, Zoom_Id) values (6, 10850);
insert into Zoom_Inventory_Attribute (Zoom_Id, Inventory_Attribute_Id) values (10850, 46);
-- Final Index and Final Name: inner--0050 Key: fabric0050
insert into Zoom_Inventory_Attribute (Zoom_Id, Inventory_Attribute_Id) values (10850, 101);
insert into Zoom (Id, Description, Layer) values (10851, 'resources//img/Cuff/Cuff-Closeup-Lyr02-RdFrench-Inner.0051.png', 02);
insert into Category_Zoom (Category_Id, Zoom_Id) values (6, 10851);
insert into Zoom_Inventory_Attribute (Zoom_Id, Inventory_Attribute_Id) values (10851, 46);
-- Final Index and Final Name: inner--0051 Key: fabric0051
insert into Zoom_Inventory_Attribute (Zoom_Id, Inventory_Attribute_Id) values (10851, 102);
insert into Zoom (Id, Description, Layer) values (10852, 'resources//img/Cuff/Cuff-Closeup-Lyr02-RdFrench-Inner.0052.png', 02);
insert into Category_Zoom (Category_Id, Zoom_Id) values (6, 10852);
insert into Zoom_Inventory_Attribute (Zoom_Id, Inventory_Attribute_Id) values (10852, 46);
-- Final Index and Final Name: inner--0052 Key: fabric0052
insert into Zoom_Inventory_Attribute (Zoom_Id, Inventory_Attribute_Id) values (10852, 103);
insert into Zoom (Id, Description, Layer) values (10853, 'resources//img/Cuff/Cuff-Closeup-Lyr02-RdFrench-Inner.0053.png', 02);
insert into Category_Zoom (Category_Id, Zoom_Id) values (6, 10853);
insert into Zoom_Inventory_Attribute (Zoom_Id, Inventory_Attribute_Id) values (10853, 46);
-- Final Index and Final Name: inner--0053 Key: fabric0053
insert into Zoom_Inventory_Attribute (Zoom_Id, Inventory_Attribute_Id) values (10853, 104);
insert into Zoom (Id, Description, Layer) values (10854, 'resources//img/Cuff/Cuff-Closeup-Lyr02-RdFrench-Inner.0054.png', 02);
insert into Category_Zoom (Category_Id, Zoom_Id) values (6, 10854);
insert into Zoom_Inventory_Attribute (Zoom_Id, Inventory_Attribute_Id) values (10854, 46);
-- Final Index and Final Name: inner--0054 Key: fabric0054
insert into Zoom_Inventory_Attribute (Zoom_Id, Inventory_Attribute_Id) values (10854, 105);
insert into Zoom (Id, Description, Layer) values (10855, 'resources//img/Cuff/Cuff-Closeup-Lyr02-RdFrench-Inner.0055.png', 02);
insert into Category_Zoom (Category_Id, Zoom_Id) values (6, 10855);
insert into Zoom_Inventory_Attribute (Zoom_Id, Inventory_Attribute_Id) values (10855, 46);
-- Final Index and Final Name: inner--0055 Key: fabric0055
insert into Zoom_Inventory_Attribute (Zoom_Id, Inventory_Attribute_Id) values (10855, 106);
insert into Zoom (Id, Description, Layer) values (10856, 'resources//img/Cuff/Cuff-Closeup-Lyr02-RdFrench-Inner.0056.png', 02);
insert into Category_Zoom (Category_Id, Zoom_Id) values (6, 10856);
insert into Zoom_Inventory_Attribute (Zoom_Id, Inventory_Attribute_Id) values (10856, 46);
-- Final Index and Final Name: inner--0056 Key: fabric0056
insert into Zoom_Inventory_Attribute (Zoom_Id, Inventory_Attribute_Id) values (10856, 107);
insert into Zoom (Id, Description, Layer) values (10857, 'resources//img/Cuff/Cuff-Closeup-Lyr02-RdFrench-Inner.0057.png', 02);
insert into Category_Zoom (Category_Id, Zoom_Id) values (6, 10857);
insert into Zoom_Inventory_Attribute (Zoom_Id, Inventory_Attribute_Id) values (10857, 46);
-- Final Index and Final Name: inner--0057 Key: fabric0057
insert into Zoom_Inventory_Attribute (Zoom_Id, Inventory_Attribute_Id) values (10857, 108);
insert into Zoom (Id, Description, Layer) values (10858, 'resources//img/Cuff/Cuff-Closeup-Lyr02-RdFrench-Inner.0058.png', 02);
insert into Category_Zoom (Category_Id, Zoom_Id) values (6, 10858);
insert into Zoom_Inventory_Attribute (Zoom_Id, Inventory_Attribute_Id) values (10858, 46);
-- Final Index and Final Name: inner--0058 Key: fabric0058
insert into Zoom_Inventory_Attribute (Zoom_Id, Inventory_Attribute_Id) values (10858, 109);
insert into Zoom (Id, Description, Layer) values (10859, 'resources//img/Cuff/Cuff-Closeup-Lyr02-RdFrench-Inner.0059.png', 02);
insert into Category_Zoom (Category_Id, Zoom_Id) values (6, 10859);
insert into Zoom_Inventory_Attribute (Zoom_Id, Inventory_Attribute_Id) values (10859, 46);
-- Final Index and Final Name: inner--0059 Key: fabric0059
insert into Zoom_Inventory_Attribute (Zoom_Id, Inventory_Attribute_Id) values (10859, 110);
insert into Zoom (Id, Description, Layer) values (10860, 'resources//img/Cuff/Cuff-Closeup-Lyr02-RdFrench-Inner.0060.png', 02);
insert into Category_Zoom (Category_Id, Zoom_Id) values (6, 10860);
insert into Zoom_Inventory_Attribute (Zoom_Id, Inventory_Attribute_Id) values (10860, 46);
-- Final Index and Final Name: inner--0060 Key: fabric0060
insert into Zoom_Inventory_Attribute (Zoom_Id, Inventory_Attribute_Id) values (10860, 111);
insert into Zoom (Id, Description, Layer) values (10861, 'resources//img/Cuff/Cuff-Closeup-Lyr02-RdFrench-Inner.0061.png', 02);
insert into Category_Zoom (Category_Id, Zoom_Id) values (6, 10861);
insert into Zoom_Inventory_Attribute (Zoom_Id, Inventory_Attribute_Id) values (10861, 46);
-- Final Index and Final Name: inner--0061 Key: fabric0061
insert into Zoom_Inventory_Attribute (Zoom_Id, Inventory_Attribute_Id) values (10861, 112);
insert into Zoom (Id, Description, Layer) values (10862, 'resources//img/Cuff/Cuff-Closeup-Lyr02-RdFrench-Inner.0062.png', 02);
insert into Category_Zoom (Category_Id, Zoom_Id) values (6, 10862);
insert into Zoom_Inventory_Attribute (Zoom_Id, Inventory_Attribute_Id) values (10862, 46);
-- Final Index and Final Name: inner--0062 Key: fabric0062
insert into Zoom_Inventory_Attribute (Zoom_Id, Inventory_Attribute_Id) values (10862, 113);
insert into Zoom (Id, Description, Layer) values (10863, 'resources//img/Cuff/Cuff-Closeup-Lyr02-RdFrench-Inner.0063.png', 02);
insert into Category_Zoom (Category_Id, Zoom_Id) values (6, 10863);
insert into Zoom_Inventory_Attribute (Zoom_Id, Inventory_Attribute_Id) values (10863, 46);
-- Final Index and Final Name: inner--0063 Key: fabric0063
insert into Zoom_Inventory_Attribute (Zoom_Id, Inventory_Attribute_Id) values (10863, 114);
insert into Zoom (Id, Description, Layer) values (10864, 'resources//img/Cuff/Cuff-Closeup-Lyr02-RdFrench-Inner.0064.png', 02);
insert into Category_Zoom (Category_Id, Zoom_Id) values (6, 10864);
insert into Zoom_Inventory_Attribute (Zoom_Id, Inventory_Attribute_Id) values (10864, 46);
-- Final Index and Final Name: inner--0064 Key: fabric0064
insert into Zoom_Inventory_Attribute (Zoom_Id, Inventory_Attribute_Id) values (10864, 115);
insert into Zoom (Id, Description, Layer) values (10865, 'resources//img/Cuff/Cuff-Closeup-Lyr02-RdFrench-Inner.0065.png', 02);
insert into Category_Zoom (Category_Id, Zoom_Id) values (6, 10865);
insert into Zoom_Inventory_Attribute (Zoom_Id, Inventory_Attribute_Id) values (10865, 46);
-- Final Index and Final Name: inner--0065 Key: fabric0065
insert into Zoom_Inventory_Attribute (Zoom_Id, Inventory_Attribute_Id) values (10865, 116);
insert into Zoom (Id, Description, Layer) values (10866, 'resources//img/Cuff/Cuff-Closeup-Lyr02-RdFrench-Inner.0066.png', 02);
insert into Category_Zoom (Category_Id, Zoom_Id) values (6, 10866);
insert into Zoom_Inventory_Attribute (Zoom_Id, Inventory_Attribute_Id) values (10866, 46);
-- Final Index and Final Name: inner--0066 Key: fabric0066
insert into Zoom_Inventory_Attribute (Zoom_Id, Inventory_Attribute_Id) values (10866, 117);
insert into Zoom (Id, Description, Layer) values (10867, 'resources//img/Cuff/Cuff-Closeup-Lyr02-RdFrench-Inner.0067.png', 02);
insert into Category_Zoom (Category_Id, Zoom_Id) values (6, 10867);
insert into Zoom_Inventory_Attribute (Zoom_Id, Inventory_Attribute_Id) values (10867, 46);
-- Final Index and Final Name: inner--0067 Key: fabric0067
insert into Zoom_Inventory_Attribute (Zoom_Id, Inventory_Attribute_Id) values (10867, 118);
insert into Zoom (Id, Description, Layer) values (10868, 'resources//img/Cuff/Cuff-Closeup-Lyr02-RdFrench-Inner.0068.png', 02);
insert into Category_Zoom (Category_Id, Zoom_Id) values (6, 10868);
insert into Zoom_Inventory_Attribute (Zoom_Id, Inventory_Attribute_Id) values (10868, 46);
-- Final Index and Final Name: inner--0068 Key: fabric0068
insert into Zoom_Inventory_Attribute (Zoom_Id, Inventory_Attribute_Id) values (10868, 119);
insert into Zoom (Id, Description, Layer) values (10869, 'resources//img/Cuff/Cuff-Closeup-Lyr02-RdFrench-Inner.0069.png', 02);
insert into Category_Zoom (Category_Id, Zoom_Id) values (6, 10869);
insert into Zoom_Inventory_Attribute (Zoom_Id, Inventory_Attribute_Id) values (10869, 46);
-- Final Index and Final Name: inner--0069 Key: fabric0069
insert into Zoom_Inventory_Attribute (Zoom_Id, Inventory_Attribute_Id) values (10869, 120);
insert into Zoom (Id, Description, Layer) values (10870, 'resources//img/Cuff/Cuff-Closeup-Lyr02-RdFrench-Inner.0070.png', 02);
insert into Category_Zoom (Category_Id, Zoom_Id) values (6, 10870);
insert into Zoom_Inventory_Attribute (Zoom_Id, Inventory_Attribute_Id) values (10870, 46);
-- Final Index and Final Name: inner--0070 Key: fabric0070
insert into Zoom_Inventory_Attribute (Zoom_Id, Inventory_Attribute_Id) values (10870, 121);
insert into Zoom (Id, Description, Layer) values (10871, 'resources//img/Cuff/Cuff-Closeup-Lyr02-RdFrench-Inner.0071.png', 02);
insert into Category_Zoom (Category_Id, Zoom_Id) values (6, 10871);
insert into Zoom_Inventory_Attribute (Zoom_Id, Inventory_Attribute_Id) values (10871, 46);
-- Final Index and Final Name: inner--0071 Key: fabric0071
insert into Zoom_Inventory_Attribute (Zoom_Id, Inventory_Attribute_Id) values (10871, 122);
insert into Zoom (Id, Description, Layer) values (10872, 'resources//img/Cuff/Cuff-Closeup-Lyr02-RdFrench-Inner.0072.png', 02);
insert into Category_Zoom (Category_Id, Zoom_Id) values (6, 10872);
insert into Zoom_Inventory_Attribute (Zoom_Id, Inventory_Attribute_Id) values (10872, 46);
-- Final Index and Final Name: inner--0072 Key: fabric0072
insert into Zoom_Inventory_Attribute (Zoom_Id, Inventory_Attribute_Id) values (10872, 123);
insert into Zoom (Id, Description, Layer) values (10873, 'resources//img/Cuff/Cuff-Closeup-Lyr02-RdFrench-Inner.0073.png', 02);
insert into Category_Zoom (Category_Id, Zoom_Id) values (6, 10873);
insert into Zoom_Inventory_Attribute (Zoom_Id, Inventory_Attribute_Id) values (10873, 46);
-- Final Index and Final Name: inner--0073 Key: fabric0073
insert into Zoom_Inventory_Attribute (Zoom_Id, Inventory_Attribute_Id) values (10873, 124);
insert into Zoom (Id, Description, Layer) values (10874, 'resources//img/Cuff/Cuff-Closeup-Lyr02-RdFrench-Inner.0074.png', 02);
insert into Category_Zoom (Category_Id, Zoom_Id) values (6, 10874);
insert into Zoom_Inventory_Attribute (Zoom_Id, Inventory_Attribute_Id) values (10874, 46);
-- Final Index and Final Name: inner--0074 Key: fabric0074
insert into Zoom_Inventory_Attribute (Zoom_Id, Inventory_Attribute_Id) values (10874, 125);
insert into Zoom (Id, Description, Layer) values (10875, 'resources//img/Cuff/Cuff-Closeup-Lyr02-RdFrench-Inner.0075.png', 02);
insert into Category_Zoom (Category_Id, Zoom_Id) values (6, 10875);
insert into Zoom_Inventory_Attribute (Zoom_Id, Inventory_Attribute_Id) values (10875, 46);
-- Final Index and Final Name: inner--0075 Key: fabric0075
insert into Zoom_Inventory_Attribute (Zoom_Id, Inventory_Attribute_Id) values (10875, 126);
insert into Zoom (Id, Description, Layer) values (10876, 'resources//img/Cuff/Cuff-Closeup-Lyr02-RdFrench-Inner.0076.png', 02);
insert into Category_Zoom (Category_Id, Zoom_Id) values (6, 10876);
insert into Zoom_Inventory_Attribute (Zoom_Id, Inventory_Attribute_Id) values (10876, 46);
-- Final Index and Final Name: inner--0076 Key: fabric0076
insert into Zoom_Inventory_Attribute (Zoom_Id, Inventory_Attribute_Id) values (10876, 127);
insert into Zoom (Id, Description, Layer) values (10877, 'resources//img/Cuff/Cuff-Closeup-Lyr02-RdFrench-Inner.0077.png', 02);
insert into Category_Zoom (Category_Id, Zoom_Id) values (6, 10877);
insert into Zoom_Inventory_Attribute (Zoom_Id, Inventory_Attribute_Id) values (10877, 46);
-- Final Index and Final Name: inner--0077 Key: fabric0077
insert into Zoom_Inventory_Attribute (Zoom_Id, Inventory_Attribute_Id) values (10877, 128);
insert into Zoom (Id, Description, Layer) values (10878, 'resources//img/Cuff/Cuff-Closeup-Lyr02-RdFrench-Inner.0078.png', 02);
insert into Category_Zoom (Category_Id, Zoom_Id) values (6, 10878);
insert into Zoom_Inventory_Attribute (Zoom_Id, Inventory_Attribute_Id) values (10878, 46);
-- Final Index and Final Name: inner--0078 Key: fabric0078
insert into Zoom_Inventory_Attribute (Zoom_Id, Inventory_Attribute_Id) values (10878, 129);
insert into Zoom (Id, Description, Layer) values (10879, 'resources//img/Cuff/Cuff-Closeup-Lyr02-RdFrench-Inner.0079.png', 02);
insert into Category_Zoom (Category_Id, Zoom_Id) values (6, 10879);
insert into Zoom_Inventory_Attribute (Zoom_Id, Inventory_Attribute_Id) values (10879, 46);
-- Final Index and Final Name: inner--0079 Key: fabric0079
insert into Zoom_Inventory_Attribute (Zoom_Id, Inventory_Attribute_Id) values (10879, 130);
insert into Zoom (Id, Description, Layer) values (10880, 'resources//img/Cuff/Cuff-Closeup-Lyr02-RdFrench-Inner.0080.png', 02);
insert into Category_Zoom (Category_Id, Zoom_Id) values (6, 10880);
insert into Zoom_Inventory_Attribute (Zoom_Id, Inventory_Attribute_Id) values (10880, 46);
-- Final Index and Final Name: inner--0080 Key: fabric0080
insert into Zoom_Inventory_Attribute (Zoom_Id, Inventory_Attribute_Id) values (10880, 131);
insert into Zoom (Id, Description, Layer) values (10881, 'resources//img/Cuff/Cuff-Closeup-Lyr02-RdFrench-Inner.0081.png', 02);
insert into Category_Zoom (Category_Id, Zoom_Id) values (6, 10881);
insert into Zoom_Inventory_Attribute (Zoom_Id, Inventory_Attribute_Id) values (10881, 46);
-- Final Index and Final Name: inner--0081 Key: fabric0081
insert into Zoom_Inventory_Attribute (Zoom_Id, Inventory_Attribute_Id) values (10881, 132);
insert into Zoom (Id, Description, Layer) values (10882, 'resources//img/Cuff/Cuff-Closeup-Lyr02-RdFrench-Inner.0082.png', 02);
insert into Category_Zoom (Category_Id, Zoom_Id) values (6, 10882);
insert into Zoom_Inventory_Attribute (Zoom_Id, Inventory_Attribute_Id) values (10882, 46);
-- Final Index and Final Name: inner--0082 Key: fabric0082
insert into Zoom_Inventory_Attribute (Zoom_Id, Inventory_Attribute_Id) values (10882, 133);
insert into Zoom (Id, Description, Layer) values (10883, 'resources//img/Cuff/Cuff-Closeup-Lyr02-RdFrench-Inner.0083.png', 02);
insert into Category_Zoom (Category_Id, Zoom_Id) values (6, 10883);
insert into Zoom_Inventory_Attribute (Zoom_Id, Inventory_Attribute_Id) values (10883, 46);
-- Final Index and Final Name: inner--0083 Key: fabric0083
insert into Zoom_Inventory_Attribute (Zoom_Id, Inventory_Attribute_Id) values (10883, 134);
insert into Zoom (Id, Description, Layer) values (10884, 'resources//img/Cuff/Cuff-Closeup-Lyr02-RdFrench-Inner.0084.png', 02);
insert into Category_Zoom (Category_Id, Zoom_Id) values (6, 10884);
insert into Zoom_Inventory_Attribute (Zoom_Id, Inventory_Attribute_Id) values (10884, 46);
-- Final Index and Final Name: inner--0084 Key: fabric0084
insert into Zoom_Inventory_Attribute (Zoom_Id, Inventory_Attribute_Id) values (10884, 135);
insert into Zoom (Id, Description, Layer) values (10885, 'resources//img/Cuff/Cuff-Closeup-Lyr02-RdFrench-Inner.0085.png', 02);
insert into Category_Zoom (Category_Id, Zoom_Id) values (6, 10885);
insert into Zoom_Inventory_Attribute (Zoom_Id, Inventory_Attribute_Id) values (10885, 46);
-- Final Index and Final Name: inner--0085 Key: fabric0085
insert into Zoom_Inventory_Attribute (Zoom_Id, Inventory_Attribute_Id) values (10885, 136);
insert into Zoom (Id, Description, Layer) values (10886, 'resources//img/Cuff/Cuff-Closeup-Lyr02-RdFrench-Inner.0086.png', 02);
insert into Category_Zoom (Category_Id, Zoom_Id) values (6, 10886);
insert into Zoom_Inventory_Attribute (Zoom_Id, Inventory_Attribute_Id) values (10886, 46);
-- Final Index and Final Name: inner--0086 Key: fabric0086
insert into Zoom_Inventory_Attribute (Zoom_Id, Inventory_Attribute_Id) values (10886, 137);
insert into Zoom (Id, Description, Layer) values (10887, 'resources//img/Cuff/Cuff-Closeup-Lyr02-RdFrench-Inner.0087.png', 02);
insert into Category_Zoom (Category_Id, Zoom_Id) values (6, 10887);
insert into Zoom_Inventory_Attribute (Zoom_Id, Inventory_Attribute_Id) values (10887, 46);
-- Final Index and Final Name: inner--0087 Key: fabric0087
insert into Zoom_Inventory_Attribute (Zoom_Id, Inventory_Attribute_Id) values (10887, 138);
insert into Zoom (Id, Description, Layer) values (10888, 'resources//img/Cuff/Cuff-Closeup-Lyr02-RdFrench-Inner.0088.png', 02);
insert into Category_Zoom (Category_Id, Zoom_Id) values (6, 10888);
insert into Zoom_Inventory_Attribute (Zoom_Id, Inventory_Attribute_Id) values (10888, 46);
-- Final Index and Final Name: inner--0088 Key: fabric0088
insert into Zoom_Inventory_Attribute (Zoom_Id, Inventory_Attribute_Id) values (10888, 139);
insert into Zoom (Id, Description, Layer) values (10889, 'resources//img/Cuff/Cuff-Closeup-Lyr02-RdFrench-Inner.0089.png', 02);
insert into Category_Zoom (Category_Id, Zoom_Id) values (6, 10889);
insert into Zoom_Inventory_Attribute (Zoom_Id, Inventory_Attribute_Id) values (10889, 46);
-- Final Index and Final Name: inner--0089 Key: fabric0089
insert into Zoom_Inventory_Attribute (Zoom_Id, Inventory_Attribute_Id) values (10889, 140);
insert into Zoom (Id, Description, Layer) values (10890, 'resources//img/Cuff/Cuff-Closeup-Lyr02-RdFrench-Inner.0090.png', 02);
insert into Category_Zoom (Category_Id, Zoom_Id) values (6, 10890);
insert into Zoom_Inventory_Attribute (Zoom_Id, Inventory_Attribute_Id) values (10890, 46);
-- Final Index and Final Name: inner--0090 Key: fabric0090
insert into Zoom_Inventory_Attribute (Zoom_Id, Inventory_Attribute_Id) values (10890, 141);
insert into Zoom (Id, Description, Layer) values (10891, 'resources//img/Cuff/Cuff-Closeup-Lyr02-RdFrench-Inner.0091.png', 02);
insert into Category_Zoom (Category_Id, Zoom_Id) values (6, 10891);
insert into Zoom_Inventory_Attribute (Zoom_Id, Inventory_Attribute_Id) values (10891, 46);
-- Final Index and Final Name: inner--0091 Key: fabric0091
insert into Zoom_Inventory_Attribute (Zoom_Id, Inventory_Attribute_Id) values (10891, 142);
insert into Zoom (Id, Description, Layer) values (10892, 'resources//img/Cuff/Cuff-Closeup-Lyr02-RdFrench-Inner.0092.png', 02);
insert into Category_Zoom (Category_Id, Zoom_Id) values (6, 10892);
insert into Zoom_Inventory_Attribute (Zoom_Id, Inventory_Attribute_Id) values (10892, 46);
-- Final Index and Final Name: inner--0092 Key: fabric0092
insert into Zoom_Inventory_Attribute (Zoom_Id, Inventory_Attribute_Id) values (10892, 143);
insert into Zoom (Id, Description, Layer) values (10893, 'resources//img/Cuff/Cuff-Closeup-Lyr02-RdFrench-Inner.0093.png', 02);
insert into Category_Zoom (Category_Id, Zoom_Id) values (6, 10893);
insert into Zoom_Inventory_Attribute (Zoom_Id, Inventory_Attribute_Id) values (10893, 46);
-- Final Index and Final Name: inner--0093 Key: fabric0093
insert into Zoom_Inventory_Attribute (Zoom_Id, Inventory_Attribute_Id) values (10893, 144);
insert into Zoom (Id, Description, Layer) values (10894, 'resources//img/Cuff/Cuff-Closeup-Lyr02-RdFrench-Inner.0094.png', 02);
insert into Category_Zoom (Category_Id, Zoom_Id) values (6, 10894);
insert into Zoom_Inventory_Attribute (Zoom_Id, Inventory_Attribute_Id) values (10894, 46);
-- Final Index and Final Name: inner--0094 Key: fabric0094
insert into Zoom_Inventory_Attribute (Zoom_Id, Inventory_Attribute_Id) values (10894, 145);
insert into Zoom (Id, Description, Layer) values (10895, 'resources//img/Cuff/Cuff-Closeup-Lyr02-RdFrench-Inner.0095.png', 02);
insert into Category_Zoom (Category_Id, Zoom_Id) values (6, 10895);
insert into Zoom_Inventory_Attribute (Zoom_Id, Inventory_Attribute_Id) values (10895, 46);
-- Final Index and Final Name: inner--0095 Key: fabric0095
insert into Zoom_Inventory_Attribute (Zoom_Id, Inventory_Attribute_Id) values (10895, 146);
insert into Zoom (Id, Description, Layer) values (10896, 'resources//img/Cuff/Cuff-Closeup-Lyr02-RdFrench-Inner.0096.png', 02);
insert into Category_Zoom (Category_Id, Zoom_Id) values (6, 10896);
insert into Zoom_Inventory_Attribute (Zoom_Id, Inventory_Attribute_Id) values (10896, 46);
-- Final Index and Final Name: inner--0096 Key: fabric0096
insert into Zoom_Inventory_Attribute (Zoom_Id, Inventory_Attribute_Id) values (10896, 147);
insert into Zoom (Id, Description, Layer) values (10897, 'resources//img/Cuff/Cuff-Closeup-Lyr02-RdFrench-Inner.0097.png', 02);
insert into Category_Zoom (Category_Id, Zoom_Id) values (6, 10897);
insert into Zoom_Inventory_Attribute (Zoom_Id, Inventory_Attribute_Id) values (10897, 46);
-- Final Index and Final Name: inner--0097 Key: fabric0097
insert into Zoom_Inventory_Attribute (Zoom_Id, Inventory_Attribute_Id) values (10897, 148);
insert into Zoom (Id, Description, Layer) values (10898, 'resources//img/Cuff/Cuff-Closeup-Lyr02-RdFrench-Inner.0098.png', 02);
insert into Category_Zoom (Category_Id, Zoom_Id) values (6, 10898);
insert into Zoom_Inventory_Attribute (Zoom_Id, Inventory_Attribute_Id) values (10898, 46);
-- Final Index and Final Name: inner--0098 Key: fabric0098
insert into Zoom_Inventory_Attribute (Zoom_Id, Inventory_Attribute_Id) values (10898, 149);
insert into Zoom (Id, Description, Layer) values (10899, 'resources//img/Cuff/Cuff-Closeup-Lyr02-RdFrench-Inner.0099.png', 02);
insert into Category_Zoom (Category_Id, Zoom_Id) values (6, 10899);
insert into Zoom_Inventory_Attribute (Zoom_Id, Inventory_Attribute_Id) values (10899, 46);
-- Final Index and Final Name: inner--0099 Key: fabric0099
insert into Zoom_Inventory_Attribute (Zoom_Id, Inventory_Attribute_Id) values (10899, 150);
insert into Zoom (Id, Description, Layer) values (10900, 'resources//img/Cuff/Cuff-Closeup-Lyr02-RdFrench-Inner.0100.png', 02);
insert into Category_Zoom (Category_Id, Zoom_Id) values (6, 10900);
insert into Zoom_Inventory_Attribute (Zoom_Id, Inventory_Attribute_Id) values (10900, 46);
-- Final Index and Final Name: inner--0100 Key: fabric0100
insert into Zoom_Inventory_Attribute (Zoom_Id, Inventory_Attribute_Id) values (10900, 151);
insert into Zoom (Id, Description, Layer) values (10901, 'resources//img/Cuff/Cuff-Closeup-Lyr02-RdFrench-Inner.0101.png', 02);
insert into Category_Zoom (Category_Id, Zoom_Id) values (6, 10901);
insert into Zoom_Inventory_Attribute (Zoom_Id, Inventory_Attribute_Id) values (10901, 46);
-- Final Index and Final Name: inner--0101 Key: fabric0101
insert into Zoom_Inventory_Attribute (Zoom_Id, Inventory_Attribute_Id) values (10901, 152);
insert into Zoom (Id, Description, Layer) values (10902, 'resources//img/Cuff/Cuff-Closeup-Lyr02-RdFrench-Inner.0102.png', 02);
insert into Category_Zoom (Category_Id, Zoom_Id) values (6, 10902);
insert into Zoom_Inventory_Attribute (Zoom_Id, Inventory_Attribute_Id) values (10902, 46);
-- Final Index and Final Name: inner--0102 Key: fabric0102
insert into Zoom_Inventory_Attribute (Zoom_Id, Inventory_Attribute_Id) values (10902, 153);
insert into Zoom (Id, Description, Layer) values (10903, 'resources//img/Cuff/Cuff-Closeup-Lyr02-RdFrench-Inner.0103.png', 02);
insert into Category_Zoom (Category_Id, Zoom_Id) values (6, 10903);
insert into Zoom_Inventory_Attribute (Zoom_Id, Inventory_Attribute_Id) values (10903, 46);
-- Final Index and Final Name: inner--0103 Key: fabric0103
insert into Zoom_Inventory_Attribute (Zoom_Id, Inventory_Attribute_Id) values (10903, 154);
insert into Zoom (Id, Description, Layer) values (10904, 'resources//img/Cuff/Cuff-Closeup-Lyr02-RdFrench-Inner.0104.png', 02);
insert into Category_Zoom (Category_Id, Zoom_Id) values (6, 10904);
insert into Zoom_Inventory_Attribute (Zoom_Id, Inventory_Attribute_Id) values (10904, 46);
-- Final Index and Final Name: inner--0104 Key: fabric0104
insert into Zoom_Inventory_Attribute (Zoom_Id, Inventory_Attribute_Id) values (10904, 155);
insert into Zoom (Id, Description, Layer) values (10905, 'resources//img/Cuff/Cuff-Closeup-Lyr02-RdFrench-Inner.0105.png', 02);
insert into Category_Zoom (Category_Id, Zoom_Id) values (6, 10905);
insert into Zoom_Inventory_Attribute (Zoom_Id, Inventory_Attribute_Id) values (10905, 46);
-- Final Index and Final Name: inner--0105 Key: fabric0105
insert into Zoom_Inventory_Attribute (Zoom_Id, Inventory_Attribute_Id) values (10905, 156);
insert into Zoom (Id, Description, Layer) values (10906, 'resources//img/Cuff/Cuff-Closeup-Lyr02-RdFrench-Inner.0106.png', 02);
insert into Category_Zoom (Category_Id, Zoom_Id) values (6, 10906);
insert into Zoom_Inventory_Attribute (Zoom_Id, Inventory_Attribute_Id) values (10906, 46);
-- Final Index and Final Name: inner--0106 Key: fabric0106
insert into Zoom_Inventory_Attribute (Zoom_Id, Inventory_Attribute_Id) values (10906, 157);
insert into Zoom (Id, Description, Layer) values (10907, 'resources//img/Cuff/Cuff-Closeup-Lyr02-RdFrench-Inner.0107.png', 02);
insert into Category_Zoom (Category_Id, Zoom_Id) values (6, 10907);
insert into Zoom_Inventory_Attribute (Zoom_Id, Inventory_Attribute_Id) values (10907, 46);
-- Final Index and Final Name: inner--0107 Key: fabric0107
insert into Zoom_Inventory_Attribute (Zoom_Id, Inventory_Attribute_Id) values (10907, 158);
insert into Zoom (Id, Description, Layer) values (10908, 'resources//img/Cuff/Cuff-Closeup-Lyr02-RdFrench-Inner.0108.png', 02);
insert into Category_Zoom (Category_Id, Zoom_Id) values (6, 10908);
insert into Zoom_Inventory_Attribute (Zoom_Id, Inventory_Attribute_Id) values (10908, 46);
-- Final Index and Final Name: inner--0108 Key: fabric0108
insert into Zoom_Inventory_Attribute (Zoom_Id, Inventory_Attribute_Id) values (10908, 159);
insert into Zoom (Id, Description, Layer) values (10909, 'resources//img/Cuff/Cuff-Closeup-Lyr02-RdFrench-Inner.0109.png', 02);
insert into Category_Zoom (Category_Id, Zoom_Id) values (6, 10909);
insert into Zoom_Inventory_Attribute (Zoom_Id, Inventory_Attribute_Id) values (10909, 46);
-- Final Index and Final Name: inner--0109 Key: fabric0109
insert into Zoom_Inventory_Attribute (Zoom_Id, Inventory_Attribute_Id) values (10909, 160);
insert into Zoom (Id, Description, Layer) values (10910, 'resources//img/Cuff/Cuff-Closeup-Lyr02-RdFrench-Inner.0110.png', 02);
insert into Category_Zoom (Category_Id, Zoom_Id) values (6, 10910);
insert into Zoom_Inventory_Attribute (Zoom_Id, Inventory_Attribute_Id) values (10910, 46);
-- Final Index and Final Name: inner--0110 Key: fabric0110
insert into Zoom_Inventory_Attribute (Zoom_Id, Inventory_Attribute_Id) values (10910, 161);
insert into Zoom (Id, Description, Layer) values (10911, 'resources//img/Cuff/Cuff-Closeup-Lyr02-RdFrench-Inner.0111.png', 02);
insert into Category_Zoom (Category_Id, Zoom_Id) values (6, 10911);
insert into Zoom_Inventory_Attribute (Zoom_Id, Inventory_Attribute_Id) values (10911, 46);
-- Final Index and Final Name: inner--0111 Key: fabric0111
insert into Zoom_Inventory_Attribute (Zoom_Id, Inventory_Attribute_Id) values (10911, 162);
insert into Zoom (Id, Description, Layer) values (10912, 'resources//img/Cuff/Cuff-Closeup-Lyr02-RdFrench-Inner.0112.png', 02);
insert into Category_Zoom (Category_Id, Zoom_Id) values (6, 10912);
insert into Zoom_Inventory_Attribute (Zoom_Id, Inventory_Attribute_Id) values (10912, 46);
-- Final Index and Final Name: inner--0112 Key: fabric0112
insert into Zoom_Inventory_Attribute (Zoom_Id, Inventory_Attribute_Id) values (10912, 163);
insert into Zoom (Id, Description, Layer) values (10913, 'resources//img/Cuff/Cuff-Closeup-Lyr02-RdFrench-Inner.0113.png', 02);
insert into Category_Zoom (Category_Id, Zoom_Id) values (6, 10913);
insert into Zoom_Inventory_Attribute (Zoom_Id, Inventory_Attribute_Id) values (10913, 46);
-- Final Index and Final Name: inner--0113 Key: fabric0113
insert into Zoom_Inventory_Attribute (Zoom_Id, Inventory_Attribute_Id) values (10913, 164);
insert into Zoom (Id, Description, Layer) values (10914, 'resources//img/Cuff/Cuff-Closeup-Lyr02-RdFrench-Inner.0114.png', 02);
insert into Category_Zoom (Category_Id, Zoom_Id) values (6, 10914);
insert into Zoom_Inventory_Attribute (Zoom_Id, Inventory_Attribute_Id) values (10914, 46);
-- Final Index and Final Name: inner--0114 Key: fabric0114
insert into Zoom_Inventory_Attribute (Zoom_Id, Inventory_Attribute_Id) values (10914, 165);
insert into Zoom (Id, Description, Layer) values (10915, 'resources//img/Cuff/Cuff-Closeup-Lyr02-RdFrench-Inner.0115.png', 02);
insert into Category_Zoom (Category_Id, Zoom_Id) values (6, 10915);
insert into Zoom_Inventory_Attribute (Zoom_Id, Inventory_Attribute_Id) values (10915, 46);
-- Final Index and Final Name: inner--0115 Key: fabric0115
insert into Zoom_Inventory_Attribute (Zoom_Id, Inventory_Attribute_Id) values (10915, 166);
insert into Zoom (Id, Description, Layer) values (10916, 'resources//img/Cuff/Cuff-Closeup-Lyr02-RdFrench-Inner.0116.png', 02);
insert into Category_Zoom (Category_Id, Zoom_Id) values (6, 10916);
insert into Zoom_Inventory_Attribute (Zoom_Id, Inventory_Attribute_Id) values (10916, 46);
-- Final Index and Final Name: inner--0116 Key: fabric0116
insert into Zoom_Inventory_Attribute (Zoom_Id, Inventory_Attribute_Id) values (10916, 167);
insert into Zoom (Id, Description, Layer) values (10917, 'resources//img/Cuff/Cuff-Closeup-Lyr02-RdFrench-Inner.0117.png', 02);
insert into Category_Zoom (Category_Id, Zoom_Id) values (6, 10917);
insert into Zoom_Inventory_Attribute (Zoom_Id, Inventory_Attribute_Id) values (10917, 46);
-- Final Index and Final Name: inner--0117 Key: fabric0117
insert into Zoom_Inventory_Attribute (Zoom_Id, Inventory_Attribute_Id) values (10917, 168);
insert into Zoom (Id, Description, Layer) values (10918, 'resources//img/Cuff/Cuff-Closeup-Lyr02-RdFrench-Inner.0118.png', 02);
insert into Category_Zoom (Category_Id, Zoom_Id) values (6, 10918);
insert into Zoom_Inventory_Attribute (Zoom_Id, Inventory_Attribute_Id) values (10918, 46);
-- Final Index and Final Name: inner--0118 Key: fabric0118
insert into Zoom_Inventory_Attribute (Zoom_Id, Inventory_Attribute_Id) values (10918, 169);
insert into Zoom (Id, Description, Layer) values (10919, 'resources//img/Cuff/Cuff-Closeup-Lyr02-RdFrench-Inner.0119.png', 02);
insert into Category_Zoom (Category_Id, Zoom_Id) values (6, 10919);
insert into Zoom_Inventory_Attribute (Zoom_Id, Inventory_Attribute_Id) values (10919, 46);
-- Final Index and Final Name: inner--0119 Key: fabric0119
insert into Zoom_Inventory_Attribute (Zoom_Id, Inventory_Attribute_Id) values (10919, 170);
insert into Zoom (Id, Description, Layer) values (10920, 'resources//img/Cuff/Cuff-Closeup-Lyr02-RdFrench-Inner.0120.png', 02);
insert into Category_Zoom (Category_Id, Zoom_Id) values (6, 10920);
insert into Zoom_Inventory_Attribute (Zoom_Id, Inventory_Attribute_Id) values (10920, 46);
-- Final Index and Final Name: inner--0120 Key: fabric0120
insert into Zoom_Inventory_Attribute (Zoom_Id, Inventory_Attribute_Id) values (10920, 171);
insert into Zoom (Id, Description, Layer) values (10921, 'resources//img/Cuff/Cuff-Closeup-Lyr02-RdFrench-Inner.0121.png', 02);
insert into Category_Zoom (Category_Id, Zoom_Id) values (6, 10921);
insert into Zoom_Inventory_Attribute (Zoom_Id, Inventory_Attribute_Id) values (10921, 46);
-- Final Index and Final Name: inner--0121 Key: fabric0121
insert into Zoom_Inventory_Attribute (Zoom_Id, Inventory_Attribute_Id) values (10921, 172);
insert into Zoom (Id, Description, Layer) values (10922, 'resources//img/Cuff/Cuff-Closeup-Lyr02-RdFrench-Inner.0122.png', 02);
insert into Category_Zoom (Category_Id, Zoom_Id) values (6, 10922);
insert into Zoom_Inventory_Attribute (Zoom_Id, Inventory_Attribute_Id) values (10922, 46);
-- Final Index and Final Name: inner--0122 Key: fabric0122
insert into Zoom_Inventory_Attribute (Zoom_Id, Inventory_Attribute_Id) values (10922, 173);
insert into Zoom (Id, Description, Layer) values (10923, 'resources//img/Cuff/Cuff-Closeup-Lyr02-RdFrench-Inner.0123.png', 02);
insert into Category_Zoom (Category_Id, Zoom_Id) values (6, 10923);
insert into Zoom_Inventory_Attribute (Zoom_Id, Inventory_Attribute_Id) values (10923, 46);
-- Final Index and Final Name: inner--0123 Key: fabric0123
insert into Zoom_Inventory_Attribute (Zoom_Id, Inventory_Attribute_Id) values (10923, 174);
insert into Zoom (Id, Description, Layer) values (10924, 'resources//img/Cuff/Cuff-Closeup-Lyr02-RdFrench-Inner.0124.png', 02);
insert into Category_Zoom (Category_Id, Zoom_Id) values (6, 10924);
insert into Zoom_Inventory_Attribute (Zoom_Id, Inventory_Attribute_Id) values (10924, 46);
-- Final Index and Final Name: inner--0124 Key: fabric0124
insert into Zoom_Inventory_Attribute (Zoom_Id, Inventory_Attribute_Id) values (10924, 175);
insert into Zoom (Id, Description, Layer) values (10925, 'resources//img/Cuff/Cuff-Closeup-Lyr02-RdFrench-Inner.0125.png', 02);
insert into Category_Zoom (Category_Id, Zoom_Id) values (6, 10925);
insert into Zoom_Inventory_Attribute (Zoom_Id, Inventory_Attribute_Id) values (10925, 46);
-- Final Index and Final Name: inner--0125 Key: fabric0125
insert into Zoom_Inventory_Attribute (Zoom_Id, Inventory_Attribute_Id) values (10925, 176);
insert into Zoom (Id, Description, Layer) values (10926, 'resources//img/Cuff/Cuff-Closeup-Lyr02-RdFrench-Inner.0126.png', 02);
insert into Category_Zoom (Category_Id, Zoom_Id) values (6, 10926);
insert into Zoom_Inventory_Attribute (Zoom_Id, Inventory_Attribute_Id) values (10926, 46);
-- Final Index and Final Name: inner--0126 Key: fabric0126
insert into Zoom_Inventory_Attribute (Zoom_Id, Inventory_Attribute_Id) values (10926, 177);
insert into Zoom (Id, Description, Layer) values (10927, 'resources//img/Cuff/Cuff-Closeup-Lyr02-RdFrench-Inner.0127.png', 02);
insert into Category_Zoom (Category_Id, Zoom_Id) values (6, 10927);
insert into Zoom_Inventory_Attribute (Zoom_Id, Inventory_Attribute_Id) values (10927, 46);
-- Final Index and Final Name: inner--0127 Key: fabric0127
insert into Zoom_Inventory_Attribute (Zoom_Id, Inventory_Attribute_Id) values (10927, 178);
insert into Zoom (Id, Description, Layer) values (10928, 'resources//img/Cuff/Cuff-Closeup-Lyr02-RdFrench-Inner.0128.png', 02);
insert into Category_Zoom (Category_Id, Zoom_Id) values (6, 10928);
insert into Zoom_Inventory_Attribute (Zoom_Id, Inventory_Attribute_Id) values (10928, 46);
-- Final Index and Final Name: inner--0128 Key: fabric0128
insert into Zoom_Inventory_Attribute (Zoom_Id, Inventory_Attribute_Id) values (10928, 179);
insert into Zoom (Id, Description, Layer) values (10929, 'resources//img/Cuff/Cuff-Closeup-Lyr02-RdFrench-Inner.0129.png', 02);
insert into Category_Zoom (Category_Id, Zoom_Id) values (6, 10929);
insert into Zoom_Inventory_Attribute (Zoom_Id, Inventory_Attribute_Id) values (10929, 46);
-- Final Index and Final Name: inner--0129 Key: fabric0129
insert into Zoom_Inventory_Attribute (Zoom_Id, Inventory_Attribute_Id) values (10929, 180);
insert into Zoom (Id, Description, Layer) values (10930, 'resources//img/Cuff/Cuff-Closeup-Lyr02-RdFrench-Inner.0130.png', 02);
insert into Category_Zoom (Category_Id, Zoom_Id) values (6, 10930);
insert into Zoom_Inventory_Attribute (Zoom_Id, Inventory_Attribute_Id) values (10930, 46);
-- Final Index and Final Name: inner--0130 Key: fabric0130
insert into Zoom_Inventory_Attribute (Zoom_Id, Inventory_Attribute_Id) values (10930, 181);
insert into Zoom (Id, Description, Layer) values (10931, 'resources//img/Cuff/Cuff-Closeup-Lyr02-RdFrench-Inner.0131.png', 02);
insert into Category_Zoom (Category_Id, Zoom_Id) values (6, 10931);
insert into Zoom_Inventory_Attribute (Zoom_Id, Inventory_Attribute_Id) values (10931, 46);
-- Final Index and Final Name: inner--0131 Key: fabric0131
insert into Zoom_Inventory_Attribute (Zoom_Id, Inventory_Attribute_Id) values (10931, 182);
insert into Zoom (Id, Description, Layer) values (10932, 'resources//img/Cuff/Cuff-Closeup-Lyr02-RdFrench-Inner.0132.png', 02);
insert into Category_Zoom (Category_Id, Zoom_Id) values (6, 10932);
insert into Zoom_Inventory_Attribute (Zoom_Id, Inventory_Attribute_Id) values (10932, 46);
-- Final Index and Final Name: inner--0132 Key: fabric0132
insert into Zoom_Inventory_Attribute (Zoom_Id, Inventory_Attribute_Id) values (10932, 183);
insert into Zoom (Id, Description, Layer) values (10933, 'resources//img/Cuff/Cuff-Closeup-Lyr02-RdFrench-Inner.0133.png', 02);
insert into Category_Zoom (Category_Id, Zoom_Id) values (6, 10933);
insert into Zoom_Inventory_Attribute (Zoom_Id, Inventory_Attribute_Id) values (10933, 46);
-- Final Index and Final Name: inner--0133 Key: fabric0133
insert into Zoom_Inventory_Attribute (Zoom_Id, Inventory_Attribute_Id) values (10933, 184);
insert into Zoom (Id, Description, Layer) values (10934, 'resources//img/Cuff/Cuff-Closeup-Lyr02-RdFrench-Inner.0134.png', 02);
insert into Category_Zoom (Category_Id, Zoom_Id) values (6, 10934);
insert into Zoom_Inventory_Attribute (Zoom_Id, Inventory_Attribute_Id) values (10934, 46);
-- Final Index and Final Name: inner--0134 Key: fabric0134
insert into Zoom_Inventory_Attribute (Zoom_Id, Inventory_Attribute_Id) values (10934, 185);
insert into Zoom (Id, Description, Layer) values (10935, 'resources//img/Cuff/Cuff-Closeup-Lyr02-RdFrench-Inner.0135.png', 02);
insert into Category_Zoom (Category_Id, Zoom_Id) values (6, 10935);
insert into Zoom_Inventory_Attribute (Zoom_Id, Inventory_Attribute_Id) values (10935, 46);
-- Final Index and Final Name: inner--0135 Key: fabric0135
insert into Zoom_Inventory_Attribute (Zoom_Id, Inventory_Attribute_Id) values (10935, 186);
insert into Zoom (Id, Description, Layer) values (10936, 'resources//img/Cuff/Cuff-Closeup-Lyr02-RdFrench-Inner.0136.png', 02);
insert into Category_Zoom (Category_Id, Zoom_Id) values (6, 10936);
insert into Zoom_Inventory_Attribute (Zoom_Id, Inventory_Attribute_Id) values (10936, 46);
-- Final Index and Final Name: inner--0136 Key: fabric0136
insert into Zoom_Inventory_Attribute (Zoom_Id, Inventory_Attribute_Id) values (10936, 187);
insert into Zoom (Id, Description, Layer) values (10937, 'resources//img/Cuff/Cuff-Closeup-Lyr02-RdFrench-Inner.0137.png', 02);
insert into Category_Zoom (Category_Id, Zoom_Id) values (6, 10937);
insert into Zoom_Inventory_Attribute (Zoom_Id, Inventory_Attribute_Id) values (10937, 46);
-- Final Index and Final Name: inner--0137 Key: fabric0137
insert into Zoom_Inventory_Attribute (Zoom_Id, Inventory_Attribute_Id) values (10937, 188);
insert into Zoom (Id, Description, Layer) values (10938, 'resources//img/Cuff/Cuff-Closeup-Lyr02-RdFrench-Inner.0138.png', 02);
insert into Category_Zoom (Category_Id, Zoom_Id) values (6, 10938);
insert into Zoom_Inventory_Attribute (Zoom_Id, Inventory_Attribute_Id) values (10938, 46);
-- Final Index and Final Name: inner--0138 Key: fabric0138
insert into Zoom_Inventory_Attribute (Zoom_Id, Inventory_Attribute_Id) values (10938, 189);
insert into Zoom (Id, Description, Layer) values (10939, 'resources//img/Cuff/Cuff-Closeup-Lyr02-RdFrench-Inner.0139.png', 02);
insert into Category_Zoom (Category_Id, Zoom_Id) values (6, 10939);
insert into Zoom_Inventory_Attribute (Zoom_Id, Inventory_Attribute_Id) values (10939, 46);
-- Final Index and Final Name: inner--0139 Key: fabric0139
insert into Zoom_Inventory_Attribute (Zoom_Id, Inventory_Attribute_Id) values (10939, 190);
insert into Zoom (Id, Description, Layer) values (10940, 'resources//img/Cuff/Cuff-Closeup-Lyr02-RdFrench-Inner.0140.png', 02);
insert into Category_Zoom (Category_Id, Zoom_Id) values (6, 10940);
insert into Zoom_Inventory_Attribute (Zoom_Id, Inventory_Attribute_Id) values (10940, 46);
-- Final Index and Final Name: inner--0140 Key: fabric0140
insert into Zoom_Inventory_Attribute (Zoom_Id, Inventory_Attribute_Id) values (10940, 191);
insert into Zoom (Id, Description, Layer) values (10941, 'resources//img/Cuff/Cuff-Closeup-Lyr02-RdFrench-Inner.0141.png', 02);
insert into Category_Zoom (Category_Id, Zoom_Id) values (6, 10941);
insert into Zoom_Inventory_Attribute (Zoom_Id, Inventory_Attribute_Id) values (10941, 46);
-- Final Index and Final Name: inner--0141 Key: fabric0141
insert into Zoom_Inventory_Attribute (Zoom_Id, Inventory_Attribute_Id) values (10941, 192);
insert into Zoom (Id, Description, Layer) values (10942, 'resources//img/Cuff/Cuff-Closeup-Lyr02-RdFrench-Inner.0142.png', 02);
insert into Category_Zoom (Category_Id, Zoom_Id) values (6, 10942);
insert into Zoom_Inventory_Attribute (Zoom_Id, Inventory_Attribute_Id) values (10942, 46);
-- Final Index and Final Name: inner--0142 Key: fabric0142
insert into Zoom_Inventory_Attribute (Zoom_Id, Inventory_Attribute_Id) values (10942, 193);
insert into Zoom (Id, Description, Layer) values (10943, 'resources//img/Cuff/Cuff-Closeup-Lyr02-RdFrench-Inner.0143.png', 02);
insert into Category_Zoom (Category_Id, Zoom_Id) values (6, 10943);
insert into Zoom_Inventory_Attribute (Zoom_Id, Inventory_Attribute_Id) values (10943, 46);
-- Final Index and Final Name: inner--0143 Key: fabric0143
insert into Zoom_Inventory_Attribute (Zoom_Id, Inventory_Attribute_Id) values (10943, 194);
insert into Zoom (Id, Description, Layer) values (10944, 'resources//img/Cuff/Cuff-Closeup-Lyr02-RdFrench-Inner.0144.png', 02);
insert into Category_Zoom (Category_Id, Zoom_Id) values (6, 10944);
insert into Zoom_Inventory_Attribute (Zoom_Id, Inventory_Attribute_Id) values (10944, 46);
-- Final Index and Final Name: inner--0144 Key: fabric0144
insert into Zoom_Inventory_Attribute (Zoom_Id, Inventory_Attribute_Id) values (10944, 195);
insert into Zoom (Id, Description, Layer) values (10945, 'resources//img/Cuff/Cuff-Closeup-Lyr02-RdFrench-Inner.0145.png', 02);
insert into Category_Zoom (Category_Id, Zoom_Id) values (6, 10945);
insert into Zoom_Inventory_Attribute (Zoom_Id, Inventory_Attribute_Id) values (10945, 46);
-- Final Index and Final Name: inner--0145 Key: fabric0145
insert into Zoom_Inventory_Attribute (Zoom_Id, Inventory_Attribute_Id) values (10945, 196);
insert into Zoom (Id, Description, Layer) values (10946, 'resources//img/Cuff/Cuff-Closeup-Lyr02-RdFrench-Inner.0146.png', 02);
insert into Category_Zoom (Category_Id, Zoom_Id) values (6, 10946);
insert into Zoom_Inventory_Attribute (Zoom_Id, Inventory_Attribute_Id) values (10946, 46);
-- Final Index and Final Name: inner--0146 Key: fabric0146
insert into Zoom_Inventory_Attribute (Zoom_Id, Inventory_Attribute_Id) values (10946, 197);
insert into Zoom (Id, Description, Layer) values (10947, 'resources//img/Cuff/Cuff-Closeup-Lyr02-RdFrench-Inner.0147.png', 02);
insert into Category_Zoom (Category_Id, Zoom_Id) values (6, 10947);
insert into Zoom_Inventory_Attribute (Zoom_Id, Inventory_Attribute_Id) values (10947, 46);
-- Final Index and Final Name: inner--0147 Key: fabric0147
insert into Zoom_Inventory_Attribute (Zoom_Id, Inventory_Attribute_Id) values (10947, 198);
insert into Zoom (Id, Description, Layer) values (10948, 'resources//img/Cuff/Cuff-Closeup-Lyr02-RdFrench-Inner.0148.png', 02);
insert into Category_Zoom (Category_Id, Zoom_Id) values (6, 10948);
insert into Zoom_Inventory_Attribute (Zoom_Id, Inventory_Attribute_Id) values (10948, 46);
-- Final Index and Final Name: inner--0148 Key: fabric0148
insert into Zoom_Inventory_Attribute (Zoom_Id, Inventory_Attribute_Id) values (10948, 199);
insert into Zoom (Id, Description, Layer) values (10949, 'resources//img/Cuff/Cuff-Closeup-Lyr02-RdFrench-Inner.0149.png', 02);
insert into Category_Zoom (Category_Id, Zoom_Id) values (6, 10949);
insert into Zoom_Inventory_Attribute (Zoom_Id, Inventory_Attribute_Id) values (10949, 46);
-- Final Index and Final Name: inner--0149 Key: fabric0149
insert into Zoom_Inventory_Attribute (Zoom_Id, Inventory_Attribute_Id) values (10949, 200);
insert into Zoom (Id, Description, Layer) values (10950, 'resources//img/Cuff/Cuff-Closeup-Lyr02-RdFrench-Inner.0150.png', 02);
insert into Category_Zoom (Category_Id, Zoom_Id) values (6, 10950);
insert into Zoom_Inventory_Attribute (Zoom_Id, Inventory_Attribute_Id) values (10950, 46);
-- Final Index and Final Name: inner--0150 Key: fabric0150
insert into Zoom_Inventory_Attribute (Zoom_Id, Inventory_Attribute_Id) values (10950, 201);
insert into Zoom (Id, Description, Layer) values (10951, 'resources//img/Cuff/Cuff-Closeup-Lyr02-RdFrench-Inner.0151.png', 02);
insert into Category_Zoom (Category_Id, Zoom_Id) values (6, 10951);
insert into Zoom_Inventory_Attribute (Zoom_Id, Inventory_Attribute_Id) values (10951, 46);
-- Final Index and Final Name: inner--0151 Key: fabric0151
insert into Zoom_Inventory_Attribute (Zoom_Id, Inventory_Attribute_Id) values (10951, 202);
insert into Zoom (Id, Description, Layer) values (10952, 'resources//img/Cuff/Cuff-Closeup-Lyr02-RdFrench-Inner.0152.png', 02);
insert into Category_Zoom (Category_Id, Zoom_Id) values (6, 10952);
insert into Zoom_Inventory_Attribute (Zoom_Id, Inventory_Attribute_Id) values (10952, 46);
-- Final Index and Final Name: inner--0152 Key: fabric0152
insert into Zoom_Inventory_Attribute (Zoom_Id, Inventory_Attribute_Id) values (10952, 203);
insert into Zoom (Id, Description, Layer) values (10953, 'resources//img/Cuff/Cuff-Closeup-Lyr02-RdFrench-Inner.0153.png', 02);
insert into Category_Zoom (Category_Id, Zoom_Id) values (6, 10953);
insert into Zoom_Inventory_Attribute (Zoom_Id, Inventory_Attribute_Id) values (10953, 46);
-- Final Index and Final Name: inner--0153 Key: fabric0153
insert into Zoom_Inventory_Attribute (Zoom_Id, Inventory_Attribute_Id) values (10953, 204);
insert into Zoom (Id, Description, Layer) values (10954, 'resources//img/Cuff/Cuff-Closeup-Lyr02-RdFrench-Inner.0154.png', 02);
insert into Category_Zoom (Category_Id, Zoom_Id) values (6, 10954);
insert into Zoom_Inventory_Attribute (Zoom_Id, Inventory_Attribute_Id) values (10954, 46);
-- Final Index and Final Name: inner--0154 Key: fabric0154
insert into Zoom_Inventory_Attribute (Zoom_Id, Inventory_Attribute_Id) values (10954, 205);
insert into Zoom (Id, Description, Layer) values (10955, 'resources//img/Cuff/Cuff-Closeup-Lyr02-RdFrench-Inner.0155.png', 02);
insert into Category_Zoom (Category_Id, Zoom_Id) values (6, 10955);
insert into Zoom_Inventory_Attribute (Zoom_Id, Inventory_Attribute_Id) values (10955, 46);
-- Final Index and Final Name: inner--0155 Key: fabric0155
insert into Zoom_Inventory_Attribute (Zoom_Id, Inventory_Attribute_Id) values (10955, 206);
insert into Zoom (Id, Description, Layer) values (10956, 'resources//img/Cuff/Cuff-Closeup-Lyr02-RdNarrow-Inner.0001.png', 02);
insert into Category_Zoom (Category_Id, Zoom_Id) values (6, 10956);
insert into Zoom_Inventory_Attribute (Zoom_Id, Inventory_Attribute_Id) values (10956, 47);
-- Final Index and Final Name: inner--0001 Key: fabric0001
insert into Zoom_Inventory_Attribute (Zoom_Id, Inventory_Attribute_Id) values (10956, 52);
insert into Zoom (Id, Description, Layer) values (10957, 'resources//img/Cuff/Cuff-Closeup-Lyr02-RdNarrow-Inner.0002.png', 02);
insert into Category_Zoom (Category_Id, Zoom_Id) values (6, 10957);
insert into Zoom_Inventory_Attribute (Zoom_Id, Inventory_Attribute_Id) values (10957, 47);
-- Final Index and Final Name: inner--0002 Key: fabric0002
insert into Zoom_Inventory_Attribute (Zoom_Id, Inventory_Attribute_Id) values (10957, 53);
insert into Zoom (Id, Description, Layer) values (10958, 'resources//img/Cuff/Cuff-Closeup-Lyr02-RdNarrow-Inner.0003.png', 02);
insert into Category_Zoom (Category_Id, Zoom_Id) values (6, 10958);
insert into Zoom_Inventory_Attribute (Zoom_Id, Inventory_Attribute_Id) values (10958, 47);
-- Final Index and Final Name: inner--0003 Key: fabric0003
insert into Zoom_Inventory_Attribute (Zoom_Id, Inventory_Attribute_Id) values (10958, 54);
insert into Zoom (Id, Description, Layer) values (10959, 'resources//img/Cuff/Cuff-Closeup-Lyr02-RdNarrow-Inner.0004.png', 02);
insert into Category_Zoom (Category_Id, Zoom_Id) values (6, 10959);
insert into Zoom_Inventory_Attribute (Zoom_Id, Inventory_Attribute_Id) values (10959, 47);
-- Final Index and Final Name: inner--0004 Key: fabric0004
insert into Zoom_Inventory_Attribute (Zoom_Id, Inventory_Attribute_Id) values (10959, 55);
insert into Zoom (Id, Description, Layer) values (10960, 'resources//img/Cuff/Cuff-Closeup-Lyr02-RdNarrow-Inner.0005.png', 02);
insert into Category_Zoom (Category_Id, Zoom_Id) values (6, 10960);
insert into Zoom_Inventory_Attribute (Zoom_Id, Inventory_Attribute_Id) values (10960, 47);
-- Final Index and Final Name: inner--0005 Key: fabric0005
insert into Zoom_Inventory_Attribute (Zoom_Id, Inventory_Attribute_Id) values (10960, 56);
insert into Zoom (Id, Description, Layer) values (10961, 'resources//img/Cuff/Cuff-Closeup-Lyr02-RdNarrow-Inner.0006.png', 02);
insert into Category_Zoom (Category_Id, Zoom_Id) values (6, 10961);
insert into Zoom_Inventory_Attribute (Zoom_Id, Inventory_Attribute_Id) values (10961, 47);
-- Final Index and Final Name: inner--0006 Key: fabric0006
insert into Zoom_Inventory_Attribute (Zoom_Id, Inventory_Attribute_Id) values (10961, 57);
insert into Zoom (Id, Description, Layer) values (10962, 'resources//img/Cuff/Cuff-Closeup-Lyr02-RdNarrow-Inner.0007.png', 02);
insert into Category_Zoom (Category_Id, Zoom_Id) values (6, 10962);
insert into Zoom_Inventory_Attribute (Zoom_Id, Inventory_Attribute_Id) values (10962, 47);
-- Final Index and Final Name: inner--0007 Key: fabric0007
insert into Zoom_Inventory_Attribute (Zoom_Id, Inventory_Attribute_Id) values (10962, 58);
insert into Zoom (Id, Description, Layer) values (10963, 'resources//img/Cuff/Cuff-Closeup-Lyr02-RdNarrow-Inner.0008.png', 02);
insert into Category_Zoom (Category_Id, Zoom_Id) values (6, 10963);
insert into Zoom_Inventory_Attribute (Zoom_Id, Inventory_Attribute_Id) values (10963, 47);
-- Final Index and Final Name: inner--0008 Key: fabric0008
insert into Zoom_Inventory_Attribute (Zoom_Id, Inventory_Attribute_Id) values (10963, 59);
insert into Zoom (Id, Description, Layer) values (10964, 'resources//img/Cuff/Cuff-Closeup-Lyr02-RdNarrow-Inner.0009.png', 02);
insert into Category_Zoom (Category_Id, Zoom_Id) values (6, 10964);
insert into Zoom_Inventory_Attribute (Zoom_Id, Inventory_Attribute_Id) values (10964, 47);
-- Final Index and Final Name: inner--0009 Key: fabric0009
insert into Zoom_Inventory_Attribute (Zoom_Id, Inventory_Attribute_Id) values (10964, 60);
insert into Zoom (Id, Description, Layer) values (10965, 'resources//img/Cuff/Cuff-Closeup-Lyr02-RdNarrow-Inner.0010.png', 02);
insert into Category_Zoom (Category_Id, Zoom_Id) values (6, 10965);
insert into Zoom_Inventory_Attribute (Zoom_Id, Inventory_Attribute_Id) values (10965, 47);
-- Final Index and Final Name: inner--0010 Key: fabric0010
insert into Zoom_Inventory_Attribute (Zoom_Id, Inventory_Attribute_Id) values (10965, 61);
insert into Zoom (Id, Description, Layer) values (10966, 'resources//img/Cuff/Cuff-Closeup-Lyr02-RdNarrow-Inner.0011.png', 02);
insert into Category_Zoom (Category_Id, Zoom_Id) values (6, 10966);
insert into Zoom_Inventory_Attribute (Zoom_Id, Inventory_Attribute_Id) values (10966, 47);
-- Final Index and Final Name: inner--0011 Key: fabric0011
insert into Zoom_Inventory_Attribute (Zoom_Id, Inventory_Attribute_Id) values (10966, 62);
insert into Zoom (Id, Description, Layer) values (10967, 'resources//img/Cuff/Cuff-Closeup-Lyr02-RdNarrow-Inner.0012.png', 02);
insert into Category_Zoom (Category_Id, Zoom_Id) values (6, 10967);
insert into Zoom_Inventory_Attribute (Zoom_Id, Inventory_Attribute_Id) values (10967, 47);
-- Final Index and Final Name: inner--0012 Key: fabric0012
insert into Zoom_Inventory_Attribute (Zoom_Id, Inventory_Attribute_Id) values (10967, 63);
insert into Zoom (Id, Description, Layer) values (10968, 'resources//img/Cuff/Cuff-Closeup-Lyr02-RdNarrow-Inner.0013.png', 02);
insert into Category_Zoom (Category_Id, Zoom_Id) values (6, 10968);
insert into Zoom_Inventory_Attribute (Zoom_Id, Inventory_Attribute_Id) values (10968, 47);
-- Final Index and Final Name: inner--0013 Key: fabric0013
insert into Zoom_Inventory_Attribute (Zoom_Id, Inventory_Attribute_Id) values (10968, 64);
insert into Zoom (Id, Description, Layer) values (10969, 'resources//img/Cuff/Cuff-Closeup-Lyr02-RdNarrow-Inner.0014.png', 02);
insert into Category_Zoom (Category_Id, Zoom_Id) values (6, 10969);
insert into Zoom_Inventory_Attribute (Zoom_Id, Inventory_Attribute_Id) values (10969, 47);
-- Final Index and Final Name: inner--0014 Key: fabric0014
insert into Zoom_Inventory_Attribute (Zoom_Id, Inventory_Attribute_Id) values (10969, 65);
insert into Zoom (Id, Description, Layer) values (10970, 'resources//img/Cuff/Cuff-Closeup-Lyr02-RdNarrow-Inner.0015.png', 02);
insert into Category_Zoom (Category_Id, Zoom_Id) values (6, 10970);
insert into Zoom_Inventory_Attribute (Zoom_Id, Inventory_Attribute_Id) values (10970, 47);
-- Final Index and Final Name: inner--0015 Key: fabric0015
insert into Zoom_Inventory_Attribute (Zoom_Id, Inventory_Attribute_Id) values (10970, 66);
insert into Zoom (Id, Description, Layer) values (10971, 'resources//img/Cuff/Cuff-Closeup-Lyr02-RdNarrow-Inner.0016.png', 02);
insert into Category_Zoom (Category_Id, Zoom_Id) values (6, 10971);
insert into Zoom_Inventory_Attribute (Zoom_Id, Inventory_Attribute_Id) values (10971, 47);
-- Final Index and Final Name: inner--0016 Key: fabric0016
insert into Zoom_Inventory_Attribute (Zoom_Id, Inventory_Attribute_Id) values (10971, 67);
insert into Zoom (Id, Description, Layer) values (10972, 'resources//img/Cuff/Cuff-Closeup-Lyr02-RdNarrow-Inner.0017.png', 02);
insert into Category_Zoom (Category_Id, Zoom_Id) values (6, 10972);
insert into Zoom_Inventory_Attribute (Zoom_Id, Inventory_Attribute_Id) values (10972, 47);
-- Final Index and Final Name: inner--0017 Key: fabric0017
insert into Zoom_Inventory_Attribute (Zoom_Id, Inventory_Attribute_Id) values (10972, 68);
insert into Zoom (Id, Description, Layer) values (10973, 'resources//img/Cuff/Cuff-Closeup-Lyr02-RdNarrow-Inner.0018.png', 02);
insert into Category_Zoom (Category_Id, Zoom_Id) values (6, 10973);
insert into Zoom_Inventory_Attribute (Zoom_Id, Inventory_Attribute_Id) values (10973, 47);
-- Final Index and Final Name: inner--0018 Key: fabric0018
insert into Zoom_Inventory_Attribute (Zoom_Id, Inventory_Attribute_Id) values (10973, 69);
insert into Zoom (Id, Description, Layer) values (10974, 'resources//img/Cuff/Cuff-Closeup-Lyr02-RdNarrow-Inner.0019.png', 02);
insert into Category_Zoom (Category_Id, Zoom_Id) values (6, 10974);
insert into Zoom_Inventory_Attribute (Zoom_Id, Inventory_Attribute_Id) values (10974, 47);
-- Final Index and Final Name: inner--0019 Key: fabric0019
insert into Zoom_Inventory_Attribute (Zoom_Id, Inventory_Attribute_Id) values (10974, 70);
insert into Zoom (Id, Description, Layer) values (10975, 'resources//img/Cuff/Cuff-Closeup-Lyr02-RdNarrow-Inner.0020.png', 02);
insert into Category_Zoom (Category_Id, Zoom_Id) values (6, 10975);
insert into Zoom_Inventory_Attribute (Zoom_Id, Inventory_Attribute_Id) values (10975, 47);
-- Final Index and Final Name: inner--0020 Key: fabric0020
insert into Zoom_Inventory_Attribute (Zoom_Id, Inventory_Attribute_Id) values (10975, 71);
insert into Zoom (Id, Description, Layer) values (10976, 'resources//img/Cuff/Cuff-Closeup-Lyr02-RdNarrow-Inner.0021.png', 02);
insert into Category_Zoom (Category_Id, Zoom_Id) values (6, 10976);
insert into Zoom_Inventory_Attribute (Zoom_Id, Inventory_Attribute_Id) values (10976, 47);
-- Final Index and Final Name: inner--0021 Key: fabric0021
insert into Zoom_Inventory_Attribute (Zoom_Id, Inventory_Attribute_Id) values (10976, 72);
insert into Zoom (Id, Description, Layer) values (10977, 'resources//img/Cuff/Cuff-Closeup-Lyr02-RdNarrow-Inner.0022.png', 02);
insert into Category_Zoom (Category_Id, Zoom_Id) values (6, 10977);
insert into Zoom_Inventory_Attribute (Zoom_Id, Inventory_Attribute_Id) values (10977, 47);
-- Final Index and Final Name: inner--0022 Key: fabric0022
insert into Zoom_Inventory_Attribute (Zoom_Id, Inventory_Attribute_Id) values (10977, 73);
insert into Zoom (Id, Description, Layer) values (10978, 'resources//img/Cuff/Cuff-Closeup-Lyr02-RdNarrow-Inner.0023.png', 02);
insert into Category_Zoom (Category_Id, Zoom_Id) values (6, 10978);
insert into Zoom_Inventory_Attribute (Zoom_Id, Inventory_Attribute_Id) values (10978, 47);
-- Final Index and Final Name: inner--0023 Key: fabric0023
insert into Zoom_Inventory_Attribute (Zoom_Id, Inventory_Attribute_Id) values (10978, 74);
insert into Zoom (Id, Description, Layer) values (10979, 'resources//img/Cuff/Cuff-Closeup-Lyr02-RdNarrow-Inner.0024.png', 02);
insert into Category_Zoom (Category_Id, Zoom_Id) values (6, 10979);
insert into Zoom_Inventory_Attribute (Zoom_Id, Inventory_Attribute_Id) values (10979, 47);
-- Final Index and Final Name: inner--0024 Key: fabric0024
insert into Zoom_Inventory_Attribute (Zoom_Id, Inventory_Attribute_Id) values (10979, 75);
insert into Zoom (Id, Description, Layer) values (10980, 'resources//img/Cuff/Cuff-Closeup-Lyr02-RdNarrow-Inner.0025.png', 02);
insert into Category_Zoom (Category_Id, Zoom_Id) values (6, 10980);
insert into Zoom_Inventory_Attribute (Zoom_Id, Inventory_Attribute_Id) values (10980, 47);
-- Final Index and Final Name: inner--0025 Key: fabric0025
insert into Zoom_Inventory_Attribute (Zoom_Id, Inventory_Attribute_Id) values (10980, 76);
insert into Zoom (Id, Description, Layer) values (10981, 'resources//img/Cuff/Cuff-Closeup-Lyr02-RdNarrow-Inner.0026.png', 02);
insert into Category_Zoom (Category_Id, Zoom_Id) values (6, 10981);
insert into Zoom_Inventory_Attribute (Zoom_Id, Inventory_Attribute_Id) values (10981, 47);
-- Final Index and Final Name: inner--0026 Key: fabric0026
insert into Zoom_Inventory_Attribute (Zoom_Id, Inventory_Attribute_Id) values (10981, 77);
insert into Zoom (Id, Description, Layer) values (10982, 'resources//img/Cuff/Cuff-Closeup-Lyr02-RdNarrow-Inner.0027.png', 02);
insert into Category_Zoom (Category_Id, Zoom_Id) values (6, 10982);
insert into Zoom_Inventory_Attribute (Zoom_Id, Inventory_Attribute_Id) values (10982, 47);
-- Final Index and Final Name: inner--0027 Key: fabric0027
insert into Zoom_Inventory_Attribute (Zoom_Id, Inventory_Attribute_Id) values (10982, 78);
insert into Zoom (Id, Description, Layer) values (10983, 'resources//img/Cuff/Cuff-Closeup-Lyr02-RdNarrow-Inner.0028.png', 02);
insert into Category_Zoom (Category_Id, Zoom_Id) values (6, 10983);
insert into Zoom_Inventory_Attribute (Zoom_Id, Inventory_Attribute_Id) values (10983, 47);
-- Final Index and Final Name: inner--0028 Key: fabric0028
insert into Zoom_Inventory_Attribute (Zoom_Id, Inventory_Attribute_Id) values (10983, 79);
insert into Zoom (Id, Description, Layer) values (10984, 'resources//img/Cuff/Cuff-Closeup-Lyr02-RdNarrow-Inner.0029.png', 02);
insert into Category_Zoom (Category_Id, Zoom_Id) values (6, 10984);
insert into Zoom_Inventory_Attribute (Zoom_Id, Inventory_Attribute_Id) values (10984, 47);
-- Final Index and Final Name: inner--0029 Key: fabric0029
insert into Zoom_Inventory_Attribute (Zoom_Id, Inventory_Attribute_Id) values (10984, 80);
insert into Zoom (Id, Description, Layer) values (10985, 'resources//img/Cuff/Cuff-Closeup-Lyr02-RdNarrow-Inner.0030.png', 02);
insert into Category_Zoom (Category_Id, Zoom_Id) values (6, 10985);
insert into Zoom_Inventory_Attribute (Zoom_Id, Inventory_Attribute_Id) values (10985, 47);
-- Final Index and Final Name: inner--0030 Key: fabric0030
insert into Zoom_Inventory_Attribute (Zoom_Id, Inventory_Attribute_Id) values (10985, 81);
insert into Zoom (Id, Description, Layer) values (10986, 'resources//img/Cuff/Cuff-Closeup-Lyr02-RdNarrow-Inner.0031.png', 02);
insert into Category_Zoom (Category_Id, Zoom_Id) values (6, 10986);
insert into Zoom_Inventory_Attribute (Zoom_Id, Inventory_Attribute_Id) values (10986, 47);
-- Final Index and Final Name: inner--0031 Key: fabric0031
insert into Zoom_Inventory_Attribute (Zoom_Id, Inventory_Attribute_Id) values (10986, 82);
insert into Zoom (Id, Description, Layer) values (10987, 'resources//img/Cuff/Cuff-Closeup-Lyr02-RdNarrow-Inner.0032.png', 02);
insert into Category_Zoom (Category_Id, Zoom_Id) values (6, 10987);
insert into Zoom_Inventory_Attribute (Zoom_Id, Inventory_Attribute_Id) values (10987, 47);
-- Final Index and Final Name: inner--0032 Key: fabric0032
insert into Zoom_Inventory_Attribute (Zoom_Id, Inventory_Attribute_Id) values (10987, 83);
insert into Zoom (Id, Description, Layer) values (10988, 'resources//img/Cuff/Cuff-Closeup-Lyr02-RdNarrow-Inner.0033.png', 02);
insert into Category_Zoom (Category_Id, Zoom_Id) values (6, 10988);
insert into Zoom_Inventory_Attribute (Zoom_Id, Inventory_Attribute_Id) values (10988, 47);
-- Final Index and Final Name: inner--0033 Key: fabric0033
insert into Zoom_Inventory_Attribute (Zoom_Id, Inventory_Attribute_Id) values (10988, 84);
insert into Zoom (Id, Description, Layer) values (10989, 'resources//img/Cuff/Cuff-Closeup-Lyr02-RdNarrow-Inner.0034.png', 02);
insert into Category_Zoom (Category_Id, Zoom_Id) values (6, 10989);
insert into Zoom_Inventory_Attribute (Zoom_Id, Inventory_Attribute_Id) values (10989, 47);
-- Final Index and Final Name: inner--0034 Key: fabric0034
insert into Zoom_Inventory_Attribute (Zoom_Id, Inventory_Attribute_Id) values (10989, 85);
insert into Zoom (Id, Description, Layer) values (10990, 'resources//img/Cuff/Cuff-Closeup-Lyr02-RdNarrow-Inner.0035.png', 02);
insert into Category_Zoom (Category_Id, Zoom_Id) values (6, 10990);
insert into Zoom_Inventory_Attribute (Zoom_Id, Inventory_Attribute_Id) values (10990, 47);
-- Final Index and Final Name: inner--0035 Key: fabric0035
insert into Zoom_Inventory_Attribute (Zoom_Id, Inventory_Attribute_Id) values (10990, 86);
insert into Zoom (Id, Description, Layer) values (10991, 'resources//img/Cuff/Cuff-Closeup-Lyr02-RdNarrow-Inner.0036.png', 02);
insert into Category_Zoom (Category_Id, Zoom_Id) values (6, 10991);
insert into Zoom_Inventory_Attribute (Zoom_Id, Inventory_Attribute_Id) values (10991, 47);
-- Final Index and Final Name: inner--0036 Key: fabric0036
insert into Zoom_Inventory_Attribute (Zoom_Id, Inventory_Attribute_Id) values (10991, 87);
insert into Zoom (Id, Description, Layer) values (10992, 'resources//img/Cuff/Cuff-Closeup-Lyr02-RdNarrow-Inner.0037.png', 02);
insert into Category_Zoom (Category_Id, Zoom_Id) values (6, 10992);
insert into Zoom_Inventory_Attribute (Zoom_Id, Inventory_Attribute_Id) values (10992, 47);
-- Final Index and Final Name: inner--0037 Key: fabric0037
insert into Zoom_Inventory_Attribute (Zoom_Id, Inventory_Attribute_Id) values (10992, 88);
insert into Zoom (Id, Description, Layer) values (10993, 'resources//img/Cuff/Cuff-Closeup-Lyr02-RdNarrow-Inner.0038.png', 02);
insert into Category_Zoom (Category_Id, Zoom_Id) values (6, 10993);
insert into Zoom_Inventory_Attribute (Zoom_Id, Inventory_Attribute_Id) values (10993, 47);
-- Final Index and Final Name: inner--0038 Key: fabric0038
insert into Zoom_Inventory_Attribute (Zoom_Id, Inventory_Attribute_Id) values (10993, 89);
insert into Zoom (Id, Description, Layer) values (10994, 'resources//img/Cuff/Cuff-Closeup-Lyr02-RdNarrow-Inner.0039.png', 02);
insert into Category_Zoom (Category_Id, Zoom_Id) values (6, 10994);
insert into Zoom_Inventory_Attribute (Zoom_Id, Inventory_Attribute_Id) values (10994, 47);
-- Final Index and Final Name: inner--0039 Key: fabric0039
insert into Zoom_Inventory_Attribute (Zoom_Id, Inventory_Attribute_Id) values (10994, 90);
insert into Zoom (Id, Description, Layer) values (10995, 'resources//img/Cuff/Cuff-Closeup-Lyr02-RdNarrow-Inner.0040.png', 02);
insert into Category_Zoom (Category_Id, Zoom_Id) values (6, 10995);
insert into Zoom_Inventory_Attribute (Zoom_Id, Inventory_Attribute_Id) values (10995, 47);
-- Final Index and Final Name: inner--0040 Key: fabric0040
insert into Zoom_Inventory_Attribute (Zoom_Id, Inventory_Attribute_Id) values (10995, 91);
insert into Zoom (Id, Description, Layer) values (10996, 'resources//img/Cuff/Cuff-Closeup-Lyr02-RdNarrow-Inner.0041.png', 02);
insert into Category_Zoom (Category_Id, Zoom_Id) values (6, 10996);
insert into Zoom_Inventory_Attribute (Zoom_Id, Inventory_Attribute_Id) values (10996, 47);
-- Final Index and Final Name: inner--0041 Key: fabric0041
insert into Zoom_Inventory_Attribute (Zoom_Id, Inventory_Attribute_Id) values (10996, 92);
insert into Zoom (Id, Description, Layer) values (10997, 'resources//img/Cuff/Cuff-Closeup-Lyr02-RdNarrow-Inner.0042.png', 02);
insert into Category_Zoom (Category_Id, Zoom_Id) values (6, 10997);
insert into Zoom_Inventory_Attribute (Zoom_Id, Inventory_Attribute_Id) values (10997, 47);
-- Final Index and Final Name: inner--0042 Key: fabric0042
insert into Zoom_Inventory_Attribute (Zoom_Id, Inventory_Attribute_Id) values (10997, 93);
insert into Zoom (Id, Description, Layer) values (10998, 'resources//img/Cuff/Cuff-Closeup-Lyr02-RdNarrow-Inner.0043.png', 02);
insert into Category_Zoom (Category_Id, Zoom_Id) values (6, 10998);
insert into Zoom_Inventory_Attribute (Zoom_Id, Inventory_Attribute_Id) values (10998, 47);
-- Final Index and Final Name: inner--0043 Key: fabric0043
insert into Zoom_Inventory_Attribute (Zoom_Id, Inventory_Attribute_Id) values (10998, 94);
insert into Zoom (Id, Description, Layer) values (10999, 'resources//img/Cuff/Cuff-Closeup-Lyr02-RdNarrow-Inner.0044.png', 02);
insert into Category_Zoom (Category_Id, Zoom_Id) values (6, 10999);
insert into Zoom_Inventory_Attribute (Zoom_Id, Inventory_Attribute_Id) values (10999, 47);
-- Final Index and Final Name: inner--0044 Key: fabric0044
insert into Zoom_Inventory_Attribute (Zoom_Id, Inventory_Attribute_Id) values (10999, 95);
insert into Zoom (Id, Description, Layer) values (11000, 'resources//img/Cuff/Cuff-Closeup-Lyr02-RdNarrow-Inner.0045.png', 02);
insert into Category_Zoom (Category_Id, Zoom_Id) values (6, 11000);
insert into Zoom_Inventory_Attribute (Zoom_Id, Inventory_Attribute_Id) values (11000, 47);
-- Final Index and Final Name: inner--0045 Key: fabric0045
insert into Zoom_Inventory_Attribute (Zoom_Id, Inventory_Attribute_Id) values (11000, 96);
insert into Zoom (Id, Description, Layer) values (11001, 'resources//img/Cuff/Cuff-Closeup-Lyr02-RdNarrow-Inner.0046.png', 02);
insert into Category_Zoom (Category_Id, Zoom_Id) values (6, 11001);
insert into Zoom_Inventory_Attribute (Zoom_Id, Inventory_Attribute_Id) values (11001, 47);
-- Final Index and Final Name: inner--0046 Key: fabric0046
insert into Zoom_Inventory_Attribute (Zoom_Id, Inventory_Attribute_Id) values (11001, 97);
insert into Zoom (Id, Description, Layer) values (11002, 'resources//img/Cuff/Cuff-Closeup-Lyr02-RdNarrow-Inner.0047.png', 02);
insert into Category_Zoom (Category_Id, Zoom_Id) values (6, 11002);
insert into Zoom_Inventory_Attribute (Zoom_Id, Inventory_Attribute_Id) values (11002, 47);
-- Final Index and Final Name: inner--0047 Key: fabric0047
insert into Zoom_Inventory_Attribute (Zoom_Id, Inventory_Attribute_Id) values (11002, 98);
insert into Zoom (Id, Description, Layer) values (11003, 'resources//img/Cuff/Cuff-Closeup-Lyr02-RdNarrow-Inner.0048.png', 02);
insert into Category_Zoom (Category_Id, Zoom_Id) values (6, 11003);
insert into Zoom_Inventory_Attribute (Zoom_Id, Inventory_Attribute_Id) values (11003, 47);
-- Final Index and Final Name: inner--0048 Key: fabric0048
insert into Zoom_Inventory_Attribute (Zoom_Id, Inventory_Attribute_Id) values (11003, 99);
insert into Zoom (Id, Description, Layer) values (11004, 'resources//img/Cuff/Cuff-Closeup-Lyr02-RdNarrow-Inner.0049.png', 02);
insert into Category_Zoom (Category_Id, Zoom_Id) values (6, 11004);
insert into Zoom_Inventory_Attribute (Zoom_Id, Inventory_Attribute_Id) values (11004, 47);
-- Final Index and Final Name: inner--0049 Key: fabric0049
insert into Zoom_Inventory_Attribute (Zoom_Id, Inventory_Attribute_Id) values (11004, 100);
insert into Zoom (Id, Description, Layer) values (11005, 'resources//img/Cuff/Cuff-Closeup-Lyr02-RdNarrow-Inner.0050.png', 02);
insert into Category_Zoom (Category_Id, Zoom_Id) values (6, 11005);
insert into Zoom_Inventory_Attribute (Zoom_Id, Inventory_Attribute_Id) values (11005, 47);
-- Final Index and Final Name: inner--0050 Key: fabric0050
insert into Zoom_Inventory_Attribute (Zoom_Id, Inventory_Attribute_Id) values (11005, 101);
insert into Zoom (Id, Description, Layer) values (11006, 'resources//img/Cuff/Cuff-Closeup-Lyr02-RdNarrow-Inner.0051.png', 02);
insert into Category_Zoom (Category_Id, Zoom_Id) values (6, 11006);
insert into Zoom_Inventory_Attribute (Zoom_Id, Inventory_Attribute_Id) values (11006, 47);
-- Final Index and Final Name: inner--0051 Key: fabric0051
insert into Zoom_Inventory_Attribute (Zoom_Id, Inventory_Attribute_Id) values (11006, 102);
insert into Zoom (Id, Description, Layer) values (11007, 'resources//img/Cuff/Cuff-Closeup-Lyr02-RdNarrow-Inner.0052.png', 02);
insert into Category_Zoom (Category_Id, Zoom_Id) values (6, 11007);
insert into Zoom_Inventory_Attribute (Zoom_Id, Inventory_Attribute_Id) values (11007, 47);
-- Final Index and Final Name: inner--0052 Key: fabric0052
insert into Zoom_Inventory_Attribute (Zoom_Id, Inventory_Attribute_Id) values (11007, 103);
insert into Zoom (Id, Description, Layer) values (11008, 'resources//img/Cuff/Cuff-Closeup-Lyr02-RdNarrow-Inner.0053.png', 02);
insert into Category_Zoom (Category_Id, Zoom_Id) values (6, 11008);
insert into Zoom_Inventory_Attribute (Zoom_Id, Inventory_Attribute_Id) values (11008, 47);
-- Final Index and Final Name: inner--0053 Key: fabric0053
insert into Zoom_Inventory_Attribute (Zoom_Id, Inventory_Attribute_Id) values (11008, 104);
insert into Zoom (Id, Description, Layer) values (11009, 'resources//img/Cuff/Cuff-Closeup-Lyr02-RdNarrow-Inner.0054.png', 02);
insert into Category_Zoom (Category_Id, Zoom_Id) values (6, 11009);
insert into Zoom_Inventory_Attribute (Zoom_Id, Inventory_Attribute_Id) values (11009, 47);
-- Final Index and Final Name: inner--0054 Key: fabric0054
insert into Zoom_Inventory_Attribute (Zoom_Id, Inventory_Attribute_Id) values (11009, 105);
insert into Zoom (Id, Description, Layer) values (11010, 'resources//img/Cuff/Cuff-Closeup-Lyr02-RdNarrow-Inner.0055.png', 02);
insert into Category_Zoom (Category_Id, Zoom_Id) values (6, 11010);
insert into Zoom_Inventory_Attribute (Zoom_Id, Inventory_Attribute_Id) values (11010, 47);
-- Final Index and Final Name: inner--0055 Key: fabric0055
insert into Zoom_Inventory_Attribute (Zoom_Id, Inventory_Attribute_Id) values (11010, 106);
insert into Zoom (Id, Description, Layer) values (11011, 'resources//img/Cuff/Cuff-Closeup-Lyr02-RdNarrow-Inner.0056.png', 02);
insert into Category_Zoom (Category_Id, Zoom_Id) values (6, 11011);
insert into Zoom_Inventory_Attribute (Zoom_Id, Inventory_Attribute_Id) values (11011, 47);
-- Final Index and Final Name: inner--0056 Key: fabric0056
insert into Zoom_Inventory_Attribute (Zoom_Id, Inventory_Attribute_Id) values (11011, 107);
insert into Zoom (Id, Description, Layer) values (11012, 'resources//img/Cuff/Cuff-Closeup-Lyr02-RdNarrow-Inner.0057.png', 02);
insert into Category_Zoom (Category_Id, Zoom_Id) values (6, 11012);
insert into Zoom_Inventory_Attribute (Zoom_Id, Inventory_Attribute_Id) values (11012, 47);
-- Final Index and Final Name: inner--0057 Key: fabric0057
insert into Zoom_Inventory_Attribute (Zoom_Id, Inventory_Attribute_Id) values (11012, 108);
insert into Zoom (Id, Description, Layer) values (11013, 'resources//img/Cuff/Cuff-Closeup-Lyr02-RdNarrow-Inner.0058.png', 02);
insert into Category_Zoom (Category_Id, Zoom_Id) values (6, 11013);
insert into Zoom_Inventory_Attribute (Zoom_Id, Inventory_Attribute_Id) values (11013, 47);
-- Final Index and Final Name: inner--0058 Key: fabric0058
insert into Zoom_Inventory_Attribute (Zoom_Id, Inventory_Attribute_Id) values (11013, 109);
insert into Zoom (Id, Description, Layer) values (11014, 'resources//img/Cuff/Cuff-Closeup-Lyr02-RdNarrow-Inner.0059.png', 02);
insert into Category_Zoom (Category_Id, Zoom_Id) values (6, 11014);
insert into Zoom_Inventory_Attribute (Zoom_Id, Inventory_Attribute_Id) values (11014, 47);
-- Final Index and Final Name: inner--0059 Key: fabric0059
insert into Zoom_Inventory_Attribute (Zoom_Id, Inventory_Attribute_Id) values (11014, 110);
insert into Zoom (Id, Description, Layer) values (11015, 'resources//img/Cuff/Cuff-Closeup-Lyr02-RdNarrow-Inner.0060.png', 02);
insert into Category_Zoom (Category_Id, Zoom_Id) values (6, 11015);
insert into Zoom_Inventory_Attribute (Zoom_Id, Inventory_Attribute_Id) values (11015, 47);
-- Final Index and Final Name: inner--0060 Key: fabric0060
insert into Zoom_Inventory_Attribute (Zoom_Id, Inventory_Attribute_Id) values (11015, 111);
insert into Zoom (Id, Description, Layer) values (11016, 'resources//img/Cuff/Cuff-Closeup-Lyr02-RdNarrow-Inner.0061.png', 02);
insert into Category_Zoom (Category_Id, Zoom_Id) values (6, 11016);
insert into Zoom_Inventory_Attribute (Zoom_Id, Inventory_Attribute_Id) values (11016, 47);
-- Final Index and Final Name: inner--0061 Key: fabric0061
insert into Zoom_Inventory_Attribute (Zoom_Id, Inventory_Attribute_Id) values (11016, 112);
insert into Zoom (Id, Description, Layer) values (11017, 'resources//img/Cuff/Cuff-Closeup-Lyr02-RdNarrow-Inner.0062.png', 02);
insert into Category_Zoom (Category_Id, Zoom_Id) values (6, 11017);
insert into Zoom_Inventory_Attribute (Zoom_Id, Inventory_Attribute_Id) values (11017, 47);
-- Final Index and Final Name: inner--0062 Key: fabric0062
insert into Zoom_Inventory_Attribute (Zoom_Id, Inventory_Attribute_Id) values (11017, 113);
insert into Zoom (Id, Description, Layer) values (11018, 'resources//img/Cuff/Cuff-Closeup-Lyr02-RdNarrow-Inner.0063.png', 02);
insert into Category_Zoom (Category_Id, Zoom_Id) values (6, 11018);
insert into Zoom_Inventory_Attribute (Zoom_Id, Inventory_Attribute_Id) values (11018, 47);
-- Final Index and Final Name: inner--0063 Key: fabric0063
insert into Zoom_Inventory_Attribute (Zoom_Id, Inventory_Attribute_Id) values (11018, 114);
insert into Zoom (Id, Description, Layer) values (11019, 'resources//img/Cuff/Cuff-Closeup-Lyr02-RdNarrow-Inner.0064.png', 02);
insert into Category_Zoom (Category_Id, Zoom_Id) values (6, 11019);
insert into Zoom_Inventory_Attribute (Zoom_Id, Inventory_Attribute_Id) values (11019, 47);
-- Final Index and Final Name: inner--0064 Key: fabric0064
insert into Zoom_Inventory_Attribute (Zoom_Id, Inventory_Attribute_Id) values (11019, 115);
insert into Zoom (Id, Description, Layer) values (11020, 'resources//img/Cuff/Cuff-Closeup-Lyr02-RdNarrow-Inner.0065.png', 02);
insert into Category_Zoom (Category_Id, Zoom_Id) values (6, 11020);
insert into Zoom_Inventory_Attribute (Zoom_Id, Inventory_Attribute_Id) values (11020, 47);
-- Final Index and Final Name: inner--0065 Key: fabric0065
insert into Zoom_Inventory_Attribute (Zoom_Id, Inventory_Attribute_Id) values (11020, 116);
insert into Zoom (Id, Description, Layer) values (11021, 'resources//img/Cuff/Cuff-Closeup-Lyr02-RdNarrow-Inner.0066.png', 02);
insert into Category_Zoom (Category_Id, Zoom_Id) values (6, 11021);
insert into Zoom_Inventory_Attribute (Zoom_Id, Inventory_Attribute_Id) values (11021, 47);
-- Final Index and Final Name: inner--0066 Key: fabric0066
insert into Zoom_Inventory_Attribute (Zoom_Id, Inventory_Attribute_Id) values (11021, 117);
insert into Zoom (Id, Description, Layer) values (11022, 'resources//img/Cuff/Cuff-Closeup-Lyr02-RdNarrow-Inner.0067.png', 02);
insert into Category_Zoom (Category_Id, Zoom_Id) values (6, 11022);
insert into Zoom_Inventory_Attribute (Zoom_Id, Inventory_Attribute_Id) values (11022, 47);
-- Final Index and Final Name: inner--0067 Key: fabric0067
insert into Zoom_Inventory_Attribute (Zoom_Id, Inventory_Attribute_Id) values (11022, 118);
insert into Zoom (Id, Description, Layer) values (11023, 'resources//img/Cuff/Cuff-Closeup-Lyr02-RdNarrow-Inner.0068.png', 02);
insert into Category_Zoom (Category_Id, Zoom_Id) values (6, 11023);
insert into Zoom_Inventory_Attribute (Zoom_Id, Inventory_Attribute_Id) values (11023, 47);
-- Final Index and Final Name: inner--0068 Key: fabric0068
insert into Zoom_Inventory_Attribute (Zoom_Id, Inventory_Attribute_Id) values (11023, 119);
insert into Zoom (Id, Description, Layer) values (11024, 'resources//img/Cuff/Cuff-Closeup-Lyr02-RdNarrow-Inner.0069.png', 02);
insert into Category_Zoom (Category_Id, Zoom_Id) values (6, 11024);
insert into Zoom_Inventory_Attribute (Zoom_Id, Inventory_Attribute_Id) values (11024, 47);
-- Final Index and Final Name: inner--0069 Key: fabric0069
insert into Zoom_Inventory_Attribute (Zoom_Id, Inventory_Attribute_Id) values (11024, 120);
insert into Zoom (Id, Description, Layer) values (11025, 'resources//img/Cuff/Cuff-Closeup-Lyr02-RdNarrow-Inner.0070.png', 02);
insert into Category_Zoom (Category_Id, Zoom_Id) values (6, 11025);
insert into Zoom_Inventory_Attribute (Zoom_Id, Inventory_Attribute_Id) values (11025, 47);
-- Final Index and Final Name: inner--0070 Key: fabric0070
insert into Zoom_Inventory_Attribute (Zoom_Id, Inventory_Attribute_Id) values (11025, 121);
insert into Zoom (Id, Description, Layer) values (11026, 'resources//img/Cuff/Cuff-Closeup-Lyr02-RdNarrow-Inner.0071.png', 02);
insert into Category_Zoom (Category_Id, Zoom_Id) values (6, 11026);
insert into Zoom_Inventory_Attribute (Zoom_Id, Inventory_Attribute_Id) values (11026, 47);
-- Final Index and Final Name: inner--0071 Key: fabric0071
insert into Zoom_Inventory_Attribute (Zoom_Id, Inventory_Attribute_Id) values (11026, 122);
insert into Zoom (Id, Description, Layer) values (11027, 'resources//img/Cuff/Cuff-Closeup-Lyr02-RdNarrow-Inner.0072.png', 02);
insert into Category_Zoom (Category_Id, Zoom_Id) values (6, 11027);
insert into Zoom_Inventory_Attribute (Zoom_Id, Inventory_Attribute_Id) values (11027, 47);
-- Final Index and Final Name: inner--0072 Key: fabric0072
insert into Zoom_Inventory_Attribute (Zoom_Id, Inventory_Attribute_Id) values (11027, 123);
insert into Zoom (Id, Description, Layer) values (11028, 'resources//img/Cuff/Cuff-Closeup-Lyr02-RdNarrow-Inner.0073.png', 02);
insert into Category_Zoom (Category_Id, Zoom_Id) values (6, 11028);
insert into Zoom_Inventory_Attribute (Zoom_Id, Inventory_Attribute_Id) values (11028, 47);
-- Final Index and Final Name: inner--0073 Key: fabric0073
insert into Zoom_Inventory_Attribute (Zoom_Id, Inventory_Attribute_Id) values (11028, 124);
insert into Zoom (Id, Description, Layer) values (11029, 'resources//img/Cuff/Cuff-Closeup-Lyr02-RdNarrow-Inner.0074.png', 02);
insert into Category_Zoom (Category_Id, Zoom_Id) values (6, 11029);
insert into Zoom_Inventory_Attribute (Zoom_Id, Inventory_Attribute_Id) values (11029, 47);
-- Final Index and Final Name: inner--0074 Key: fabric0074
insert into Zoom_Inventory_Attribute (Zoom_Id, Inventory_Attribute_Id) values (11029, 125);
insert into Zoom (Id, Description, Layer) values (11030, 'resources//img/Cuff/Cuff-Closeup-Lyr02-RdNarrow-Inner.0075.png', 02);
insert into Category_Zoom (Category_Id, Zoom_Id) values (6, 11030);
insert into Zoom_Inventory_Attribute (Zoom_Id, Inventory_Attribute_Id) values (11030, 47);
-- Final Index and Final Name: inner--0075 Key: fabric0075
insert into Zoom_Inventory_Attribute (Zoom_Id, Inventory_Attribute_Id) values (11030, 126);
insert into Zoom (Id, Description, Layer) values (11031, 'resources//img/Cuff/Cuff-Closeup-Lyr02-RdNarrow-Inner.0076.png', 02);
insert into Category_Zoom (Category_Id, Zoom_Id) values (6, 11031);
insert into Zoom_Inventory_Attribute (Zoom_Id, Inventory_Attribute_Id) values (11031, 47);
-- Final Index and Final Name: inner--0076 Key: fabric0076
insert into Zoom_Inventory_Attribute (Zoom_Id, Inventory_Attribute_Id) values (11031, 127);
insert into Zoom (Id, Description, Layer) values (11032, 'resources//img/Cuff/Cuff-Closeup-Lyr02-RdNarrow-Inner.0077.png', 02);
insert into Category_Zoom (Category_Id, Zoom_Id) values (6, 11032);
insert into Zoom_Inventory_Attribute (Zoom_Id, Inventory_Attribute_Id) values (11032, 47);
-- Final Index and Final Name: inner--0077 Key: fabric0077
insert into Zoom_Inventory_Attribute (Zoom_Id, Inventory_Attribute_Id) values (11032, 128);
insert into Zoom (Id, Description, Layer) values (11033, 'resources//img/Cuff/Cuff-Closeup-Lyr02-RdNarrow-Inner.0078.png', 02);
insert into Category_Zoom (Category_Id, Zoom_Id) values (6, 11033);
insert into Zoom_Inventory_Attribute (Zoom_Id, Inventory_Attribute_Id) values (11033, 47);
-- Final Index and Final Name: inner--0078 Key: fabric0078
insert into Zoom_Inventory_Attribute (Zoom_Id, Inventory_Attribute_Id) values (11033, 129);
insert into Zoom (Id, Description, Layer) values (11034, 'resources//img/Cuff/Cuff-Closeup-Lyr02-RdNarrow-Inner.0079.png', 02);
insert into Category_Zoom (Category_Id, Zoom_Id) values (6, 11034);
insert into Zoom_Inventory_Attribute (Zoom_Id, Inventory_Attribute_Id) values (11034, 47);
-- Final Index and Final Name: inner--0079 Key: fabric0079
insert into Zoom_Inventory_Attribute (Zoom_Id, Inventory_Attribute_Id) values (11034, 130);
insert into Zoom (Id, Description, Layer) values (11035, 'resources//img/Cuff/Cuff-Closeup-Lyr02-RdNarrow-Inner.0080.png', 02);
insert into Category_Zoom (Category_Id, Zoom_Id) values (6, 11035);
insert into Zoom_Inventory_Attribute (Zoom_Id, Inventory_Attribute_Id) values (11035, 47);
-- Final Index and Final Name: inner--0080 Key: fabric0080
insert into Zoom_Inventory_Attribute (Zoom_Id, Inventory_Attribute_Id) values (11035, 131);
insert into Zoom (Id, Description, Layer) values (11036, 'resources//img/Cuff/Cuff-Closeup-Lyr02-RdNarrow-Inner.0081.png', 02);
insert into Category_Zoom (Category_Id, Zoom_Id) values (6, 11036);
insert into Zoom_Inventory_Attribute (Zoom_Id, Inventory_Attribute_Id) values (11036, 47);
-- Final Index and Final Name: inner--0081 Key: fabric0081
insert into Zoom_Inventory_Attribute (Zoom_Id, Inventory_Attribute_Id) values (11036, 132);
insert into Zoom (Id, Description, Layer) values (11037, 'resources//img/Cuff/Cuff-Closeup-Lyr02-RdNarrow-Inner.0082.png', 02);
insert into Category_Zoom (Category_Id, Zoom_Id) values (6, 11037);
insert into Zoom_Inventory_Attribute (Zoom_Id, Inventory_Attribute_Id) values (11037, 47);
-- Final Index and Final Name: inner--0082 Key: fabric0082
insert into Zoom_Inventory_Attribute (Zoom_Id, Inventory_Attribute_Id) values (11037, 133);
insert into Zoom (Id, Description, Layer) values (11038, 'resources//img/Cuff/Cuff-Closeup-Lyr02-RdNarrow-Inner.0083.png', 02);
insert into Category_Zoom (Category_Id, Zoom_Id) values (6, 11038);
insert into Zoom_Inventory_Attribute (Zoom_Id, Inventory_Attribute_Id) values (11038, 47);
-- Final Index and Final Name: inner--0083 Key: fabric0083
insert into Zoom_Inventory_Attribute (Zoom_Id, Inventory_Attribute_Id) values (11038, 134);
insert into Zoom (Id, Description, Layer) values (11039, 'resources//img/Cuff/Cuff-Closeup-Lyr02-RdNarrow-Inner.0084.png', 02);
insert into Category_Zoom (Category_Id, Zoom_Id) values (6, 11039);
insert into Zoom_Inventory_Attribute (Zoom_Id, Inventory_Attribute_Id) values (11039, 47);
-- Final Index and Final Name: inner--0084 Key: fabric0084
insert into Zoom_Inventory_Attribute (Zoom_Id, Inventory_Attribute_Id) values (11039, 135);
insert into Zoom (Id, Description, Layer) values (11040, 'resources//img/Cuff/Cuff-Closeup-Lyr02-RdNarrow-Inner.0085.png', 02);
insert into Category_Zoom (Category_Id, Zoom_Id) values (6, 11040);
insert into Zoom_Inventory_Attribute (Zoom_Id, Inventory_Attribute_Id) values (11040, 47);
-- Final Index and Final Name: inner--0085 Key: fabric0085
insert into Zoom_Inventory_Attribute (Zoom_Id, Inventory_Attribute_Id) values (11040, 136);
insert into Zoom (Id, Description, Layer) values (11041, 'resources//img/Cuff/Cuff-Closeup-Lyr02-RdNarrow-Inner.0086.png', 02);
insert into Category_Zoom (Category_Id, Zoom_Id) values (6, 11041);
insert into Zoom_Inventory_Attribute (Zoom_Id, Inventory_Attribute_Id) values (11041, 47);
-- Final Index and Final Name: inner--0086 Key: fabric0086
insert into Zoom_Inventory_Attribute (Zoom_Id, Inventory_Attribute_Id) values (11041, 137);
insert into Zoom (Id, Description, Layer) values (11042, 'resources//img/Cuff/Cuff-Closeup-Lyr02-RdNarrow-Inner.0087.png', 02);
insert into Category_Zoom (Category_Id, Zoom_Id) values (6, 11042);
insert into Zoom_Inventory_Attribute (Zoom_Id, Inventory_Attribute_Id) values (11042, 47);
-- Final Index and Final Name: inner--0087 Key: fabric0087
insert into Zoom_Inventory_Attribute (Zoom_Id, Inventory_Attribute_Id) values (11042, 138);
insert into Zoom (Id, Description, Layer) values (11043, 'resources//img/Cuff/Cuff-Closeup-Lyr02-RdNarrow-Inner.0088.png', 02);
insert into Category_Zoom (Category_Id, Zoom_Id) values (6, 11043);
insert into Zoom_Inventory_Attribute (Zoom_Id, Inventory_Attribute_Id) values (11043, 47);
-- Final Index and Final Name: inner--0088 Key: fabric0088
insert into Zoom_Inventory_Attribute (Zoom_Id, Inventory_Attribute_Id) values (11043, 139);
insert into Zoom (Id, Description, Layer) values (11044, 'resources//img/Cuff/Cuff-Closeup-Lyr02-RdNarrow-Inner.0089.png', 02);
insert into Category_Zoom (Category_Id, Zoom_Id) values (6, 11044);
insert into Zoom_Inventory_Attribute (Zoom_Id, Inventory_Attribute_Id) values (11044, 47);
-- Final Index and Final Name: inner--0089 Key: fabric0089
insert into Zoom_Inventory_Attribute (Zoom_Id, Inventory_Attribute_Id) values (11044, 140);
insert into Zoom (Id, Description, Layer) values (11045, 'resources//img/Cuff/Cuff-Closeup-Lyr02-RdNarrow-Inner.0090.png', 02);
insert into Category_Zoom (Category_Id, Zoom_Id) values (6, 11045);
insert into Zoom_Inventory_Attribute (Zoom_Id, Inventory_Attribute_Id) values (11045, 47);
-- Final Index and Final Name: inner--0090 Key: fabric0090
insert into Zoom_Inventory_Attribute (Zoom_Id, Inventory_Attribute_Id) values (11045, 141);
insert into Zoom (Id, Description, Layer) values (11046, 'resources//img/Cuff/Cuff-Closeup-Lyr02-RdNarrow-Inner.0091.png', 02);
insert into Category_Zoom (Category_Id, Zoom_Id) values (6, 11046);
insert into Zoom_Inventory_Attribute (Zoom_Id, Inventory_Attribute_Id) values (11046, 47);
-- Final Index and Final Name: inner--0091 Key: fabric0091
insert into Zoom_Inventory_Attribute (Zoom_Id, Inventory_Attribute_Id) values (11046, 142);
insert into Zoom (Id, Description, Layer) values (11047, 'resources//img/Cuff/Cuff-Closeup-Lyr02-RdNarrow-Inner.0092.png', 02);
insert into Category_Zoom (Category_Id, Zoom_Id) values (6, 11047);
insert into Zoom_Inventory_Attribute (Zoom_Id, Inventory_Attribute_Id) values (11047, 47);
-- Final Index and Final Name: inner--0092 Key: fabric0092
insert into Zoom_Inventory_Attribute (Zoom_Id, Inventory_Attribute_Id) values (11047, 143);
insert into Zoom (Id, Description, Layer) values (11048, 'resources//img/Cuff/Cuff-Closeup-Lyr02-RdNarrow-Inner.0093.png', 02);
insert into Category_Zoom (Category_Id, Zoom_Id) values (6, 11048);
insert into Zoom_Inventory_Attribute (Zoom_Id, Inventory_Attribute_Id) values (11048, 47);
-- Final Index and Final Name: inner--0093 Key: fabric0093
insert into Zoom_Inventory_Attribute (Zoom_Id, Inventory_Attribute_Id) values (11048, 144);
insert into Zoom (Id, Description, Layer) values (11049, 'resources//img/Cuff/Cuff-Closeup-Lyr02-RdNarrow-Inner.0094.png', 02);
insert into Category_Zoom (Category_Id, Zoom_Id) values (6, 11049);
insert into Zoom_Inventory_Attribute (Zoom_Id, Inventory_Attribute_Id) values (11049, 47);
-- Final Index and Final Name: inner--0094 Key: fabric0094
insert into Zoom_Inventory_Attribute (Zoom_Id, Inventory_Attribute_Id) values (11049, 145);
insert into Zoom (Id, Description, Layer) values (11050, 'resources//img/Cuff/Cuff-Closeup-Lyr02-RdNarrow-Inner.0095.png', 02);
insert into Category_Zoom (Category_Id, Zoom_Id) values (6, 11050);
insert into Zoom_Inventory_Attribute (Zoom_Id, Inventory_Attribute_Id) values (11050, 47);
-- Final Index and Final Name: inner--0095 Key: fabric0095
insert into Zoom_Inventory_Attribute (Zoom_Id, Inventory_Attribute_Id) values (11050, 146);
insert into Zoom (Id, Description, Layer) values (11051, 'resources//img/Cuff/Cuff-Closeup-Lyr02-RdNarrow-Inner.0096.png', 02);
insert into Category_Zoom (Category_Id, Zoom_Id) values (6, 11051);
insert into Zoom_Inventory_Attribute (Zoom_Id, Inventory_Attribute_Id) values (11051, 47);
-- Final Index and Final Name: inner--0096 Key: fabric0096
insert into Zoom_Inventory_Attribute (Zoom_Id, Inventory_Attribute_Id) values (11051, 147);
insert into Zoom (Id, Description, Layer) values (11052, 'resources//img/Cuff/Cuff-Closeup-Lyr02-RdNarrow-Inner.0097.png', 02);
insert into Category_Zoom (Category_Id, Zoom_Id) values (6, 11052);
insert into Zoom_Inventory_Attribute (Zoom_Id, Inventory_Attribute_Id) values (11052, 47);
-- Final Index and Final Name: inner--0097 Key: fabric0097
insert into Zoom_Inventory_Attribute (Zoom_Id, Inventory_Attribute_Id) values (11052, 148);
insert into Zoom (Id, Description, Layer) values (11053, 'resources//img/Cuff/Cuff-Closeup-Lyr02-RdNarrow-Inner.0098.png', 02);
insert into Category_Zoom (Category_Id, Zoom_Id) values (6, 11053);
insert into Zoom_Inventory_Attribute (Zoom_Id, Inventory_Attribute_Id) values (11053, 47);
-- Final Index and Final Name: inner--0098 Key: fabric0098
insert into Zoom_Inventory_Attribute (Zoom_Id, Inventory_Attribute_Id) values (11053, 149);
insert into Zoom (Id, Description, Layer) values (11054, 'resources//img/Cuff/Cuff-Closeup-Lyr02-RdNarrow-Inner.0099.png', 02);
insert into Category_Zoom (Category_Id, Zoom_Id) values (6, 11054);
insert into Zoom_Inventory_Attribute (Zoom_Id, Inventory_Attribute_Id) values (11054, 47);
-- Final Index and Final Name: inner--0099 Key: fabric0099
insert into Zoom_Inventory_Attribute (Zoom_Id, Inventory_Attribute_Id) values (11054, 150);
insert into Zoom (Id, Description, Layer) values (11055, 'resources//img/Cuff/Cuff-Closeup-Lyr02-RdNarrow-Inner.0100.png', 02);
insert into Category_Zoom (Category_Id, Zoom_Id) values (6, 11055);
insert into Zoom_Inventory_Attribute (Zoom_Id, Inventory_Attribute_Id) values (11055, 47);
-- Final Index and Final Name: inner--0100 Key: fabric0100
insert into Zoom_Inventory_Attribute (Zoom_Id, Inventory_Attribute_Id) values (11055, 151);
insert into Zoom (Id, Description, Layer) values (11056, 'resources//img/Cuff/Cuff-Closeup-Lyr02-RdNarrow-Inner.0101.png', 02);
insert into Category_Zoom (Category_Id, Zoom_Id) values (6, 11056);
insert into Zoom_Inventory_Attribute (Zoom_Id, Inventory_Attribute_Id) values (11056, 47);
-- Final Index and Final Name: inner--0101 Key: fabric0101
insert into Zoom_Inventory_Attribute (Zoom_Id, Inventory_Attribute_Id) values (11056, 152);
insert into Zoom (Id, Description, Layer) values (11057, 'resources//img/Cuff/Cuff-Closeup-Lyr02-RdNarrow-Inner.0102.png', 02);
insert into Category_Zoom (Category_Id, Zoom_Id) values (6, 11057);
insert into Zoom_Inventory_Attribute (Zoom_Id, Inventory_Attribute_Id) values (11057, 47);
-- Final Index and Final Name: inner--0102 Key: fabric0102
insert into Zoom_Inventory_Attribute (Zoom_Id, Inventory_Attribute_Id) values (11057, 153);
insert into Zoom (Id, Description, Layer) values (11058, 'resources//img/Cuff/Cuff-Closeup-Lyr02-RdNarrow-Inner.0103.png', 02);
insert into Category_Zoom (Category_Id, Zoom_Id) values (6, 11058);
insert into Zoom_Inventory_Attribute (Zoom_Id, Inventory_Attribute_Id) values (11058, 47);
-- Final Index and Final Name: inner--0103 Key: fabric0103
insert into Zoom_Inventory_Attribute (Zoom_Id, Inventory_Attribute_Id) values (11058, 154);
insert into Zoom (Id, Description, Layer) values (11059, 'resources//img/Cuff/Cuff-Closeup-Lyr02-RdNarrow-Inner.0104.png', 02);
insert into Category_Zoom (Category_Id, Zoom_Id) values (6, 11059);
insert into Zoom_Inventory_Attribute (Zoom_Id, Inventory_Attribute_Id) values (11059, 47);
-- Final Index and Final Name: inner--0104 Key: fabric0104
insert into Zoom_Inventory_Attribute (Zoom_Id, Inventory_Attribute_Id) values (11059, 155);
insert into Zoom (Id, Description, Layer) values (11060, 'resources//img/Cuff/Cuff-Closeup-Lyr02-RdNarrow-Inner.0105.png', 02);
insert into Category_Zoom (Category_Id, Zoom_Id) values (6, 11060);
insert into Zoom_Inventory_Attribute (Zoom_Id, Inventory_Attribute_Id) values (11060, 47);
-- Final Index and Final Name: inner--0105 Key: fabric0105
insert into Zoom_Inventory_Attribute (Zoom_Id, Inventory_Attribute_Id) values (11060, 156);
insert into Zoom (Id, Description, Layer) values (11061, 'resources//img/Cuff/Cuff-Closeup-Lyr02-RdNarrow-Inner.0106.png', 02);
insert into Category_Zoom (Category_Id, Zoom_Id) values (6, 11061);
insert into Zoom_Inventory_Attribute (Zoom_Id, Inventory_Attribute_Id) values (11061, 47);
-- Final Index and Final Name: inner--0106 Key: fabric0106
insert into Zoom_Inventory_Attribute (Zoom_Id, Inventory_Attribute_Id) values (11061, 157);
insert into Zoom (Id, Description, Layer) values (11062, 'resources//img/Cuff/Cuff-Closeup-Lyr02-RdNarrow-Inner.0107.png', 02);
insert into Category_Zoom (Category_Id, Zoom_Id) values (6, 11062);
insert into Zoom_Inventory_Attribute (Zoom_Id, Inventory_Attribute_Id) values (11062, 47);
-- Final Index and Final Name: inner--0107 Key: fabric0107
insert into Zoom_Inventory_Attribute (Zoom_Id, Inventory_Attribute_Id) values (11062, 158);
insert into Zoom (Id, Description, Layer) values (11063, 'resources//img/Cuff/Cuff-Closeup-Lyr02-RdNarrow-Inner.0108.png', 02);
insert into Category_Zoom (Category_Id, Zoom_Id) values (6, 11063);
insert into Zoom_Inventory_Attribute (Zoom_Id, Inventory_Attribute_Id) values (11063, 47);
-- Final Index and Final Name: inner--0108 Key: fabric0108
insert into Zoom_Inventory_Attribute (Zoom_Id, Inventory_Attribute_Id) values (11063, 159);
insert into Zoom (Id, Description, Layer) values (11064, 'resources//img/Cuff/Cuff-Closeup-Lyr02-RdNarrow-Inner.0109.png', 02);
insert into Category_Zoom (Category_Id, Zoom_Id) values (6, 11064);
insert into Zoom_Inventory_Attribute (Zoom_Id, Inventory_Attribute_Id) values (11064, 47);
-- Final Index and Final Name: inner--0109 Key: fabric0109
insert into Zoom_Inventory_Attribute (Zoom_Id, Inventory_Attribute_Id) values (11064, 160);
insert into Zoom (Id, Description, Layer) values (11065, 'resources//img/Cuff/Cuff-Closeup-Lyr02-RdNarrow-Inner.0110.png', 02);
insert into Category_Zoom (Category_Id, Zoom_Id) values (6, 11065);
insert into Zoom_Inventory_Attribute (Zoom_Id, Inventory_Attribute_Id) values (11065, 47);
-- Final Index and Final Name: inner--0110 Key: fabric0110
insert into Zoom_Inventory_Attribute (Zoom_Id, Inventory_Attribute_Id) values (11065, 161);
insert into Zoom (Id, Description, Layer) values (11066, 'resources//img/Cuff/Cuff-Closeup-Lyr02-RdNarrow-Inner.0111.png', 02);
insert into Category_Zoom (Category_Id, Zoom_Id) values (6, 11066);
insert into Zoom_Inventory_Attribute (Zoom_Id, Inventory_Attribute_Id) values (11066, 47);
-- Final Index and Final Name: inner--0111 Key: fabric0111
insert into Zoom_Inventory_Attribute (Zoom_Id, Inventory_Attribute_Id) values (11066, 162);
insert into Zoom (Id, Description, Layer) values (11067, 'resources//img/Cuff/Cuff-Closeup-Lyr02-RdNarrow-Inner.0112.png', 02);
insert into Category_Zoom (Category_Id, Zoom_Id) values (6, 11067);
insert into Zoom_Inventory_Attribute (Zoom_Id, Inventory_Attribute_Id) values (11067, 47);
-- Final Index and Final Name: inner--0112 Key: fabric0112
insert into Zoom_Inventory_Attribute (Zoom_Id, Inventory_Attribute_Id) values (11067, 163);
insert into Zoom (Id, Description, Layer) values (11068, 'resources//img/Cuff/Cuff-Closeup-Lyr02-RdNarrow-Inner.0113.png', 02);
insert into Category_Zoom (Category_Id, Zoom_Id) values (6, 11068);
insert into Zoom_Inventory_Attribute (Zoom_Id, Inventory_Attribute_Id) values (11068, 47);
-- Final Index and Final Name: inner--0113 Key: fabric0113
insert into Zoom_Inventory_Attribute (Zoom_Id, Inventory_Attribute_Id) values (11068, 164);
insert into Zoom (Id, Description, Layer) values (11069, 'resources//img/Cuff/Cuff-Closeup-Lyr02-RdNarrow-Inner.0114.png', 02);
insert into Category_Zoom (Category_Id, Zoom_Id) values (6, 11069);
insert into Zoom_Inventory_Attribute (Zoom_Id, Inventory_Attribute_Id) values (11069, 47);
-- Final Index and Final Name: inner--0114 Key: fabric0114
insert into Zoom_Inventory_Attribute (Zoom_Id, Inventory_Attribute_Id) values (11069, 165);
insert into Zoom (Id, Description, Layer) values (11070, 'resources//img/Cuff/Cuff-Closeup-Lyr02-RdNarrow-Inner.0115.png', 02);
insert into Category_Zoom (Category_Id, Zoom_Id) values (6, 11070);
insert into Zoom_Inventory_Attribute (Zoom_Id, Inventory_Attribute_Id) values (11070, 47);
-- Final Index and Final Name: inner--0115 Key: fabric0115
insert into Zoom_Inventory_Attribute (Zoom_Id, Inventory_Attribute_Id) values (11070, 166);
insert into Zoom (Id, Description, Layer) values (11071, 'resources//img/Cuff/Cuff-Closeup-Lyr02-RdNarrow-Inner.0116.png', 02);
insert into Category_Zoom (Category_Id, Zoom_Id) values (6, 11071);
insert into Zoom_Inventory_Attribute (Zoom_Id, Inventory_Attribute_Id) values (11071, 47);
-- Final Index and Final Name: inner--0116 Key: fabric0116
insert into Zoom_Inventory_Attribute (Zoom_Id, Inventory_Attribute_Id) values (11071, 167);
insert into Zoom (Id, Description, Layer) values (11072, 'resources//img/Cuff/Cuff-Closeup-Lyr02-RdNarrow-Inner.0117.png', 02);
insert into Category_Zoom (Category_Id, Zoom_Id) values (6, 11072);
insert into Zoom_Inventory_Attribute (Zoom_Id, Inventory_Attribute_Id) values (11072, 47);
-- Final Index and Final Name: inner--0117 Key: fabric0117
insert into Zoom_Inventory_Attribute (Zoom_Id, Inventory_Attribute_Id) values (11072, 168);
insert into Zoom (Id, Description, Layer) values (11073, 'resources//img/Cuff/Cuff-Closeup-Lyr02-RdNarrow-Inner.0118.png', 02);
insert into Category_Zoom (Category_Id, Zoom_Id) values (6, 11073);
insert into Zoom_Inventory_Attribute (Zoom_Id, Inventory_Attribute_Id) values (11073, 47);
-- Final Index and Final Name: inner--0118 Key: fabric0118
insert into Zoom_Inventory_Attribute (Zoom_Id, Inventory_Attribute_Id) values (11073, 169);
insert into Zoom (Id, Description, Layer) values (11074, 'resources//img/Cuff/Cuff-Closeup-Lyr02-RdNarrow-Inner.0119.png', 02);
insert into Category_Zoom (Category_Id, Zoom_Id) values (6, 11074);
insert into Zoom_Inventory_Attribute (Zoom_Id, Inventory_Attribute_Id) values (11074, 47);
-- Final Index and Final Name: inner--0119 Key: fabric0119
insert into Zoom_Inventory_Attribute (Zoom_Id, Inventory_Attribute_Id) values (11074, 170);
insert into Zoom (Id, Description, Layer) values (11075, 'resources//img/Cuff/Cuff-Closeup-Lyr02-RdNarrow-Inner.0120.png', 02);
insert into Category_Zoom (Category_Id, Zoom_Id) values (6, 11075);
insert into Zoom_Inventory_Attribute (Zoom_Id, Inventory_Attribute_Id) values (11075, 47);
-- Final Index and Final Name: inner--0120 Key: fabric0120
insert into Zoom_Inventory_Attribute (Zoom_Id, Inventory_Attribute_Id) values (11075, 171);
insert into Zoom (Id, Description, Layer) values (11076, 'resources//img/Cuff/Cuff-Closeup-Lyr02-RdNarrow-Inner.0121.png', 02);
insert into Category_Zoom (Category_Id, Zoom_Id) values (6, 11076);
insert into Zoom_Inventory_Attribute (Zoom_Id, Inventory_Attribute_Id) values (11076, 47);
-- Final Index and Final Name: inner--0121 Key: fabric0121
insert into Zoom_Inventory_Attribute (Zoom_Id, Inventory_Attribute_Id) values (11076, 172);
insert into Zoom (Id, Description, Layer) values (11077, 'resources//img/Cuff/Cuff-Closeup-Lyr02-RdNarrow-Inner.0122.png', 02);
insert into Category_Zoom (Category_Id, Zoom_Id) values (6, 11077);
insert into Zoom_Inventory_Attribute (Zoom_Id, Inventory_Attribute_Id) values (11077, 47);
-- Final Index and Final Name: inner--0122 Key: fabric0122
insert into Zoom_Inventory_Attribute (Zoom_Id, Inventory_Attribute_Id) values (11077, 173);
insert into Zoom (Id, Description, Layer) values (11078, 'resources//img/Cuff/Cuff-Closeup-Lyr02-RdNarrow-Inner.0123.png', 02);
insert into Category_Zoom (Category_Id, Zoom_Id) values (6, 11078);
insert into Zoom_Inventory_Attribute (Zoom_Id, Inventory_Attribute_Id) values (11078, 47);
-- Final Index and Final Name: inner--0123 Key: fabric0123
insert into Zoom_Inventory_Attribute (Zoom_Id, Inventory_Attribute_Id) values (11078, 174);
insert into Zoom (Id, Description, Layer) values (11079, 'resources//img/Cuff/Cuff-Closeup-Lyr02-RdNarrow-Inner.0124.png', 02);
insert into Category_Zoom (Category_Id, Zoom_Id) values (6, 11079);
insert into Zoom_Inventory_Attribute (Zoom_Id, Inventory_Attribute_Id) values (11079, 47);
-- Final Index and Final Name: inner--0124 Key: fabric0124
insert into Zoom_Inventory_Attribute (Zoom_Id, Inventory_Attribute_Id) values (11079, 175);
insert into Zoom (Id, Description, Layer) values (11080, 'resources//img/Cuff/Cuff-Closeup-Lyr02-RdNarrow-Inner.0125.png', 02);
insert into Category_Zoom (Category_Id, Zoom_Id) values (6, 11080);
insert into Zoom_Inventory_Attribute (Zoom_Id, Inventory_Attribute_Id) values (11080, 47);
-- Final Index and Final Name: inner--0125 Key: fabric0125
insert into Zoom_Inventory_Attribute (Zoom_Id, Inventory_Attribute_Id) values (11080, 176);
insert into Zoom (Id, Description, Layer) values (11081, 'resources//img/Cuff/Cuff-Closeup-Lyr02-RdNarrow-Inner.0126.png', 02);
insert into Category_Zoom (Category_Id, Zoom_Id) values (6, 11081);
insert into Zoom_Inventory_Attribute (Zoom_Id, Inventory_Attribute_Id) values (11081, 47);
-- Final Index and Final Name: inner--0126 Key: fabric0126
insert into Zoom_Inventory_Attribute (Zoom_Id, Inventory_Attribute_Id) values (11081, 177);
insert into Zoom (Id, Description, Layer) values (11082, 'resources//img/Cuff/Cuff-Closeup-Lyr02-RdNarrow-Inner.0127.png', 02);
insert into Category_Zoom (Category_Id, Zoom_Id) values (6, 11082);
insert into Zoom_Inventory_Attribute (Zoom_Id, Inventory_Attribute_Id) values (11082, 47);
-- Final Index and Final Name: inner--0127 Key: fabric0127
insert into Zoom_Inventory_Attribute (Zoom_Id, Inventory_Attribute_Id) values (11082, 178);
insert into Zoom (Id, Description, Layer) values (11083, 'resources//img/Cuff/Cuff-Closeup-Lyr02-RdNarrow-Inner.0128.png', 02);
insert into Category_Zoom (Category_Id, Zoom_Id) values (6, 11083);
insert into Zoom_Inventory_Attribute (Zoom_Id, Inventory_Attribute_Id) values (11083, 47);
-- Final Index and Final Name: inner--0128 Key: fabric0128
insert into Zoom_Inventory_Attribute (Zoom_Id, Inventory_Attribute_Id) values (11083, 179);
insert into Zoom (Id, Description, Layer) values (11084, 'resources//img/Cuff/Cuff-Closeup-Lyr02-RdNarrow-Inner.0129.png', 02);
insert into Category_Zoom (Category_Id, Zoom_Id) values (6, 11084);
insert into Zoom_Inventory_Attribute (Zoom_Id, Inventory_Attribute_Id) values (11084, 47);
-- Final Index and Final Name: inner--0129 Key: fabric0129
insert into Zoom_Inventory_Attribute (Zoom_Id, Inventory_Attribute_Id) values (11084, 180);
insert into Zoom (Id, Description, Layer) values (11085, 'resources//img/Cuff/Cuff-Closeup-Lyr02-RdNarrow-Inner.0130.png', 02);
insert into Category_Zoom (Category_Id, Zoom_Id) values (6, 11085);
insert into Zoom_Inventory_Attribute (Zoom_Id, Inventory_Attribute_Id) values (11085, 47);
-- Final Index and Final Name: inner--0130 Key: fabric0130
insert into Zoom_Inventory_Attribute (Zoom_Id, Inventory_Attribute_Id) values (11085, 181);
insert into Zoom (Id, Description, Layer) values (11086, 'resources//img/Cuff/Cuff-Closeup-Lyr02-RdNarrow-Inner.0131.png', 02);
insert into Category_Zoom (Category_Id, Zoom_Id) values (6, 11086);
insert into Zoom_Inventory_Attribute (Zoom_Id, Inventory_Attribute_Id) values (11086, 47);
-- Final Index and Final Name: inner--0131 Key: fabric0131
insert into Zoom_Inventory_Attribute (Zoom_Id, Inventory_Attribute_Id) values (11086, 182);
insert into Zoom (Id, Description, Layer) values (11087, 'resources//img/Cuff/Cuff-Closeup-Lyr02-RdNarrow-Inner.0132.png', 02);
insert into Category_Zoom (Category_Id, Zoom_Id) values (6, 11087);
insert into Zoom_Inventory_Attribute (Zoom_Id, Inventory_Attribute_Id) values (11087, 47);
-- Final Index and Final Name: inner--0132 Key: fabric0132
insert into Zoom_Inventory_Attribute (Zoom_Id, Inventory_Attribute_Id) values (11087, 183);
insert into Zoom (Id, Description, Layer) values (11088, 'resources//img/Cuff/Cuff-Closeup-Lyr02-RdNarrow-Inner.0133.png', 02);
insert into Category_Zoom (Category_Id, Zoom_Id) values (6, 11088);
insert into Zoom_Inventory_Attribute (Zoom_Id, Inventory_Attribute_Id) values (11088, 47);
-- Final Index and Final Name: inner--0133 Key: fabric0133
insert into Zoom_Inventory_Attribute (Zoom_Id, Inventory_Attribute_Id) values (11088, 184);
insert into Zoom (Id, Description, Layer) values (11089, 'resources//img/Cuff/Cuff-Closeup-Lyr02-RdNarrow-Inner.0134.png', 02);
insert into Category_Zoom (Category_Id, Zoom_Id) values (6, 11089);
insert into Zoom_Inventory_Attribute (Zoom_Id, Inventory_Attribute_Id) values (11089, 47);
-- Final Index and Final Name: inner--0134 Key: fabric0134
insert into Zoom_Inventory_Attribute (Zoom_Id, Inventory_Attribute_Id) values (11089, 185);
insert into Zoom (Id, Description, Layer) values (11090, 'resources//img/Cuff/Cuff-Closeup-Lyr02-RdNarrow-Inner.0135.png', 02);
insert into Category_Zoom (Category_Id, Zoom_Id) values (6, 11090);
insert into Zoom_Inventory_Attribute (Zoom_Id, Inventory_Attribute_Id) values (11090, 47);
-- Final Index and Final Name: inner--0135 Key: fabric0135
insert into Zoom_Inventory_Attribute (Zoom_Id, Inventory_Attribute_Id) values (11090, 186);
insert into Zoom (Id, Description, Layer) values (11091, 'resources//img/Cuff/Cuff-Closeup-Lyr02-RdNarrow-Inner.0136.png', 02);
insert into Category_Zoom (Category_Id, Zoom_Id) values (6, 11091);
insert into Zoom_Inventory_Attribute (Zoom_Id, Inventory_Attribute_Id) values (11091, 47);
-- Final Index and Final Name: inner--0136 Key: fabric0136
insert into Zoom_Inventory_Attribute (Zoom_Id, Inventory_Attribute_Id) values (11091, 187);
insert into Zoom (Id, Description, Layer) values (11092, 'resources//img/Cuff/Cuff-Closeup-Lyr02-RdNarrow-Inner.0137.png', 02);
insert into Category_Zoom (Category_Id, Zoom_Id) values (6, 11092);
insert into Zoom_Inventory_Attribute (Zoom_Id, Inventory_Attribute_Id) values (11092, 47);
-- Final Index and Final Name: inner--0137 Key: fabric0137
insert into Zoom_Inventory_Attribute (Zoom_Id, Inventory_Attribute_Id) values (11092, 188);
insert into Zoom (Id, Description, Layer) values (11093, 'resources//img/Cuff/Cuff-Closeup-Lyr02-RdNarrow-Inner.0138.png', 02);
insert into Category_Zoom (Category_Id, Zoom_Id) values (6, 11093);
insert into Zoom_Inventory_Attribute (Zoom_Id, Inventory_Attribute_Id) values (11093, 47);
-- Final Index and Final Name: inner--0138 Key: fabric0138
insert into Zoom_Inventory_Attribute (Zoom_Id, Inventory_Attribute_Id) values (11093, 189);
insert into Zoom (Id, Description, Layer) values (11094, 'resources//img/Cuff/Cuff-Closeup-Lyr02-RdNarrow-Inner.0139.png', 02);
insert into Category_Zoom (Category_Id, Zoom_Id) values (6, 11094);
insert into Zoom_Inventory_Attribute (Zoom_Id, Inventory_Attribute_Id) values (11094, 47);
-- Final Index and Final Name: inner--0139 Key: fabric0139
insert into Zoom_Inventory_Attribute (Zoom_Id, Inventory_Attribute_Id) values (11094, 190);
insert into Zoom (Id, Description, Layer) values (11095, 'resources//img/Cuff/Cuff-Closeup-Lyr02-RdNarrow-Inner.0140.png', 02);
insert into Category_Zoom (Category_Id, Zoom_Id) values (6, 11095);
insert into Zoom_Inventory_Attribute (Zoom_Id, Inventory_Attribute_Id) values (11095, 47);
-- Final Index and Final Name: inner--0140 Key: fabric0140
insert into Zoom_Inventory_Attribute (Zoom_Id, Inventory_Attribute_Id) values (11095, 191);
insert into Zoom (Id, Description, Layer) values (11096, 'resources//img/Cuff/Cuff-Closeup-Lyr02-RdNarrow-Inner.0141.png', 02);
insert into Category_Zoom (Category_Id, Zoom_Id) values (6, 11096);
insert into Zoom_Inventory_Attribute (Zoom_Id, Inventory_Attribute_Id) values (11096, 47);
-- Final Index and Final Name: inner--0141 Key: fabric0141
insert into Zoom_Inventory_Attribute (Zoom_Id, Inventory_Attribute_Id) values (11096, 192);
insert into Zoom (Id, Description, Layer) values (11097, 'resources//img/Cuff/Cuff-Closeup-Lyr02-RdNarrow-Inner.0142.png', 02);
insert into Category_Zoom (Category_Id, Zoom_Id) values (6, 11097);
insert into Zoom_Inventory_Attribute (Zoom_Id, Inventory_Attribute_Id) values (11097, 47);
-- Final Index and Final Name: inner--0142 Key: fabric0142
insert into Zoom_Inventory_Attribute (Zoom_Id, Inventory_Attribute_Id) values (11097, 193);
insert into Zoom (Id, Description, Layer) values (11098, 'resources//img/Cuff/Cuff-Closeup-Lyr02-RdNarrow-Inner.0143.png', 02);
insert into Category_Zoom (Category_Id, Zoom_Id) values (6, 11098);
insert into Zoom_Inventory_Attribute (Zoom_Id, Inventory_Attribute_Id) values (11098, 47);
-- Final Index and Final Name: inner--0143 Key: fabric0143
insert into Zoom_Inventory_Attribute (Zoom_Id, Inventory_Attribute_Id) values (11098, 194);
insert into Zoom (Id, Description, Layer) values (11099, 'resources//img/Cuff/Cuff-Closeup-Lyr02-RdNarrow-Inner.0144.png', 02);
insert into Category_Zoom (Category_Id, Zoom_Id) values (6, 11099);
insert into Zoom_Inventory_Attribute (Zoom_Id, Inventory_Attribute_Id) values (11099, 47);
-- Final Index and Final Name: inner--0144 Key: fabric0144
insert into Zoom_Inventory_Attribute (Zoom_Id, Inventory_Attribute_Id) values (11099, 195);
insert into Zoom (Id, Description, Layer) values (11100, 'resources//img/Cuff/Cuff-Closeup-Lyr02-RdNarrow-Inner.0145.png', 02);
insert into Category_Zoom (Category_Id, Zoom_Id) values (6, 11100);
insert into Zoom_Inventory_Attribute (Zoom_Id, Inventory_Attribute_Id) values (11100, 47);
-- Final Index and Final Name: inner--0145 Key: fabric0145
insert into Zoom_Inventory_Attribute (Zoom_Id, Inventory_Attribute_Id) values (11100, 196);
insert into Zoom (Id, Description, Layer) values (11101, 'resources//img/Cuff/Cuff-Closeup-Lyr02-RdNarrow-Inner.0146.png', 02);
insert into Category_Zoom (Category_Id, Zoom_Id) values (6, 11101);
insert into Zoom_Inventory_Attribute (Zoom_Id, Inventory_Attribute_Id) values (11101, 47);
-- Final Index and Final Name: inner--0146 Key: fabric0146
insert into Zoom_Inventory_Attribute (Zoom_Id, Inventory_Attribute_Id) values (11101, 197);
insert into Zoom (Id, Description, Layer) values (11102, 'resources//img/Cuff/Cuff-Closeup-Lyr02-RdNarrow-Inner.0147.png', 02);
insert into Category_Zoom (Category_Id, Zoom_Id) values (6, 11102);
insert into Zoom_Inventory_Attribute (Zoom_Id, Inventory_Attribute_Id) values (11102, 47);
-- Final Index and Final Name: inner--0147 Key: fabric0147
insert into Zoom_Inventory_Attribute (Zoom_Id, Inventory_Attribute_Id) values (11102, 198);
insert into Zoom (Id, Description, Layer) values (11103, 'resources//img/Cuff/Cuff-Closeup-Lyr02-RdNarrow-Inner.0148.png', 02);
insert into Category_Zoom (Category_Id, Zoom_Id) values (6, 11103);
insert into Zoom_Inventory_Attribute (Zoom_Id, Inventory_Attribute_Id) values (11103, 47);
-- Final Index and Final Name: inner--0148 Key: fabric0148
insert into Zoom_Inventory_Attribute (Zoom_Id, Inventory_Attribute_Id) values (11103, 199);
insert into Zoom (Id, Description, Layer) values (11104, 'resources//img/Cuff/Cuff-Closeup-Lyr02-RdNarrow-Inner.0149.png', 02);
insert into Category_Zoom (Category_Id, Zoom_Id) values (6, 11104);
insert into Zoom_Inventory_Attribute (Zoom_Id, Inventory_Attribute_Id) values (11104, 47);
-- Final Index and Final Name: inner--0149 Key: fabric0149
insert into Zoom_Inventory_Attribute (Zoom_Id, Inventory_Attribute_Id) values (11104, 200);
insert into Zoom (Id, Description, Layer) values (11105, 'resources//img/Cuff/Cuff-Closeup-Lyr02-RdNarrow-Inner.0150.png', 02);
insert into Category_Zoom (Category_Id, Zoom_Id) values (6, 11105);
insert into Zoom_Inventory_Attribute (Zoom_Id, Inventory_Attribute_Id) values (11105, 47);
-- Final Index and Final Name: inner--0150 Key: fabric0150
insert into Zoom_Inventory_Attribute (Zoom_Id, Inventory_Attribute_Id) values (11105, 201);
insert into Zoom (Id, Description, Layer) values (11106, 'resources//img/Cuff/Cuff-Closeup-Lyr02-RdNarrow-Inner.0151.png', 02);
insert into Category_Zoom (Category_Id, Zoom_Id) values (6, 11106);
insert into Zoom_Inventory_Attribute (Zoom_Id, Inventory_Attribute_Id) values (11106, 47);
-- Final Index and Final Name: inner--0151 Key: fabric0151
insert into Zoom_Inventory_Attribute (Zoom_Id, Inventory_Attribute_Id) values (11106, 202);
insert into Zoom (Id, Description, Layer) values (11107, 'resources//img/Cuff/Cuff-Closeup-Lyr02-RdNarrow-Inner.0152.png', 02);
insert into Category_Zoom (Category_Id, Zoom_Id) values (6, 11107);
insert into Zoom_Inventory_Attribute (Zoom_Id, Inventory_Attribute_Id) values (11107, 47);
-- Final Index and Final Name: inner--0152 Key: fabric0152
insert into Zoom_Inventory_Attribute (Zoom_Id, Inventory_Attribute_Id) values (11107, 203);
insert into Zoom (Id, Description, Layer) values (11108, 'resources//img/Cuff/Cuff-Closeup-Lyr02-RdNarrow-Inner.0153.png', 02);
insert into Category_Zoom (Category_Id, Zoom_Id) values (6, 11108);
insert into Zoom_Inventory_Attribute (Zoom_Id, Inventory_Attribute_Id) values (11108, 47);
-- Final Index and Final Name: inner--0153 Key: fabric0153
insert into Zoom_Inventory_Attribute (Zoom_Id, Inventory_Attribute_Id) values (11108, 204);
insert into Zoom (Id, Description, Layer) values (11109, 'resources//img/Cuff/Cuff-Closeup-Lyr02-RdNarrow-Inner.0154.png', 02);
insert into Category_Zoom (Category_Id, Zoom_Id) values (6, 11109);
insert into Zoom_Inventory_Attribute (Zoom_Id, Inventory_Attribute_Id) values (11109, 47);
-- Final Index and Final Name: inner--0154 Key: fabric0154
insert into Zoom_Inventory_Attribute (Zoom_Id, Inventory_Attribute_Id) values (11109, 205);
insert into Zoom (Id, Description, Layer) values (11110, 'resources//img/Cuff/Cuff-Closeup-Lyr02-RdNarrow-Inner.0155.png', 02);
insert into Category_Zoom (Category_Id, Zoom_Id) values (6, 11110);
insert into Zoom_Inventory_Attribute (Zoom_Id, Inventory_Attribute_Id) values (11110, 47);
-- Final Index and Final Name: inner--0155 Key: fabric0155
insert into Zoom_Inventory_Attribute (Zoom_Id, Inventory_Attribute_Id) values (11110, 206);
insert into Zoom (Id, Description, Layer) values (11111, 'resources//img/Cuff/Cuff-Closeup-Lyr02-RdSingButton-Inner.0001.png', 02);
insert into Category_Zoom (Category_Id, Zoom_Id) values (6, 11111);
insert into Zoom_Inventory_Attribute (Zoom_Id, Inventory_Attribute_Id) values (11111, 49);
-- Final Index and Final Name: inner--0001 Key: fabric0001
insert into Zoom_Inventory_Attribute (Zoom_Id, Inventory_Attribute_Id) values (11111, 52);
insert into Zoom (Id, Description, Layer) values (11112, 'resources//img/Cuff/Cuff-Closeup-Lyr02-RdSingButton-Inner.0002.png', 02);
insert into Category_Zoom (Category_Id, Zoom_Id) values (6, 11112);
insert into Zoom_Inventory_Attribute (Zoom_Id, Inventory_Attribute_Id) values (11112, 49);
-- Final Index and Final Name: inner--0002 Key: fabric0002
insert into Zoom_Inventory_Attribute (Zoom_Id, Inventory_Attribute_Id) values (11112, 53);
insert into Zoom (Id, Description, Layer) values (11113, 'resources//img/Cuff/Cuff-Closeup-Lyr02-RdSingButton-Inner.0003.png', 02);
insert into Category_Zoom (Category_Id, Zoom_Id) values (6, 11113);
insert into Zoom_Inventory_Attribute (Zoom_Id, Inventory_Attribute_Id) values (11113, 49);
-- Final Index and Final Name: inner--0003 Key: fabric0003
insert into Zoom_Inventory_Attribute (Zoom_Id, Inventory_Attribute_Id) values (11113, 54);
insert into Zoom (Id, Description, Layer) values (11114, 'resources//img/Cuff/Cuff-Closeup-Lyr02-RdSingButton-Inner.0004.png', 02);
insert into Category_Zoom (Category_Id, Zoom_Id) values (6, 11114);
insert into Zoom_Inventory_Attribute (Zoom_Id, Inventory_Attribute_Id) values (11114, 49);
-- Final Index and Final Name: inner--0004 Key: fabric0004
insert into Zoom_Inventory_Attribute (Zoom_Id, Inventory_Attribute_Id) values (11114, 55);
insert into Zoom (Id, Description, Layer) values (11115, 'resources//img/Cuff/Cuff-Closeup-Lyr02-RdSingButton-Inner.0005.png', 02);
insert into Category_Zoom (Category_Id, Zoom_Id) values (6, 11115);
insert into Zoom_Inventory_Attribute (Zoom_Id, Inventory_Attribute_Id) values (11115, 49);
-- Final Index and Final Name: inner--0005 Key: fabric0005
insert into Zoom_Inventory_Attribute (Zoom_Id, Inventory_Attribute_Id) values (11115, 56);
insert into Zoom (Id, Description, Layer) values (11116, 'resources//img/Cuff/Cuff-Closeup-Lyr02-RdSingButton-Inner.0006.png', 02);
insert into Category_Zoom (Category_Id, Zoom_Id) values (6, 11116);
insert into Zoom_Inventory_Attribute (Zoom_Id, Inventory_Attribute_Id) values (11116, 49);
-- Final Index and Final Name: inner--0006 Key: fabric0006
insert into Zoom_Inventory_Attribute (Zoom_Id, Inventory_Attribute_Id) values (11116, 57);
insert into Zoom (Id, Description, Layer) values (11117, 'resources//img/Cuff/Cuff-Closeup-Lyr02-RdSingButton-Inner.0007.png', 02);
insert into Category_Zoom (Category_Id, Zoom_Id) values (6, 11117);
insert into Zoom_Inventory_Attribute (Zoom_Id, Inventory_Attribute_Id) values (11117, 49);
-- Final Index and Final Name: inner--0007 Key: fabric0007
insert into Zoom_Inventory_Attribute (Zoom_Id, Inventory_Attribute_Id) values (11117, 58);
insert into Zoom (Id, Description, Layer) values (11118, 'resources//img/Cuff/Cuff-Closeup-Lyr02-RdSingButton-Inner.0008.png', 02);
insert into Category_Zoom (Category_Id, Zoom_Id) values (6, 11118);
insert into Zoom_Inventory_Attribute (Zoom_Id, Inventory_Attribute_Id) values (11118, 49);
-- Final Index and Final Name: inner--0008 Key: fabric0008
insert into Zoom_Inventory_Attribute (Zoom_Id, Inventory_Attribute_Id) values (11118, 59);
insert into Zoom (Id, Description, Layer) values (11119, 'resources//img/Cuff/Cuff-Closeup-Lyr02-RdSingButton-Inner.0009.png', 02);
insert into Category_Zoom (Category_Id, Zoom_Id) values (6, 11119);
insert into Zoom_Inventory_Attribute (Zoom_Id, Inventory_Attribute_Id) values (11119, 49);
-- Final Index and Final Name: inner--0009 Key: fabric0009
insert into Zoom_Inventory_Attribute (Zoom_Id, Inventory_Attribute_Id) values (11119, 60);
insert into Zoom (Id, Description, Layer) values (11120, 'resources//img/Cuff/Cuff-Closeup-Lyr02-RdSingButton-Inner.0010.png', 02);
insert into Category_Zoom (Category_Id, Zoom_Id) values (6, 11120);
insert into Zoom_Inventory_Attribute (Zoom_Id, Inventory_Attribute_Id) values (11120, 49);
-- Final Index and Final Name: inner--0010 Key: fabric0010
insert into Zoom_Inventory_Attribute (Zoom_Id, Inventory_Attribute_Id) values (11120, 61);
insert into Zoom (Id, Description, Layer) values (11121, 'resources//img/Cuff/Cuff-Closeup-Lyr02-RdSingButton-Inner.0011.png', 02);
insert into Category_Zoom (Category_Id, Zoom_Id) values (6, 11121);
insert into Zoom_Inventory_Attribute (Zoom_Id, Inventory_Attribute_Id) values (11121, 49);
-- Final Index and Final Name: inner--0011 Key: fabric0011
insert into Zoom_Inventory_Attribute (Zoom_Id, Inventory_Attribute_Id) values (11121, 62);
insert into Zoom (Id, Description, Layer) values (11122, 'resources//img/Cuff/Cuff-Closeup-Lyr02-RdSingButton-Inner.0012.png', 02);
insert into Category_Zoom (Category_Id, Zoom_Id) values (6, 11122);
insert into Zoom_Inventory_Attribute (Zoom_Id, Inventory_Attribute_Id) values (11122, 49);
-- Final Index and Final Name: inner--0012 Key: fabric0012
insert into Zoom_Inventory_Attribute (Zoom_Id, Inventory_Attribute_Id) values (11122, 63);
insert into Zoom (Id, Description, Layer) values (11123, 'resources//img/Cuff/Cuff-Closeup-Lyr02-RdSingButton-Inner.0013.png', 02);
insert into Category_Zoom (Category_Id, Zoom_Id) values (6, 11123);
insert into Zoom_Inventory_Attribute (Zoom_Id, Inventory_Attribute_Id) values (11123, 49);
-- Final Index and Final Name: inner--0013 Key: fabric0013
insert into Zoom_Inventory_Attribute (Zoom_Id, Inventory_Attribute_Id) values (11123, 64);
insert into Zoom (Id, Description, Layer) values (11124, 'resources//img/Cuff/Cuff-Closeup-Lyr02-RdSingButton-Inner.0014.png', 02);
insert into Category_Zoom (Category_Id, Zoom_Id) values (6, 11124);
insert into Zoom_Inventory_Attribute (Zoom_Id, Inventory_Attribute_Id) values (11124, 49);
-- Final Index and Final Name: inner--0014 Key: fabric0014
insert into Zoom_Inventory_Attribute (Zoom_Id, Inventory_Attribute_Id) values (11124, 65);
insert into Zoom (Id, Description, Layer) values (11125, 'resources//img/Cuff/Cuff-Closeup-Lyr02-RdSingButton-Inner.0015.png', 02);
insert into Category_Zoom (Category_Id, Zoom_Id) values (6, 11125);
insert into Zoom_Inventory_Attribute (Zoom_Id, Inventory_Attribute_Id) values (11125, 49);
-- Final Index and Final Name: inner--0015 Key: fabric0015
insert into Zoom_Inventory_Attribute (Zoom_Id, Inventory_Attribute_Id) values (11125, 66);
insert into Zoom (Id, Description, Layer) values (11126, 'resources//img/Cuff/Cuff-Closeup-Lyr02-RdSingButton-Inner.0016.png', 02);
insert into Category_Zoom (Category_Id, Zoom_Id) values (6, 11126);
insert into Zoom_Inventory_Attribute (Zoom_Id, Inventory_Attribute_Id) values (11126, 49);
-- Final Index and Final Name: inner--0016 Key: fabric0016
insert into Zoom_Inventory_Attribute (Zoom_Id, Inventory_Attribute_Id) values (11126, 67);
insert into Zoom (Id, Description, Layer) values (11127, 'resources//img/Cuff/Cuff-Closeup-Lyr02-RdSingButton-Inner.0017.png', 02);
insert into Category_Zoom (Category_Id, Zoom_Id) values (6, 11127);
insert into Zoom_Inventory_Attribute (Zoom_Id, Inventory_Attribute_Id) values (11127, 49);
-- Final Index and Final Name: inner--0017 Key: fabric0017
insert into Zoom_Inventory_Attribute (Zoom_Id, Inventory_Attribute_Id) values (11127, 68);
insert into Zoom (Id, Description, Layer) values (11128, 'resources//img/Cuff/Cuff-Closeup-Lyr02-RdSingButton-Inner.0018.png', 02);
insert into Category_Zoom (Category_Id, Zoom_Id) values (6, 11128);
insert into Zoom_Inventory_Attribute (Zoom_Id, Inventory_Attribute_Id) values (11128, 49);
-- Final Index and Final Name: inner--0018 Key: fabric0018
insert into Zoom_Inventory_Attribute (Zoom_Id, Inventory_Attribute_Id) values (11128, 69);
insert into Zoom (Id, Description, Layer) values (11129, 'resources//img/Cuff/Cuff-Closeup-Lyr02-RdSingButton-Inner.0019.png', 02);
insert into Category_Zoom (Category_Id, Zoom_Id) values (6, 11129);
insert into Zoom_Inventory_Attribute (Zoom_Id, Inventory_Attribute_Id) values (11129, 49);
-- Final Index and Final Name: inner--0019 Key: fabric0019
insert into Zoom_Inventory_Attribute (Zoom_Id, Inventory_Attribute_Id) values (11129, 70);
insert into Zoom (Id, Description, Layer) values (11130, 'resources//img/Cuff/Cuff-Closeup-Lyr02-RdSingButton-Inner.0020.png', 02);
insert into Category_Zoom (Category_Id, Zoom_Id) values (6, 11130);
insert into Zoom_Inventory_Attribute (Zoom_Id, Inventory_Attribute_Id) values (11130, 49);
-- Final Index and Final Name: inner--0020 Key: fabric0020
insert into Zoom_Inventory_Attribute (Zoom_Id, Inventory_Attribute_Id) values (11130, 71);
insert into Zoom (Id, Description, Layer) values (11131, 'resources//img/Cuff/Cuff-Closeup-Lyr02-RdSingButton-Inner.0021.png', 02);
insert into Category_Zoom (Category_Id, Zoom_Id) values (6, 11131);
insert into Zoom_Inventory_Attribute (Zoom_Id, Inventory_Attribute_Id) values (11131, 49);
-- Final Index and Final Name: inner--0021 Key: fabric0021
insert into Zoom_Inventory_Attribute (Zoom_Id, Inventory_Attribute_Id) values (11131, 72);
insert into Zoom (Id, Description, Layer) values (11132, 'resources//img/Cuff/Cuff-Closeup-Lyr02-RdSingButton-Inner.0022.png', 02);
insert into Category_Zoom (Category_Id, Zoom_Id) values (6, 11132);
insert into Zoom_Inventory_Attribute (Zoom_Id, Inventory_Attribute_Id) values (11132, 49);
-- Final Index and Final Name: inner--0022 Key: fabric0022
insert into Zoom_Inventory_Attribute (Zoom_Id, Inventory_Attribute_Id) values (11132, 73);
insert into Zoom (Id, Description, Layer) values (11133, 'resources//img/Cuff/Cuff-Closeup-Lyr02-RdSingButton-Inner.0023.png', 02);
insert into Category_Zoom (Category_Id, Zoom_Id) values (6, 11133);
insert into Zoom_Inventory_Attribute (Zoom_Id, Inventory_Attribute_Id) values (11133, 49);
-- Final Index and Final Name: inner--0023 Key: fabric0023
insert into Zoom_Inventory_Attribute (Zoom_Id, Inventory_Attribute_Id) values (11133, 74);
insert into Zoom (Id, Description, Layer) values (11134, 'resources//img/Cuff/Cuff-Closeup-Lyr02-RdSingButton-Inner.0024.png', 02);
insert into Category_Zoom (Category_Id, Zoom_Id) values (6, 11134);
insert into Zoom_Inventory_Attribute (Zoom_Id, Inventory_Attribute_Id) values (11134, 49);
-- Final Index and Final Name: inner--0024 Key: fabric0024
insert into Zoom_Inventory_Attribute (Zoom_Id, Inventory_Attribute_Id) values (11134, 75);
insert into Zoom (Id, Description, Layer) values (11135, 'resources//img/Cuff/Cuff-Closeup-Lyr02-RdSingButton-Inner.0025.png', 02);
insert into Category_Zoom (Category_Id, Zoom_Id) values (6, 11135);
insert into Zoom_Inventory_Attribute (Zoom_Id, Inventory_Attribute_Id) values (11135, 49);
-- Final Index and Final Name: inner--0025 Key: fabric0025
insert into Zoom_Inventory_Attribute (Zoom_Id, Inventory_Attribute_Id) values (11135, 76);
insert into Zoom (Id, Description, Layer) values (11136, 'resources//img/Cuff/Cuff-Closeup-Lyr02-RdSingButton-Inner.0026.png', 02);
insert into Category_Zoom (Category_Id, Zoom_Id) values (6, 11136);
insert into Zoom_Inventory_Attribute (Zoom_Id, Inventory_Attribute_Id) values (11136, 49);
-- Final Index and Final Name: inner--0026 Key: fabric0026
insert into Zoom_Inventory_Attribute (Zoom_Id, Inventory_Attribute_Id) values (11136, 77);
insert into Zoom (Id, Description, Layer) values (11137, 'resources//img/Cuff/Cuff-Closeup-Lyr02-RdSingButton-Inner.0027.png', 02);
insert into Category_Zoom (Category_Id, Zoom_Id) values (6, 11137);
insert into Zoom_Inventory_Attribute (Zoom_Id, Inventory_Attribute_Id) values (11137, 49);
-- Final Index and Final Name: inner--0027 Key: fabric0027
insert into Zoom_Inventory_Attribute (Zoom_Id, Inventory_Attribute_Id) values (11137, 78);
insert into Zoom (Id, Description, Layer) values (11138, 'resources//img/Cuff/Cuff-Closeup-Lyr02-RdSingButton-Inner.0028.png', 02);
insert into Category_Zoom (Category_Id, Zoom_Id) values (6, 11138);
insert into Zoom_Inventory_Attribute (Zoom_Id, Inventory_Attribute_Id) values (11138, 49);
-- Final Index and Final Name: inner--0028 Key: fabric0028
insert into Zoom_Inventory_Attribute (Zoom_Id, Inventory_Attribute_Id) values (11138, 79);
insert into Zoom (Id, Description, Layer) values (11139, 'resources//img/Cuff/Cuff-Closeup-Lyr02-RdSingButton-Inner.0029.png', 02);
insert into Category_Zoom (Category_Id, Zoom_Id) values (6, 11139);
insert into Zoom_Inventory_Attribute (Zoom_Id, Inventory_Attribute_Id) values (11139, 49);
-- Final Index and Final Name: inner--0029 Key: fabric0029
insert into Zoom_Inventory_Attribute (Zoom_Id, Inventory_Attribute_Id) values (11139, 80);
insert into Zoom (Id, Description, Layer) values (11140, 'resources//img/Cuff/Cuff-Closeup-Lyr02-RdSingButton-Inner.0030.png', 02);
insert into Category_Zoom (Category_Id, Zoom_Id) values (6, 11140);
insert into Zoom_Inventory_Attribute (Zoom_Id, Inventory_Attribute_Id) values (11140, 49);
-- Final Index and Final Name: inner--0030 Key: fabric0030
insert into Zoom_Inventory_Attribute (Zoom_Id, Inventory_Attribute_Id) values (11140, 81);
insert into Zoom (Id, Description, Layer) values (11141, 'resources//img/Cuff/Cuff-Closeup-Lyr02-RdSingButton-Inner.0031.png', 02);
insert into Category_Zoom (Category_Id, Zoom_Id) values (6, 11141);
insert into Zoom_Inventory_Attribute (Zoom_Id, Inventory_Attribute_Id) values (11141, 49);
-- Final Index and Final Name: inner--0031 Key: fabric0031
insert into Zoom_Inventory_Attribute (Zoom_Id, Inventory_Attribute_Id) values (11141, 82);
insert into Zoom (Id, Description, Layer) values (11142, 'resources//img/Cuff/Cuff-Closeup-Lyr02-RdSingButton-Inner.0032.png', 02);
insert into Category_Zoom (Category_Id, Zoom_Id) values (6, 11142);
insert into Zoom_Inventory_Attribute (Zoom_Id, Inventory_Attribute_Id) values (11142, 49);
-- Final Index and Final Name: inner--0032 Key: fabric0032
insert into Zoom_Inventory_Attribute (Zoom_Id, Inventory_Attribute_Id) values (11142, 83);
insert into Zoom (Id, Description, Layer) values (11143, 'resources//img/Cuff/Cuff-Closeup-Lyr02-RdSingButton-Inner.0033.png', 02);
insert into Category_Zoom (Category_Id, Zoom_Id) values (6, 11143);
insert into Zoom_Inventory_Attribute (Zoom_Id, Inventory_Attribute_Id) values (11143, 49);
-- Final Index and Final Name: inner--0033 Key: fabric0033
insert into Zoom_Inventory_Attribute (Zoom_Id, Inventory_Attribute_Id) values (11143, 84);
insert into Zoom (Id, Description, Layer) values (11144, 'resources//img/Cuff/Cuff-Closeup-Lyr02-RdSingButton-Inner.0034.png', 02);
insert into Category_Zoom (Category_Id, Zoom_Id) values (6, 11144);
insert into Zoom_Inventory_Attribute (Zoom_Id, Inventory_Attribute_Id) values (11144, 49);
-- Final Index and Final Name: inner--0034 Key: fabric0034
insert into Zoom_Inventory_Attribute (Zoom_Id, Inventory_Attribute_Id) values (11144, 85);
insert into Zoom (Id, Description, Layer) values (11145, 'resources//img/Cuff/Cuff-Closeup-Lyr02-RdSingButton-Inner.0035.png', 02);
insert into Category_Zoom (Category_Id, Zoom_Id) values (6, 11145);
insert into Zoom_Inventory_Attribute (Zoom_Id, Inventory_Attribute_Id) values (11145, 49);
-- Final Index and Final Name: inner--0035 Key: fabric0035
insert into Zoom_Inventory_Attribute (Zoom_Id, Inventory_Attribute_Id) values (11145, 86);
insert into Zoom (Id, Description, Layer) values (11146, 'resources//img/Cuff/Cuff-Closeup-Lyr02-RdSingButton-Inner.0036.png', 02);
insert into Category_Zoom (Category_Id, Zoom_Id) values (6, 11146);
insert into Zoom_Inventory_Attribute (Zoom_Id, Inventory_Attribute_Id) values (11146, 49);
-- Final Index and Final Name: inner--0036 Key: fabric0036
insert into Zoom_Inventory_Attribute (Zoom_Id, Inventory_Attribute_Id) values (11146, 87);
insert into Zoom (Id, Description, Layer) values (11147, 'resources//img/Cuff/Cuff-Closeup-Lyr02-RdSingButton-Inner.0037.png', 02);
insert into Category_Zoom (Category_Id, Zoom_Id) values (6, 11147);
insert into Zoom_Inventory_Attribute (Zoom_Id, Inventory_Attribute_Id) values (11147, 49);
-- Final Index and Final Name: inner--0037 Key: fabric0037
insert into Zoom_Inventory_Attribute (Zoom_Id, Inventory_Attribute_Id) values (11147, 88);
insert into Zoom (Id, Description, Layer) values (11148, 'resources//img/Cuff/Cuff-Closeup-Lyr02-RdSingButton-Inner.0038.png', 02);
insert into Category_Zoom (Category_Id, Zoom_Id) values (6, 11148);
insert into Zoom_Inventory_Attribute (Zoom_Id, Inventory_Attribute_Id) values (11148, 49);
-- Final Index and Final Name: inner--0038 Key: fabric0038
insert into Zoom_Inventory_Attribute (Zoom_Id, Inventory_Attribute_Id) values (11148, 89);
insert into Zoom (Id, Description, Layer) values (11149, 'resources//img/Cuff/Cuff-Closeup-Lyr02-RdSingButton-Inner.0039.png', 02);
insert into Category_Zoom (Category_Id, Zoom_Id) values (6, 11149);
insert into Zoom_Inventory_Attribute (Zoom_Id, Inventory_Attribute_Id) values (11149, 49);
-- Final Index and Final Name: inner--0039 Key: fabric0039
insert into Zoom_Inventory_Attribute (Zoom_Id, Inventory_Attribute_Id) values (11149, 90);
insert into Zoom (Id, Description, Layer) values (11150, 'resources//img/Cuff/Cuff-Closeup-Lyr02-RdSingButton-Inner.0040.png', 02);
insert into Category_Zoom (Category_Id, Zoom_Id) values (6, 11150);
insert into Zoom_Inventory_Attribute (Zoom_Id, Inventory_Attribute_Id) values (11150, 49);
-- Final Index and Final Name: inner--0040 Key: fabric0040
insert into Zoom_Inventory_Attribute (Zoom_Id, Inventory_Attribute_Id) values (11150, 91);
insert into Zoom (Id, Description, Layer) values (11151, 'resources//img/Cuff/Cuff-Closeup-Lyr02-RdSingButton-Inner.0041.png', 02);
insert into Category_Zoom (Category_Id, Zoom_Id) values (6, 11151);
insert into Zoom_Inventory_Attribute (Zoom_Id, Inventory_Attribute_Id) values (11151, 49);
-- Final Index and Final Name: inner--0041 Key: fabric0041
insert into Zoom_Inventory_Attribute (Zoom_Id, Inventory_Attribute_Id) values (11151, 92);
insert into Zoom (Id, Description, Layer) values (11152, 'resources//img/Cuff/Cuff-Closeup-Lyr02-RdSingButton-Inner.0042.png', 02);
insert into Category_Zoom (Category_Id, Zoom_Id) values (6, 11152);
insert into Zoom_Inventory_Attribute (Zoom_Id, Inventory_Attribute_Id) values (11152, 49);
-- Final Index and Final Name: inner--0042 Key: fabric0042
insert into Zoom_Inventory_Attribute (Zoom_Id, Inventory_Attribute_Id) values (11152, 93);
insert into Zoom (Id, Description, Layer) values (11153, 'resources//img/Cuff/Cuff-Closeup-Lyr02-RdSingButton-Inner.0043.png', 02);
insert into Category_Zoom (Category_Id, Zoom_Id) values (6, 11153);
insert into Zoom_Inventory_Attribute (Zoom_Id, Inventory_Attribute_Id) values (11153, 49);
-- Final Index and Final Name: inner--0043 Key: fabric0043
insert into Zoom_Inventory_Attribute (Zoom_Id, Inventory_Attribute_Id) values (11153, 94);
insert into Zoom (Id, Description, Layer) values (11154, 'resources//img/Cuff/Cuff-Closeup-Lyr02-RdSingButton-Inner.0044.png', 02);
insert into Category_Zoom (Category_Id, Zoom_Id) values (6, 11154);
insert into Zoom_Inventory_Attribute (Zoom_Id, Inventory_Attribute_Id) values (11154, 49);
-- Final Index and Final Name: inner--0044 Key: fabric0044
insert into Zoom_Inventory_Attribute (Zoom_Id, Inventory_Attribute_Id) values (11154, 95);
insert into Zoom (Id, Description, Layer) values (11155, 'resources//img/Cuff/Cuff-Closeup-Lyr02-RdSingButton-Inner.0045.png', 02);
insert into Category_Zoom (Category_Id, Zoom_Id) values (6, 11155);
insert into Zoom_Inventory_Attribute (Zoom_Id, Inventory_Attribute_Id) values (11155, 49);
-- Final Index and Final Name: inner--0045 Key: fabric0045
insert into Zoom_Inventory_Attribute (Zoom_Id, Inventory_Attribute_Id) values (11155, 96);
insert into Zoom (Id, Description, Layer) values (11156, 'resources//img/Cuff/Cuff-Closeup-Lyr02-RdSingButton-Inner.0046.png', 02);
insert into Category_Zoom (Category_Id, Zoom_Id) values (6, 11156);
insert into Zoom_Inventory_Attribute (Zoom_Id, Inventory_Attribute_Id) values (11156, 49);
-- Final Index and Final Name: inner--0046 Key: fabric0046
insert into Zoom_Inventory_Attribute (Zoom_Id, Inventory_Attribute_Id) values (11156, 97);
insert into Zoom (Id, Description, Layer) values (11157, 'resources//img/Cuff/Cuff-Closeup-Lyr02-RdSingButton-Inner.0047.png', 02);
insert into Category_Zoom (Category_Id, Zoom_Id) values (6, 11157);
insert into Zoom_Inventory_Attribute (Zoom_Id, Inventory_Attribute_Id) values (11157, 49);
-- Final Index and Final Name: inner--0047 Key: fabric0047
insert into Zoom_Inventory_Attribute (Zoom_Id, Inventory_Attribute_Id) values (11157, 98);
insert into Zoom (Id, Description, Layer) values (11158, 'resources//img/Cuff/Cuff-Closeup-Lyr02-RdSingButton-Inner.0048.png', 02);
insert into Category_Zoom (Category_Id, Zoom_Id) values (6, 11158);
insert into Zoom_Inventory_Attribute (Zoom_Id, Inventory_Attribute_Id) values (11158, 49);
-- Final Index and Final Name: inner--0048 Key: fabric0048
insert into Zoom_Inventory_Attribute (Zoom_Id, Inventory_Attribute_Id) values (11158, 99);
insert into Zoom (Id, Description, Layer) values (11159, 'resources//img/Cuff/Cuff-Closeup-Lyr02-RdSingButton-Inner.0049.png', 02);
insert into Category_Zoom (Category_Id, Zoom_Id) values (6, 11159);
insert into Zoom_Inventory_Attribute (Zoom_Id, Inventory_Attribute_Id) values (11159, 49);
-- Final Index and Final Name: inner--0049 Key: fabric0049
insert into Zoom_Inventory_Attribute (Zoom_Id, Inventory_Attribute_Id) values (11159, 100);
insert into Zoom (Id, Description, Layer) values (11160, 'resources//img/Cuff/Cuff-Closeup-Lyr02-RdSingButton-Inner.0050.png', 02);
insert into Category_Zoom (Category_Id, Zoom_Id) values (6, 11160);
insert into Zoom_Inventory_Attribute (Zoom_Id, Inventory_Attribute_Id) values (11160, 49);
-- Final Index and Final Name: inner--0050 Key: fabric0050
insert into Zoom_Inventory_Attribute (Zoom_Id, Inventory_Attribute_Id) values (11160, 101);
insert into Zoom (Id, Description, Layer) values (11161, 'resources//img/Cuff/Cuff-Closeup-Lyr02-RdSingButton-Inner.0051.png', 02);
insert into Category_Zoom (Category_Id, Zoom_Id) values (6, 11161);
insert into Zoom_Inventory_Attribute (Zoom_Id, Inventory_Attribute_Id) values (11161, 49);
-- Final Index and Final Name: inner--0051 Key: fabric0051
insert into Zoom_Inventory_Attribute (Zoom_Id, Inventory_Attribute_Id) values (11161, 102);
insert into Zoom (Id, Description, Layer) values (11162, 'resources//img/Cuff/Cuff-Closeup-Lyr02-RdSingButton-Inner.0052.png', 02);
insert into Category_Zoom (Category_Id, Zoom_Id) values (6, 11162);
insert into Zoom_Inventory_Attribute (Zoom_Id, Inventory_Attribute_Id) values (11162, 49);
-- Final Index and Final Name: inner--0052 Key: fabric0052
insert into Zoom_Inventory_Attribute (Zoom_Id, Inventory_Attribute_Id) values (11162, 103);
insert into Zoom (Id, Description, Layer) values (11163, 'resources//img/Cuff/Cuff-Closeup-Lyr02-RdSingButton-Inner.0053.png', 02);
insert into Category_Zoom (Category_Id, Zoom_Id) values (6, 11163);
insert into Zoom_Inventory_Attribute (Zoom_Id, Inventory_Attribute_Id) values (11163, 49);
-- Final Index and Final Name: inner--0053 Key: fabric0053
insert into Zoom_Inventory_Attribute (Zoom_Id, Inventory_Attribute_Id) values (11163, 104);
insert into Zoom (Id, Description, Layer) values (11164, 'resources//img/Cuff/Cuff-Closeup-Lyr02-RdSingButton-Inner.0054.png', 02);
insert into Category_Zoom (Category_Id, Zoom_Id) values (6, 11164);
insert into Zoom_Inventory_Attribute (Zoom_Id, Inventory_Attribute_Id) values (11164, 49);
-- Final Index and Final Name: inner--0054 Key: fabric0054
insert into Zoom_Inventory_Attribute (Zoom_Id, Inventory_Attribute_Id) values (11164, 105);
insert into Zoom (Id, Description, Layer) values (11165, 'resources//img/Cuff/Cuff-Closeup-Lyr02-RdSingButton-Inner.0055.png', 02);
insert into Category_Zoom (Category_Id, Zoom_Id) values (6, 11165);
insert into Zoom_Inventory_Attribute (Zoom_Id, Inventory_Attribute_Id) values (11165, 49);
-- Final Index and Final Name: inner--0055 Key: fabric0055
insert into Zoom_Inventory_Attribute (Zoom_Id, Inventory_Attribute_Id) values (11165, 106);
insert into Zoom (Id, Description, Layer) values (11166, 'resources//img/Cuff/Cuff-Closeup-Lyr02-RdSingButton-Inner.0056.png', 02);
insert into Category_Zoom (Category_Id, Zoom_Id) values (6, 11166);
insert into Zoom_Inventory_Attribute (Zoom_Id, Inventory_Attribute_Id) values (11166, 49);
-- Final Index and Final Name: inner--0056 Key: fabric0056
insert into Zoom_Inventory_Attribute (Zoom_Id, Inventory_Attribute_Id) values (11166, 107);
insert into Zoom (Id, Description, Layer) values (11167, 'resources//img/Cuff/Cuff-Closeup-Lyr02-RdSingButton-Inner.0057.png', 02);
insert into Category_Zoom (Category_Id, Zoom_Id) values (6, 11167);
insert into Zoom_Inventory_Attribute (Zoom_Id, Inventory_Attribute_Id) values (11167, 49);
-- Final Index and Final Name: inner--0057 Key: fabric0057
insert into Zoom_Inventory_Attribute (Zoom_Id, Inventory_Attribute_Id) values (11167, 108);
insert into Zoom (Id, Description, Layer) values (11168, 'resources//img/Cuff/Cuff-Closeup-Lyr02-RdSingButton-Inner.0058.png', 02);
insert into Category_Zoom (Category_Id, Zoom_Id) values (6, 11168);
insert into Zoom_Inventory_Attribute (Zoom_Id, Inventory_Attribute_Id) values (11168, 49);
-- Final Index and Final Name: inner--0058 Key: fabric0058
insert into Zoom_Inventory_Attribute (Zoom_Id, Inventory_Attribute_Id) values (11168, 109);
insert into Zoom (Id, Description, Layer) values (11169, 'resources//img/Cuff/Cuff-Closeup-Lyr02-RdSingButton-Inner.0059.png', 02);
insert into Category_Zoom (Category_Id, Zoom_Id) values (6, 11169);
insert into Zoom_Inventory_Attribute (Zoom_Id, Inventory_Attribute_Id) values (11169, 49);
-- Final Index and Final Name: inner--0059 Key: fabric0059
insert into Zoom_Inventory_Attribute (Zoom_Id, Inventory_Attribute_Id) values (11169, 110);
insert into Zoom (Id, Description, Layer) values (11170, 'resources//img/Cuff/Cuff-Closeup-Lyr02-RdSingButton-Inner.0060.png', 02);
insert into Category_Zoom (Category_Id, Zoom_Id) values (6, 11170);
insert into Zoom_Inventory_Attribute (Zoom_Id, Inventory_Attribute_Id) values (11170, 49);
-- Final Index and Final Name: inner--0060 Key: fabric0060
insert into Zoom_Inventory_Attribute (Zoom_Id, Inventory_Attribute_Id) values (11170, 111);
insert into Zoom (Id, Description, Layer) values (11171, 'resources//img/Cuff/Cuff-Closeup-Lyr02-RdSingButton-Inner.0061.png', 02);
insert into Category_Zoom (Category_Id, Zoom_Id) values (6, 11171);
insert into Zoom_Inventory_Attribute (Zoom_Id, Inventory_Attribute_Id) values (11171, 49);
-- Final Index and Final Name: inner--0061 Key: fabric0061
insert into Zoom_Inventory_Attribute (Zoom_Id, Inventory_Attribute_Id) values (11171, 112);
insert into Zoom (Id, Description, Layer) values (11172, 'resources//img/Cuff/Cuff-Closeup-Lyr02-RdSingButton-Inner.0062.png', 02);
insert into Category_Zoom (Category_Id, Zoom_Id) values (6, 11172);
insert into Zoom_Inventory_Attribute (Zoom_Id, Inventory_Attribute_Id) values (11172, 49);
-- Final Index and Final Name: inner--0062 Key: fabric0062
insert into Zoom_Inventory_Attribute (Zoom_Id, Inventory_Attribute_Id) values (11172, 113);
insert into Zoom (Id, Description, Layer) values (11173, 'resources//img/Cuff/Cuff-Closeup-Lyr02-RdSingButton-Inner.0063.png', 02);
insert into Category_Zoom (Category_Id, Zoom_Id) values (6, 11173);
insert into Zoom_Inventory_Attribute (Zoom_Id, Inventory_Attribute_Id) values (11173, 49);
-- Final Index and Final Name: inner--0063 Key: fabric0063
insert into Zoom_Inventory_Attribute (Zoom_Id, Inventory_Attribute_Id) values (11173, 114);
insert into Zoom (Id, Description, Layer) values (11174, 'resources//img/Cuff/Cuff-Closeup-Lyr02-RdSingButton-Inner.0064.png', 02);
insert into Category_Zoom (Category_Id, Zoom_Id) values (6, 11174);
insert into Zoom_Inventory_Attribute (Zoom_Id, Inventory_Attribute_Id) values (11174, 49);
-- Final Index and Final Name: inner--0064 Key: fabric0064
insert into Zoom_Inventory_Attribute (Zoom_Id, Inventory_Attribute_Id) values (11174, 115);
insert into Zoom (Id, Description, Layer) values (11175, 'resources//img/Cuff/Cuff-Closeup-Lyr02-RdSingButton-Inner.0065.png', 02);
insert into Category_Zoom (Category_Id, Zoom_Id) values (6, 11175);
insert into Zoom_Inventory_Attribute (Zoom_Id, Inventory_Attribute_Id) values (11175, 49);
-- Final Index and Final Name: inner--0065 Key: fabric0065
insert into Zoom_Inventory_Attribute (Zoom_Id, Inventory_Attribute_Id) values (11175, 116);
insert into Zoom (Id, Description, Layer) values (11176, 'resources//img/Cuff/Cuff-Closeup-Lyr02-RdSingButton-Inner.0066.png', 02);
insert into Category_Zoom (Category_Id, Zoom_Id) values (6, 11176);
insert into Zoom_Inventory_Attribute (Zoom_Id, Inventory_Attribute_Id) values (11176, 49);
-- Final Index and Final Name: inner--0066 Key: fabric0066
insert into Zoom_Inventory_Attribute (Zoom_Id, Inventory_Attribute_Id) values (11176, 117);
insert into Zoom (Id, Description, Layer) values (11177, 'resources//img/Cuff/Cuff-Closeup-Lyr02-RdSingButton-Inner.0067.png', 02);
insert into Category_Zoom (Category_Id, Zoom_Id) values (6, 11177);
insert into Zoom_Inventory_Attribute (Zoom_Id, Inventory_Attribute_Id) values (11177, 49);
-- Final Index and Final Name: inner--0067 Key: fabric0067
insert into Zoom_Inventory_Attribute (Zoom_Id, Inventory_Attribute_Id) values (11177, 118);
insert into Zoom (Id, Description, Layer) values (11178, 'resources//img/Cuff/Cuff-Closeup-Lyr02-RdSingButton-Inner.0068.png', 02);
insert into Category_Zoom (Category_Id, Zoom_Id) values (6, 11178);
insert into Zoom_Inventory_Attribute (Zoom_Id, Inventory_Attribute_Id) values (11178, 49);
-- Final Index and Final Name: inner--0068 Key: fabric0068
insert into Zoom_Inventory_Attribute (Zoom_Id, Inventory_Attribute_Id) values (11178, 119);
insert into Zoom (Id, Description, Layer) values (11179, 'resources//img/Cuff/Cuff-Closeup-Lyr02-RdSingButton-Inner.0069.png', 02);
insert into Category_Zoom (Category_Id, Zoom_Id) values (6, 11179);
insert into Zoom_Inventory_Attribute (Zoom_Id, Inventory_Attribute_Id) values (11179, 49);
-- Final Index and Final Name: inner--0069 Key: fabric0069
insert into Zoom_Inventory_Attribute (Zoom_Id, Inventory_Attribute_Id) values (11179, 120);
insert into Zoom (Id, Description, Layer) values (11180, 'resources//img/Cuff/Cuff-Closeup-Lyr02-RdSingButton-Inner.0070.png', 02);
insert into Category_Zoom (Category_Id, Zoom_Id) values (6, 11180);
insert into Zoom_Inventory_Attribute (Zoom_Id, Inventory_Attribute_Id) values (11180, 49);
-- Final Index and Final Name: inner--0070 Key: fabric0070
insert into Zoom_Inventory_Attribute (Zoom_Id, Inventory_Attribute_Id) values (11180, 121);
insert into Zoom (Id, Description, Layer) values (11181, 'resources//img/Cuff/Cuff-Closeup-Lyr02-RdSingButton-Inner.0071.png', 02);
insert into Category_Zoom (Category_Id, Zoom_Id) values (6, 11181);
insert into Zoom_Inventory_Attribute (Zoom_Id, Inventory_Attribute_Id) values (11181, 49);
-- Final Index and Final Name: inner--0071 Key: fabric0071
insert into Zoom_Inventory_Attribute (Zoom_Id, Inventory_Attribute_Id) values (11181, 122);
insert into Zoom (Id, Description, Layer) values (11182, 'resources//img/Cuff/Cuff-Closeup-Lyr02-RdSingButton-Inner.0072.png', 02);
insert into Category_Zoom (Category_Id, Zoom_Id) values (6, 11182);
insert into Zoom_Inventory_Attribute (Zoom_Id, Inventory_Attribute_Id) values (11182, 49);
-- Final Index and Final Name: inner--0072 Key: fabric0072
insert into Zoom_Inventory_Attribute (Zoom_Id, Inventory_Attribute_Id) values (11182, 123);
insert into Zoom (Id, Description, Layer) values (11183, 'resources//img/Cuff/Cuff-Closeup-Lyr02-RdSingButton-Inner.0073.png', 02);
insert into Category_Zoom (Category_Id, Zoom_Id) values (6, 11183);
insert into Zoom_Inventory_Attribute (Zoom_Id, Inventory_Attribute_Id) values (11183, 49);
-- Final Index and Final Name: inner--0073 Key: fabric0073
insert into Zoom_Inventory_Attribute (Zoom_Id, Inventory_Attribute_Id) values (11183, 124);
insert into Zoom (Id, Description, Layer) values (11184, 'resources//img/Cuff/Cuff-Closeup-Lyr02-RdSingButton-Inner.0074.png', 02);
insert into Category_Zoom (Category_Id, Zoom_Id) values (6, 11184);
insert into Zoom_Inventory_Attribute (Zoom_Id, Inventory_Attribute_Id) values (11184, 49);
-- Final Index and Final Name: inner--0074 Key: fabric0074
insert into Zoom_Inventory_Attribute (Zoom_Id, Inventory_Attribute_Id) values (11184, 125);
insert into Zoom (Id, Description, Layer) values (11185, 'resources//img/Cuff/Cuff-Closeup-Lyr02-RdSingButton-Inner.0075.png', 02);
insert into Category_Zoom (Category_Id, Zoom_Id) values (6, 11185);
insert into Zoom_Inventory_Attribute (Zoom_Id, Inventory_Attribute_Id) values (11185, 49);
-- Final Index and Final Name: inner--0075 Key: fabric0075
insert into Zoom_Inventory_Attribute (Zoom_Id, Inventory_Attribute_Id) values (11185, 126);
insert into Zoom (Id, Description, Layer) values (11186, 'resources//img/Cuff/Cuff-Closeup-Lyr02-RdSingButton-Inner.0076.png', 02);
insert into Category_Zoom (Category_Id, Zoom_Id) values (6, 11186);
insert into Zoom_Inventory_Attribute (Zoom_Id, Inventory_Attribute_Id) values (11186, 49);
-- Final Index and Final Name: inner--0076 Key: fabric0076
insert into Zoom_Inventory_Attribute (Zoom_Id, Inventory_Attribute_Id) values (11186, 127);
insert into Zoom (Id, Description, Layer) values (11187, 'resources//img/Cuff/Cuff-Closeup-Lyr02-RdSingButton-Inner.0077.png', 02);
insert into Category_Zoom (Category_Id, Zoom_Id) values (6, 11187);
insert into Zoom_Inventory_Attribute (Zoom_Id, Inventory_Attribute_Id) values (11187, 49);
-- Final Index and Final Name: inner--0077 Key: fabric0077
insert into Zoom_Inventory_Attribute (Zoom_Id, Inventory_Attribute_Id) values (11187, 128);
insert into Zoom (Id, Description, Layer) values (11188, 'resources//img/Cuff/Cuff-Closeup-Lyr02-RdSingButton-Inner.0078.png', 02);
insert into Category_Zoom (Category_Id, Zoom_Id) values (6, 11188);
insert into Zoom_Inventory_Attribute (Zoom_Id, Inventory_Attribute_Id) values (11188, 49);
-- Final Index and Final Name: inner--0078 Key: fabric0078
insert into Zoom_Inventory_Attribute (Zoom_Id, Inventory_Attribute_Id) values (11188, 129);
insert into Zoom (Id, Description, Layer) values (11189, 'resources//img/Cuff/Cuff-Closeup-Lyr02-RdSingButton-Inner.0079.png', 02);
insert into Category_Zoom (Category_Id, Zoom_Id) values (6, 11189);
insert into Zoom_Inventory_Attribute (Zoom_Id, Inventory_Attribute_Id) values (11189, 49);
-- Final Index and Final Name: inner--0079 Key: fabric0079
insert into Zoom_Inventory_Attribute (Zoom_Id, Inventory_Attribute_Id) values (11189, 130);
insert into Zoom (Id, Description, Layer) values (11190, 'resources//img/Cuff/Cuff-Closeup-Lyr02-RdSingButton-Inner.0080.png', 02);
insert into Category_Zoom (Category_Id, Zoom_Id) values (6, 11190);
insert into Zoom_Inventory_Attribute (Zoom_Id, Inventory_Attribute_Id) values (11190, 49);
-- Final Index and Final Name: inner--0080 Key: fabric0080
insert into Zoom_Inventory_Attribute (Zoom_Id, Inventory_Attribute_Id) values (11190, 131);
insert into Zoom (Id, Description, Layer) values (11191, 'resources//img/Cuff/Cuff-Closeup-Lyr02-RdSingButton-Inner.0081.png', 02);
insert into Category_Zoom (Category_Id, Zoom_Id) values (6, 11191);
insert into Zoom_Inventory_Attribute (Zoom_Id, Inventory_Attribute_Id) values (11191, 49);
-- Final Index and Final Name: inner--0081 Key: fabric0081
insert into Zoom_Inventory_Attribute (Zoom_Id, Inventory_Attribute_Id) values (11191, 132);
insert into Zoom (Id, Description, Layer) values (11192, 'resources//img/Cuff/Cuff-Closeup-Lyr02-RdSingButton-Inner.0082.png', 02);
insert into Category_Zoom (Category_Id, Zoom_Id) values (6, 11192);
insert into Zoom_Inventory_Attribute (Zoom_Id, Inventory_Attribute_Id) values (11192, 49);
-- Final Index and Final Name: inner--0082 Key: fabric0082
insert into Zoom_Inventory_Attribute (Zoom_Id, Inventory_Attribute_Id) values (11192, 133);
insert into Zoom (Id, Description, Layer) values (11193, 'resources//img/Cuff/Cuff-Closeup-Lyr02-RdSingButton-Inner.0083.png', 02);
insert into Category_Zoom (Category_Id, Zoom_Id) values (6, 11193);
insert into Zoom_Inventory_Attribute (Zoom_Id, Inventory_Attribute_Id) values (11193, 49);
-- Final Index and Final Name: inner--0083 Key: fabric0083
insert into Zoom_Inventory_Attribute (Zoom_Id, Inventory_Attribute_Id) values (11193, 134);
insert into Zoom (Id, Description, Layer) values (11194, 'resources//img/Cuff/Cuff-Closeup-Lyr02-RdSingButton-Inner.0084.png', 02);
insert into Category_Zoom (Category_Id, Zoom_Id) values (6, 11194);
insert into Zoom_Inventory_Attribute (Zoom_Id, Inventory_Attribute_Id) values (11194, 49);
-- Final Index and Final Name: inner--0084 Key: fabric0084
insert into Zoom_Inventory_Attribute (Zoom_Id, Inventory_Attribute_Id) values (11194, 135);
insert into Zoom (Id, Description, Layer) values (11195, 'resources//img/Cuff/Cuff-Closeup-Lyr02-RdSingButton-Inner.0085.png', 02);
insert into Category_Zoom (Category_Id, Zoom_Id) values (6, 11195);
insert into Zoom_Inventory_Attribute (Zoom_Id, Inventory_Attribute_Id) values (11195, 49);
-- Final Index and Final Name: inner--0085 Key: fabric0085
insert into Zoom_Inventory_Attribute (Zoom_Id, Inventory_Attribute_Id) values (11195, 136);
insert into Zoom (Id, Description, Layer) values (11196, 'resources//img/Cuff/Cuff-Closeup-Lyr02-RdSingButton-Inner.0086.png', 02);
insert into Category_Zoom (Category_Id, Zoom_Id) values (6, 11196);
insert into Zoom_Inventory_Attribute (Zoom_Id, Inventory_Attribute_Id) values (11196, 49);
-- Final Index and Final Name: inner--0086 Key: fabric0086
insert into Zoom_Inventory_Attribute (Zoom_Id, Inventory_Attribute_Id) values (11196, 137);
insert into Zoom (Id, Description, Layer) values (11197, 'resources//img/Cuff/Cuff-Closeup-Lyr02-RdSingButton-Inner.0087.png', 02);
insert into Category_Zoom (Category_Id, Zoom_Id) values (6, 11197);
insert into Zoom_Inventory_Attribute (Zoom_Id, Inventory_Attribute_Id) values (11197, 49);
-- Final Index and Final Name: inner--0087 Key: fabric0087
insert into Zoom_Inventory_Attribute (Zoom_Id, Inventory_Attribute_Id) values (11197, 138);
insert into Zoom (Id, Description, Layer) values (11198, 'resources//img/Cuff/Cuff-Closeup-Lyr02-RdSingButton-Inner.0088.png', 02);
insert into Category_Zoom (Category_Id, Zoom_Id) values (6, 11198);
insert into Zoom_Inventory_Attribute (Zoom_Id, Inventory_Attribute_Id) values (11198, 49);
-- Final Index and Final Name: inner--0088 Key: fabric0088
insert into Zoom_Inventory_Attribute (Zoom_Id, Inventory_Attribute_Id) values (11198, 139);
insert into Zoom (Id, Description, Layer) values (11199, 'resources//img/Cuff/Cuff-Closeup-Lyr02-RdSingButton-Inner.0089.png', 02);
insert into Category_Zoom (Category_Id, Zoom_Id) values (6, 11199);
insert into Zoom_Inventory_Attribute (Zoom_Id, Inventory_Attribute_Id) values (11199, 49);
-- Final Index and Final Name: inner--0089 Key: fabric0089
insert into Zoom_Inventory_Attribute (Zoom_Id, Inventory_Attribute_Id) values (11199, 140);
insert into Zoom (Id, Description, Layer) values (11200, 'resources//img/Cuff/Cuff-Closeup-Lyr02-RdSingButton-Inner.0090.png', 02);
insert into Category_Zoom (Category_Id, Zoom_Id) values (6, 11200);
insert into Zoom_Inventory_Attribute (Zoom_Id, Inventory_Attribute_Id) values (11200, 49);
-- Final Index and Final Name: inner--0090 Key: fabric0090
insert into Zoom_Inventory_Attribute (Zoom_Id, Inventory_Attribute_Id) values (11200, 141);
insert into Zoom (Id, Description, Layer) values (11201, 'resources//img/Cuff/Cuff-Closeup-Lyr02-RdSingButton-Inner.0091.png', 02);
insert into Category_Zoom (Category_Id, Zoom_Id) values (6, 11201);
insert into Zoom_Inventory_Attribute (Zoom_Id, Inventory_Attribute_Id) values (11201, 49);
-- Final Index and Final Name: inner--0091 Key: fabric0091
insert into Zoom_Inventory_Attribute (Zoom_Id, Inventory_Attribute_Id) values (11201, 142);
insert into Zoom (Id, Description, Layer) values (11202, 'resources//img/Cuff/Cuff-Closeup-Lyr02-RdSingButton-Inner.0092.png', 02);
insert into Category_Zoom (Category_Id, Zoom_Id) values (6, 11202);
insert into Zoom_Inventory_Attribute (Zoom_Id, Inventory_Attribute_Id) values (11202, 49);
-- Final Index and Final Name: inner--0092 Key: fabric0092
insert into Zoom_Inventory_Attribute (Zoom_Id, Inventory_Attribute_Id) values (11202, 143);
insert into Zoom (Id, Description, Layer) values (11203, 'resources//img/Cuff/Cuff-Closeup-Lyr02-RdSingButton-Inner.0093.png', 02);
insert into Category_Zoom (Category_Id, Zoom_Id) values (6, 11203);
insert into Zoom_Inventory_Attribute (Zoom_Id, Inventory_Attribute_Id) values (11203, 49);
-- Final Index and Final Name: inner--0093 Key: fabric0093
insert into Zoom_Inventory_Attribute (Zoom_Id, Inventory_Attribute_Id) values (11203, 144);
insert into Zoom (Id, Description, Layer) values (11204, 'resources//img/Cuff/Cuff-Closeup-Lyr02-RdSingButton-Inner.0094.png', 02);
insert into Category_Zoom (Category_Id, Zoom_Id) values (6, 11204);
insert into Zoom_Inventory_Attribute (Zoom_Id, Inventory_Attribute_Id) values (11204, 49);
-- Final Index and Final Name: inner--0094 Key: fabric0094
insert into Zoom_Inventory_Attribute (Zoom_Id, Inventory_Attribute_Id) values (11204, 145);
insert into Zoom (Id, Description, Layer) values (11205, 'resources//img/Cuff/Cuff-Closeup-Lyr02-RdSingButton-Inner.0095.png', 02);
insert into Category_Zoom (Category_Id, Zoom_Id) values (6, 11205);
insert into Zoom_Inventory_Attribute (Zoom_Id, Inventory_Attribute_Id) values (11205, 49);
-- Final Index and Final Name: inner--0095 Key: fabric0095
insert into Zoom_Inventory_Attribute (Zoom_Id, Inventory_Attribute_Id) values (11205, 146);
insert into Zoom (Id, Description, Layer) values (11206, 'resources//img/Cuff/Cuff-Closeup-Lyr02-RdSingButton-Inner.0096.png', 02);
insert into Category_Zoom (Category_Id, Zoom_Id) values (6, 11206);
insert into Zoom_Inventory_Attribute (Zoom_Id, Inventory_Attribute_Id) values (11206, 49);
-- Final Index and Final Name: inner--0096 Key: fabric0096
insert into Zoom_Inventory_Attribute (Zoom_Id, Inventory_Attribute_Id) values (11206, 147);
insert into Zoom (Id, Description, Layer) values (11207, 'resources//img/Cuff/Cuff-Closeup-Lyr02-RdSingButton-Inner.0097.png', 02);
insert into Category_Zoom (Category_Id, Zoom_Id) values (6, 11207);
insert into Zoom_Inventory_Attribute (Zoom_Id, Inventory_Attribute_Id) values (11207, 49);
-- Final Index and Final Name: inner--0097 Key: fabric0097
insert into Zoom_Inventory_Attribute (Zoom_Id, Inventory_Attribute_Id) values (11207, 148);
insert into Zoom (Id, Description, Layer) values (11208, 'resources//img/Cuff/Cuff-Closeup-Lyr02-RdSingButton-Inner.0098.png', 02);
insert into Category_Zoom (Category_Id, Zoom_Id) values (6, 11208);
insert into Zoom_Inventory_Attribute (Zoom_Id, Inventory_Attribute_Id) values (11208, 49);
-- Final Index and Final Name: inner--0098 Key: fabric0098
insert into Zoom_Inventory_Attribute (Zoom_Id, Inventory_Attribute_Id) values (11208, 149);
insert into Zoom (Id, Description, Layer) values (11209, 'resources//img/Cuff/Cuff-Closeup-Lyr02-RdSingButton-Inner.0099.png', 02);
insert into Category_Zoom (Category_Id, Zoom_Id) values (6, 11209);
insert into Zoom_Inventory_Attribute (Zoom_Id, Inventory_Attribute_Id) values (11209, 49);
-- Final Index and Final Name: inner--0099 Key: fabric0099
insert into Zoom_Inventory_Attribute (Zoom_Id, Inventory_Attribute_Id) values (11209, 150);
insert into Zoom (Id, Description, Layer) values (11210, 'resources//img/Cuff/Cuff-Closeup-Lyr02-RdSingButton-Inner.0100.png', 02);
insert into Category_Zoom (Category_Id, Zoom_Id) values (6, 11210);
insert into Zoom_Inventory_Attribute (Zoom_Id, Inventory_Attribute_Id) values (11210, 49);
-- Final Index and Final Name: inner--0100 Key: fabric0100
insert into Zoom_Inventory_Attribute (Zoom_Id, Inventory_Attribute_Id) values (11210, 151);
insert into Zoom (Id, Description, Layer) values (11211, 'resources//img/Cuff/Cuff-Closeup-Lyr02-RdSingButton-Inner.0101.png', 02);
insert into Category_Zoom (Category_Id, Zoom_Id) values (6, 11211);
insert into Zoom_Inventory_Attribute (Zoom_Id, Inventory_Attribute_Id) values (11211, 49);
-- Final Index and Final Name: inner--0101 Key: fabric0101
insert into Zoom_Inventory_Attribute (Zoom_Id, Inventory_Attribute_Id) values (11211, 152);
insert into Zoom (Id, Description, Layer) values (11212, 'resources//img/Cuff/Cuff-Closeup-Lyr02-RdSingButton-Inner.0102.png', 02);
insert into Category_Zoom (Category_Id, Zoom_Id) values (6, 11212);
insert into Zoom_Inventory_Attribute (Zoom_Id, Inventory_Attribute_Id) values (11212, 49);
-- Final Index and Final Name: inner--0102 Key: fabric0102
insert into Zoom_Inventory_Attribute (Zoom_Id, Inventory_Attribute_Id) values (11212, 153);
insert into Zoom (Id, Description, Layer) values (11213, 'resources//img/Cuff/Cuff-Closeup-Lyr02-RdSingButton-Inner.0103.png', 02);
insert into Category_Zoom (Category_Id, Zoom_Id) values (6, 11213);
insert into Zoom_Inventory_Attribute (Zoom_Id, Inventory_Attribute_Id) values (11213, 49);
-- Final Index and Final Name: inner--0103 Key: fabric0103
insert into Zoom_Inventory_Attribute (Zoom_Id, Inventory_Attribute_Id) values (11213, 154);
insert into Zoom (Id, Description, Layer) values (11214, 'resources//img/Cuff/Cuff-Closeup-Lyr02-RdSingButton-Inner.0104.png', 02);
insert into Category_Zoom (Category_Id, Zoom_Id) values (6, 11214);
insert into Zoom_Inventory_Attribute (Zoom_Id, Inventory_Attribute_Id) values (11214, 49);
-- Final Index and Final Name: inner--0104 Key: fabric0104
insert into Zoom_Inventory_Attribute (Zoom_Id, Inventory_Attribute_Id) values (11214, 155);
insert into Zoom (Id, Description, Layer) values (11215, 'resources//img/Cuff/Cuff-Closeup-Lyr02-RdSingButton-Inner.0105.png', 02);
insert into Category_Zoom (Category_Id, Zoom_Id) values (6, 11215);
insert into Zoom_Inventory_Attribute (Zoom_Id, Inventory_Attribute_Id) values (11215, 49);
-- Final Index and Final Name: inner--0105 Key: fabric0105
insert into Zoom_Inventory_Attribute (Zoom_Id, Inventory_Attribute_Id) values (11215, 156);
insert into Zoom (Id, Description, Layer) values (11216, 'resources//img/Cuff/Cuff-Closeup-Lyr02-RdSingButton-Inner.0106.png', 02);
insert into Category_Zoom (Category_Id, Zoom_Id) values (6, 11216);
insert into Zoom_Inventory_Attribute (Zoom_Id, Inventory_Attribute_Id) values (11216, 49);
-- Final Index and Final Name: inner--0106 Key: fabric0106
insert into Zoom_Inventory_Attribute (Zoom_Id, Inventory_Attribute_Id) values (11216, 157);
insert into Zoom (Id, Description, Layer) values (11217, 'resources//img/Cuff/Cuff-Closeup-Lyr02-RdSingButton-Inner.0107.png', 02);
insert into Category_Zoom (Category_Id, Zoom_Id) values (6, 11217);
insert into Zoom_Inventory_Attribute (Zoom_Id, Inventory_Attribute_Id) values (11217, 49);
-- Final Index and Final Name: inner--0107 Key: fabric0107
insert into Zoom_Inventory_Attribute (Zoom_Id, Inventory_Attribute_Id) values (11217, 158);
insert into Zoom (Id, Description, Layer) values (11218, 'resources//img/Cuff/Cuff-Closeup-Lyr02-RdSingButton-Inner.0108.png', 02);
insert into Category_Zoom (Category_Id, Zoom_Id) values (6, 11218);
insert into Zoom_Inventory_Attribute (Zoom_Id, Inventory_Attribute_Id) values (11218, 49);
-- Final Index and Final Name: inner--0108 Key: fabric0108
insert into Zoom_Inventory_Attribute (Zoom_Id, Inventory_Attribute_Id) values (11218, 159);
insert into Zoom (Id, Description, Layer) values (11219, 'resources//img/Cuff/Cuff-Closeup-Lyr02-RdSingButton-Inner.0109.png', 02);
insert into Category_Zoom (Category_Id, Zoom_Id) values (6, 11219);
insert into Zoom_Inventory_Attribute (Zoom_Id, Inventory_Attribute_Id) values (11219, 49);
-- Final Index and Final Name: inner--0109 Key: fabric0109
insert into Zoom_Inventory_Attribute (Zoom_Id, Inventory_Attribute_Id) values (11219, 160);
insert into Zoom (Id, Description, Layer) values (11220, 'resources//img/Cuff/Cuff-Closeup-Lyr02-RdSingButton-Inner.0110.png', 02);
insert into Category_Zoom (Category_Id, Zoom_Id) values (6, 11220);
insert into Zoom_Inventory_Attribute (Zoom_Id, Inventory_Attribute_Id) values (11220, 49);
-- Final Index and Final Name: inner--0110 Key: fabric0110
insert into Zoom_Inventory_Attribute (Zoom_Id, Inventory_Attribute_Id) values (11220, 161);
insert into Zoom (Id, Description, Layer) values (11221, 'resources//img/Cuff/Cuff-Closeup-Lyr02-RdSingButton-Inner.0111.png', 02);
insert into Category_Zoom (Category_Id, Zoom_Id) values (6, 11221);
insert into Zoom_Inventory_Attribute (Zoom_Id, Inventory_Attribute_Id) values (11221, 49);
-- Final Index and Final Name: inner--0111 Key: fabric0111
insert into Zoom_Inventory_Attribute (Zoom_Id, Inventory_Attribute_Id) values (11221, 162);
insert into Zoom (Id, Description, Layer) values (11222, 'resources//img/Cuff/Cuff-Closeup-Lyr02-RdSingButton-Inner.0112.png', 02);
insert into Category_Zoom (Category_Id, Zoom_Id) values (6, 11222);
insert into Zoom_Inventory_Attribute (Zoom_Id, Inventory_Attribute_Id) values (11222, 49);
-- Final Index and Final Name: inner--0112 Key: fabric0112
insert into Zoom_Inventory_Attribute (Zoom_Id, Inventory_Attribute_Id) values (11222, 163);
insert into Zoom (Id, Description, Layer) values (11223, 'resources//img/Cuff/Cuff-Closeup-Lyr02-RdSingButton-Inner.0113.png', 02);
insert into Category_Zoom (Category_Id, Zoom_Id) values (6, 11223);
insert into Zoom_Inventory_Attribute (Zoom_Id, Inventory_Attribute_Id) values (11223, 49);
-- Final Index and Final Name: inner--0113 Key: fabric0113
insert into Zoom_Inventory_Attribute (Zoom_Id, Inventory_Attribute_Id) values (11223, 164);
insert into Zoom (Id, Description, Layer) values (11224, 'resources//img/Cuff/Cuff-Closeup-Lyr02-RdSingButton-Inner.0114.png', 02);
insert into Category_Zoom (Category_Id, Zoom_Id) values (6, 11224);
insert into Zoom_Inventory_Attribute (Zoom_Id, Inventory_Attribute_Id) values (11224, 49);
-- Final Index and Final Name: inner--0114 Key: fabric0114
insert into Zoom_Inventory_Attribute (Zoom_Id, Inventory_Attribute_Id) values (11224, 165);
insert into Zoom (Id, Description, Layer) values (11225, 'resources//img/Cuff/Cuff-Closeup-Lyr02-RdSingButton-Inner.0115.png', 02);
insert into Category_Zoom (Category_Id, Zoom_Id) values (6, 11225);
insert into Zoom_Inventory_Attribute (Zoom_Id, Inventory_Attribute_Id) values (11225, 49);
-- Final Index and Final Name: inner--0115 Key: fabric0115
insert into Zoom_Inventory_Attribute (Zoom_Id, Inventory_Attribute_Id) values (11225, 166);
insert into Zoom (Id, Description, Layer) values (11226, 'resources//img/Cuff/Cuff-Closeup-Lyr02-RdSingButton-Inner.0116.png', 02);
insert into Category_Zoom (Category_Id, Zoom_Id) values (6, 11226);
insert into Zoom_Inventory_Attribute (Zoom_Id, Inventory_Attribute_Id) values (11226, 49);
-- Final Index and Final Name: inner--0116 Key: fabric0116
insert into Zoom_Inventory_Attribute (Zoom_Id, Inventory_Attribute_Id) values (11226, 167);
insert into Zoom (Id, Description, Layer) values (11227, 'resources//img/Cuff/Cuff-Closeup-Lyr02-RdSingButton-Inner.0117.png', 02);
insert into Category_Zoom (Category_Id, Zoom_Id) values (6, 11227);
insert into Zoom_Inventory_Attribute (Zoom_Id, Inventory_Attribute_Id) values (11227, 49);
-- Final Index and Final Name: inner--0117 Key: fabric0117
insert into Zoom_Inventory_Attribute (Zoom_Id, Inventory_Attribute_Id) values (11227, 168);
insert into Zoom (Id, Description, Layer) values (11228, 'resources//img/Cuff/Cuff-Closeup-Lyr02-RdSingButton-Inner.0118.png', 02);
insert into Category_Zoom (Category_Id, Zoom_Id) values (6, 11228);
insert into Zoom_Inventory_Attribute (Zoom_Id, Inventory_Attribute_Id) values (11228, 49);
-- Final Index and Final Name: inner--0118 Key: fabric0118
insert into Zoom_Inventory_Attribute (Zoom_Id, Inventory_Attribute_Id) values (11228, 169);
insert into Zoom (Id, Description, Layer) values (11229, 'resources//img/Cuff/Cuff-Closeup-Lyr02-RdSingButton-Inner.0119.png', 02);
insert into Category_Zoom (Category_Id, Zoom_Id) values (6, 11229);
insert into Zoom_Inventory_Attribute (Zoom_Id, Inventory_Attribute_Id) values (11229, 49);
-- Final Index and Final Name: inner--0119 Key: fabric0119
insert into Zoom_Inventory_Attribute (Zoom_Id, Inventory_Attribute_Id) values (11229, 170);
insert into Zoom (Id, Description, Layer) values (11230, 'resources//img/Cuff/Cuff-Closeup-Lyr02-RdSingButton-Inner.0120.png', 02);
insert into Category_Zoom (Category_Id, Zoom_Id) values (6, 11230);
insert into Zoom_Inventory_Attribute (Zoom_Id, Inventory_Attribute_Id) values (11230, 49);
-- Final Index and Final Name: inner--0120 Key: fabric0120
insert into Zoom_Inventory_Attribute (Zoom_Id, Inventory_Attribute_Id) values (11230, 171);
insert into Zoom (Id, Description, Layer) values (11231, 'resources//img/Cuff/Cuff-Closeup-Lyr02-RdSingButton-Inner.0121.png', 02);
insert into Category_Zoom (Category_Id, Zoom_Id) values (6, 11231);
insert into Zoom_Inventory_Attribute (Zoom_Id, Inventory_Attribute_Id) values (11231, 49);
-- Final Index and Final Name: inner--0121 Key: fabric0121
insert into Zoom_Inventory_Attribute (Zoom_Id, Inventory_Attribute_Id) values (11231, 172);
insert into Zoom (Id, Description, Layer) values (11232, 'resources//img/Cuff/Cuff-Closeup-Lyr02-RdSingButton-Inner.0122.png', 02);
insert into Category_Zoom (Category_Id, Zoom_Id) values (6, 11232);
insert into Zoom_Inventory_Attribute (Zoom_Id, Inventory_Attribute_Id) values (11232, 49);
-- Final Index and Final Name: inner--0122 Key: fabric0122
insert into Zoom_Inventory_Attribute (Zoom_Id, Inventory_Attribute_Id) values (11232, 173);
insert into Zoom (Id, Description, Layer) values (11233, 'resources//img/Cuff/Cuff-Closeup-Lyr02-RdSingButton-Inner.0123.png', 02);
insert into Category_Zoom (Category_Id, Zoom_Id) values (6, 11233);
insert into Zoom_Inventory_Attribute (Zoom_Id, Inventory_Attribute_Id) values (11233, 49);
-- Final Index and Final Name: inner--0123 Key: fabric0123
insert into Zoom_Inventory_Attribute (Zoom_Id, Inventory_Attribute_Id) values (11233, 174);
insert into Zoom (Id, Description, Layer) values (11234, 'resources//img/Cuff/Cuff-Closeup-Lyr02-RdSingButton-Inner.0124.png', 02);
insert into Category_Zoom (Category_Id, Zoom_Id) values (6, 11234);
insert into Zoom_Inventory_Attribute (Zoom_Id, Inventory_Attribute_Id) values (11234, 49);
-- Final Index and Final Name: inner--0124 Key: fabric0124
insert into Zoom_Inventory_Attribute (Zoom_Id, Inventory_Attribute_Id) values (11234, 175);
insert into Zoom (Id, Description, Layer) values (11235, 'resources//img/Cuff/Cuff-Closeup-Lyr02-RdSingButton-Inner.0125.png', 02);
insert into Category_Zoom (Category_Id, Zoom_Id) values (6, 11235);
insert into Zoom_Inventory_Attribute (Zoom_Id, Inventory_Attribute_Id) values (11235, 49);
-- Final Index and Final Name: inner--0125 Key: fabric0125
insert into Zoom_Inventory_Attribute (Zoom_Id, Inventory_Attribute_Id) values (11235, 176);
insert into Zoom (Id, Description, Layer) values (11236, 'resources//img/Cuff/Cuff-Closeup-Lyr02-RdSingButton-Inner.0126.png', 02);
insert into Category_Zoom (Category_Id, Zoom_Id) values (6, 11236);
insert into Zoom_Inventory_Attribute (Zoom_Id, Inventory_Attribute_Id) values (11236, 49);
-- Final Index and Final Name: inner--0126 Key: fabric0126
insert into Zoom_Inventory_Attribute (Zoom_Id, Inventory_Attribute_Id) values (11236, 177);
insert into Zoom (Id, Description, Layer) values (11237, 'resources//img/Cuff/Cuff-Closeup-Lyr02-RdSingButton-Inner.0127.png', 02);
insert into Category_Zoom (Category_Id, Zoom_Id) values (6, 11237);
insert into Zoom_Inventory_Attribute (Zoom_Id, Inventory_Attribute_Id) values (11237, 49);
-- Final Index and Final Name: inner--0127 Key: fabric0127
insert into Zoom_Inventory_Attribute (Zoom_Id, Inventory_Attribute_Id) values (11237, 178);
insert into Zoom (Id, Description, Layer) values (11238, 'resources//img/Cuff/Cuff-Closeup-Lyr02-RdSingButton-Inner.0128.png', 02);
insert into Category_Zoom (Category_Id, Zoom_Id) values (6, 11238);
insert into Zoom_Inventory_Attribute (Zoom_Id, Inventory_Attribute_Id) values (11238, 49);
-- Final Index and Final Name: inner--0128 Key: fabric0128
insert into Zoom_Inventory_Attribute (Zoom_Id, Inventory_Attribute_Id) values (11238, 179);
insert into Zoom (Id, Description, Layer) values (11239, 'resources//img/Cuff/Cuff-Closeup-Lyr02-RdSingButton-Inner.0129.png', 02);
insert into Category_Zoom (Category_Id, Zoom_Id) values (6, 11239);
insert into Zoom_Inventory_Attribute (Zoom_Id, Inventory_Attribute_Id) values (11239, 49);
-- Final Index and Final Name: inner--0129 Key: fabric0129
insert into Zoom_Inventory_Attribute (Zoom_Id, Inventory_Attribute_Id) values (11239, 180);
insert into Zoom (Id, Description, Layer) values (11240, 'resources//img/Cuff/Cuff-Closeup-Lyr02-RdSingButton-Inner.0130.png', 02);
insert into Category_Zoom (Category_Id, Zoom_Id) values (6, 11240);
insert into Zoom_Inventory_Attribute (Zoom_Id, Inventory_Attribute_Id) values (11240, 49);
-- Final Index and Final Name: inner--0130 Key: fabric0130
insert into Zoom_Inventory_Attribute (Zoom_Id, Inventory_Attribute_Id) values (11240, 181);
insert into Zoom (Id, Description, Layer) values (11241, 'resources//img/Cuff/Cuff-Closeup-Lyr02-RdSingButton-Inner.0131.png', 02);
insert into Category_Zoom (Category_Id, Zoom_Id) values (6, 11241);
insert into Zoom_Inventory_Attribute (Zoom_Id, Inventory_Attribute_Id) values (11241, 49);
-- Final Index and Final Name: inner--0131 Key: fabric0131
insert into Zoom_Inventory_Attribute (Zoom_Id, Inventory_Attribute_Id) values (11241, 182);
insert into Zoom (Id, Description, Layer) values (11242, 'resources//img/Cuff/Cuff-Closeup-Lyr02-RdSingButton-Inner.0132.png', 02);
insert into Category_Zoom (Category_Id, Zoom_Id) values (6, 11242);
insert into Zoom_Inventory_Attribute (Zoom_Id, Inventory_Attribute_Id) values (11242, 49);
-- Final Index and Final Name: inner--0132 Key: fabric0132
insert into Zoom_Inventory_Attribute (Zoom_Id, Inventory_Attribute_Id) values (11242, 183);
insert into Zoom (Id, Description, Layer) values (11243, 'resources//img/Cuff/Cuff-Closeup-Lyr02-RdSingButton-Inner.0133.png', 02);
insert into Category_Zoom (Category_Id, Zoom_Id) values (6, 11243);
insert into Zoom_Inventory_Attribute (Zoom_Id, Inventory_Attribute_Id) values (11243, 49);
-- Final Index and Final Name: inner--0133 Key: fabric0133
insert into Zoom_Inventory_Attribute (Zoom_Id, Inventory_Attribute_Id) values (11243, 184);
insert into Zoom (Id, Description, Layer) values (11244, 'resources//img/Cuff/Cuff-Closeup-Lyr02-RdSingButton-Inner.0134.png', 02);
insert into Category_Zoom (Category_Id, Zoom_Id) values (6, 11244);
insert into Zoom_Inventory_Attribute (Zoom_Id, Inventory_Attribute_Id) values (11244, 49);
-- Final Index and Final Name: inner--0134 Key: fabric0134
insert into Zoom_Inventory_Attribute (Zoom_Id, Inventory_Attribute_Id) values (11244, 185);
insert into Zoom (Id, Description, Layer) values (11245, 'resources//img/Cuff/Cuff-Closeup-Lyr02-RdSingButton-Inner.0135.png', 02);
insert into Category_Zoom (Category_Id, Zoom_Id) values (6, 11245);
insert into Zoom_Inventory_Attribute (Zoom_Id, Inventory_Attribute_Id) values (11245, 49);
-- Final Index and Final Name: inner--0135 Key: fabric0135
insert into Zoom_Inventory_Attribute (Zoom_Id, Inventory_Attribute_Id) values (11245, 186);
insert into Zoom (Id, Description, Layer) values (11246, 'resources//img/Cuff/Cuff-Closeup-Lyr02-RdSingButton-Inner.0136.png', 02);
insert into Category_Zoom (Category_Id, Zoom_Id) values (6, 11246);
insert into Zoom_Inventory_Attribute (Zoom_Id, Inventory_Attribute_Id) values (11246, 49);
-- Final Index and Final Name: inner--0136 Key: fabric0136
insert into Zoom_Inventory_Attribute (Zoom_Id, Inventory_Attribute_Id) values (11246, 187);
insert into Zoom (Id, Description, Layer) values (11247, 'resources//img/Cuff/Cuff-Closeup-Lyr02-RdSingButton-Inner.0137.png', 02);
insert into Category_Zoom (Category_Id, Zoom_Id) values (6, 11247);
insert into Zoom_Inventory_Attribute (Zoom_Id, Inventory_Attribute_Id) values (11247, 49);
-- Final Index and Final Name: inner--0137 Key: fabric0137
insert into Zoom_Inventory_Attribute (Zoom_Id, Inventory_Attribute_Id) values (11247, 188);
insert into Zoom (Id, Description, Layer) values (11248, 'resources//img/Cuff/Cuff-Closeup-Lyr02-RdSingButton-Inner.0138.png', 02);
insert into Category_Zoom (Category_Id, Zoom_Id) values (6, 11248);
insert into Zoom_Inventory_Attribute (Zoom_Id, Inventory_Attribute_Id) values (11248, 49);
-- Final Index and Final Name: inner--0138 Key: fabric0138
insert into Zoom_Inventory_Attribute (Zoom_Id, Inventory_Attribute_Id) values (11248, 189);
insert into Zoom (Id, Description, Layer) values (11249, 'resources//img/Cuff/Cuff-Closeup-Lyr02-RdSingButton-Inner.0139.png', 02);
insert into Category_Zoom (Category_Id, Zoom_Id) values (6, 11249);
insert into Zoom_Inventory_Attribute (Zoom_Id, Inventory_Attribute_Id) values (11249, 49);
-- Final Index and Final Name: inner--0139 Key: fabric0139
insert into Zoom_Inventory_Attribute (Zoom_Id, Inventory_Attribute_Id) values (11249, 190);
insert into Zoom (Id, Description, Layer) values (11250, 'resources//img/Cuff/Cuff-Closeup-Lyr02-RdSingButton-Inner.0140.png', 02);
insert into Category_Zoom (Category_Id, Zoom_Id) values (6, 11250);
insert into Zoom_Inventory_Attribute (Zoom_Id, Inventory_Attribute_Id) values (11250, 49);
-- Final Index and Final Name: inner--0140 Key: fabric0140
insert into Zoom_Inventory_Attribute (Zoom_Id, Inventory_Attribute_Id) values (11250, 191);
insert into Zoom (Id, Description, Layer) values (11251, 'resources//img/Cuff/Cuff-Closeup-Lyr02-RdSingButton-Inner.0141.png', 02);
insert into Category_Zoom (Category_Id, Zoom_Id) values (6, 11251);
insert into Zoom_Inventory_Attribute (Zoom_Id, Inventory_Attribute_Id) values (11251, 49);
-- Final Index and Final Name: inner--0141 Key: fabric0141
insert into Zoom_Inventory_Attribute (Zoom_Id, Inventory_Attribute_Id) values (11251, 192);
insert into Zoom (Id, Description, Layer) values (11252, 'resources//img/Cuff/Cuff-Closeup-Lyr02-RdSingButton-Inner.0142.png', 02);
insert into Category_Zoom (Category_Id, Zoom_Id) values (6, 11252);
insert into Zoom_Inventory_Attribute (Zoom_Id, Inventory_Attribute_Id) values (11252, 49);
-- Final Index and Final Name: inner--0142 Key: fabric0142
insert into Zoom_Inventory_Attribute (Zoom_Id, Inventory_Attribute_Id) values (11252, 193);
insert into Zoom (Id, Description, Layer) values (11253, 'resources//img/Cuff/Cuff-Closeup-Lyr02-RdSingButton-Inner.0143.png', 02);
insert into Category_Zoom (Category_Id, Zoom_Id) values (6, 11253);
insert into Zoom_Inventory_Attribute (Zoom_Id, Inventory_Attribute_Id) values (11253, 49);
-- Final Index and Final Name: inner--0143 Key: fabric0143
insert into Zoom_Inventory_Attribute (Zoom_Id, Inventory_Attribute_Id) values (11253, 194);
insert into Zoom (Id, Description, Layer) values (11254, 'resources//img/Cuff/Cuff-Closeup-Lyr02-RdSingButton-Inner.0144.png', 02);
insert into Category_Zoom (Category_Id, Zoom_Id) values (6, 11254);
insert into Zoom_Inventory_Attribute (Zoom_Id, Inventory_Attribute_Id) values (11254, 49);
-- Final Index and Final Name: inner--0144 Key: fabric0144
insert into Zoom_Inventory_Attribute (Zoom_Id, Inventory_Attribute_Id) values (11254, 195);
insert into Zoom (Id, Description, Layer) values (11255, 'resources//img/Cuff/Cuff-Closeup-Lyr02-RdSingButton-Inner.0145.png', 02);
insert into Category_Zoom (Category_Id, Zoom_Id) values (6, 11255);
insert into Zoom_Inventory_Attribute (Zoom_Id, Inventory_Attribute_Id) values (11255, 49);
-- Final Index and Final Name: inner--0145 Key: fabric0145
insert into Zoom_Inventory_Attribute (Zoom_Id, Inventory_Attribute_Id) values (11255, 196);
insert into Zoom (Id, Description, Layer) values (11256, 'resources//img/Cuff/Cuff-Closeup-Lyr02-RdSingButton-Inner.0146.png', 02);
insert into Category_Zoom (Category_Id, Zoom_Id) values (6, 11256);
insert into Zoom_Inventory_Attribute (Zoom_Id, Inventory_Attribute_Id) values (11256, 49);
-- Final Index and Final Name: inner--0146 Key: fabric0146
insert into Zoom_Inventory_Attribute (Zoom_Id, Inventory_Attribute_Id) values (11256, 197);
insert into Zoom (Id, Description, Layer) values (11257, 'resources//img/Cuff/Cuff-Closeup-Lyr02-RdSingButton-Inner.0147.png', 02);
insert into Category_Zoom (Category_Id, Zoom_Id) values (6, 11257);
insert into Zoom_Inventory_Attribute (Zoom_Id, Inventory_Attribute_Id) values (11257, 49);
-- Final Index and Final Name: inner--0147 Key: fabric0147
insert into Zoom_Inventory_Attribute (Zoom_Id, Inventory_Attribute_Id) values (11257, 198);
insert into Zoom (Id, Description, Layer) values (11258, 'resources//img/Cuff/Cuff-Closeup-Lyr02-RdSingButton-Inner.0148.png', 02);
insert into Category_Zoom (Category_Id, Zoom_Id) values (6, 11258);
insert into Zoom_Inventory_Attribute (Zoom_Id, Inventory_Attribute_Id) values (11258, 49);
-- Final Index and Final Name: inner--0148 Key: fabric0148
insert into Zoom_Inventory_Attribute (Zoom_Id, Inventory_Attribute_Id) values (11258, 199);
insert into Zoom (Id, Description, Layer) values (11259, 'resources//img/Cuff/Cuff-Closeup-Lyr02-RdSingButton-Inner.0149.png', 02);
insert into Category_Zoom (Category_Id, Zoom_Id) values (6, 11259);
insert into Zoom_Inventory_Attribute (Zoom_Id, Inventory_Attribute_Id) values (11259, 49);
-- Final Index and Final Name: inner--0149 Key: fabric0149
insert into Zoom_Inventory_Attribute (Zoom_Id, Inventory_Attribute_Id) values (11259, 200);
insert into Zoom (Id, Description, Layer) values (11260, 'resources//img/Cuff/Cuff-Closeup-Lyr02-RdSingButton-Inner.0150.png', 02);
insert into Category_Zoom (Category_Id, Zoom_Id) values (6, 11260);
insert into Zoom_Inventory_Attribute (Zoom_Id, Inventory_Attribute_Id) values (11260, 49);
-- Final Index and Final Name: inner--0150 Key: fabric0150
insert into Zoom_Inventory_Attribute (Zoom_Id, Inventory_Attribute_Id) values (11260, 201);
insert into Zoom (Id, Description, Layer) values (11261, 'resources//img/Cuff/Cuff-Closeup-Lyr02-RdSingButton-Inner.0151.png', 02);
insert into Category_Zoom (Category_Id, Zoom_Id) values (6, 11261);
insert into Zoom_Inventory_Attribute (Zoom_Id, Inventory_Attribute_Id) values (11261, 49);
-- Final Index and Final Name: inner--0151 Key: fabric0151
insert into Zoom_Inventory_Attribute (Zoom_Id, Inventory_Attribute_Id) values (11261, 202);
insert into Zoom (Id, Description, Layer) values (11262, 'resources//img/Cuff/Cuff-Closeup-Lyr02-RdSingButton-Inner.0152.png', 02);
insert into Category_Zoom (Category_Id, Zoom_Id) values (6, 11262);
insert into Zoom_Inventory_Attribute (Zoom_Id, Inventory_Attribute_Id) values (11262, 49);
-- Final Index and Final Name: inner--0152 Key: fabric0152
insert into Zoom_Inventory_Attribute (Zoom_Id, Inventory_Attribute_Id) values (11262, 203);
insert into Zoom (Id, Description, Layer) values (11263, 'resources//img/Cuff/Cuff-Closeup-Lyr02-RdSingButton-Inner.0153.png', 02);
insert into Category_Zoom (Category_Id, Zoom_Id) values (6, 11263);
insert into Zoom_Inventory_Attribute (Zoom_Id, Inventory_Attribute_Id) values (11263, 49);
-- Final Index and Final Name: inner--0153 Key: fabric0153
insert into Zoom_Inventory_Attribute (Zoom_Id, Inventory_Attribute_Id) values (11263, 204);
insert into Zoom (Id, Description, Layer) values (11264, 'resources//img/Cuff/Cuff-Closeup-Lyr02-RdSingButton-Inner.0154.png', 02);
insert into Category_Zoom (Category_Id, Zoom_Id) values (6, 11264);
insert into Zoom_Inventory_Attribute (Zoom_Id, Inventory_Attribute_Id) values (11264, 49);
-- Final Index and Final Name: inner--0154 Key: fabric0154
insert into Zoom_Inventory_Attribute (Zoom_Id, Inventory_Attribute_Id) values (11264, 205);
insert into Zoom (Id, Description, Layer) values (11265, 'resources//img/Cuff/Cuff-Closeup-Lyr02-RdSingButton-Inner.0155.png', 02);
insert into Category_Zoom (Category_Id, Zoom_Id) values (6, 11265);
insert into Zoom_Inventory_Attribute (Zoom_Id, Inventory_Attribute_Id) values (11265, 49);
-- Final Index and Final Name: inner--0155 Key: fabric0155
insert into Zoom_Inventory_Attribute (Zoom_Id, Inventory_Attribute_Id) values (11265, 206);
insert into Zoom (Id, Description, Layer) values (11266, 'resources//img/Cuff/Cuff-Closeup-Lyr02-RdTrpButton-Inner.0001.png', 02);
insert into Category_Zoom (Category_Id, Zoom_Id) values (6, 11266);
insert into Zoom_Inventory_Attribute (Zoom_Id, Inventory_Attribute_Id) values (11266, 50);
-- Final Index and Final Name: inner--0001 Key: fabric0001
insert into Zoom_Inventory_Attribute (Zoom_Id, Inventory_Attribute_Id) values (11266, 52);
insert into Zoom (Id, Description, Layer) values (11267, 'resources//img/Cuff/Cuff-Closeup-Lyr02-RdTrpButton-Inner.0002.png', 02);
insert into Category_Zoom (Category_Id, Zoom_Id) values (6, 11267);
insert into Zoom_Inventory_Attribute (Zoom_Id, Inventory_Attribute_Id) values (11267, 50);
-- Final Index and Final Name: inner--0002 Key: fabric0002
insert into Zoom_Inventory_Attribute (Zoom_Id, Inventory_Attribute_Id) values (11267, 53);
insert into Zoom (Id, Description, Layer) values (11268, 'resources//img/Cuff/Cuff-Closeup-Lyr02-RdTrpButton-Inner.0003.png', 02);
insert into Category_Zoom (Category_Id, Zoom_Id) values (6, 11268);
insert into Zoom_Inventory_Attribute (Zoom_Id, Inventory_Attribute_Id) values (11268, 50);
-- Final Index and Final Name: inner--0003 Key: fabric0003
insert into Zoom_Inventory_Attribute (Zoom_Id, Inventory_Attribute_Id) values (11268, 54);
insert into Zoom (Id, Description, Layer) values (11269, 'resources//img/Cuff/Cuff-Closeup-Lyr02-RdTrpButton-Inner.0004.png', 02);
insert into Category_Zoom (Category_Id, Zoom_Id) values (6, 11269);
insert into Zoom_Inventory_Attribute (Zoom_Id, Inventory_Attribute_Id) values (11269, 50);
-- Final Index and Final Name: inner--0004 Key: fabric0004
insert into Zoom_Inventory_Attribute (Zoom_Id, Inventory_Attribute_Id) values (11269, 55);
insert into Zoom (Id, Description, Layer) values (11270, 'resources//img/Cuff/Cuff-Closeup-Lyr02-RdTrpButton-Inner.0005.png', 02);
insert into Category_Zoom (Category_Id, Zoom_Id) values (6, 11270);
insert into Zoom_Inventory_Attribute (Zoom_Id, Inventory_Attribute_Id) values (11270, 50);
-- Final Index and Final Name: inner--0005 Key: fabric0005
insert into Zoom_Inventory_Attribute (Zoom_Id, Inventory_Attribute_Id) values (11270, 56);
insert into Zoom (Id, Description, Layer) values (11271, 'resources//img/Cuff/Cuff-Closeup-Lyr02-RdTrpButton-Inner.0006.png', 02);
insert into Category_Zoom (Category_Id, Zoom_Id) values (6, 11271);
insert into Zoom_Inventory_Attribute (Zoom_Id, Inventory_Attribute_Id) values (11271, 50);
-- Final Index and Final Name: inner--0006 Key: fabric0006
insert into Zoom_Inventory_Attribute (Zoom_Id, Inventory_Attribute_Id) values (11271, 57);
insert into Zoom (Id, Description, Layer) values (11272, 'resources//img/Cuff/Cuff-Closeup-Lyr02-RdTrpButton-Inner.0007.png', 02);
insert into Category_Zoom (Category_Id, Zoom_Id) values (6, 11272);
insert into Zoom_Inventory_Attribute (Zoom_Id, Inventory_Attribute_Id) values (11272, 50);
-- Final Index and Final Name: inner--0007 Key: fabric0007
insert into Zoom_Inventory_Attribute (Zoom_Id, Inventory_Attribute_Id) values (11272, 58);
insert into Zoom (Id, Description, Layer) values (11273, 'resources//img/Cuff/Cuff-Closeup-Lyr02-RdTrpButton-Inner.0008.png', 02);
insert into Category_Zoom (Category_Id, Zoom_Id) values (6, 11273);
insert into Zoom_Inventory_Attribute (Zoom_Id, Inventory_Attribute_Id) values (11273, 50);
-- Final Index and Final Name: inner--0008 Key: fabric0008
insert into Zoom_Inventory_Attribute (Zoom_Id, Inventory_Attribute_Id) values (11273, 59);
insert into Zoom (Id, Description, Layer) values (11274, 'resources//img/Cuff/Cuff-Closeup-Lyr02-RdTrpButton-Inner.0009.png', 02);
insert into Category_Zoom (Category_Id, Zoom_Id) values (6, 11274);
insert into Zoom_Inventory_Attribute (Zoom_Id, Inventory_Attribute_Id) values (11274, 50);
-- Final Index and Final Name: inner--0009 Key: fabric0009
insert into Zoom_Inventory_Attribute (Zoom_Id, Inventory_Attribute_Id) values (11274, 60);
insert into Zoom (Id, Description, Layer) values (11275, 'resources//img/Cuff/Cuff-Closeup-Lyr02-RdTrpButton-Inner.0010.png', 02);
insert into Category_Zoom (Category_Id, Zoom_Id) values (6, 11275);
insert into Zoom_Inventory_Attribute (Zoom_Id, Inventory_Attribute_Id) values (11275, 50);
-- Final Index and Final Name: inner--0010 Key: fabric0010
insert into Zoom_Inventory_Attribute (Zoom_Id, Inventory_Attribute_Id) values (11275, 61);
insert into Zoom (Id, Description, Layer) values (11276, 'resources//img/Cuff/Cuff-Closeup-Lyr02-RdTrpButton-Inner.0011.png', 02);
insert into Category_Zoom (Category_Id, Zoom_Id) values (6, 11276);
insert into Zoom_Inventory_Attribute (Zoom_Id, Inventory_Attribute_Id) values (11276, 50);
-- Final Index and Final Name: inner--0011 Key: fabric0011
insert into Zoom_Inventory_Attribute (Zoom_Id, Inventory_Attribute_Id) values (11276, 62);
insert into Zoom (Id, Description, Layer) values (11277, 'resources//img/Cuff/Cuff-Closeup-Lyr02-RdTrpButton-Inner.0012.png', 02);
insert into Category_Zoom (Category_Id, Zoom_Id) values (6, 11277);
insert into Zoom_Inventory_Attribute (Zoom_Id, Inventory_Attribute_Id) values (11277, 50);
-- Final Index and Final Name: inner--0012 Key: fabric0012
insert into Zoom_Inventory_Attribute (Zoom_Id, Inventory_Attribute_Id) values (11277, 63);
insert into Zoom (Id, Description, Layer) values (11278, 'resources//img/Cuff/Cuff-Closeup-Lyr02-RdTrpButton-Inner.0013.png', 02);
insert into Category_Zoom (Category_Id, Zoom_Id) values (6, 11278);
insert into Zoom_Inventory_Attribute (Zoom_Id, Inventory_Attribute_Id) values (11278, 50);
-- Final Index and Final Name: inner--0013 Key: fabric0013
insert into Zoom_Inventory_Attribute (Zoom_Id, Inventory_Attribute_Id) values (11278, 64);
insert into Zoom (Id, Description, Layer) values (11279, 'resources//img/Cuff/Cuff-Closeup-Lyr02-RdTrpButton-Inner.0014.png', 02);
insert into Category_Zoom (Category_Id, Zoom_Id) values (6, 11279);
insert into Zoom_Inventory_Attribute (Zoom_Id, Inventory_Attribute_Id) values (11279, 50);
-- Final Index and Final Name: inner--0014 Key: fabric0014
insert into Zoom_Inventory_Attribute (Zoom_Id, Inventory_Attribute_Id) values (11279, 65);
insert into Zoom (Id, Description, Layer) values (11280, 'resources//img/Cuff/Cuff-Closeup-Lyr02-RdTrpButton-Inner.0015.png', 02);
insert into Category_Zoom (Category_Id, Zoom_Id) values (6, 11280);
insert into Zoom_Inventory_Attribute (Zoom_Id, Inventory_Attribute_Id) values (11280, 50);
-- Final Index and Final Name: inner--0015 Key: fabric0015
insert into Zoom_Inventory_Attribute (Zoom_Id, Inventory_Attribute_Id) values (11280, 66);
insert into Zoom (Id, Description, Layer) values (11281, 'resources//img/Cuff/Cuff-Closeup-Lyr02-RdTrpButton-Inner.0016.png', 02);
insert into Category_Zoom (Category_Id, Zoom_Id) values (6, 11281);
insert into Zoom_Inventory_Attribute (Zoom_Id, Inventory_Attribute_Id) values (11281, 50);
-- Final Index and Final Name: inner--0016 Key: fabric0016
insert into Zoom_Inventory_Attribute (Zoom_Id, Inventory_Attribute_Id) values (11281, 67);
insert into Zoom (Id, Description, Layer) values (11282, 'resources//img/Cuff/Cuff-Closeup-Lyr02-RdTrpButton-Inner.0017.png', 02);
insert into Category_Zoom (Category_Id, Zoom_Id) values (6, 11282);
insert into Zoom_Inventory_Attribute (Zoom_Id, Inventory_Attribute_Id) values (11282, 50);
-- Final Index and Final Name: inner--0017 Key: fabric0017
insert into Zoom_Inventory_Attribute (Zoom_Id, Inventory_Attribute_Id) values (11282, 68);
insert into Zoom (Id, Description, Layer) values (11283, 'resources//img/Cuff/Cuff-Closeup-Lyr02-RdTrpButton-Inner.0018.png', 02);
insert into Category_Zoom (Category_Id, Zoom_Id) values (6, 11283);
insert into Zoom_Inventory_Attribute (Zoom_Id, Inventory_Attribute_Id) values (11283, 50);
-- Final Index and Final Name: inner--0018 Key: fabric0018
insert into Zoom_Inventory_Attribute (Zoom_Id, Inventory_Attribute_Id) values (11283, 69);
insert into Zoom (Id, Description, Layer) values (11284, 'resources//img/Cuff/Cuff-Closeup-Lyr02-RdTrpButton-Inner.0019.png', 02);
insert into Category_Zoom (Category_Id, Zoom_Id) values (6, 11284);
insert into Zoom_Inventory_Attribute (Zoom_Id, Inventory_Attribute_Id) values (11284, 50);
-- Final Index and Final Name: inner--0019 Key: fabric0019
insert into Zoom_Inventory_Attribute (Zoom_Id, Inventory_Attribute_Id) values (11284, 70);
insert into Zoom (Id, Description, Layer) values (11285, 'resources//img/Cuff/Cuff-Closeup-Lyr02-RdTrpButton-Inner.0020.png', 02);
insert into Category_Zoom (Category_Id, Zoom_Id) values (6, 11285);
insert into Zoom_Inventory_Attribute (Zoom_Id, Inventory_Attribute_Id) values (11285, 50);
-- Final Index and Final Name: inner--0020 Key: fabric0020
insert into Zoom_Inventory_Attribute (Zoom_Id, Inventory_Attribute_Id) values (11285, 71);
insert into Zoom (Id, Description, Layer) values (11286, 'resources//img/Cuff/Cuff-Closeup-Lyr02-RdTrpButton-Inner.0021.png', 02);
insert into Category_Zoom (Category_Id, Zoom_Id) values (6, 11286);
insert into Zoom_Inventory_Attribute (Zoom_Id, Inventory_Attribute_Id) values (11286, 50);
-- Final Index and Final Name: inner--0021 Key: fabric0021
insert into Zoom_Inventory_Attribute (Zoom_Id, Inventory_Attribute_Id) values (11286, 72);
insert into Zoom (Id, Description, Layer) values (11287, 'resources//img/Cuff/Cuff-Closeup-Lyr02-RdTrpButton-Inner.0022.png', 02);
insert into Category_Zoom (Category_Id, Zoom_Id) values (6, 11287);
insert into Zoom_Inventory_Attribute (Zoom_Id, Inventory_Attribute_Id) values (11287, 50);
-- Final Index and Final Name: inner--0022 Key: fabric0022
insert into Zoom_Inventory_Attribute (Zoom_Id, Inventory_Attribute_Id) values (11287, 73);
insert into Zoom (Id, Description, Layer) values (11288, 'resources//img/Cuff/Cuff-Closeup-Lyr02-RdTrpButton-Inner.0023.png', 02);
insert into Category_Zoom (Category_Id, Zoom_Id) values (6, 11288);
insert into Zoom_Inventory_Attribute (Zoom_Id, Inventory_Attribute_Id) values (11288, 50);
-- Final Index and Final Name: inner--0023 Key: fabric0023
insert into Zoom_Inventory_Attribute (Zoom_Id, Inventory_Attribute_Id) values (11288, 74);
insert into Zoom (Id, Description, Layer) values (11289, 'resources//img/Cuff/Cuff-Closeup-Lyr02-RdTrpButton-Inner.0024.png', 02);
insert into Category_Zoom (Category_Id, Zoom_Id) values (6, 11289);
insert into Zoom_Inventory_Attribute (Zoom_Id, Inventory_Attribute_Id) values (11289, 50);
-- Final Index and Final Name: inner--0024 Key: fabric0024
insert into Zoom_Inventory_Attribute (Zoom_Id, Inventory_Attribute_Id) values (11289, 75);
insert into Zoom (Id, Description, Layer) values (11290, 'resources//img/Cuff/Cuff-Closeup-Lyr02-RdTrpButton-Inner.0025.png', 02);
insert into Category_Zoom (Category_Id, Zoom_Id) values (6, 11290);
insert into Zoom_Inventory_Attribute (Zoom_Id, Inventory_Attribute_Id) values (11290, 50);
-- Final Index and Final Name: inner--0025 Key: fabric0025
insert into Zoom_Inventory_Attribute (Zoom_Id, Inventory_Attribute_Id) values (11290, 76);
insert into Zoom (Id, Description, Layer) values (11291, 'resources//img/Cuff/Cuff-Closeup-Lyr02-RdTrpButton-Inner.0026.png', 02);
insert into Category_Zoom (Category_Id, Zoom_Id) values (6, 11291);
insert into Zoom_Inventory_Attribute (Zoom_Id, Inventory_Attribute_Id) values (11291, 50);
-- Final Index and Final Name: inner--0026 Key: fabric0026
insert into Zoom_Inventory_Attribute (Zoom_Id, Inventory_Attribute_Id) values (11291, 77);
insert into Zoom (Id, Description, Layer) values (11292, 'resources//img/Cuff/Cuff-Closeup-Lyr02-RdTrpButton-Inner.0027.png', 02);
insert into Category_Zoom (Category_Id, Zoom_Id) values (6, 11292);
insert into Zoom_Inventory_Attribute (Zoom_Id, Inventory_Attribute_Id) values (11292, 50);
-- Final Index and Final Name: inner--0027 Key: fabric0027
insert into Zoom_Inventory_Attribute (Zoom_Id, Inventory_Attribute_Id) values (11292, 78);
insert into Zoom (Id, Description, Layer) values (11293, 'resources//img/Cuff/Cuff-Closeup-Lyr02-RdTrpButton-Inner.0028.png', 02);
insert into Category_Zoom (Category_Id, Zoom_Id) values (6, 11293);
insert into Zoom_Inventory_Attribute (Zoom_Id, Inventory_Attribute_Id) values (11293, 50);
-- Final Index and Final Name: inner--0028 Key: fabric0028
insert into Zoom_Inventory_Attribute (Zoom_Id, Inventory_Attribute_Id) values (11293, 79);
insert into Zoom (Id, Description, Layer) values (11294, 'resources//img/Cuff/Cuff-Closeup-Lyr02-RdTrpButton-Inner.0029.png', 02);
insert into Category_Zoom (Category_Id, Zoom_Id) values (6, 11294);
insert into Zoom_Inventory_Attribute (Zoom_Id, Inventory_Attribute_Id) values (11294, 50);
-- Final Index and Final Name: inner--0029 Key: fabric0029
insert into Zoom_Inventory_Attribute (Zoom_Id, Inventory_Attribute_Id) values (11294, 80);
insert into Zoom (Id, Description, Layer) values (11295, 'resources//img/Cuff/Cuff-Closeup-Lyr02-RdTrpButton-Inner.0030.png', 02);
insert into Category_Zoom (Category_Id, Zoom_Id) values (6, 11295);
insert into Zoom_Inventory_Attribute (Zoom_Id, Inventory_Attribute_Id) values (11295, 50);
-- Final Index and Final Name: inner--0030 Key: fabric0030
insert into Zoom_Inventory_Attribute (Zoom_Id, Inventory_Attribute_Id) values (11295, 81);
insert into Zoom (Id, Description, Layer) values (11296, 'resources//img/Cuff/Cuff-Closeup-Lyr02-RdTrpButton-Inner.0031.png', 02);
insert into Category_Zoom (Category_Id, Zoom_Id) values (6, 11296);
insert into Zoom_Inventory_Attribute (Zoom_Id, Inventory_Attribute_Id) values (11296, 50);
-- Final Index and Final Name: inner--0031 Key: fabric0031
insert into Zoom_Inventory_Attribute (Zoom_Id, Inventory_Attribute_Id) values (11296, 82);
insert into Zoom (Id, Description, Layer) values (11297, 'resources//img/Cuff/Cuff-Closeup-Lyr02-RdTrpButton-Inner.0032.png', 02);
insert into Category_Zoom (Category_Id, Zoom_Id) values (6, 11297);
insert into Zoom_Inventory_Attribute (Zoom_Id, Inventory_Attribute_Id) values (11297, 50);
-- Final Index and Final Name: inner--0032 Key: fabric0032
insert into Zoom_Inventory_Attribute (Zoom_Id, Inventory_Attribute_Id) values (11297, 83);
insert into Zoom (Id, Description, Layer) values (11298, 'resources//img/Cuff/Cuff-Closeup-Lyr02-RdTrpButton-Inner.0033.png', 02);
insert into Category_Zoom (Category_Id, Zoom_Id) values (6, 11298);
insert into Zoom_Inventory_Attribute (Zoom_Id, Inventory_Attribute_Id) values (11298, 50);
-- Final Index and Final Name: inner--0033 Key: fabric0033
insert into Zoom_Inventory_Attribute (Zoom_Id, Inventory_Attribute_Id) values (11298, 84);
insert into Zoom (Id, Description, Layer) values (11299, 'resources//img/Cuff/Cuff-Closeup-Lyr02-RdTrpButton-Inner.0034.png', 02);
insert into Category_Zoom (Category_Id, Zoom_Id) values (6, 11299);
insert into Zoom_Inventory_Attribute (Zoom_Id, Inventory_Attribute_Id) values (11299, 50);
-- Final Index and Final Name: inner--0034 Key: fabric0034
insert into Zoom_Inventory_Attribute (Zoom_Id, Inventory_Attribute_Id) values (11299, 85);
insert into Zoom (Id, Description, Layer) values (11300, 'resources//img/Cuff/Cuff-Closeup-Lyr02-RdTrpButton-Inner.0035.png', 02);
insert into Category_Zoom (Category_Id, Zoom_Id) values (6, 11300);
insert into Zoom_Inventory_Attribute (Zoom_Id, Inventory_Attribute_Id) values (11300, 50);
-- Final Index and Final Name: inner--0035 Key: fabric0035
insert into Zoom_Inventory_Attribute (Zoom_Id, Inventory_Attribute_Id) values (11300, 86);
insert into Zoom (Id, Description, Layer) values (11301, 'resources//img/Cuff/Cuff-Closeup-Lyr02-RdTrpButton-Inner.0036.png', 02);
insert into Category_Zoom (Category_Id, Zoom_Id) values (6, 11301);
insert into Zoom_Inventory_Attribute (Zoom_Id, Inventory_Attribute_Id) values (11301, 50);
-- Final Index and Final Name: inner--0036 Key: fabric0036
insert into Zoom_Inventory_Attribute (Zoom_Id, Inventory_Attribute_Id) values (11301, 87);
insert into Zoom (Id, Description, Layer) values (11302, 'resources//img/Cuff/Cuff-Closeup-Lyr02-RdTrpButton-Inner.0037.png', 02);
insert into Category_Zoom (Category_Id, Zoom_Id) values (6, 11302);
insert into Zoom_Inventory_Attribute (Zoom_Id, Inventory_Attribute_Id) values (11302, 50);
-- Final Index and Final Name: inner--0037 Key: fabric0037
insert into Zoom_Inventory_Attribute (Zoom_Id, Inventory_Attribute_Id) values (11302, 88);
insert into Zoom (Id, Description, Layer) values (11303, 'resources//img/Cuff/Cuff-Closeup-Lyr02-RdTrpButton-Inner.0038.png', 02);
insert into Category_Zoom (Category_Id, Zoom_Id) values (6, 11303);
insert into Zoom_Inventory_Attribute (Zoom_Id, Inventory_Attribute_Id) values (11303, 50);
-- Final Index and Final Name: inner--0038 Key: fabric0038
insert into Zoom_Inventory_Attribute (Zoom_Id, Inventory_Attribute_Id) values (11303, 89);
insert into Zoom (Id, Description, Layer) values (11304, 'resources//img/Cuff/Cuff-Closeup-Lyr02-RdTrpButton-Inner.0039.png', 02);
insert into Category_Zoom (Category_Id, Zoom_Id) values (6, 11304);
insert into Zoom_Inventory_Attribute (Zoom_Id, Inventory_Attribute_Id) values (11304, 50);
-- Final Index and Final Name: inner--0039 Key: fabric0039
insert into Zoom_Inventory_Attribute (Zoom_Id, Inventory_Attribute_Id) values (11304, 90);
insert into Zoom (Id, Description, Layer) values (11305, 'resources//img/Cuff/Cuff-Closeup-Lyr02-RdTrpButton-Inner.0040.png', 02);
insert into Category_Zoom (Category_Id, Zoom_Id) values (6, 11305);
insert into Zoom_Inventory_Attribute (Zoom_Id, Inventory_Attribute_Id) values (11305, 50);
-- Final Index and Final Name: inner--0040 Key: fabric0040
insert into Zoom_Inventory_Attribute (Zoom_Id, Inventory_Attribute_Id) values (11305, 91);
insert into Zoom (Id, Description, Layer) values (11306, 'resources//img/Cuff/Cuff-Closeup-Lyr02-RdTrpButton-Inner.0041.png', 02);
insert into Category_Zoom (Category_Id, Zoom_Id) values (6, 11306);
insert into Zoom_Inventory_Attribute (Zoom_Id, Inventory_Attribute_Id) values (11306, 50);
-- Final Index and Final Name: inner--0041 Key: fabric0041
insert into Zoom_Inventory_Attribute (Zoom_Id, Inventory_Attribute_Id) values (11306, 92);
insert into Zoom (Id, Description, Layer) values (11307, 'resources//img/Cuff/Cuff-Closeup-Lyr02-RdTrpButton-Inner.0042.png', 02);
insert into Category_Zoom (Category_Id, Zoom_Id) values (6, 11307);
insert into Zoom_Inventory_Attribute (Zoom_Id, Inventory_Attribute_Id) values (11307, 50);
-- Final Index and Final Name: inner--0042 Key: fabric0042
insert into Zoom_Inventory_Attribute (Zoom_Id, Inventory_Attribute_Id) values (11307, 93);
insert into Zoom (Id, Description, Layer) values (11308, 'resources//img/Cuff/Cuff-Closeup-Lyr02-RdTrpButton-Inner.0043.png', 02);
insert into Category_Zoom (Category_Id, Zoom_Id) values (6, 11308);
insert into Zoom_Inventory_Attribute (Zoom_Id, Inventory_Attribute_Id) values (11308, 50);
-- Final Index and Final Name: inner--0043 Key: fabric0043
insert into Zoom_Inventory_Attribute (Zoom_Id, Inventory_Attribute_Id) values (11308, 94);
insert into Zoom (Id, Description, Layer) values (11309, 'resources//img/Cuff/Cuff-Closeup-Lyr02-RdTrpButton-Inner.0044.png', 02);
insert into Category_Zoom (Category_Id, Zoom_Id) values (6, 11309);
insert into Zoom_Inventory_Attribute (Zoom_Id, Inventory_Attribute_Id) values (11309, 50);
-- Final Index and Final Name: inner--0044 Key: fabric0044
insert into Zoom_Inventory_Attribute (Zoom_Id, Inventory_Attribute_Id) values (11309, 95);
insert into Zoom (Id, Description, Layer) values (11310, 'resources//img/Cuff/Cuff-Closeup-Lyr02-RdTrpButton-Inner.0045.png', 02);
insert into Category_Zoom (Category_Id, Zoom_Id) values (6, 11310);
insert into Zoom_Inventory_Attribute (Zoom_Id, Inventory_Attribute_Id) values (11310, 50);
-- Final Index and Final Name: inner--0045 Key: fabric0045
insert into Zoom_Inventory_Attribute (Zoom_Id, Inventory_Attribute_Id) values (11310, 96);
insert into Zoom (Id, Description, Layer) values (11311, 'resources//img/Cuff/Cuff-Closeup-Lyr02-RdTrpButton-Inner.0046.png', 02);
insert into Category_Zoom (Category_Id, Zoom_Id) values (6, 11311);
insert into Zoom_Inventory_Attribute (Zoom_Id, Inventory_Attribute_Id) values (11311, 50);
-- Final Index and Final Name: inner--0046 Key: fabric0046
insert into Zoom_Inventory_Attribute (Zoom_Id, Inventory_Attribute_Id) values (11311, 97);
insert into Zoom (Id, Description, Layer) values (11312, 'resources//img/Cuff/Cuff-Closeup-Lyr02-RdTrpButton-Inner.0047.png', 02);
insert into Category_Zoom (Category_Id, Zoom_Id) values (6, 11312);
insert into Zoom_Inventory_Attribute (Zoom_Id, Inventory_Attribute_Id) values (11312, 50);
-- Final Index and Final Name: inner--0047 Key: fabric0047
insert into Zoom_Inventory_Attribute (Zoom_Id, Inventory_Attribute_Id) values (11312, 98);
insert into Zoom (Id, Description, Layer) values (11313, 'resources//img/Cuff/Cuff-Closeup-Lyr02-RdTrpButton-Inner.0048.png', 02);
insert into Category_Zoom (Category_Id, Zoom_Id) values (6, 11313);
insert into Zoom_Inventory_Attribute (Zoom_Id, Inventory_Attribute_Id) values (11313, 50);
-- Final Index and Final Name: inner--0048 Key: fabric0048
insert into Zoom_Inventory_Attribute (Zoom_Id, Inventory_Attribute_Id) values (11313, 99);
insert into Zoom (Id, Description, Layer) values (11314, 'resources//img/Cuff/Cuff-Closeup-Lyr02-RdTrpButton-Inner.0049.png', 02);
insert into Category_Zoom (Category_Id, Zoom_Id) values (6, 11314);
insert into Zoom_Inventory_Attribute (Zoom_Id, Inventory_Attribute_Id) values (11314, 50);
-- Final Index and Final Name: inner--0049 Key: fabric0049
insert into Zoom_Inventory_Attribute (Zoom_Id, Inventory_Attribute_Id) values (11314, 100);
insert into Zoom (Id, Description, Layer) values (11315, 'resources//img/Cuff/Cuff-Closeup-Lyr02-RdTrpButton-Inner.0050.png', 02);
insert into Category_Zoom (Category_Id, Zoom_Id) values (6, 11315);
insert into Zoom_Inventory_Attribute (Zoom_Id, Inventory_Attribute_Id) values (11315, 50);
-- Final Index and Final Name: inner--0050 Key: fabric0050
insert into Zoom_Inventory_Attribute (Zoom_Id, Inventory_Attribute_Id) values (11315, 101);
insert into Zoom (Id, Description, Layer) values (11316, 'resources//img/Cuff/Cuff-Closeup-Lyr02-RdTrpButton-Inner.0051.png', 02);
insert into Category_Zoom (Category_Id, Zoom_Id) values (6, 11316);
insert into Zoom_Inventory_Attribute (Zoom_Id, Inventory_Attribute_Id) values (11316, 50);
-- Final Index and Final Name: inner--0051 Key: fabric0051
insert into Zoom_Inventory_Attribute (Zoom_Id, Inventory_Attribute_Id) values (11316, 102);
insert into Zoom (Id, Description, Layer) values (11317, 'resources//img/Cuff/Cuff-Closeup-Lyr02-RdTrpButton-Inner.0052.png', 02);
insert into Category_Zoom (Category_Id, Zoom_Id) values (6, 11317);
insert into Zoom_Inventory_Attribute (Zoom_Id, Inventory_Attribute_Id) values (11317, 50);
-- Final Index and Final Name: inner--0052 Key: fabric0052
insert into Zoom_Inventory_Attribute (Zoom_Id, Inventory_Attribute_Id) values (11317, 103);
insert into Zoom (Id, Description, Layer) values (11318, 'resources//img/Cuff/Cuff-Closeup-Lyr02-RdTrpButton-Inner.0053.png', 02);
insert into Category_Zoom (Category_Id, Zoom_Id) values (6, 11318);
insert into Zoom_Inventory_Attribute (Zoom_Id, Inventory_Attribute_Id) values (11318, 50);
-- Final Index and Final Name: inner--0053 Key: fabric0053
insert into Zoom_Inventory_Attribute (Zoom_Id, Inventory_Attribute_Id) values (11318, 104);
insert into Zoom (Id, Description, Layer) values (11319, 'resources//img/Cuff/Cuff-Closeup-Lyr02-RdTrpButton-Inner.0054.png', 02);
insert into Category_Zoom (Category_Id, Zoom_Id) values (6, 11319);
insert into Zoom_Inventory_Attribute (Zoom_Id, Inventory_Attribute_Id) values (11319, 50);
-- Final Index and Final Name: inner--0054 Key: fabric0054
insert into Zoom_Inventory_Attribute (Zoom_Id, Inventory_Attribute_Id) values (11319, 105);
insert into Zoom (Id, Description, Layer) values (11320, 'resources//img/Cuff/Cuff-Closeup-Lyr02-RdTrpButton-Inner.0055.png', 02);
insert into Category_Zoom (Category_Id, Zoom_Id) values (6, 11320);
insert into Zoom_Inventory_Attribute (Zoom_Id, Inventory_Attribute_Id) values (11320, 50);
-- Final Index and Final Name: inner--0055 Key: fabric0055
insert into Zoom_Inventory_Attribute (Zoom_Id, Inventory_Attribute_Id) values (11320, 106);
insert into Zoom (Id, Description, Layer) values (11321, 'resources//img/Cuff/Cuff-Closeup-Lyr02-RdTrpButton-Inner.0056.png', 02);
insert into Category_Zoom (Category_Id, Zoom_Id) values (6, 11321);
insert into Zoom_Inventory_Attribute (Zoom_Id, Inventory_Attribute_Id) values (11321, 50);
-- Final Index and Final Name: inner--0056 Key: fabric0056
insert into Zoom_Inventory_Attribute (Zoom_Id, Inventory_Attribute_Id) values (11321, 107);
insert into Zoom (Id, Description, Layer) values (11322, 'resources//img/Cuff/Cuff-Closeup-Lyr02-RdTrpButton-Inner.0057.png', 02);
insert into Category_Zoom (Category_Id, Zoom_Id) values (6, 11322);
insert into Zoom_Inventory_Attribute (Zoom_Id, Inventory_Attribute_Id) values (11322, 50);
-- Final Index and Final Name: inner--0057 Key: fabric0057
insert into Zoom_Inventory_Attribute (Zoom_Id, Inventory_Attribute_Id) values (11322, 108);
insert into Zoom (Id, Description, Layer) values (11323, 'resources//img/Cuff/Cuff-Closeup-Lyr02-RdTrpButton-Inner.0058.png', 02);
insert into Category_Zoom (Category_Id, Zoom_Id) values (6, 11323);
insert into Zoom_Inventory_Attribute (Zoom_Id, Inventory_Attribute_Id) values (11323, 50);
-- Final Index and Final Name: inner--0058 Key: fabric0058
insert into Zoom_Inventory_Attribute (Zoom_Id, Inventory_Attribute_Id) values (11323, 109);
insert into Zoom (Id, Description, Layer) values (11324, 'resources//img/Cuff/Cuff-Closeup-Lyr02-RdTrpButton-Inner.0059.png', 02);
insert into Category_Zoom (Category_Id, Zoom_Id) values (6, 11324);
insert into Zoom_Inventory_Attribute (Zoom_Id, Inventory_Attribute_Id) values (11324, 50);
-- Final Index and Final Name: inner--0059 Key: fabric0059
insert into Zoom_Inventory_Attribute (Zoom_Id, Inventory_Attribute_Id) values (11324, 110);
insert into Zoom (Id, Description, Layer) values (11325, 'resources//img/Cuff/Cuff-Closeup-Lyr02-RdTrpButton-Inner.0060.png', 02);
insert into Category_Zoom (Category_Id, Zoom_Id) values (6, 11325);
insert into Zoom_Inventory_Attribute (Zoom_Id, Inventory_Attribute_Id) values (11325, 50);
-- Final Index and Final Name: inner--0060 Key: fabric0060
insert into Zoom_Inventory_Attribute (Zoom_Id, Inventory_Attribute_Id) values (11325, 111);
insert into Zoom (Id, Description, Layer) values (11326, 'resources//img/Cuff/Cuff-Closeup-Lyr02-RdTrpButton-Inner.0061.png', 02);
insert into Category_Zoom (Category_Id, Zoom_Id) values (6, 11326);
insert into Zoom_Inventory_Attribute (Zoom_Id, Inventory_Attribute_Id) values (11326, 50);
-- Final Index and Final Name: inner--0061 Key: fabric0061
insert into Zoom_Inventory_Attribute (Zoom_Id, Inventory_Attribute_Id) values (11326, 112);
insert into Zoom (Id, Description, Layer) values (11327, 'resources//img/Cuff/Cuff-Closeup-Lyr02-RdTrpButton-Inner.0062.png', 02);
insert into Category_Zoom (Category_Id, Zoom_Id) values (6, 11327);
insert into Zoom_Inventory_Attribute (Zoom_Id, Inventory_Attribute_Id) values (11327, 50);
-- Final Index and Final Name: inner--0062 Key: fabric0062
insert into Zoom_Inventory_Attribute (Zoom_Id, Inventory_Attribute_Id) values (11327, 113);
insert into Zoom (Id, Description, Layer) values (11328, 'resources//img/Cuff/Cuff-Closeup-Lyr02-RdTrpButton-Inner.0063.png', 02);
insert into Category_Zoom (Category_Id, Zoom_Id) values (6, 11328);
insert into Zoom_Inventory_Attribute (Zoom_Id, Inventory_Attribute_Id) values (11328, 50);
-- Final Index and Final Name: inner--0063 Key: fabric0063
insert into Zoom_Inventory_Attribute (Zoom_Id, Inventory_Attribute_Id) values (11328, 114);
insert into Zoom (Id, Description, Layer) values (11329, 'resources//img/Cuff/Cuff-Closeup-Lyr02-RdTrpButton-Inner.0064.png', 02);
insert into Category_Zoom (Category_Id, Zoom_Id) values (6, 11329);
insert into Zoom_Inventory_Attribute (Zoom_Id, Inventory_Attribute_Id) values (11329, 50);
-- Final Index and Final Name: inner--0064 Key: fabric0064
insert into Zoom_Inventory_Attribute (Zoom_Id, Inventory_Attribute_Id) values (11329, 115);
insert into Zoom (Id, Description, Layer) values (11330, 'resources//img/Cuff/Cuff-Closeup-Lyr02-RdTrpButton-Inner.0065.png', 02);
insert into Category_Zoom (Category_Id, Zoom_Id) values (6, 11330);
insert into Zoom_Inventory_Attribute (Zoom_Id, Inventory_Attribute_Id) values (11330, 50);
-- Final Index and Final Name: inner--0065 Key: fabric0065
insert into Zoom_Inventory_Attribute (Zoom_Id, Inventory_Attribute_Id) values (11330, 116);
insert into Zoom (Id, Description, Layer) values (11331, 'resources//img/Cuff/Cuff-Closeup-Lyr02-RdTrpButton-Inner.0066.png', 02);
insert into Category_Zoom (Category_Id, Zoom_Id) values (6, 11331);
insert into Zoom_Inventory_Attribute (Zoom_Id, Inventory_Attribute_Id) values (11331, 50);
-- Final Index and Final Name: inner--0066 Key: fabric0066
insert into Zoom_Inventory_Attribute (Zoom_Id, Inventory_Attribute_Id) values (11331, 117);
insert into Zoom (Id, Description, Layer) values (11332, 'resources//img/Cuff/Cuff-Closeup-Lyr02-RdTrpButton-Inner.0067.png', 02);
insert into Category_Zoom (Category_Id, Zoom_Id) values (6, 11332);
insert into Zoom_Inventory_Attribute (Zoom_Id, Inventory_Attribute_Id) values (11332, 50);
-- Final Index and Final Name: inner--0067 Key: fabric0067
insert into Zoom_Inventory_Attribute (Zoom_Id, Inventory_Attribute_Id) values (11332, 118);
insert into Zoom (Id, Description, Layer) values (11333, 'resources//img/Cuff/Cuff-Closeup-Lyr02-RdTrpButton-Inner.0068.png', 02);
insert into Category_Zoom (Category_Id, Zoom_Id) values (6, 11333);
insert into Zoom_Inventory_Attribute (Zoom_Id, Inventory_Attribute_Id) values (11333, 50);
-- Final Index and Final Name: inner--0068 Key: fabric0068
insert into Zoom_Inventory_Attribute (Zoom_Id, Inventory_Attribute_Id) values (11333, 119);
insert into Zoom (Id, Description, Layer) values (11334, 'resources//img/Cuff/Cuff-Closeup-Lyr02-RdTrpButton-Inner.0069.png', 02);
insert into Category_Zoom (Category_Id, Zoom_Id) values (6, 11334);
insert into Zoom_Inventory_Attribute (Zoom_Id, Inventory_Attribute_Id) values (11334, 50);
-- Final Index and Final Name: inner--0069 Key: fabric0069
insert into Zoom_Inventory_Attribute (Zoom_Id, Inventory_Attribute_Id) values (11334, 120);
insert into Zoom (Id, Description, Layer) values (11335, 'resources//img/Cuff/Cuff-Closeup-Lyr02-RdTrpButton-Inner.0070.png', 02);
insert into Category_Zoom (Category_Id, Zoom_Id) values (6, 11335);
insert into Zoom_Inventory_Attribute (Zoom_Id, Inventory_Attribute_Id) values (11335, 50);
-- Final Index and Final Name: inner--0070 Key: fabric0070
insert into Zoom_Inventory_Attribute (Zoom_Id, Inventory_Attribute_Id) values (11335, 121);
insert into Zoom (Id, Description, Layer) values (11336, 'resources//img/Cuff/Cuff-Closeup-Lyr02-RdTrpButton-Inner.0071.png', 02);
insert into Category_Zoom (Category_Id, Zoom_Id) values (6, 11336);
insert into Zoom_Inventory_Attribute (Zoom_Id, Inventory_Attribute_Id) values (11336, 50);
-- Final Index and Final Name: inner--0071 Key: fabric0071
insert into Zoom_Inventory_Attribute (Zoom_Id, Inventory_Attribute_Id) values (11336, 122);
insert into Zoom (Id, Description, Layer) values (11337, 'resources//img/Cuff/Cuff-Closeup-Lyr02-RdTrpButton-Inner.0072.png', 02);
insert into Category_Zoom (Category_Id, Zoom_Id) values (6, 11337);
insert into Zoom_Inventory_Attribute (Zoom_Id, Inventory_Attribute_Id) values (11337, 50);
-- Final Index and Final Name: inner--0072 Key: fabric0072
insert into Zoom_Inventory_Attribute (Zoom_Id, Inventory_Attribute_Id) values (11337, 123);
insert into Zoom (Id, Description, Layer) values (11338, 'resources//img/Cuff/Cuff-Closeup-Lyr02-RdTrpButton-Inner.0073.png', 02);
insert into Category_Zoom (Category_Id, Zoom_Id) values (6, 11338);
insert into Zoom_Inventory_Attribute (Zoom_Id, Inventory_Attribute_Id) values (11338, 50);
-- Final Index and Final Name: inner--0073 Key: fabric0073
insert into Zoom_Inventory_Attribute (Zoom_Id, Inventory_Attribute_Id) values (11338, 124);
insert into Zoom (Id, Description, Layer) values (11339, 'resources//img/Cuff/Cuff-Closeup-Lyr02-RdTrpButton-Inner.0074.png', 02);
insert into Category_Zoom (Category_Id, Zoom_Id) values (6, 11339);
insert into Zoom_Inventory_Attribute (Zoom_Id, Inventory_Attribute_Id) values (11339, 50);
-- Final Index and Final Name: inner--0074 Key: fabric0074
insert into Zoom_Inventory_Attribute (Zoom_Id, Inventory_Attribute_Id) values (11339, 125);
insert into Zoom (Id, Description, Layer) values (11340, 'resources//img/Cuff/Cuff-Closeup-Lyr02-RdTrpButton-Inner.0075.png', 02);
insert into Category_Zoom (Category_Id, Zoom_Id) values (6, 11340);
insert into Zoom_Inventory_Attribute (Zoom_Id, Inventory_Attribute_Id) values (11340, 50);
-- Final Index and Final Name: inner--0075 Key: fabric0075
insert into Zoom_Inventory_Attribute (Zoom_Id, Inventory_Attribute_Id) values (11340, 126);
insert into Zoom (Id, Description, Layer) values (11341, 'resources//img/Cuff/Cuff-Closeup-Lyr02-RdTrpButton-Inner.0076.png', 02);
insert into Category_Zoom (Category_Id, Zoom_Id) values (6, 11341);
insert into Zoom_Inventory_Attribute (Zoom_Id, Inventory_Attribute_Id) values (11341, 50);
-- Final Index and Final Name: inner--0076 Key: fabric0076
insert into Zoom_Inventory_Attribute (Zoom_Id, Inventory_Attribute_Id) values (11341, 127);
insert into Zoom (Id, Description, Layer) values (11342, 'resources//img/Cuff/Cuff-Closeup-Lyr02-RdTrpButton-Inner.0077.png', 02);
insert into Category_Zoom (Category_Id, Zoom_Id) values (6, 11342);
insert into Zoom_Inventory_Attribute (Zoom_Id, Inventory_Attribute_Id) values (11342, 50);
-- Final Index and Final Name: inner--0077 Key: fabric0077
insert into Zoom_Inventory_Attribute (Zoom_Id, Inventory_Attribute_Id) values (11342, 128);
insert into Zoom (Id, Description, Layer) values (11343, 'resources//img/Cuff/Cuff-Closeup-Lyr02-RdTrpButton-Inner.0078.png', 02);
insert into Category_Zoom (Category_Id, Zoom_Id) values (6, 11343);
insert into Zoom_Inventory_Attribute (Zoom_Id, Inventory_Attribute_Id) values (11343, 50);
-- Final Index and Final Name: inner--0078 Key: fabric0078
insert into Zoom_Inventory_Attribute (Zoom_Id, Inventory_Attribute_Id) values (11343, 129);
insert into Zoom (Id, Description, Layer) values (11344, 'resources//img/Cuff/Cuff-Closeup-Lyr02-RdTrpButton-Inner.0079.png', 02);
insert into Category_Zoom (Category_Id, Zoom_Id) values (6, 11344);
insert into Zoom_Inventory_Attribute (Zoom_Id, Inventory_Attribute_Id) values (11344, 50);
-- Final Index and Final Name: inner--0079 Key: fabric0079
insert into Zoom_Inventory_Attribute (Zoom_Id, Inventory_Attribute_Id) values (11344, 130);
insert into Zoom (Id, Description, Layer) values (11345, 'resources//img/Cuff/Cuff-Closeup-Lyr02-RdTrpButton-Inner.0080.png', 02);
insert into Category_Zoom (Category_Id, Zoom_Id) values (6, 11345);
insert into Zoom_Inventory_Attribute (Zoom_Id, Inventory_Attribute_Id) values (11345, 50);
-- Final Index and Final Name: inner--0080 Key: fabric0080
insert into Zoom_Inventory_Attribute (Zoom_Id, Inventory_Attribute_Id) values (11345, 131);
insert into Zoom (Id, Description, Layer) values (11346, 'resources//img/Cuff/Cuff-Closeup-Lyr02-RdTrpButton-Inner.0081.png', 02);
insert into Category_Zoom (Category_Id, Zoom_Id) values (6, 11346);
insert into Zoom_Inventory_Attribute (Zoom_Id, Inventory_Attribute_Id) values (11346, 50);
-- Final Index and Final Name: inner--0081 Key: fabric0081
insert into Zoom_Inventory_Attribute (Zoom_Id, Inventory_Attribute_Id) values (11346, 132);
insert into Zoom (Id, Description, Layer) values (11347, 'resources//img/Cuff/Cuff-Closeup-Lyr02-RdTrpButton-Inner.0082.png', 02);
insert into Category_Zoom (Category_Id, Zoom_Id) values (6, 11347);
insert into Zoom_Inventory_Attribute (Zoom_Id, Inventory_Attribute_Id) values (11347, 50);
-- Final Index and Final Name: inner--0082 Key: fabric0082
insert into Zoom_Inventory_Attribute (Zoom_Id, Inventory_Attribute_Id) values (11347, 133);
insert into Zoom (Id, Description, Layer) values (11348, 'resources//img/Cuff/Cuff-Closeup-Lyr02-RdTrpButton-Inner.0083.png', 02);
insert into Category_Zoom (Category_Id, Zoom_Id) values (6, 11348);
insert into Zoom_Inventory_Attribute (Zoom_Id, Inventory_Attribute_Id) values (11348, 50);
-- Final Index and Final Name: inner--0083 Key: fabric0083
insert into Zoom_Inventory_Attribute (Zoom_Id, Inventory_Attribute_Id) values (11348, 134);
insert into Zoom (Id, Description, Layer) values (11349, 'resources//img/Cuff/Cuff-Closeup-Lyr02-RdTrpButton-Inner.0084.png', 02);
insert into Category_Zoom (Category_Id, Zoom_Id) values (6, 11349);
insert into Zoom_Inventory_Attribute (Zoom_Id, Inventory_Attribute_Id) values (11349, 50);
-- Final Index and Final Name: inner--0084 Key: fabric0084
insert into Zoom_Inventory_Attribute (Zoom_Id, Inventory_Attribute_Id) values (11349, 135);
insert into Zoom (Id, Description, Layer) values (11350, 'resources//img/Cuff/Cuff-Closeup-Lyr02-RdTrpButton-Inner.0085.png', 02);
insert into Category_Zoom (Category_Id, Zoom_Id) values (6, 11350);
insert into Zoom_Inventory_Attribute (Zoom_Id, Inventory_Attribute_Id) values (11350, 50);
-- Final Index and Final Name: inner--0085 Key: fabric0085
insert into Zoom_Inventory_Attribute (Zoom_Id, Inventory_Attribute_Id) values (11350, 136);
insert into Zoom (Id, Description, Layer) values (11351, 'resources//img/Cuff/Cuff-Closeup-Lyr02-RdTrpButton-Inner.0086.png', 02);
insert into Category_Zoom (Category_Id, Zoom_Id) values (6, 11351);
insert into Zoom_Inventory_Attribute (Zoom_Id, Inventory_Attribute_Id) values (11351, 50);
-- Final Index and Final Name: inner--0086 Key: fabric0086
insert into Zoom_Inventory_Attribute (Zoom_Id, Inventory_Attribute_Id) values (11351, 137);
insert into Zoom (Id, Description, Layer) values (11352, 'resources//img/Cuff/Cuff-Closeup-Lyr02-RdTrpButton-Inner.0087.png', 02);
insert into Category_Zoom (Category_Id, Zoom_Id) values (6, 11352);
insert into Zoom_Inventory_Attribute (Zoom_Id, Inventory_Attribute_Id) values (11352, 50);
-- Final Index and Final Name: inner--0087 Key: fabric0087
insert into Zoom_Inventory_Attribute (Zoom_Id, Inventory_Attribute_Id) values (11352, 138);
insert into Zoom (Id, Description, Layer) values (11353, 'resources//img/Cuff/Cuff-Closeup-Lyr02-RdTrpButton-Inner.0088.png', 02);
insert into Category_Zoom (Category_Id, Zoom_Id) values (6, 11353);
insert into Zoom_Inventory_Attribute (Zoom_Id, Inventory_Attribute_Id) values (11353, 50);
-- Final Index and Final Name: inner--0088 Key: fabric0088
insert into Zoom_Inventory_Attribute (Zoom_Id, Inventory_Attribute_Id) values (11353, 139);
insert into Zoom (Id, Description, Layer) values (11354, 'resources//img/Cuff/Cuff-Closeup-Lyr02-RdTrpButton-Inner.0089.png', 02);
insert into Category_Zoom (Category_Id, Zoom_Id) values (6, 11354);
insert into Zoom_Inventory_Attribute (Zoom_Id, Inventory_Attribute_Id) values (11354, 50);
-- Final Index and Final Name: inner--0089 Key: fabric0089
insert into Zoom_Inventory_Attribute (Zoom_Id, Inventory_Attribute_Id) values (11354, 140);
insert into Zoom (Id, Description, Layer) values (11355, 'resources//img/Cuff/Cuff-Closeup-Lyr02-RdTrpButton-Inner.0090.png', 02);
insert into Category_Zoom (Category_Id, Zoom_Id) values (6, 11355);
insert into Zoom_Inventory_Attribute (Zoom_Id, Inventory_Attribute_Id) values (11355, 50);
-- Final Index and Final Name: inner--0090 Key: fabric0090
insert into Zoom_Inventory_Attribute (Zoom_Id, Inventory_Attribute_Id) values (11355, 141);
insert into Zoom (Id, Description, Layer) values (11356, 'resources//img/Cuff/Cuff-Closeup-Lyr02-RdTrpButton-Inner.0091.png', 02);
insert into Category_Zoom (Category_Id, Zoom_Id) values (6, 11356);
insert into Zoom_Inventory_Attribute (Zoom_Id, Inventory_Attribute_Id) values (11356, 50);
-- Final Index and Final Name: inner--0091 Key: fabric0091
insert into Zoom_Inventory_Attribute (Zoom_Id, Inventory_Attribute_Id) values (11356, 142);
insert into Zoom (Id, Description, Layer) values (11357, 'resources//img/Cuff/Cuff-Closeup-Lyr02-RdTrpButton-Inner.0092.png', 02);
insert into Category_Zoom (Category_Id, Zoom_Id) values (6, 11357);
insert into Zoom_Inventory_Attribute (Zoom_Id, Inventory_Attribute_Id) values (11357, 50);
-- Final Index and Final Name: inner--0092 Key: fabric0092
insert into Zoom_Inventory_Attribute (Zoom_Id, Inventory_Attribute_Id) values (11357, 143);
insert into Zoom (Id, Description, Layer) values (11358, 'resources//img/Cuff/Cuff-Closeup-Lyr02-RdTrpButton-Inner.0093.png', 02);
insert into Category_Zoom (Category_Id, Zoom_Id) values (6, 11358);
insert into Zoom_Inventory_Attribute (Zoom_Id, Inventory_Attribute_Id) values (11358, 50);
-- Final Index and Final Name: inner--0093 Key: fabric0093
insert into Zoom_Inventory_Attribute (Zoom_Id, Inventory_Attribute_Id) values (11358, 144);
insert into Zoom (Id, Description, Layer) values (11359, 'resources//img/Cuff/Cuff-Closeup-Lyr02-RdTrpButton-Inner.0094.png', 02);
insert into Category_Zoom (Category_Id, Zoom_Id) values (6, 11359);
insert into Zoom_Inventory_Attribute (Zoom_Id, Inventory_Attribute_Id) values (11359, 50);
-- Final Index and Final Name: inner--0094 Key: fabric0094
insert into Zoom_Inventory_Attribute (Zoom_Id, Inventory_Attribute_Id) values (11359, 145);
insert into Zoom (Id, Description, Layer) values (11360, 'resources//img/Cuff/Cuff-Closeup-Lyr02-RdTrpButton-Inner.0095.png', 02);
insert into Category_Zoom (Category_Id, Zoom_Id) values (6, 11360);
insert into Zoom_Inventory_Attribute (Zoom_Id, Inventory_Attribute_Id) values (11360, 50);
-- Final Index and Final Name: inner--0095 Key: fabric0095
insert into Zoom_Inventory_Attribute (Zoom_Id, Inventory_Attribute_Id) values (11360, 146);
insert into Zoom (Id, Description, Layer) values (11361, 'resources//img/Cuff/Cuff-Closeup-Lyr02-RdTrpButton-Inner.0096.png', 02);
insert into Category_Zoom (Category_Id, Zoom_Id) values (6, 11361);
insert into Zoom_Inventory_Attribute (Zoom_Id, Inventory_Attribute_Id) values (11361, 50);
-- Final Index and Final Name: inner--0096 Key: fabric0096
insert into Zoom_Inventory_Attribute (Zoom_Id, Inventory_Attribute_Id) values (11361, 147);
insert into Zoom (Id, Description, Layer) values (11362, 'resources//img/Cuff/Cuff-Closeup-Lyr02-RdTrpButton-Inner.0097.png', 02);
insert into Category_Zoom (Category_Id, Zoom_Id) values (6, 11362);
insert into Zoom_Inventory_Attribute (Zoom_Id, Inventory_Attribute_Id) values (11362, 50);
-- Final Index and Final Name: inner--0097 Key: fabric0097
insert into Zoom_Inventory_Attribute (Zoom_Id, Inventory_Attribute_Id) values (11362, 148);
insert into Zoom (Id, Description, Layer) values (11363, 'resources//img/Cuff/Cuff-Closeup-Lyr02-RdTrpButton-Inner.0098.png', 02);
insert into Category_Zoom (Category_Id, Zoom_Id) values (6, 11363);
insert into Zoom_Inventory_Attribute (Zoom_Id, Inventory_Attribute_Id) values (11363, 50);
-- Final Index and Final Name: inner--0098 Key: fabric0098
insert into Zoom_Inventory_Attribute (Zoom_Id, Inventory_Attribute_Id) values (11363, 149);
insert into Zoom (Id, Description, Layer) values (11364, 'resources//img/Cuff/Cuff-Closeup-Lyr02-RdTrpButton-Inner.0099.png', 02);
insert into Category_Zoom (Category_Id, Zoom_Id) values (6, 11364);
insert into Zoom_Inventory_Attribute (Zoom_Id, Inventory_Attribute_Id) values (11364, 50);
-- Final Index and Final Name: inner--0099 Key: fabric0099
insert into Zoom_Inventory_Attribute (Zoom_Id, Inventory_Attribute_Id) values (11364, 150);
insert into Zoom (Id, Description, Layer) values (11365, 'resources//img/Cuff/Cuff-Closeup-Lyr02-RdTrpButton-Inner.0100.png', 02);
insert into Category_Zoom (Category_Id, Zoom_Id) values (6, 11365);
insert into Zoom_Inventory_Attribute (Zoom_Id, Inventory_Attribute_Id) values (11365, 50);
-- Final Index and Final Name: inner--0100 Key: fabric0100
insert into Zoom_Inventory_Attribute (Zoom_Id, Inventory_Attribute_Id) values (11365, 151);
insert into Zoom (Id, Description, Layer) values (11366, 'resources//img/Cuff/Cuff-Closeup-Lyr02-RdTrpButton-Inner.0101.png', 02);
insert into Category_Zoom (Category_Id, Zoom_Id) values (6, 11366);
insert into Zoom_Inventory_Attribute (Zoom_Id, Inventory_Attribute_Id) values (11366, 50);
-- Final Index and Final Name: inner--0101 Key: fabric0101
insert into Zoom_Inventory_Attribute (Zoom_Id, Inventory_Attribute_Id) values (11366, 152);
insert into Zoom (Id, Description, Layer) values (11367, 'resources//img/Cuff/Cuff-Closeup-Lyr02-RdTrpButton-Inner.0102.png', 02);
insert into Category_Zoom (Category_Id, Zoom_Id) values (6, 11367);
insert into Zoom_Inventory_Attribute (Zoom_Id, Inventory_Attribute_Id) values (11367, 50);
-- Final Index and Final Name: inner--0102 Key: fabric0102
insert into Zoom_Inventory_Attribute (Zoom_Id, Inventory_Attribute_Id) values (11367, 153);
insert into Zoom (Id, Description, Layer) values (11368, 'resources//img/Cuff/Cuff-Closeup-Lyr02-RdTrpButton-Inner.0103.png', 02);
insert into Category_Zoom (Category_Id, Zoom_Id) values (6, 11368);
insert into Zoom_Inventory_Attribute (Zoom_Id, Inventory_Attribute_Id) values (11368, 50);
-- Final Index and Final Name: inner--0103 Key: fabric0103
insert into Zoom_Inventory_Attribute (Zoom_Id, Inventory_Attribute_Id) values (11368, 154);
insert into Zoom (Id, Description, Layer) values (11369, 'resources//img/Cuff/Cuff-Closeup-Lyr02-RdTrpButton-Inner.0104.png', 02);
insert into Category_Zoom (Category_Id, Zoom_Id) values (6, 11369);
insert into Zoom_Inventory_Attribute (Zoom_Id, Inventory_Attribute_Id) values (11369, 50);
-- Final Index and Final Name: inner--0104 Key: fabric0104
insert into Zoom_Inventory_Attribute (Zoom_Id, Inventory_Attribute_Id) values (11369, 155);
insert into Zoom (Id, Description, Layer) values (11370, 'resources//img/Cuff/Cuff-Closeup-Lyr02-RdTrpButton-Inner.0105.png', 02);
insert into Category_Zoom (Category_Id, Zoom_Id) values (6, 11370);
insert into Zoom_Inventory_Attribute (Zoom_Id, Inventory_Attribute_Id) values (11370, 50);
-- Final Index and Final Name: inner--0105 Key: fabric0105
insert into Zoom_Inventory_Attribute (Zoom_Id, Inventory_Attribute_Id) values (11370, 156);
insert into Zoom (Id, Description, Layer) values (11371, 'resources//img/Cuff/Cuff-Closeup-Lyr02-RdTrpButton-Inner.0106.png', 02);
insert into Category_Zoom (Category_Id, Zoom_Id) values (6, 11371);
insert into Zoom_Inventory_Attribute (Zoom_Id, Inventory_Attribute_Id) values (11371, 50);
-- Final Index and Final Name: inner--0106 Key: fabric0106
insert into Zoom_Inventory_Attribute (Zoom_Id, Inventory_Attribute_Id) values (11371, 157);
insert into Zoom (Id, Description, Layer) values (11372, 'resources//img/Cuff/Cuff-Closeup-Lyr02-RdTrpButton-Inner.0107.png', 02);
insert into Category_Zoom (Category_Id, Zoom_Id) values (6, 11372);
insert into Zoom_Inventory_Attribute (Zoom_Id, Inventory_Attribute_Id) values (11372, 50);
-- Final Index and Final Name: inner--0107 Key: fabric0107
insert into Zoom_Inventory_Attribute (Zoom_Id, Inventory_Attribute_Id) values (11372, 158);
insert into Zoom (Id, Description, Layer) values (11373, 'resources//img/Cuff/Cuff-Closeup-Lyr02-RdTrpButton-Inner.0108.png', 02);
insert into Category_Zoom (Category_Id, Zoom_Id) values (6, 11373);
insert into Zoom_Inventory_Attribute (Zoom_Id, Inventory_Attribute_Id) values (11373, 50);
-- Final Index and Final Name: inner--0108 Key: fabric0108
insert into Zoom_Inventory_Attribute (Zoom_Id, Inventory_Attribute_Id) values (11373, 159);
insert into Zoom (Id, Description, Layer) values (11374, 'resources//img/Cuff/Cuff-Closeup-Lyr02-RdTrpButton-Inner.0109.png', 02);
insert into Category_Zoom (Category_Id, Zoom_Id) values (6, 11374);
insert into Zoom_Inventory_Attribute (Zoom_Id, Inventory_Attribute_Id) values (11374, 50);
-- Final Index and Final Name: inner--0109 Key: fabric0109
insert into Zoom_Inventory_Attribute (Zoom_Id, Inventory_Attribute_Id) values (11374, 160);
insert into Zoom (Id, Description, Layer) values (11375, 'resources//img/Cuff/Cuff-Closeup-Lyr02-RdTrpButton-Inner.0110.png', 02);
insert into Category_Zoom (Category_Id, Zoom_Id) values (6, 11375);
insert into Zoom_Inventory_Attribute (Zoom_Id, Inventory_Attribute_Id) values (11375, 50);
-- Final Index and Final Name: inner--0110 Key: fabric0110
insert into Zoom_Inventory_Attribute (Zoom_Id, Inventory_Attribute_Id) values (11375, 161);
insert into Zoom (Id, Description, Layer) values (11376, 'resources//img/Cuff/Cuff-Closeup-Lyr02-RdTrpButton-Inner.0111.png', 02);
insert into Category_Zoom (Category_Id, Zoom_Id) values (6, 11376);
insert into Zoom_Inventory_Attribute (Zoom_Id, Inventory_Attribute_Id) values (11376, 50);
-- Final Index and Final Name: inner--0111 Key: fabric0111
insert into Zoom_Inventory_Attribute (Zoom_Id, Inventory_Attribute_Id) values (11376, 162);
insert into Zoom (Id, Description, Layer) values (11377, 'resources//img/Cuff/Cuff-Closeup-Lyr02-RdTrpButton-Inner.0112.png', 02);
insert into Category_Zoom (Category_Id, Zoom_Id) values (6, 11377);
insert into Zoom_Inventory_Attribute (Zoom_Id, Inventory_Attribute_Id) values (11377, 50);
-- Final Index and Final Name: inner--0112 Key: fabric0112
insert into Zoom_Inventory_Attribute (Zoom_Id, Inventory_Attribute_Id) values (11377, 163);
insert into Zoom (Id, Description, Layer) values (11378, 'resources//img/Cuff/Cuff-Closeup-Lyr02-RdTrpButton-Inner.0113.png', 02);
insert into Category_Zoom (Category_Id, Zoom_Id) values (6, 11378);
insert into Zoom_Inventory_Attribute (Zoom_Id, Inventory_Attribute_Id) values (11378, 50);
-- Final Index and Final Name: inner--0113 Key: fabric0113
insert into Zoom_Inventory_Attribute (Zoom_Id, Inventory_Attribute_Id) values (11378, 164);
insert into Zoom (Id, Description, Layer) values (11379, 'resources//img/Cuff/Cuff-Closeup-Lyr02-RdTrpButton-Inner.0114.png', 02);
insert into Category_Zoom (Category_Id, Zoom_Id) values (6, 11379);
insert into Zoom_Inventory_Attribute (Zoom_Id, Inventory_Attribute_Id) values (11379, 50);
-- Final Index and Final Name: inner--0114 Key: fabric0114
insert into Zoom_Inventory_Attribute (Zoom_Id, Inventory_Attribute_Id) values (11379, 165);
insert into Zoom (Id, Description, Layer) values (11380, 'resources//img/Cuff/Cuff-Closeup-Lyr02-RdTrpButton-Inner.0115.png', 02);
insert into Category_Zoom (Category_Id, Zoom_Id) values (6, 11380);
insert into Zoom_Inventory_Attribute (Zoom_Id, Inventory_Attribute_Id) values (11380, 50);
-- Final Index and Final Name: inner--0115 Key: fabric0115
insert into Zoom_Inventory_Attribute (Zoom_Id, Inventory_Attribute_Id) values (11380, 166);
insert into Zoom (Id, Description, Layer) values (11381, 'resources//img/Cuff/Cuff-Closeup-Lyr02-RdTrpButton-Inner.0116.png', 02);
insert into Category_Zoom (Category_Id, Zoom_Id) values (6, 11381);
insert into Zoom_Inventory_Attribute (Zoom_Id, Inventory_Attribute_Id) values (11381, 50);
-- Final Index and Final Name: inner--0116 Key: fabric0116
insert into Zoom_Inventory_Attribute (Zoom_Id, Inventory_Attribute_Id) values (11381, 167);
insert into Zoom (Id, Description, Layer) values (11382, 'resources//img/Cuff/Cuff-Closeup-Lyr02-RdTrpButton-Inner.0117.png', 02);
insert into Category_Zoom (Category_Id, Zoom_Id) values (6, 11382);
insert into Zoom_Inventory_Attribute (Zoom_Id, Inventory_Attribute_Id) values (11382, 50);
-- Final Index and Final Name: inner--0117 Key: fabric0117
insert into Zoom_Inventory_Attribute (Zoom_Id, Inventory_Attribute_Id) values (11382, 168);
insert into Zoom (Id, Description, Layer) values (11383, 'resources//img/Cuff/Cuff-Closeup-Lyr02-RdTrpButton-Inner.0118.png', 02);
insert into Category_Zoom (Category_Id, Zoom_Id) values (6, 11383);
insert into Zoom_Inventory_Attribute (Zoom_Id, Inventory_Attribute_Id) values (11383, 50);
-- Final Index and Final Name: inner--0118 Key: fabric0118
insert into Zoom_Inventory_Attribute (Zoom_Id, Inventory_Attribute_Id) values (11383, 169);
insert into Zoom (Id, Description, Layer) values (11384, 'resources//img/Cuff/Cuff-Closeup-Lyr02-RdTrpButton-Inner.0119.png', 02);
insert into Category_Zoom (Category_Id, Zoom_Id) values (6, 11384);
insert into Zoom_Inventory_Attribute (Zoom_Id, Inventory_Attribute_Id) values (11384, 50);
-- Final Index and Final Name: inner--0119 Key: fabric0119
insert into Zoom_Inventory_Attribute (Zoom_Id, Inventory_Attribute_Id) values (11384, 170);
insert into Zoom (Id, Description, Layer) values (11385, 'resources//img/Cuff/Cuff-Closeup-Lyr02-RdTrpButton-Inner.0120.png', 02);
insert into Category_Zoom (Category_Id, Zoom_Id) values (6, 11385);
insert into Zoom_Inventory_Attribute (Zoom_Id, Inventory_Attribute_Id) values (11385, 50);
-- Final Index and Final Name: inner--0120 Key: fabric0120
insert into Zoom_Inventory_Attribute (Zoom_Id, Inventory_Attribute_Id) values (11385, 171);
insert into Zoom (Id, Description, Layer) values (11386, 'resources//img/Cuff/Cuff-Closeup-Lyr02-RdTrpButton-Inner.0121.png', 02);
insert into Category_Zoom (Category_Id, Zoom_Id) values (6, 11386);
insert into Zoom_Inventory_Attribute (Zoom_Id, Inventory_Attribute_Id) values (11386, 50);
-- Final Index and Final Name: inner--0121 Key: fabric0121
insert into Zoom_Inventory_Attribute (Zoom_Id, Inventory_Attribute_Id) values (11386, 172);
insert into Zoom (Id, Description, Layer) values (11387, 'resources//img/Cuff/Cuff-Closeup-Lyr02-RdTrpButton-Inner.0122.png', 02);
insert into Category_Zoom (Category_Id, Zoom_Id) values (6, 11387);
insert into Zoom_Inventory_Attribute (Zoom_Id, Inventory_Attribute_Id) values (11387, 50);
-- Final Index and Final Name: inner--0122 Key: fabric0122
insert into Zoom_Inventory_Attribute (Zoom_Id, Inventory_Attribute_Id) values (11387, 173);
insert into Zoom (Id, Description, Layer) values (11388, 'resources//img/Cuff/Cuff-Closeup-Lyr02-RdTrpButton-Inner.0123.png', 02);
insert into Category_Zoom (Category_Id, Zoom_Id) values (6, 11388);
insert into Zoom_Inventory_Attribute (Zoom_Id, Inventory_Attribute_Id) values (11388, 50);
-- Final Index and Final Name: inner--0123 Key: fabric0123
insert into Zoom_Inventory_Attribute (Zoom_Id, Inventory_Attribute_Id) values (11388, 174);
insert into Zoom (Id, Description, Layer) values (11389, 'resources//img/Cuff/Cuff-Closeup-Lyr02-RdTrpButton-Inner.0124.png', 02);
insert into Category_Zoom (Category_Id, Zoom_Id) values (6, 11389);
insert into Zoom_Inventory_Attribute (Zoom_Id, Inventory_Attribute_Id) values (11389, 50);
-- Final Index and Final Name: inner--0124 Key: fabric0124
insert into Zoom_Inventory_Attribute (Zoom_Id, Inventory_Attribute_Id) values (11389, 175);
insert into Zoom (Id, Description, Layer) values (11390, 'resources//img/Cuff/Cuff-Closeup-Lyr02-RdTrpButton-Inner.0125.png', 02);
insert into Category_Zoom (Category_Id, Zoom_Id) values (6, 11390);
insert into Zoom_Inventory_Attribute (Zoom_Id, Inventory_Attribute_Id) values (11390, 50);
-- Final Index and Final Name: inner--0125 Key: fabric0125
insert into Zoom_Inventory_Attribute (Zoom_Id, Inventory_Attribute_Id) values (11390, 176);
insert into Zoom (Id, Description, Layer) values (11391, 'resources//img/Cuff/Cuff-Closeup-Lyr02-RdTrpButton-Inner.0126.png', 02);
insert into Category_Zoom (Category_Id, Zoom_Id) values (6, 11391);
insert into Zoom_Inventory_Attribute (Zoom_Id, Inventory_Attribute_Id) values (11391, 50);
-- Final Index and Final Name: inner--0126 Key: fabric0126
insert into Zoom_Inventory_Attribute (Zoom_Id, Inventory_Attribute_Id) values (11391, 177);
insert into Zoom (Id, Description, Layer) values (11392, 'resources//img/Cuff/Cuff-Closeup-Lyr02-RdTrpButton-Inner.0127.png', 02);
insert into Category_Zoom (Category_Id, Zoom_Id) values (6, 11392);
insert into Zoom_Inventory_Attribute (Zoom_Id, Inventory_Attribute_Id) values (11392, 50);
-- Final Index and Final Name: inner--0127 Key: fabric0127
insert into Zoom_Inventory_Attribute (Zoom_Id, Inventory_Attribute_Id) values (11392, 178);
insert into Zoom (Id, Description, Layer) values (11393, 'resources//img/Cuff/Cuff-Closeup-Lyr02-RdTrpButton-Inner.0128.png', 02);
insert into Category_Zoom (Category_Id, Zoom_Id) values (6, 11393);
insert into Zoom_Inventory_Attribute (Zoom_Id, Inventory_Attribute_Id) values (11393, 50);
-- Final Index and Final Name: inner--0128 Key: fabric0128
insert into Zoom_Inventory_Attribute (Zoom_Id, Inventory_Attribute_Id) values (11393, 179);
insert into Zoom (Id, Description, Layer) values (11394, 'resources//img/Cuff/Cuff-Closeup-Lyr02-RdTrpButton-Inner.0129.png', 02);
insert into Category_Zoom (Category_Id, Zoom_Id) values (6, 11394);
insert into Zoom_Inventory_Attribute (Zoom_Id, Inventory_Attribute_Id) values (11394, 50);
-- Final Index and Final Name: inner--0129 Key: fabric0129
insert into Zoom_Inventory_Attribute (Zoom_Id, Inventory_Attribute_Id) values (11394, 180);
insert into Zoom (Id, Description, Layer) values (11395, 'resources//img/Cuff/Cuff-Closeup-Lyr02-RdTrpButton-Inner.0130.png', 02);
insert into Category_Zoom (Category_Id, Zoom_Id) values (6, 11395);
insert into Zoom_Inventory_Attribute (Zoom_Id, Inventory_Attribute_Id) values (11395, 50);
-- Final Index and Final Name: inner--0130 Key: fabric0130
insert into Zoom_Inventory_Attribute (Zoom_Id, Inventory_Attribute_Id) values (11395, 181);
insert into Zoom (Id, Description, Layer) values (11396, 'resources//img/Cuff/Cuff-Closeup-Lyr02-RdTrpButton-Inner.0131.png', 02);
insert into Category_Zoom (Category_Id, Zoom_Id) values (6, 11396);
insert into Zoom_Inventory_Attribute (Zoom_Id, Inventory_Attribute_Id) values (11396, 50);
-- Final Index and Final Name: inner--0131 Key: fabric0131
insert into Zoom_Inventory_Attribute (Zoom_Id, Inventory_Attribute_Id) values (11396, 182);
insert into Zoom (Id, Description, Layer) values (11397, 'resources//img/Cuff/Cuff-Closeup-Lyr02-RdTrpButton-Inner.0132.png', 02);
insert into Category_Zoom (Category_Id, Zoom_Id) values (6, 11397);
insert into Zoom_Inventory_Attribute (Zoom_Id, Inventory_Attribute_Id) values (11397, 50);
-- Final Index and Final Name: inner--0132 Key: fabric0132
insert into Zoom_Inventory_Attribute (Zoom_Id, Inventory_Attribute_Id) values (11397, 183);
insert into Zoom (Id, Description, Layer) values (11398, 'resources//img/Cuff/Cuff-Closeup-Lyr02-RdTrpButton-Inner.0133.png', 02);
insert into Category_Zoom (Category_Id, Zoom_Id) values (6, 11398);
insert into Zoom_Inventory_Attribute (Zoom_Id, Inventory_Attribute_Id) values (11398, 50);
-- Final Index and Final Name: inner--0133 Key: fabric0133
insert into Zoom_Inventory_Attribute (Zoom_Id, Inventory_Attribute_Id) values (11398, 184);
insert into Zoom (Id, Description, Layer) values (11399, 'resources//img/Cuff/Cuff-Closeup-Lyr02-RdTrpButton-Inner.0134.png', 02);
insert into Category_Zoom (Category_Id, Zoom_Id) values (6, 11399);
insert into Zoom_Inventory_Attribute (Zoom_Id, Inventory_Attribute_Id) values (11399, 50);
-- Final Index and Final Name: inner--0134 Key: fabric0134
insert into Zoom_Inventory_Attribute (Zoom_Id, Inventory_Attribute_Id) values (11399, 185);
insert into Zoom (Id, Description, Layer) values (11400, 'resources//img/Cuff/Cuff-Closeup-Lyr02-RdTrpButton-Inner.0135.png', 02);
insert into Category_Zoom (Category_Id, Zoom_Id) values (6, 11400);
insert into Zoom_Inventory_Attribute (Zoom_Id, Inventory_Attribute_Id) values (11400, 50);
-- Final Index and Final Name: inner--0135 Key: fabric0135
insert into Zoom_Inventory_Attribute (Zoom_Id, Inventory_Attribute_Id) values (11400, 186);
insert into Zoom (Id, Description, Layer) values (11401, 'resources//img/Cuff/Cuff-Closeup-Lyr02-RdTrpButton-Inner.0136.png', 02);
insert into Category_Zoom (Category_Id, Zoom_Id) values (6, 11401);
insert into Zoom_Inventory_Attribute (Zoom_Id, Inventory_Attribute_Id) values (11401, 50);
-- Final Index and Final Name: inner--0136 Key: fabric0136
insert into Zoom_Inventory_Attribute (Zoom_Id, Inventory_Attribute_Id) values (11401, 187);
insert into Zoom (Id, Description, Layer) values (11402, 'resources//img/Cuff/Cuff-Closeup-Lyr02-RdTrpButton-Inner.0137.png', 02);
insert into Category_Zoom (Category_Id, Zoom_Id) values (6, 11402);
insert into Zoom_Inventory_Attribute (Zoom_Id, Inventory_Attribute_Id) values (11402, 50);
-- Final Index and Final Name: inner--0137 Key: fabric0137
insert into Zoom_Inventory_Attribute (Zoom_Id, Inventory_Attribute_Id) values (11402, 188);
insert into Zoom (Id, Description, Layer) values (11403, 'resources//img/Cuff/Cuff-Closeup-Lyr02-RdTrpButton-Inner.0138.png', 02);
insert into Category_Zoom (Category_Id, Zoom_Id) values (6, 11403);
insert into Zoom_Inventory_Attribute (Zoom_Id, Inventory_Attribute_Id) values (11403, 50);
-- Final Index and Final Name: inner--0138 Key: fabric0138
insert into Zoom_Inventory_Attribute (Zoom_Id, Inventory_Attribute_Id) values (11403, 189);
insert into Zoom (Id, Description, Layer) values (11404, 'resources//img/Cuff/Cuff-Closeup-Lyr02-RdTrpButton-Inner.0139.png', 02);
insert into Category_Zoom (Category_Id, Zoom_Id) values (6, 11404);
insert into Zoom_Inventory_Attribute (Zoom_Id, Inventory_Attribute_Id) values (11404, 50);
-- Final Index and Final Name: inner--0139 Key: fabric0139
insert into Zoom_Inventory_Attribute (Zoom_Id, Inventory_Attribute_Id) values (11404, 190);
insert into Zoom (Id, Description, Layer) values (11405, 'resources//img/Cuff/Cuff-Closeup-Lyr02-RdTrpButton-Inner.0140.png', 02);
insert into Category_Zoom (Category_Id, Zoom_Id) values (6, 11405);
insert into Zoom_Inventory_Attribute (Zoom_Id, Inventory_Attribute_Id) values (11405, 50);
-- Final Index and Final Name: inner--0140 Key: fabric0140
insert into Zoom_Inventory_Attribute (Zoom_Id, Inventory_Attribute_Id) values (11405, 191);
insert into Zoom (Id, Description, Layer) values (11406, 'resources//img/Cuff/Cuff-Closeup-Lyr02-RdTrpButton-Inner.0141.png', 02);
insert into Category_Zoom (Category_Id, Zoom_Id) values (6, 11406);
insert into Zoom_Inventory_Attribute (Zoom_Id, Inventory_Attribute_Id) values (11406, 50);
-- Final Index and Final Name: inner--0141 Key: fabric0141
insert into Zoom_Inventory_Attribute (Zoom_Id, Inventory_Attribute_Id) values (11406, 192);
insert into Zoom (Id, Description, Layer) values (11407, 'resources//img/Cuff/Cuff-Closeup-Lyr02-RdTrpButton-Inner.0142.png', 02);
insert into Category_Zoom (Category_Id, Zoom_Id) values (6, 11407);
insert into Zoom_Inventory_Attribute (Zoom_Id, Inventory_Attribute_Id) values (11407, 50);
-- Final Index and Final Name: inner--0142 Key: fabric0142
insert into Zoom_Inventory_Attribute (Zoom_Id, Inventory_Attribute_Id) values (11407, 193);
insert into Zoom (Id, Description, Layer) values (11408, 'resources//img/Cuff/Cuff-Closeup-Lyr02-RdTrpButton-Inner.0143.png', 02);
insert into Category_Zoom (Category_Id, Zoom_Id) values (6, 11408);
insert into Zoom_Inventory_Attribute (Zoom_Id, Inventory_Attribute_Id) values (11408, 50);
-- Final Index and Final Name: inner--0143 Key: fabric0143
insert into Zoom_Inventory_Attribute (Zoom_Id, Inventory_Attribute_Id) values (11408, 194);
insert into Zoom (Id, Description, Layer) values (11409, 'resources//img/Cuff/Cuff-Closeup-Lyr02-RdTrpButton-Inner.0144.png', 02);
insert into Category_Zoom (Category_Id, Zoom_Id) values (6, 11409);
insert into Zoom_Inventory_Attribute (Zoom_Id, Inventory_Attribute_Id) values (11409, 50);
-- Final Index and Final Name: inner--0144 Key: fabric0144
insert into Zoom_Inventory_Attribute (Zoom_Id, Inventory_Attribute_Id) values (11409, 195);
insert into Zoom (Id, Description, Layer) values (11410, 'resources//img/Cuff/Cuff-Closeup-Lyr02-RdTrpButton-Inner.0145.png', 02);
insert into Category_Zoom (Category_Id, Zoom_Id) values (6, 11410);
insert into Zoom_Inventory_Attribute (Zoom_Id, Inventory_Attribute_Id) values (11410, 50);
-- Final Index and Final Name: inner--0145 Key: fabric0145
insert into Zoom_Inventory_Attribute (Zoom_Id, Inventory_Attribute_Id) values (11410, 196);
insert into Zoom (Id, Description, Layer) values (11411, 'resources//img/Cuff/Cuff-Closeup-Lyr02-RdTrpButton-Inner.0146.png', 02);
insert into Category_Zoom (Category_Id, Zoom_Id) values (6, 11411);
insert into Zoom_Inventory_Attribute (Zoom_Id, Inventory_Attribute_Id) values (11411, 50);
-- Final Index and Final Name: inner--0146 Key: fabric0146
insert into Zoom_Inventory_Attribute (Zoom_Id, Inventory_Attribute_Id) values (11411, 197);
insert into Zoom (Id, Description, Layer) values (11412, 'resources//img/Cuff/Cuff-Closeup-Lyr02-RdTrpButton-Inner.0147.png', 02);
insert into Category_Zoom (Category_Id, Zoom_Id) values (6, 11412);
insert into Zoom_Inventory_Attribute (Zoom_Id, Inventory_Attribute_Id) values (11412, 50);
-- Final Index and Final Name: inner--0147 Key: fabric0147
insert into Zoom_Inventory_Attribute (Zoom_Id, Inventory_Attribute_Id) values (11412, 198);
insert into Zoom (Id, Description, Layer) values (11413, 'resources//img/Cuff/Cuff-Closeup-Lyr02-RdTrpButton-Inner.0148.png', 02);
insert into Category_Zoom (Category_Id, Zoom_Id) values (6, 11413);
insert into Zoom_Inventory_Attribute (Zoom_Id, Inventory_Attribute_Id) values (11413, 50);
-- Final Index and Final Name: inner--0148 Key: fabric0148
insert into Zoom_Inventory_Attribute (Zoom_Id, Inventory_Attribute_Id) values (11413, 199);
insert into Zoom (Id, Description, Layer) values (11414, 'resources//img/Cuff/Cuff-Closeup-Lyr02-RdTrpButton-Inner.0149.png', 02);
insert into Category_Zoom (Category_Id, Zoom_Id) values (6, 11414);
insert into Zoom_Inventory_Attribute (Zoom_Id, Inventory_Attribute_Id) values (11414, 50);
-- Final Index and Final Name: inner--0149 Key: fabric0149
insert into Zoom_Inventory_Attribute (Zoom_Id, Inventory_Attribute_Id) values (11414, 200);
insert into Zoom (Id, Description, Layer) values (11415, 'resources//img/Cuff/Cuff-Closeup-Lyr02-RdTrpButton-Inner.0150.png', 02);
insert into Category_Zoom (Category_Id, Zoom_Id) values (6, 11415);
insert into Zoom_Inventory_Attribute (Zoom_Id, Inventory_Attribute_Id) values (11415, 50);
-- Final Index and Final Name: inner--0150 Key: fabric0150
insert into Zoom_Inventory_Attribute (Zoom_Id, Inventory_Attribute_Id) values (11415, 201);
insert into Zoom (Id, Description, Layer) values (11416, 'resources//img/Cuff/Cuff-Closeup-Lyr02-RdTrpButton-Inner.0151.png', 02);
insert into Category_Zoom (Category_Id, Zoom_Id) values (6, 11416);
insert into Zoom_Inventory_Attribute (Zoom_Id, Inventory_Attribute_Id) values (11416, 50);
-- Final Index and Final Name: inner--0151 Key: fabric0151
insert into Zoom_Inventory_Attribute (Zoom_Id, Inventory_Attribute_Id) values (11416, 202);
insert into Zoom (Id, Description, Layer) values (11417, 'resources//img/Cuff/Cuff-Closeup-Lyr02-RdTrpButton-Inner.0152.png', 02);
insert into Category_Zoom (Category_Id, Zoom_Id) values (6, 11417);
insert into Zoom_Inventory_Attribute (Zoom_Id, Inventory_Attribute_Id) values (11417, 50);
-- Final Index and Final Name: inner--0152 Key: fabric0152
insert into Zoom_Inventory_Attribute (Zoom_Id, Inventory_Attribute_Id) values (11417, 203);
insert into Zoom (Id, Description, Layer) values (11418, 'resources//img/Cuff/Cuff-Closeup-Lyr02-RdTrpButton-Inner.0153.png', 02);
insert into Category_Zoom (Category_Id, Zoom_Id) values (6, 11418);
insert into Zoom_Inventory_Attribute (Zoom_Id, Inventory_Attribute_Id) values (11418, 50);
-- Final Index and Final Name: inner--0153 Key: fabric0153
insert into Zoom_Inventory_Attribute (Zoom_Id, Inventory_Attribute_Id) values (11418, 204);
insert into Zoom (Id, Description, Layer) values (11419, 'resources//img/Cuff/Cuff-Closeup-Lyr02-RdTrpButton-Inner.0154.png', 02);
insert into Category_Zoom (Category_Id, Zoom_Id) values (6, 11419);
insert into Zoom_Inventory_Attribute (Zoom_Id, Inventory_Attribute_Id) values (11419, 50);
-- Final Index and Final Name: inner--0154 Key: fabric0154
insert into Zoom_Inventory_Attribute (Zoom_Id, Inventory_Attribute_Id) values (11419, 205);
insert into Zoom (Id, Description, Layer) values (11420, 'resources//img/Cuff/Cuff-Closeup-Lyr02-RdTrpButton-Inner.0155.png', 02);
insert into Category_Zoom (Category_Id, Zoom_Id) values (6, 11420);
insert into Zoom_Inventory_Attribute (Zoom_Id, Inventory_Attribute_Id) values (11420, 50);
-- Final Index and Final Name: inner--0155 Key: fabric0155
insert into Zoom_Inventory_Attribute (Zoom_Id, Inventory_Attribute_Id) values (11420, 206);
insert into Zoom (Id, Description, Layer) values (11421, 'resources//img/Cuff/Cuff-Closeup-Lyr02-StrDbButton-Inner.0001.png', 02);
insert into Category_Zoom (Category_Id, Zoom_Id) values (6, 11421);
insert into Zoom_Inventory_Attribute (Zoom_Id, Inventory_Attribute_Id) values (11421, 45);
-- Final Index and Final Name: inner--0001 Key: fabric0001
insert into Zoom_Inventory_Attribute (Zoom_Id, Inventory_Attribute_Id) values (11421, 52);
insert into Zoom (Id, Description, Layer) values (11422, 'resources//img/Cuff/Cuff-Closeup-Lyr02-StrDbButton-Inner.0002.png', 02);
insert into Category_Zoom (Category_Id, Zoom_Id) values (6, 11422);
insert into Zoom_Inventory_Attribute (Zoom_Id, Inventory_Attribute_Id) values (11422, 45);
-- Final Index and Final Name: inner--0002 Key: fabric0002
insert into Zoom_Inventory_Attribute (Zoom_Id, Inventory_Attribute_Id) values (11422, 53);
insert into Zoom (Id, Description, Layer) values (11423, 'resources//img/Cuff/Cuff-Closeup-Lyr02-StrDbButton-Inner.0003.png', 02);
insert into Category_Zoom (Category_Id, Zoom_Id) values (6, 11423);
insert into Zoom_Inventory_Attribute (Zoom_Id, Inventory_Attribute_Id) values (11423, 45);
-- Final Index and Final Name: inner--0003 Key: fabric0003
insert into Zoom_Inventory_Attribute (Zoom_Id, Inventory_Attribute_Id) values (11423, 54);
insert into Zoom (Id, Description, Layer) values (11424, 'resources//img/Cuff/Cuff-Closeup-Lyr02-StrDbButton-Inner.0004.png', 02);
insert into Category_Zoom (Category_Id, Zoom_Id) values (6, 11424);
insert into Zoom_Inventory_Attribute (Zoom_Id, Inventory_Attribute_Id) values (11424, 45);
-- Final Index and Final Name: inner--0004 Key: fabric0004
insert into Zoom_Inventory_Attribute (Zoom_Id, Inventory_Attribute_Id) values (11424, 55);
insert into Zoom (Id, Description, Layer) values (11425, 'resources//img/Cuff/Cuff-Closeup-Lyr02-StrDbButton-Inner.0005.png', 02);
insert into Category_Zoom (Category_Id, Zoom_Id) values (6, 11425);
insert into Zoom_Inventory_Attribute (Zoom_Id, Inventory_Attribute_Id) values (11425, 45);
-- Final Index and Final Name: inner--0005 Key: fabric0005
insert into Zoom_Inventory_Attribute (Zoom_Id, Inventory_Attribute_Id) values (11425, 56);
insert into Zoom (Id, Description, Layer) values (11426, 'resources//img/Cuff/Cuff-Closeup-Lyr02-StrDbButton-Inner.0006.png', 02);
insert into Category_Zoom (Category_Id, Zoom_Id) values (6, 11426);
insert into Zoom_Inventory_Attribute (Zoom_Id, Inventory_Attribute_Id) values (11426, 45);
-- Final Index and Final Name: inner--0006 Key: fabric0006
insert into Zoom_Inventory_Attribute (Zoom_Id, Inventory_Attribute_Id) values (11426, 57);
insert into Zoom (Id, Description, Layer) values (11427, 'resources//img/Cuff/Cuff-Closeup-Lyr02-StrDbButton-Inner.0007.png', 02);
insert into Category_Zoom (Category_Id, Zoom_Id) values (6, 11427);
insert into Zoom_Inventory_Attribute (Zoom_Id, Inventory_Attribute_Id) values (11427, 45);
-- Final Index and Final Name: inner--0007 Key: fabric0007
insert into Zoom_Inventory_Attribute (Zoom_Id, Inventory_Attribute_Id) values (11427, 58);
insert into Zoom (Id, Description, Layer) values (11428, 'resources//img/Cuff/Cuff-Closeup-Lyr02-StrDbButton-Inner.0008.png', 02);
insert into Category_Zoom (Category_Id, Zoom_Id) values (6, 11428);
insert into Zoom_Inventory_Attribute (Zoom_Id, Inventory_Attribute_Id) values (11428, 45);
-- Final Index and Final Name: inner--0008 Key: fabric0008
insert into Zoom_Inventory_Attribute (Zoom_Id, Inventory_Attribute_Id) values (11428, 59);
insert into Zoom (Id, Description, Layer) values (11429, 'resources//img/Cuff/Cuff-Closeup-Lyr02-StrDbButton-Inner.0009.png', 02);
insert into Category_Zoom (Category_Id, Zoom_Id) values (6, 11429);
insert into Zoom_Inventory_Attribute (Zoom_Id, Inventory_Attribute_Id) values (11429, 45);
-- Final Index and Final Name: inner--0009 Key: fabric0009
insert into Zoom_Inventory_Attribute (Zoom_Id, Inventory_Attribute_Id) values (11429, 60);
insert into Zoom (Id, Description, Layer) values (11430, 'resources//img/Cuff/Cuff-Closeup-Lyr02-StrDbButton-Inner.0010.png', 02);
insert into Category_Zoom (Category_Id, Zoom_Id) values (6, 11430);
insert into Zoom_Inventory_Attribute (Zoom_Id, Inventory_Attribute_Id) values (11430, 45);
-- Final Index and Final Name: inner--0010 Key: fabric0010
insert into Zoom_Inventory_Attribute (Zoom_Id, Inventory_Attribute_Id) values (11430, 61);
insert into Zoom (Id, Description, Layer) values (11431, 'resources//img/Cuff/Cuff-Closeup-Lyr02-StrDbButton-Inner.0011.png', 02);
insert into Category_Zoom (Category_Id, Zoom_Id) values (6, 11431);
insert into Zoom_Inventory_Attribute (Zoom_Id, Inventory_Attribute_Id) values (11431, 45);
-- Final Index and Final Name: inner--0011 Key: fabric0011
insert into Zoom_Inventory_Attribute (Zoom_Id, Inventory_Attribute_Id) values (11431, 62);
insert into Zoom (Id, Description, Layer) values (11432, 'resources//img/Cuff/Cuff-Closeup-Lyr02-StrDbButton-Inner.0012.png', 02);
insert into Category_Zoom (Category_Id, Zoom_Id) values (6, 11432);
insert into Zoom_Inventory_Attribute (Zoom_Id, Inventory_Attribute_Id) values (11432, 45);
-- Final Index and Final Name: inner--0012 Key: fabric0012
insert into Zoom_Inventory_Attribute (Zoom_Id, Inventory_Attribute_Id) values (11432, 63);
insert into Zoom (Id, Description, Layer) values (11433, 'resources//img/Cuff/Cuff-Closeup-Lyr02-StrDbButton-Inner.0013.png', 02);
insert into Category_Zoom (Category_Id, Zoom_Id) values (6, 11433);
insert into Zoom_Inventory_Attribute (Zoom_Id, Inventory_Attribute_Id) values (11433, 45);
-- Final Index and Final Name: inner--0013 Key: fabric0013
insert into Zoom_Inventory_Attribute (Zoom_Id, Inventory_Attribute_Id) values (11433, 64);
insert into Zoom (Id, Description, Layer) values (11434, 'resources//img/Cuff/Cuff-Closeup-Lyr02-StrDbButton-Inner.0014.png', 02);
insert into Category_Zoom (Category_Id, Zoom_Id) values (6, 11434);
insert into Zoom_Inventory_Attribute (Zoom_Id, Inventory_Attribute_Id) values (11434, 45);
-- Final Index and Final Name: inner--0014 Key: fabric0014
insert into Zoom_Inventory_Attribute (Zoom_Id, Inventory_Attribute_Id) values (11434, 65);
insert into Zoom (Id, Description, Layer) values (11435, 'resources//img/Cuff/Cuff-Closeup-Lyr02-StrDbButton-Inner.0015.png', 02);
insert into Category_Zoom (Category_Id, Zoom_Id) values (6, 11435);
insert into Zoom_Inventory_Attribute (Zoom_Id, Inventory_Attribute_Id) values (11435, 45);
-- Final Index and Final Name: inner--0015 Key: fabric0015
insert into Zoom_Inventory_Attribute (Zoom_Id, Inventory_Attribute_Id) values (11435, 66);
insert into Zoom (Id, Description, Layer) values (11436, 'resources//img/Cuff/Cuff-Closeup-Lyr02-StrDbButton-Inner.0016.png', 02);
insert into Category_Zoom (Category_Id, Zoom_Id) values (6, 11436);
insert into Zoom_Inventory_Attribute (Zoom_Id, Inventory_Attribute_Id) values (11436, 45);
-- Final Index and Final Name: inner--0016 Key: fabric0016
insert into Zoom_Inventory_Attribute (Zoom_Id, Inventory_Attribute_Id) values (11436, 67);
insert into Zoom (Id, Description, Layer) values (11437, 'resources//img/Cuff/Cuff-Closeup-Lyr02-StrDbButton-Inner.0017.png', 02);
insert into Category_Zoom (Category_Id, Zoom_Id) values (6, 11437);
insert into Zoom_Inventory_Attribute (Zoom_Id, Inventory_Attribute_Id) values (11437, 45);
-- Final Index and Final Name: inner--0017 Key: fabric0017
insert into Zoom_Inventory_Attribute (Zoom_Id, Inventory_Attribute_Id) values (11437, 68);
insert into Zoom (Id, Description, Layer) values (11438, 'resources//img/Cuff/Cuff-Closeup-Lyr02-StrDbButton-Inner.0018.png', 02);
insert into Category_Zoom (Category_Id, Zoom_Id) values (6, 11438);
insert into Zoom_Inventory_Attribute (Zoom_Id, Inventory_Attribute_Id) values (11438, 45);
-- Final Index and Final Name: inner--0018 Key: fabric0018
insert into Zoom_Inventory_Attribute (Zoom_Id, Inventory_Attribute_Id) values (11438, 69);
insert into Zoom (Id, Description, Layer) values (11439, 'resources//img/Cuff/Cuff-Closeup-Lyr02-StrDbButton-Inner.0019.png', 02);
insert into Category_Zoom (Category_Id, Zoom_Id) values (6, 11439);
insert into Zoom_Inventory_Attribute (Zoom_Id, Inventory_Attribute_Id) values (11439, 45);
-- Final Index and Final Name: inner--0019 Key: fabric0019
insert into Zoom_Inventory_Attribute (Zoom_Id, Inventory_Attribute_Id) values (11439, 70);
insert into Zoom (Id, Description, Layer) values (11440, 'resources//img/Cuff/Cuff-Closeup-Lyr02-StrDbButton-Inner.0020.png', 02);
insert into Category_Zoom (Category_Id, Zoom_Id) values (6, 11440);
insert into Zoom_Inventory_Attribute (Zoom_Id, Inventory_Attribute_Id) values (11440, 45);
-- Final Index and Final Name: inner--0020 Key: fabric0020
insert into Zoom_Inventory_Attribute (Zoom_Id, Inventory_Attribute_Id) values (11440, 71);
insert into Zoom (Id, Description, Layer) values (11441, 'resources//img/Cuff/Cuff-Closeup-Lyr02-StrDbButton-Inner.0021.png', 02);
insert into Category_Zoom (Category_Id, Zoom_Id) values (6, 11441);
insert into Zoom_Inventory_Attribute (Zoom_Id, Inventory_Attribute_Id) values (11441, 45);
-- Final Index and Final Name: inner--0021 Key: fabric0021
insert into Zoom_Inventory_Attribute (Zoom_Id, Inventory_Attribute_Id) values (11441, 72);
insert into Zoom (Id, Description, Layer) values (11442, 'resources//img/Cuff/Cuff-Closeup-Lyr02-StrDbButton-Inner.0022.png', 02);
insert into Category_Zoom (Category_Id, Zoom_Id) values (6, 11442);
insert into Zoom_Inventory_Attribute (Zoom_Id, Inventory_Attribute_Id) values (11442, 45);
-- Final Index and Final Name: inner--0022 Key: fabric0022
insert into Zoom_Inventory_Attribute (Zoom_Id, Inventory_Attribute_Id) values (11442, 73);
insert into Zoom (Id, Description, Layer) values (11443, 'resources//img/Cuff/Cuff-Closeup-Lyr02-StrDbButton-Inner.0023.png', 02);
insert into Category_Zoom (Category_Id, Zoom_Id) values (6, 11443);
insert into Zoom_Inventory_Attribute (Zoom_Id, Inventory_Attribute_Id) values (11443, 45);
-- Final Index and Final Name: inner--0023 Key: fabric0023
insert into Zoom_Inventory_Attribute (Zoom_Id, Inventory_Attribute_Id) values (11443, 74);
insert into Zoom (Id, Description, Layer) values (11444, 'resources//img/Cuff/Cuff-Closeup-Lyr02-StrDbButton-Inner.0024.png', 02);
insert into Category_Zoom (Category_Id, Zoom_Id) values (6, 11444);
insert into Zoom_Inventory_Attribute (Zoom_Id, Inventory_Attribute_Id) values (11444, 45);
-- Final Index and Final Name: inner--0024 Key: fabric0024
insert into Zoom_Inventory_Attribute (Zoom_Id, Inventory_Attribute_Id) values (11444, 75);
insert into Zoom (Id, Description, Layer) values (11445, 'resources//img/Cuff/Cuff-Closeup-Lyr02-StrDbButton-Inner.0025.png', 02);
insert into Category_Zoom (Category_Id, Zoom_Id) values (6, 11445);
insert into Zoom_Inventory_Attribute (Zoom_Id, Inventory_Attribute_Id) values (11445, 45);
-- Final Index and Final Name: inner--0025 Key: fabric0025
insert into Zoom_Inventory_Attribute (Zoom_Id, Inventory_Attribute_Id) values (11445, 76);
insert into Zoom (Id, Description, Layer) values (11446, 'resources//img/Cuff/Cuff-Closeup-Lyr02-StrDbButton-Inner.0026.png', 02);
insert into Category_Zoom (Category_Id, Zoom_Id) values (6, 11446);
insert into Zoom_Inventory_Attribute (Zoom_Id, Inventory_Attribute_Id) values (11446, 45);
-- Final Index and Final Name: inner--0026 Key: fabric0026
insert into Zoom_Inventory_Attribute (Zoom_Id, Inventory_Attribute_Id) values (11446, 77);
insert into Zoom (Id, Description, Layer) values (11447, 'resources//img/Cuff/Cuff-Closeup-Lyr02-StrDbButton-Inner.0027.png', 02);
insert into Category_Zoom (Category_Id, Zoom_Id) values (6, 11447);
insert into Zoom_Inventory_Attribute (Zoom_Id, Inventory_Attribute_Id) values (11447, 45);
-- Final Index and Final Name: inner--0027 Key: fabric0027
insert into Zoom_Inventory_Attribute (Zoom_Id, Inventory_Attribute_Id) values (11447, 78);
insert into Zoom (Id, Description, Layer) values (11448, 'resources//img/Cuff/Cuff-Closeup-Lyr02-StrDbButton-Inner.0028.png', 02);
insert into Category_Zoom (Category_Id, Zoom_Id) values (6, 11448);
insert into Zoom_Inventory_Attribute (Zoom_Id, Inventory_Attribute_Id) values (11448, 45);
-- Final Index and Final Name: inner--0028 Key: fabric0028
insert into Zoom_Inventory_Attribute (Zoom_Id, Inventory_Attribute_Id) values (11448, 79);
insert into Zoom (Id, Description, Layer) values (11449, 'resources//img/Cuff/Cuff-Closeup-Lyr02-StrDbButton-Inner.0029.png', 02);
insert into Category_Zoom (Category_Id, Zoom_Id) values (6, 11449);
insert into Zoom_Inventory_Attribute (Zoom_Id, Inventory_Attribute_Id) values (11449, 45);
-- Final Index and Final Name: inner--0029 Key: fabric0029
insert into Zoom_Inventory_Attribute (Zoom_Id, Inventory_Attribute_Id) values (11449, 80);
insert into Zoom (Id, Description, Layer) values (11450, 'resources//img/Cuff/Cuff-Closeup-Lyr02-StrDbButton-Inner.0030.png', 02);
insert into Category_Zoom (Category_Id, Zoom_Id) values (6, 11450);
insert into Zoom_Inventory_Attribute (Zoom_Id, Inventory_Attribute_Id) values (11450, 45);
-- Final Index and Final Name: inner--0030 Key: fabric0030
insert into Zoom_Inventory_Attribute (Zoom_Id, Inventory_Attribute_Id) values (11450, 81);
insert into Zoom (Id, Description, Layer) values (11451, 'resources//img/Cuff/Cuff-Closeup-Lyr02-StrDbButton-Inner.0031.png', 02);
insert into Category_Zoom (Category_Id, Zoom_Id) values (6, 11451);
insert into Zoom_Inventory_Attribute (Zoom_Id, Inventory_Attribute_Id) values (11451, 45);
-- Final Index and Final Name: inner--0031 Key: fabric0031
insert into Zoom_Inventory_Attribute (Zoom_Id, Inventory_Attribute_Id) values (11451, 82);
insert into Zoom (Id, Description, Layer) values (11452, 'resources//img/Cuff/Cuff-Closeup-Lyr02-StrDbButton-Inner.0032.png', 02);
insert into Category_Zoom (Category_Id, Zoom_Id) values (6, 11452);
insert into Zoom_Inventory_Attribute (Zoom_Id, Inventory_Attribute_Id) values (11452, 45);
-- Final Index and Final Name: inner--0032 Key: fabric0032
insert into Zoom_Inventory_Attribute (Zoom_Id, Inventory_Attribute_Id) values (11452, 83);
insert into Zoom (Id, Description, Layer) values (11453, 'resources//img/Cuff/Cuff-Closeup-Lyr02-StrDbButton-Inner.0033.png', 02);
insert into Category_Zoom (Category_Id, Zoom_Id) values (6, 11453);
insert into Zoom_Inventory_Attribute (Zoom_Id, Inventory_Attribute_Id) values (11453, 45);
-- Final Index and Final Name: inner--0033 Key: fabric0033
insert into Zoom_Inventory_Attribute (Zoom_Id, Inventory_Attribute_Id) values (11453, 84);
insert into Zoom (Id, Description, Layer) values (11454, 'resources//img/Cuff/Cuff-Closeup-Lyr02-StrDbButton-Inner.0034.png', 02);
insert into Category_Zoom (Category_Id, Zoom_Id) values (6, 11454);
insert into Zoom_Inventory_Attribute (Zoom_Id, Inventory_Attribute_Id) values (11454, 45);
-- Final Index and Final Name: inner--0034 Key: fabric0034
insert into Zoom_Inventory_Attribute (Zoom_Id, Inventory_Attribute_Id) values (11454, 85);
insert into Zoom (Id, Description, Layer) values (11455, 'resources//img/Cuff/Cuff-Closeup-Lyr02-StrDbButton-Inner.0035.png', 02);
insert into Category_Zoom (Category_Id, Zoom_Id) values (6, 11455);
insert into Zoom_Inventory_Attribute (Zoom_Id, Inventory_Attribute_Id) values (11455, 45);
-- Final Index and Final Name: inner--0035 Key: fabric0035
insert into Zoom_Inventory_Attribute (Zoom_Id, Inventory_Attribute_Id) values (11455, 86);
insert into Zoom (Id, Description, Layer) values (11456, 'resources//img/Cuff/Cuff-Closeup-Lyr02-StrDbButton-Inner.0036.png', 02);
insert into Category_Zoom (Category_Id, Zoom_Id) values (6, 11456);
insert into Zoom_Inventory_Attribute (Zoom_Id, Inventory_Attribute_Id) values (11456, 45);
-- Final Index and Final Name: inner--0036 Key: fabric0036
insert into Zoom_Inventory_Attribute (Zoom_Id, Inventory_Attribute_Id) values (11456, 87);
insert into Zoom (Id, Description, Layer) values (11457, 'resources//img/Cuff/Cuff-Closeup-Lyr02-StrDbButton-Inner.0037.png', 02);
insert into Category_Zoom (Category_Id, Zoom_Id) values (6, 11457);
insert into Zoom_Inventory_Attribute (Zoom_Id, Inventory_Attribute_Id) values (11457, 45);
-- Final Index and Final Name: inner--0037 Key: fabric0037
insert into Zoom_Inventory_Attribute (Zoom_Id, Inventory_Attribute_Id) values (11457, 88);
insert into Zoom (Id, Description, Layer) values (11458, 'resources//img/Cuff/Cuff-Closeup-Lyr02-StrDbButton-Inner.0038.png', 02);
insert into Category_Zoom (Category_Id, Zoom_Id) values (6, 11458);
insert into Zoom_Inventory_Attribute (Zoom_Id, Inventory_Attribute_Id) values (11458, 45);
-- Final Index and Final Name: inner--0038 Key: fabric0038
insert into Zoom_Inventory_Attribute (Zoom_Id, Inventory_Attribute_Id) values (11458, 89);
insert into Zoom (Id, Description, Layer) values (11459, 'resources//img/Cuff/Cuff-Closeup-Lyr02-StrDbButton-Inner.0039.png', 02);
insert into Category_Zoom (Category_Id, Zoom_Id) values (6, 11459);
insert into Zoom_Inventory_Attribute (Zoom_Id, Inventory_Attribute_Id) values (11459, 45);
-- Final Index and Final Name: inner--0039 Key: fabric0039
insert into Zoom_Inventory_Attribute (Zoom_Id, Inventory_Attribute_Id) values (11459, 90);
insert into Zoom (Id, Description, Layer) values (11460, 'resources//img/Cuff/Cuff-Closeup-Lyr02-StrDbButton-Inner.0040.png', 02);
insert into Category_Zoom (Category_Id, Zoom_Id) values (6, 11460);
insert into Zoom_Inventory_Attribute (Zoom_Id, Inventory_Attribute_Id) values (11460, 45);
-- Final Index and Final Name: inner--0040 Key: fabric0040
insert into Zoom_Inventory_Attribute (Zoom_Id, Inventory_Attribute_Id) values (11460, 91);
insert into Zoom (Id, Description, Layer) values (11461, 'resources//img/Cuff/Cuff-Closeup-Lyr02-StrDbButton-Inner.0041.png', 02);
insert into Category_Zoom (Category_Id, Zoom_Id) values (6, 11461);
insert into Zoom_Inventory_Attribute (Zoom_Id, Inventory_Attribute_Id) values (11461, 45);
-- Final Index and Final Name: inner--0041 Key: fabric0041
insert into Zoom_Inventory_Attribute (Zoom_Id, Inventory_Attribute_Id) values (11461, 92);
insert into Zoom (Id, Description, Layer) values (11462, 'resources//img/Cuff/Cuff-Closeup-Lyr02-StrDbButton-Inner.0042.png', 02);
insert into Category_Zoom (Category_Id, Zoom_Id) values (6, 11462);
insert into Zoom_Inventory_Attribute (Zoom_Id, Inventory_Attribute_Id) values (11462, 45);
-- Final Index and Final Name: inner--0042 Key: fabric0042
insert into Zoom_Inventory_Attribute (Zoom_Id, Inventory_Attribute_Id) values (11462, 93);
insert into Zoom (Id, Description, Layer) values (11463, 'resources//img/Cuff/Cuff-Closeup-Lyr02-StrDbButton-Inner.0043.png', 02);
insert into Category_Zoom (Category_Id, Zoom_Id) values (6, 11463);
insert into Zoom_Inventory_Attribute (Zoom_Id, Inventory_Attribute_Id) values (11463, 45);
-- Final Index and Final Name: inner--0043 Key: fabric0043
insert into Zoom_Inventory_Attribute (Zoom_Id, Inventory_Attribute_Id) values (11463, 94);
insert into Zoom (Id, Description, Layer) values (11464, 'resources//img/Cuff/Cuff-Closeup-Lyr02-StrDbButton-Inner.0044.png', 02);
insert into Category_Zoom (Category_Id, Zoom_Id) values (6, 11464);
insert into Zoom_Inventory_Attribute (Zoom_Id, Inventory_Attribute_Id) values (11464, 45);
-- Final Index and Final Name: inner--0044 Key: fabric0044
insert into Zoom_Inventory_Attribute (Zoom_Id, Inventory_Attribute_Id) values (11464, 95);
insert into Zoom (Id, Description, Layer) values (11465, 'resources//img/Cuff/Cuff-Closeup-Lyr02-StrDbButton-Inner.0045.png', 02);
insert into Category_Zoom (Category_Id, Zoom_Id) values (6, 11465);
insert into Zoom_Inventory_Attribute (Zoom_Id, Inventory_Attribute_Id) values (11465, 45);
-- Final Index and Final Name: inner--0045 Key: fabric0045
insert into Zoom_Inventory_Attribute (Zoom_Id, Inventory_Attribute_Id) values (11465, 96);
insert into Zoom (Id, Description, Layer) values (11466, 'resources//img/Cuff/Cuff-Closeup-Lyr02-StrDbButton-Inner.0046.png', 02);
insert into Category_Zoom (Category_Id, Zoom_Id) values (6, 11466);
insert into Zoom_Inventory_Attribute (Zoom_Id, Inventory_Attribute_Id) values (11466, 45);
-- Final Index and Final Name: inner--0046 Key: fabric0046
insert into Zoom_Inventory_Attribute (Zoom_Id, Inventory_Attribute_Id) values (11466, 97);
insert into Zoom (Id, Description, Layer) values (11467, 'resources//img/Cuff/Cuff-Closeup-Lyr02-StrDbButton-Inner.0047.png', 02);
insert into Category_Zoom (Category_Id, Zoom_Id) values (6, 11467);
insert into Zoom_Inventory_Attribute (Zoom_Id, Inventory_Attribute_Id) values (11467, 45);
-- Final Index and Final Name: inner--0047 Key: fabric0047
insert into Zoom_Inventory_Attribute (Zoom_Id, Inventory_Attribute_Id) values (11467, 98);
insert into Zoom (Id, Description, Layer) values (11468, 'resources//img/Cuff/Cuff-Closeup-Lyr02-StrDbButton-Inner.0048.png', 02);
insert into Category_Zoom (Category_Id, Zoom_Id) values (6, 11468);
insert into Zoom_Inventory_Attribute (Zoom_Id, Inventory_Attribute_Id) values (11468, 45);
-- Final Index and Final Name: inner--0048 Key: fabric0048
insert into Zoom_Inventory_Attribute (Zoom_Id, Inventory_Attribute_Id) values (11468, 99);
insert into Zoom (Id, Description, Layer) values (11469, 'resources//img/Cuff/Cuff-Closeup-Lyr02-StrDbButton-Inner.0049.png', 02);
insert into Category_Zoom (Category_Id, Zoom_Id) values (6, 11469);
insert into Zoom_Inventory_Attribute (Zoom_Id, Inventory_Attribute_Id) values (11469, 45);
-- Final Index and Final Name: inner--0049 Key: fabric0049
insert into Zoom_Inventory_Attribute (Zoom_Id, Inventory_Attribute_Id) values (11469, 100);
insert into Zoom (Id, Description, Layer) values (11470, 'resources//img/Cuff/Cuff-Closeup-Lyr02-StrDbButton-Inner.0050.png', 02);
insert into Category_Zoom (Category_Id, Zoom_Id) values (6, 11470);
insert into Zoom_Inventory_Attribute (Zoom_Id, Inventory_Attribute_Id) values (11470, 45);
-- Final Index and Final Name: inner--0050 Key: fabric0050
insert into Zoom_Inventory_Attribute (Zoom_Id, Inventory_Attribute_Id) values (11470, 101);
insert into Zoom (Id, Description, Layer) values (11471, 'resources//img/Cuff/Cuff-Closeup-Lyr02-StrDbButton-Inner.0051.png', 02);
insert into Category_Zoom (Category_Id, Zoom_Id) values (6, 11471);
insert into Zoom_Inventory_Attribute (Zoom_Id, Inventory_Attribute_Id) values (11471, 45);
-- Final Index and Final Name: inner--0051 Key: fabric0051
insert into Zoom_Inventory_Attribute (Zoom_Id, Inventory_Attribute_Id) values (11471, 102);
insert into Zoom (Id, Description, Layer) values (11472, 'resources//img/Cuff/Cuff-Closeup-Lyr02-StrDbButton-Inner.0052.png', 02);
insert into Category_Zoom (Category_Id, Zoom_Id) values (6, 11472);
insert into Zoom_Inventory_Attribute (Zoom_Id, Inventory_Attribute_Id) values (11472, 45);
-- Final Index and Final Name: inner--0052 Key: fabric0052
insert into Zoom_Inventory_Attribute (Zoom_Id, Inventory_Attribute_Id) values (11472, 103);
insert into Zoom (Id, Description, Layer) values (11473, 'resources//img/Cuff/Cuff-Closeup-Lyr02-StrDbButton-Inner.0053.png', 02);
insert into Category_Zoom (Category_Id, Zoom_Id) values (6, 11473);
insert into Zoom_Inventory_Attribute (Zoom_Id, Inventory_Attribute_Id) values (11473, 45);
-- Final Index and Final Name: inner--0053 Key: fabric0053
insert into Zoom_Inventory_Attribute (Zoom_Id, Inventory_Attribute_Id) values (11473, 104);
insert into Zoom (Id, Description, Layer) values (11474, 'resources//img/Cuff/Cuff-Closeup-Lyr02-StrDbButton-Inner.0054.png', 02);
insert into Category_Zoom (Category_Id, Zoom_Id) values (6, 11474);
insert into Zoom_Inventory_Attribute (Zoom_Id, Inventory_Attribute_Id) values (11474, 45);
-- Final Index and Final Name: inner--0054 Key: fabric0054
insert into Zoom_Inventory_Attribute (Zoom_Id, Inventory_Attribute_Id) values (11474, 105);
insert into Zoom (Id, Description, Layer) values (11475, 'resources//img/Cuff/Cuff-Closeup-Lyr02-StrDbButton-Inner.0055.png', 02);
insert into Category_Zoom (Category_Id, Zoom_Id) values (6, 11475);
insert into Zoom_Inventory_Attribute (Zoom_Id, Inventory_Attribute_Id) values (11475, 45);
-- Final Index and Final Name: inner--0055 Key: fabric0055
insert into Zoom_Inventory_Attribute (Zoom_Id, Inventory_Attribute_Id) values (11475, 106);
insert into Zoom (Id, Description, Layer) values (11476, 'resources//img/Cuff/Cuff-Closeup-Lyr02-StrDbButton-Inner.0056.png', 02);
insert into Category_Zoom (Category_Id, Zoom_Id) values (6, 11476);
insert into Zoom_Inventory_Attribute (Zoom_Id, Inventory_Attribute_Id) values (11476, 45);
-- Final Index and Final Name: inner--0056 Key: fabric0056
insert into Zoom_Inventory_Attribute (Zoom_Id, Inventory_Attribute_Id) values (11476, 107);
insert into Zoom (Id, Description, Layer) values (11477, 'resources//img/Cuff/Cuff-Closeup-Lyr02-StrDbButton-Inner.0057.png', 02);
insert into Category_Zoom (Category_Id, Zoom_Id) values (6, 11477);
insert into Zoom_Inventory_Attribute (Zoom_Id, Inventory_Attribute_Id) values (11477, 45);
-- Final Index and Final Name: inner--0057 Key: fabric0057
insert into Zoom_Inventory_Attribute (Zoom_Id, Inventory_Attribute_Id) values (11477, 108);
insert into Zoom (Id, Description, Layer) values (11478, 'resources//img/Cuff/Cuff-Closeup-Lyr02-StrDbButton-Inner.0058.png', 02);
insert into Category_Zoom (Category_Id, Zoom_Id) values (6, 11478);
insert into Zoom_Inventory_Attribute (Zoom_Id, Inventory_Attribute_Id) values (11478, 45);
-- Final Index and Final Name: inner--0058 Key: fabric0058
insert into Zoom_Inventory_Attribute (Zoom_Id, Inventory_Attribute_Id) values (11478, 109);
insert into Zoom (Id, Description, Layer) values (11479, 'resources//img/Cuff/Cuff-Closeup-Lyr02-StrDbButton-Inner.0059.png', 02);
insert into Category_Zoom (Category_Id, Zoom_Id) values (6, 11479);
insert into Zoom_Inventory_Attribute (Zoom_Id, Inventory_Attribute_Id) values (11479, 45);
-- Final Index and Final Name: inner--0059 Key: fabric0059
insert into Zoom_Inventory_Attribute (Zoom_Id, Inventory_Attribute_Id) values (11479, 110);
insert into Zoom (Id, Description, Layer) values (11480, 'resources//img/Cuff/Cuff-Closeup-Lyr02-StrDbButton-Inner.0060.png', 02);
insert into Category_Zoom (Category_Id, Zoom_Id) values (6, 11480);
insert into Zoom_Inventory_Attribute (Zoom_Id, Inventory_Attribute_Id) values (11480, 45);
-- Final Index and Final Name: inner--0060 Key: fabric0060
insert into Zoom_Inventory_Attribute (Zoom_Id, Inventory_Attribute_Id) values (11480, 111);
insert into Zoom (Id, Description, Layer) values (11481, 'resources//img/Cuff/Cuff-Closeup-Lyr02-StrDbButton-Inner.0061.png', 02);
insert into Category_Zoom (Category_Id, Zoom_Id) values (6, 11481);
insert into Zoom_Inventory_Attribute (Zoom_Id, Inventory_Attribute_Id) values (11481, 45);
-- Final Index and Final Name: inner--0061 Key: fabric0061
insert into Zoom_Inventory_Attribute (Zoom_Id, Inventory_Attribute_Id) values (11481, 112);
insert into Zoom (Id, Description, Layer) values (11482, 'resources//img/Cuff/Cuff-Closeup-Lyr02-StrDbButton-Inner.0062.png', 02);
insert into Category_Zoom (Category_Id, Zoom_Id) values (6, 11482);
insert into Zoom_Inventory_Attribute (Zoom_Id, Inventory_Attribute_Id) values (11482, 45);
-- Final Index and Final Name: inner--0062 Key: fabric0062
insert into Zoom_Inventory_Attribute (Zoom_Id, Inventory_Attribute_Id) values (11482, 113);
insert into Zoom (Id, Description, Layer) values (11483, 'resources//img/Cuff/Cuff-Closeup-Lyr02-StrDbButton-Inner.0063.png', 02);
insert into Category_Zoom (Category_Id, Zoom_Id) values (6, 11483);
insert into Zoom_Inventory_Attribute (Zoom_Id, Inventory_Attribute_Id) values (11483, 45);
-- Final Index and Final Name: inner--0063 Key: fabric0063
insert into Zoom_Inventory_Attribute (Zoom_Id, Inventory_Attribute_Id) values (11483, 114);
insert into Zoom (Id, Description, Layer) values (11484, 'resources//img/Cuff/Cuff-Closeup-Lyr02-StrDbButton-Inner.0064.png', 02);
insert into Category_Zoom (Category_Id, Zoom_Id) values (6, 11484);
insert into Zoom_Inventory_Attribute (Zoom_Id, Inventory_Attribute_Id) values (11484, 45);
-- Final Index and Final Name: inner--0064 Key: fabric0064
insert into Zoom_Inventory_Attribute (Zoom_Id, Inventory_Attribute_Id) values (11484, 115);
insert into Zoom (Id, Description, Layer) values (11485, 'resources//img/Cuff/Cuff-Closeup-Lyr02-StrDbButton-Inner.0065.png', 02);
insert into Category_Zoom (Category_Id, Zoom_Id) values (6, 11485);
insert into Zoom_Inventory_Attribute (Zoom_Id, Inventory_Attribute_Id) values (11485, 45);
-- Final Index and Final Name: inner--0065 Key: fabric0065
insert into Zoom_Inventory_Attribute (Zoom_Id, Inventory_Attribute_Id) values (11485, 116);
insert into Zoom (Id, Description, Layer) values (11486, 'resources//img/Cuff/Cuff-Closeup-Lyr02-StrDbButton-Inner.0066.png', 02);
insert into Category_Zoom (Category_Id, Zoom_Id) values (6, 11486);
insert into Zoom_Inventory_Attribute (Zoom_Id, Inventory_Attribute_Id) values (11486, 45);
-- Final Index and Final Name: inner--0066 Key: fabric0066
insert into Zoom_Inventory_Attribute (Zoom_Id, Inventory_Attribute_Id) values (11486, 117);
insert into Zoom (Id, Description, Layer) values (11487, 'resources//img/Cuff/Cuff-Closeup-Lyr02-StrDbButton-Inner.0067.png', 02);
insert into Category_Zoom (Category_Id, Zoom_Id) values (6, 11487);
insert into Zoom_Inventory_Attribute (Zoom_Id, Inventory_Attribute_Id) values (11487, 45);
-- Final Index and Final Name: inner--0067 Key: fabric0067
insert into Zoom_Inventory_Attribute (Zoom_Id, Inventory_Attribute_Id) values (11487, 118);
insert into Zoom (Id, Description, Layer) values (11488, 'resources//img/Cuff/Cuff-Closeup-Lyr02-StrDbButton-Inner.0068.png', 02);
insert into Category_Zoom (Category_Id, Zoom_Id) values (6, 11488);
insert into Zoom_Inventory_Attribute (Zoom_Id, Inventory_Attribute_Id) values (11488, 45);
-- Final Index and Final Name: inner--0068 Key: fabric0068
insert into Zoom_Inventory_Attribute (Zoom_Id, Inventory_Attribute_Id) values (11488, 119);
insert into Zoom (Id, Description, Layer) values (11489, 'resources//img/Cuff/Cuff-Closeup-Lyr02-StrDbButton-Inner.0069.png', 02);
insert into Category_Zoom (Category_Id, Zoom_Id) values (6, 11489);
insert into Zoom_Inventory_Attribute (Zoom_Id, Inventory_Attribute_Id) values (11489, 45);
-- Final Index and Final Name: inner--0069 Key: fabric0069
insert into Zoom_Inventory_Attribute (Zoom_Id, Inventory_Attribute_Id) values (11489, 120);
insert into Zoom (Id, Description, Layer) values (11490, 'resources//img/Cuff/Cuff-Closeup-Lyr02-StrDbButton-Inner.0070.png', 02);
insert into Category_Zoom (Category_Id, Zoom_Id) values (6, 11490);
insert into Zoom_Inventory_Attribute (Zoom_Id, Inventory_Attribute_Id) values (11490, 45);
-- Final Index and Final Name: inner--0070 Key: fabric0070
insert into Zoom_Inventory_Attribute (Zoom_Id, Inventory_Attribute_Id) values (11490, 121);
insert into Zoom (Id, Description, Layer) values (11491, 'resources//img/Cuff/Cuff-Closeup-Lyr02-StrDbButton-Inner.0071.png', 02);
insert into Category_Zoom (Category_Id, Zoom_Id) values (6, 11491);
insert into Zoom_Inventory_Attribute (Zoom_Id, Inventory_Attribute_Id) values (11491, 45);
-- Final Index and Final Name: inner--0071 Key: fabric0071
insert into Zoom_Inventory_Attribute (Zoom_Id, Inventory_Attribute_Id) values (11491, 122);
insert into Zoom (Id, Description, Layer) values (11492, 'resources//img/Cuff/Cuff-Closeup-Lyr02-StrDbButton-Inner.0072.png', 02);
insert into Category_Zoom (Category_Id, Zoom_Id) values (6, 11492);
insert into Zoom_Inventory_Attribute (Zoom_Id, Inventory_Attribute_Id) values (11492, 45);
-- Final Index and Final Name: inner--0072 Key: fabric0072
insert into Zoom_Inventory_Attribute (Zoom_Id, Inventory_Attribute_Id) values (11492, 123);
insert into Zoom (Id, Description, Layer) values (11493, 'resources//img/Cuff/Cuff-Closeup-Lyr02-StrDbButton-Inner.0073.png', 02);
insert into Category_Zoom (Category_Id, Zoom_Id) values (6, 11493);
insert into Zoom_Inventory_Attribute (Zoom_Id, Inventory_Attribute_Id) values (11493, 45);
-- Final Index and Final Name: inner--0073 Key: fabric0073
insert into Zoom_Inventory_Attribute (Zoom_Id, Inventory_Attribute_Id) values (11493, 124);
insert into Zoom (Id, Description, Layer) values (11494, 'resources//img/Cuff/Cuff-Closeup-Lyr02-StrDbButton-Inner.0074.png', 02);
insert into Category_Zoom (Category_Id, Zoom_Id) values (6, 11494);
insert into Zoom_Inventory_Attribute (Zoom_Id, Inventory_Attribute_Id) values (11494, 45);
-- Final Index and Final Name: inner--0074 Key: fabric0074
insert into Zoom_Inventory_Attribute (Zoom_Id, Inventory_Attribute_Id) values (11494, 125);
insert into Zoom (Id, Description, Layer) values (11495, 'resources//img/Cuff/Cuff-Closeup-Lyr02-StrDbButton-Inner.0075.png', 02);
insert into Category_Zoom (Category_Id, Zoom_Id) values (6, 11495);
insert into Zoom_Inventory_Attribute (Zoom_Id, Inventory_Attribute_Id) values (11495, 45);
-- Final Index and Final Name: inner--0075 Key: fabric0075
insert into Zoom_Inventory_Attribute (Zoom_Id, Inventory_Attribute_Id) values (11495, 126);
insert into Zoom (Id, Description, Layer) values (11496, 'resources//img/Cuff/Cuff-Closeup-Lyr02-StrDbButton-Inner.0076.png', 02);
insert into Category_Zoom (Category_Id, Zoom_Id) values (6, 11496);
insert into Zoom_Inventory_Attribute (Zoom_Id, Inventory_Attribute_Id) values (11496, 45);
-- Final Index and Final Name: inner--0076 Key: fabric0076
insert into Zoom_Inventory_Attribute (Zoom_Id, Inventory_Attribute_Id) values (11496, 127);
insert into Zoom (Id, Description, Layer) values (11497, 'resources//img/Cuff/Cuff-Closeup-Lyr02-StrDbButton-Inner.0077.png', 02);
insert into Category_Zoom (Category_Id, Zoom_Id) values (6, 11497);
insert into Zoom_Inventory_Attribute (Zoom_Id, Inventory_Attribute_Id) values (11497, 45);
-- Final Index and Final Name: inner--0077 Key: fabric0077
insert into Zoom_Inventory_Attribute (Zoom_Id, Inventory_Attribute_Id) values (11497, 128);
insert into Zoom (Id, Description, Layer) values (11498, 'resources//img/Cuff/Cuff-Closeup-Lyr02-StrDbButton-Inner.0078.png', 02);
insert into Category_Zoom (Category_Id, Zoom_Id) values (6, 11498);
insert into Zoom_Inventory_Attribute (Zoom_Id, Inventory_Attribute_Id) values (11498, 45);
-- Final Index and Final Name: inner--0078 Key: fabric0078
insert into Zoom_Inventory_Attribute (Zoom_Id, Inventory_Attribute_Id) values (11498, 129);
insert into Zoom (Id, Description, Layer) values (11499, 'resources//img/Cuff/Cuff-Closeup-Lyr02-StrDbButton-Inner.0079.png', 02);
insert into Category_Zoom (Category_Id, Zoom_Id) values (6, 11499);
insert into Zoom_Inventory_Attribute (Zoom_Id, Inventory_Attribute_Id) values (11499, 45);
-- Final Index and Final Name: inner--0079 Key: fabric0079
insert into Zoom_Inventory_Attribute (Zoom_Id, Inventory_Attribute_Id) values (11499, 130);
insert into Zoom (Id, Description, Layer) values (11500, 'resources//img/Cuff/Cuff-Closeup-Lyr02-StrDbButton-Inner.0080.png', 02);
insert into Category_Zoom (Category_Id, Zoom_Id) values (6, 11500);
insert into Zoom_Inventory_Attribute (Zoom_Id, Inventory_Attribute_Id) values (11500, 45);
-- Final Index and Final Name: inner--0080 Key: fabric0080
insert into Zoom_Inventory_Attribute (Zoom_Id, Inventory_Attribute_Id) values (11500, 131);
insert into Zoom (Id, Description, Layer) values (11501, 'resources//img/Cuff/Cuff-Closeup-Lyr02-StrDbButton-Inner.0081.png', 02);
insert into Category_Zoom (Category_Id, Zoom_Id) values (6, 11501);
insert into Zoom_Inventory_Attribute (Zoom_Id, Inventory_Attribute_Id) values (11501, 45);
-- Final Index and Final Name: inner--0081 Key: fabric0081
insert into Zoom_Inventory_Attribute (Zoom_Id, Inventory_Attribute_Id) values (11501, 132);
insert into Zoom (Id, Description, Layer) values (11502, 'resources//img/Cuff/Cuff-Closeup-Lyr02-StrDbButton-Inner.0082.png', 02);
insert into Category_Zoom (Category_Id, Zoom_Id) values (6, 11502);
insert into Zoom_Inventory_Attribute (Zoom_Id, Inventory_Attribute_Id) values (11502, 45);
-- Final Index and Final Name: inner--0082 Key: fabric0082
insert into Zoom_Inventory_Attribute (Zoom_Id, Inventory_Attribute_Id) values (11502, 133);
insert into Zoom (Id, Description, Layer) values (11503, 'resources//img/Cuff/Cuff-Closeup-Lyr02-StrDbButton-Inner.0083.png', 02);
insert into Category_Zoom (Category_Id, Zoom_Id) values (6, 11503);
insert into Zoom_Inventory_Attribute (Zoom_Id, Inventory_Attribute_Id) values (11503, 45);
-- Final Index and Final Name: inner--0083 Key: fabric0083
insert into Zoom_Inventory_Attribute (Zoom_Id, Inventory_Attribute_Id) values (11503, 134);
insert into Zoom (Id, Description, Layer) values (11504, 'resources//img/Cuff/Cuff-Closeup-Lyr02-StrDbButton-Inner.0084.png', 02);
insert into Category_Zoom (Category_Id, Zoom_Id) values (6, 11504);
insert into Zoom_Inventory_Attribute (Zoom_Id, Inventory_Attribute_Id) values (11504, 45);
-- Final Index and Final Name: inner--0084 Key: fabric0084
insert into Zoom_Inventory_Attribute (Zoom_Id, Inventory_Attribute_Id) values (11504, 135);
insert into Zoom (Id, Description, Layer) values (11505, 'resources//img/Cuff/Cuff-Closeup-Lyr02-StrDbButton-Inner.0085.png', 02);
insert into Category_Zoom (Category_Id, Zoom_Id) values (6, 11505);
insert into Zoom_Inventory_Attribute (Zoom_Id, Inventory_Attribute_Id) values (11505, 45);
-- Final Index and Final Name: inner--0085 Key: fabric0085
insert into Zoom_Inventory_Attribute (Zoom_Id, Inventory_Attribute_Id) values (11505, 136);
insert into Zoom (Id, Description, Layer) values (11506, 'resources//img/Cuff/Cuff-Closeup-Lyr02-StrDbButton-Inner.0086.png', 02);
insert into Category_Zoom (Category_Id, Zoom_Id) values (6, 11506);
insert into Zoom_Inventory_Attribute (Zoom_Id, Inventory_Attribute_Id) values (11506, 45);
-- Final Index and Final Name: inner--0086 Key: fabric0086
insert into Zoom_Inventory_Attribute (Zoom_Id, Inventory_Attribute_Id) values (11506, 137);
insert into Zoom (Id, Description, Layer) values (11507, 'resources//img/Cuff/Cuff-Closeup-Lyr02-StrDbButton-Inner.0087.png', 02);
insert into Category_Zoom (Category_Id, Zoom_Id) values (6, 11507);
insert into Zoom_Inventory_Attribute (Zoom_Id, Inventory_Attribute_Id) values (11507, 45);
-- Final Index and Final Name: inner--0087 Key: fabric0087
insert into Zoom_Inventory_Attribute (Zoom_Id, Inventory_Attribute_Id) values (11507, 138);
insert into Zoom (Id, Description, Layer) values (11508, 'resources//img/Cuff/Cuff-Closeup-Lyr02-StrDbButton-Inner.0088.png', 02);
insert into Category_Zoom (Category_Id, Zoom_Id) values (6, 11508);
insert into Zoom_Inventory_Attribute (Zoom_Id, Inventory_Attribute_Id) values (11508, 45);
-- Final Index and Final Name: inner--0088 Key: fabric0088
insert into Zoom_Inventory_Attribute (Zoom_Id, Inventory_Attribute_Id) values (11508, 139);
insert into Zoom (Id, Description, Layer) values (11509, 'resources//img/Cuff/Cuff-Closeup-Lyr02-StrDbButton-Inner.0089.png', 02);
insert into Category_Zoom (Category_Id, Zoom_Id) values (6, 11509);
insert into Zoom_Inventory_Attribute (Zoom_Id, Inventory_Attribute_Id) values (11509, 45);
-- Final Index and Final Name: inner--0089 Key: fabric0089
insert into Zoom_Inventory_Attribute (Zoom_Id, Inventory_Attribute_Id) values (11509, 140);
insert into Zoom (Id, Description, Layer) values (11510, 'resources//img/Cuff/Cuff-Closeup-Lyr02-StrDbButton-Inner.0090.png', 02);
insert into Category_Zoom (Category_Id, Zoom_Id) values (6, 11510);
insert into Zoom_Inventory_Attribute (Zoom_Id, Inventory_Attribute_Id) values (11510, 45);
-- Final Index and Final Name: inner--0090 Key: fabric0090
insert into Zoom_Inventory_Attribute (Zoom_Id, Inventory_Attribute_Id) values (11510, 141);
insert into Zoom (Id, Description, Layer) values (11511, 'resources//img/Cuff/Cuff-Closeup-Lyr02-StrDbButton-Inner.0091.png', 02);
insert into Category_Zoom (Category_Id, Zoom_Id) values (6, 11511);
insert into Zoom_Inventory_Attribute (Zoom_Id, Inventory_Attribute_Id) values (11511, 45);
-- Final Index and Final Name: inner--0091 Key: fabric0091
insert into Zoom_Inventory_Attribute (Zoom_Id, Inventory_Attribute_Id) values (11511, 142);
insert into Zoom (Id, Description, Layer) values (11512, 'resources//img/Cuff/Cuff-Closeup-Lyr02-StrDbButton-Inner.0092.png', 02);
insert into Category_Zoom (Category_Id, Zoom_Id) values (6, 11512);
insert into Zoom_Inventory_Attribute (Zoom_Id, Inventory_Attribute_Id) values (11512, 45);
-- Final Index and Final Name: inner--0092 Key: fabric0092
insert into Zoom_Inventory_Attribute (Zoom_Id, Inventory_Attribute_Id) values (11512, 143);
insert into Zoom (Id, Description, Layer) values (11513, 'resources//img/Cuff/Cuff-Closeup-Lyr02-StrDbButton-Inner.0093.png', 02);
insert into Category_Zoom (Category_Id, Zoom_Id) values (6, 11513);
insert into Zoom_Inventory_Attribute (Zoom_Id, Inventory_Attribute_Id) values (11513, 45);
-- Final Index and Final Name: inner--0093 Key: fabric0093
insert into Zoom_Inventory_Attribute (Zoom_Id, Inventory_Attribute_Id) values (11513, 144);
insert into Zoom (Id, Description, Layer) values (11514, 'resources//img/Cuff/Cuff-Closeup-Lyr02-StrDbButton-Inner.0094.png', 02);
insert into Category_Zoom (Category_Id, Zoom_Id) values (6, 11514);
insert into Zoom_Inventory_Attribute (Zoom_Id, Inventory_Attribute_Id) values (11514, 45);
-- Final Index and Final Name: inner--0094 Key: fabric0094
insert into Zoom_Inventory_Attribute (Zoom_Id, Inventory_Attribute_Id) values (11514, 145);
insert into Zoom (Id, Description, Layer) values (11515, 'resources//img/Cuff/Cuff-Closeup-Lyr02-StrDbButton-Inner.0095.png', 02);
insert into Category_Zoom (Category_Id, Zoom_Id) values (6, 11515);
insert into Zoom_Inventory_Attribute (Zoom_Id, Inventory_Attribute_Id) values (11515, 45);
-- Final Index and Final Name: inner--0095 Key: fabric0095
insert into Zoom_Inventory_Attribute (Zoom_Id, Inventory_Attribute_Id) values (11515, 146);
insert into Zoom (Id, Description, Layer) values (11516, 'resources//img/Cuff/Cuff-Closeup-Lyr02-StrDbButton-Inner.0096.png', 02);
insert into Category_Zoom (Category_Id, Zoom_Id) values (6, 11516);
insert into Zoom_Inventory_Attribute (Zoom_Id, Inventory_Attribute_Id) values (11516, 45);
-- Final Index and Final Name: inner--0096 Key: fabric0096
insert into Zoom_Inventory_Attribute (Zoom_Id, Inventory_Attribute_Id) values (11516, 147);
insert into Zoom (Id, Description, Layer) values (11517, 'resources//img/Cuff/Cuff-Closeup-Lyr02-StrDbButton-Inner.0097.png', 02);
insert into Category_Zoom (Category_Id, Zoom_Id) values (6, 11517);
insert into Zoom_Inventory_Attribute (Zoom_Id, Inventory_Attribute_Id) values (11517, 45);
-- Final Index and Final Name: inner--0097 Key: fabric0097
insert into Zoom_Inventory_Attribute (Zoom_Id, Inventory_Attribute_Id) values (11517, 148);
insert into Zoom (Id, Description, Layer) values (11518, 'resources//img/Cuff/Cuff-Closeup-Lyr02-StrDbButton-Inner.0098.png', 02);
insert into Category_Zoom (Category_Id, Zoom_Id) values (6, 11518);
insert into Zoom_Inventory_Attribute (Zoom_Id, Inventory_Attribute_Id) values (11518, 45);
-- Final Index and Final Name: inner--0098 Key: fabric0098
insert into Zoom_Inventory_Attribute (Zoom_Id, Inventory_Attribute_Id) values (11518, 149);
insert into Zoom (Id, Description, Layer) values (11519, 'resources//img/Cuff/Cuff-Closeup-Lyr02-StrDbButton-Inner.0099.png', 02);
insert into Category_Zoom (Category_Id, Zoom_Id) values (6, 11519);
insert into Zoom_Inventory_Attribute (Zoom_Id, Inventory_Attribute_Id) values (11519, 45);
-- Final Index and Final Name: inner--0099 Key: fabric0099
insert into Zoom_Inventory_Attribute (Zoom_Id, Inventory_Attribute_Id) values (11519, 150);
insert into Zoom (Id, Description, Layer) values (11520, 'resources//img/Cuff/Cuff-Closeup-Lyr02-StrDbButton-Inner.0100.png', 02);
insert into Category_Zoom (Category_Id, Zoom_Id) values (6, 11520);
insert into Zoom_Inventory_Attribute (Zoom_Id, Inventory_Attribute_Id) values (11520, 45);
-- Final Index and Final Name: inner--0100 Key: fabric0100
insert into Zoom_Inventory_Attribute (Zoom_Id, Inventory_Attribute_Id) values (11520, 151);
insert into Zoom (Id, Description, Layer) values (11521, 'resources//img/Cuff/Cuff-Closeup-Lyr02-StrDbButton-Inner.0101.png', 02);
insert into Category_Zoom (Category_Id, Zoom_Id) values (6, 11521);
insert into Zoom_Inventory_Attribute (Zoom_Id, Inventory_Attribute_Id) values (11521, 45);
-- Final Index and Final Name: inner--0101 Key: fabric0101
insert into Zoom_Inventory_Attribute (Zoom_Id, Inventory_Attribute_Id) values (11521, 152);
insert into Zoom (Id, Description, Layer) values (11522, 'resources//img/Cuff/Cuff-Closeup-Lyr02-StrDbButton-Inner.0102.png', 02);
insert into Category_Zoom (Category_Id, Zoom_Id) values (6, 11522);
insert into Zoom_Inventory_Attribute (Zoom_Id, Inventory_Attribute_Id) values (11522, 45);
-- Final Index and Final Name: inner--0102 Key: fabric0102
insert into Zoom_Inventory_Attribute (Zoom_Id, Inventory_Attribute_Id) values (11522, 153);
insert into Zoom (Id, Description, Layer) values (11523, 'resources//img/Cuff/Cuff-Closeup-Lyr02-StrDbButton-Inner.0103.png', 02);
insert into Category_Zoom (Category_Id, Zoom_Id) values (6, 11523);
insert into Zoom_Inventory_Attribute (Zoom_Id, Inventory_Attribute_Id) values (11523, 45);
-- Final Index and Final Name: inner--0103 Key: fabric0103
insert into Zoom_Inventory_Attribute (Zoom_Id, Inventory_Attribute_Id) values (11523, 154);
insert into Zoom (Id, Description, Layer) values (11524, 'resources//img/Cuff/Cuff-Closeup-Lyr02-StrDbButton-Inner.0104.png', 02);
insert into Category_Zoom (Category_Id, Zoom_Id) values (6, 11524);
insert into Zoom_Inventory_Attribute (Zoom_Id, Inventory_Attribute_Id) values (11524, 45);
-- Final Index and Final Name: inner--0104 Key: fabric0104
insert into Zoom_Inventory_Attribute (Zoom_Id, Inventory_Attribute_Id) values (11524, 155);
insert into Zoom (Id, Description, Layer) values (11525, 'resources//img/Cuff/Cuff-Closeup-Lyr02-StrDbButton-Inner.0105.png', 02);
insert into Category_Zoom (Category_Id, Zoom_Id) values (6, 11525);
insert into Zoom_Inventory_Attribute (Zoom_Id, Inventory_Attribute_Id) values (11525, 45);
-- Final Index and Final Name: inner--0105 Key: fabric0105
insert into Zoom_Inventory_Attribute (Zoom_Id, Inventory_Attribute_Id) values (11525, 156);
insert into Zoom (Id, Description, Layer) values (11526, 'resources//img/Cuff/Cuff-Closeup-Lyr02-StrDbButton-Inner.0106.png', 02);
insert into Category_Zoom (Category_Id, Zoom_Id) values (6, 11526);
insert into Zoom_Inventory_Attribute (Zoom_Id, Inventory_Attribute_Id) values (11526, 45);
-- Final Index and Final Name: inner--0106 Key: fabric0106
insert into Zoom_Inventory_Attribute (Zoom_Id, Inventory_Attribute_Id) values (11526, 157);
insert into Zoom (Id, Description, Layer) values (11527, 'resources//img/Cuff/Cuff-Closeup-Lyr02-StrDbButton-Inner.0107.png', 02);
insert into Category_Zoom (Category_Id, Zoom_Id) values (6, 11527);
insert into Zoom_Inventory_Attribute (Zoom_Id, Inventory_Attribute_Id) values (11527, 45);
-- Final Index and Final Name: inner--0107 Key: fabric0107
insert into Zoom_Inventory_Attribute (Zoom_Id, Inventory_Attribute_Id) values (11527, 158);
insert into Zoom (Id, Description, Layer) values (11528, 'resources//img/Cuff/Cuff-Closeup-Lyr02-StrDbButton-Inner.0108.png', 02);
insert into Category_Zoom (Category_Id, Zoom_Id) values (6, 11528);
insert into Zoom_Inventory_Attribute (Zoom_Id, Inventory_Attribute_Id) values (11528, 45);
-- Final Index and Final Name: inner--0108 Key: fabric0108
insert into Zoom_Inventory_Attribute (Zoom_Id, Inventory_Attribute_Id) values (11528, 159);
insert into Zoom (Id, Description, Layer) values (11529, 'resources//img/Cuff/Cuff-Closeup-Lyr02-StrDbButton-Inner.0109.png', 02);
insert into Category_Zoom (Category_Id, Zoom_Id) values (6, 11529);
insert into Zoom_Inventory_Attribute (Zoom_Id, Inventory_Attribute_Id) values (11529, 45);
-- Final Index and Final Name: inner--0109 Key: fabric0109
insert into Zoom_Inventory_Attribute (Zoom_Id, Inventory_Attribute_Id) values (11529, 160);
insert into Zoom (Id, Description, Layer) values (11530, 'resources//img/Cuff/Cuff-Closeup-Lyr02-StrDbButton-Inner.0110.png', 02);
insert into Category_Zoom (Category_Id, Zoom_Id) values (6, 11530);
insert into Zoom_Inventory_Attribute (Zoom_Id, Inventory_Attribute_Id) values (11530, 45);
-- Final Index and Final Name: inner--0110 Key: fabric0110
insert into Zoom_Inventory_Attribute (Zoom_Id, Inventory_Attribute_Id) values (11530, 161);
insert into Zoom (Id, Description, Layer) values (11531, 'resources//img/Cuff/Cuff-Closeup-Lyr02-StrDbButton-Inner.0111.png', 02);
insert into Category_Zoom (Category_Id, Zoom_Id) values (6, 11531);
insert into Zoom_Inventory_Attribute (Zoom_Id, Inventory_Attribute_Id) values (11531, 45);
-- Final Index and Final Name: inner--0111 Key: fabric0111
insert into Zoom_Inventory_Attribute (Zoom_Id, Inventory_Attribute_Id) values (11531, 162);
insert into Zoom (Id, Description, Layer) values (11532, 'resources//img/Cuff/Cuff-Closeup-Lyr02-StrDbButton-Inner.0112.png', 02);
insert into Category_Zoom (Category_Id, Zoom_Id) values (6, 11532);
insert into Zoom_Inventory_Attribute (Zoom_Id, Inventory_Attribute_Id) values (11532, 45);
-- Final Index and Final Name: inner--0112 Key: fabric0112
insert into Zoom_Inventory_Attribute (Zoom_Id, Inventory_Attribute_Id) values (11532, 163);
insert into Zoom (Id, Description, Layer) values (11533, 'resources//img/Cuff/Cuff-Closeup-Lyr02-StrDbButton-Inner.0113.png', 02);
insert into Category_Zoom (Category_Id, Zoom_Id) values (6, 11533);
insert into Zoom_Inventory_Attribute (Zoom_Id, Inventory_Attribute_Id) values (11533, 45);
-- Final Index and Final Name: inner--0113 Key: fabric0113
insert into Zoom_Inventory_Attribute (Zoom_Id, Inventory_Attribute_Id) values (11533, 164);
insert into Zoom (Id, Description, Layer) values (11534, 'resources//img/Cuff/Cuff-Closeup-Lyr02-StrDbButton-Inner.0114.png', 02);
insert into Category_Zoom (Category_Id, Zoom_Id) values (6, 11534);
insert into Zoom_Inventory_Attribute (Zoom_Id, Inventory_Attribute_Id) values (11534, 45);
-- Final Index and Final Name: inner--0114 Key: fabric0114
insert into Zoom_Inventory_Attribute (Zoom_Id, Inventory_Attribute_Id) values (11534, 165);
insert into Zoom (Id, Description, Layer) values (11535, 'resources//img/Cuff/Cuff-Closeup-Lyr02-StrDbButton-Inner.0115.png', 02);
insert into Category_Zoom (Category_Id, Zoom_Id) values (6, 11535);
insert into Zoom_Inventory_Attribute (Zoom_Id, Inventory_Attribute_Id) values (11535, 45);
-- Final Index and Final Name: inner--0115 Key: fabric0115
insert into Zoom_Inventory_Attribute (Zoom_Id, Inventory_Attribute_Id) values (11535, 166);
insert into Zoom (Id, Description, Layer) values (11536, 'resources//img/Cuff/Cuff-Closeup-Lyr02-StrDbButton-Inner.0116.png', 02);
insert into Category_Zoom (Category_Id, Zoom_Id) values (6, 11536);
insert into Zoom_Inventory_Attribute (Zoom_Id, Inventory_Attribute_Id) values (11536, 45);
-- Final Index and Final Name: inner--0116 Key: fabric0116
insert into Zoom_Inventory_Attribute (Zoom_Id, Inventory_Attribute_Id) values (11536, 167);
insert into Zoom (Id, Description, Layer) values (11537, 'resources//img/Cuff/Cuff-Closeup-Lyr02-StrDbButton-Inner.0117.png', 02);
insert into Category_Zoom (Category_Id, Zoom_Id) values (6, 11537);
insert into Zoom_Inventory_Attribute (Zoom_Id, Inventory_Attribute_Id) values (11537, 45);
-- Final Index and Final Name: inner--0117 Key: fabric0117
insert into Zoom_Inventory_Attribute (Zoom_Id, Inventory_Attribute_Id) values (11537, 168);
insert into Zoom (Id, Description, Layer) values (11538, 'resources//img/Cuff/Cuff-Closeup-Lyr02-StrDbButton-Inner.0118.png', 02);
insert into Category_Zoom (Category_Id, Zoom_Id) values (6, 11538);
insert into Zoom_Inventory_Attribute (Zoom_Id, Inventory_Attribute_Id) values (11538, 45);
-- Final Index and Final Name: inner--0118 Key: fabric0118
insert into Zoom_Inventory_Attribute (Zoom_Id, Inventory_Attribute_Id) values (11538, 169);
insert into Zoom (Id, Description, Layer) values (11539, 'resources//img/Cuff/Cuff-Closeup-Lyr02-StrDbButton-Inner.0119.png', 02);
insert into Category_Zoom (Category_Id, Zoom_Id) values (6, 11539);
insert into Zoom_Inventory_Attribute (Zoom_Id, Inventory_Attribute_Id) values (11539, 45);
-- Final Index and Final Name: inner--0119 Key: fabric0119
insert into Zoom_Inventory_Attribute (Zoom_Id, Inventory_Attribute_Id) values (11539, 170);
insert into Zoom (Id, Description, Layer) values (11540, 'resources//img/Cuff/Cuff-Closeup-Lyr02-StrDbButton-Inner.0120.png', 02);
insert into Category_Zoom (Category_Id, Zoom_Id) values (6, 11540);
insert into Zoom_Inventory_Attribute (Zoom_Id, Inventory_Attribute_Id) values (11540, 45);
-- Final Index and Final Name: inner--0120 Key: fabric0120
insert into Zoom_Inventory_Attribute (Zoom_Id, Inventory_Attribute_Id) values (11540, 171);
insert into Zoom (Id, Description, Layer) values (11541, 'resources//img/Cuff/Cuff-Closeup-Lyr02-StrDbButton-Inner.0121.png', 02);
insert into Category_Zoom (Category_Id, Zoom_Id) values (6, 11541);
insert into Zoom_Inventory_Attribute (Zoom_Id, Inventory_Attribute_Id) values (11541, 45);
-- Final Index and Final Name: inner--0121 Key: fabric0121
insert into Zoom_Inventory_Attribute (Zoom_Id, Inventory_Attribute_Id) values (11541, 172);
insert into Zoom (Id, Description, Layer) values (11542, 'resources//img/Cuff/Cuff-Closeup-Lyr02-StrDbButton-Inner.0122.png', 02);
insert into Category_Zoom (Category_Id, Zoom_Id) values (6, 11542);
insert into Zoom_Inventory_Attribute (Zoom_Id, Inventory_Attribute_Id) values (11542, 45);
-- Final Index and Final Name: inner--0122 Key: fabric0122
insert into Zoom_Inventory_Attribute (Zoom_Id, Inventory_Attribute_Id) values (11542, 173);
insert into Zoom (Id, Description, Layer) values (11543, 'resources//img/Cuff/Cuff-Closeup-Lyr02-StrDbButton-Inner.0123.png', 02);
insert into Category_Zoom (Category_Id, Zoom_Id) values (6, 11543);
insert into Zoom_Inventory_Attribute (Zoom_Id, Inventory_Attribute_Id) values (11543, 45);
-- Final Index and Final Name: inner--0123 Key: fabric0123
insert into Zoom_Inventory_Attribute (Zoom_Id, Inventory_Attribute_Id) values (11543, 174);
insert into Zoom (Id, Description, Layer) values (11544, 'resources//img/Cuff/Cuff-Closeup-Lyr02-StrDbButton-Inner.0124.png', 02);
insert into Category_Zoom (Category_Id, Zoom_Id) values (6, 11544);
insert into Zoom_Inventory_Attribute (Zoom_Id, Inventory_Attribute_Id) values (11544, 45);
-- Final Index and Final Name: inner--0124 Key: fabric0124
insert into Zoom_Inventory_Attribute (Zoom_Id, Inventory_Attribute_Id) values (11544, 175);
insert into Zoom (Id, Description, Layer) values (11545, 'resources//img/Cuff/Cuff-Closeup-Lyr02-StrDbButton-Inner.0125.png', 02);
insert into Category_Zoom (Category_Id, Zoom_Id) values (6, 11545);
insert into Zoom_Inventory_Attribute (Zoom_Id, Inventory_Attribute_Id) values (11545, 45);
-- Final Index and Final Name: inner--0125 Key: fabric0125
insert into Zoom_Inventory_Attribute (Zoom_Id, Inventory_Attribute_Id) values (11545, 176);
insert into Zoom (Id, Description, Layer) values (11546, 'resources//img/Cuff/Cuff-Closeup-Lyr02-StrDbButton-Inner.0126.png', 02);
insert into Category_Zoom (Category_Id, Zoom_Id) values (6, 11546);
insert into Zoom_Inventory_Attribute (Zoom_Id, Inventory_Attribute_Id) values (11546, 45);
-- Final Index and Final Name: inner--0126 Key: fabric0126
insert into Zoom_Inventory_Attribute (Zoom_Id, Inventory_Attribute_Id) values (11546, 177);
insert into Zoom (Id, Description, Layer) values (11547, 'resources//img/Cuff/Cuff-Closeup-Lyr02-StrDbButton-Inner.0127.png', 02);
insert into Category_Zoom (Category_Id, Zoom_Id) values (6, 11547);
insert into Zoom_Inventory_Attribute (Zoom_Id, Inventory_Attribute_Id) values (11547, 45);
-- Final Index and Final Name: inner--0127 Key: fabric0127
insert into Zoom_Inventory_Attribute (Zoom_Id, Inventory_Attribute_Id) values (11547, 178);
insert into Zoom (Id, Description, Layer) values (11548, 'resources//img/Cuff/Cuff-Closeup-Lyr02-StrDbButton-Inner.0128.png', 02);
insert into Category_Zoom (Category_Id, Zoom_Id) values (6, 11548);
insert into Zoom_Inventory_Attribute (Zoom_Id, Inventory_Attribute_Id) values (11548, 45);
-- Final Index and Final Name: inner--0128 Key: fabric0128
insert into Zoom_Inventory_Attribute (Zoom_Id, Inventory_Attribute_Id) values (11548, 179);
insert into Zoom (Id, Description, Layer) values (11549, 'resources//img/Cuff/Cuff-Closeup-Lyr02-StrDbButton-Inner.0129.png', 02);
insert into Category_Zoom (Category_Id, Zoom_Id) values (6, 11549);
insert into Zoom_Inventory_Attribute (Zoom_Id, Inventory_Attribute_Id) values (11549, 45);
-- Final Index and Final Name: inner--0129 Key: fabric0129
insert into Zoom_Inventory_Attribute (Zoom_Id, Inventory_Attribute_Id) values (11549, 180);
insert into Zoom (Id, Description, Layer) values (11550, 'resources//img/Cuff/Cuff-Closeup-Lyr02-StrDbButton-Inner.0130.png', 02);
insert into Category_Zoom (Category_Id, Zoom_Id) values (6, 11550);
insert into Zoom_Inventory_Attribute (Zoom_Id, Inventory_Attribute_Id) values (11550, 45);
-- Final Index and Final Name: inner--0130 Key: fabric0130
insert into Zoom_Inventory_Attribute (Zoom_Id, Inventory_Attribute_Id) values (11550, 181);
insert into Zoom (Id, Description, Layer) values (11551, 'resources//img/Cuff/Cuff-Closeup-Lyr02-StrDbButton-Inner.0131.png', 02);
insert into Category_Zoom (Category_Id, Zoom_Id) values (6, 11551);
insert into Zoom_Inventory_Attribute (Zoom_Id, Inventory_Attribute_Id) values (11551, 45);
-- Final Index and Final Name: inner--0131 Key: fabric0131
insert into Zoom_Inventory_Attribute (Zoom_Id, Inventory_Attribute_Id) values (11551, 182);
insert into Zoom (Id, Description, Layer) values (11552, 'resources//img/Cuff/Cuff-Closeup-Lyr02-StrDbButton-Inner.0132.png', 02);
insert into Category_Zoom (Category_Id, Zoom_Id) values (6, 11552);
insert into Zoom_Inventory_Attribute (Zoom_Id, Inventory_Attribute_Id) values (11552, 45);
-- Final Index and Final Name: inner--0132 Key: fabric0132
insert into Zoom_Inventory_Attribute (Zoom_Id, Inventory_Attribute_Id) values (11552, 183);
insert into Zoom (Id, Description, Layer) values (11553, 'resources//img/Cuff/Cuff-Closeup-Lyr02-StrDbButton-Inner.0133.png', 02);
insert into Category_Zoom (Category_Id, Zoom_Id) values (6, 11553);
insert into Zoom_Inventory_Attribute (Zoom_Id, Inventory_Attribute_Id) values (11553, 45);
-- Final Index and Final Name: inner--0133 Key: fabric0133
insert into Zoom_Inventory_Attribute (Zoom_Id, Inventory_Attribute_Id) values (11553, 184);
insert into Zoom (Id, Description, Layer) values (11554, 'resources//img/Cuff/Cuff-Closeup-Lyr02-StrDbButton-Inner.0134.png', 02);
insert into Category_Zoom (Category_Id, Zoom_Id) values (6, 11554);
insert into Zoom_Inventory_Attribute (Zoom_Id, Inventory_Attribute_Id) values (11554, 45);
-- Final Index and Final Name: inner--0134 Key: fabric0134
insert into Zoom_Inventory_Attribute (Zoom_Id, Inventory_Attribute_Id) values (11554, 185);
insert into Zoom (Id, Description, Layer) values (11555, 'resources//img/Cuff/Cuff-Closeup-Lyr02-StrDbButton-Inner.0135.png', 02);
insert into Category_Zoom (Category_Id, Zoom_Id) values (6, 11555);
insert into Zoom_Inventory_Attribute (Zoom_Id, Inventory_Attribute_Id) values (11555, 45);
-- Final Index and Final Name: inner--0135 Key: fabric0135
insert into Zoom_Inventory_Attribute (Zoom_Id, Inventory_Attribute_Id) values (11555, 186);
insert into Zoom (Id, Description, Layer) values (11556, 'resources//img/Cuff/Cuff-Closeup-Lyr02-StrDbButton-Inner.0136.png', 02);
insert into Category_Zoom (Category_Id, Zoom_Id) values (6, 11556);
insert into Zoom_Inventory_Attribute (Zoom_Id, Inventory_Attribute_Id) values (11556, 45);
-- Final Index and Final Name: inner--0136 Key: fabric0136
insert into Zoom_Inventory_Attribute (Zoom_Id, Inventory_Attribute_Id) values (11556, 187);
insert into Zoom (Id, Description, Layer) values (11557, 'resources//img/Cuff/Cuff-Closeup-Lyr02-StrDbButton-Inner.0137.png', 02);
insert into Category_Zoom (Category_Id, Zoom_Id) values (6, 11557);
insert into Zoom_Inventory_Attribute (Zoom_Id, Inventory_Attribute_Id) values (11557, 45);
-- Final Index and Final Name: inner--0137 Key: fabric0137
insert into Zoom_Inventory_Attribute (Zoom_Id, Inventory_Attribute_Id) values (11557, 188);
insert into Zoom (Id, Description, Layer) values (11558, 'resources//img/Cuff/Cuff-Closeup-Lyr02-StrDbButton-Inner.0138.png', 02);
insert into Category_Zoom (Category_Id, Zoom_Id) values (6, 11558);
insert into Zoom_Inventory_Attribute (Zoom_Id, Inventory_Attribute_Id) values (11558, 45);
-- Final Index and Final Name: inner--0138 Key: fabric0138
insert into Zoom_Inventory_Attribute (Zoom_Id, Inventory_Attribute_Id) values (11558, 189);
insert into Zoom (Id, Description, Layer) values (11559, 'resources//img/Cuff/Cuff-Closeup-Lyr02-StrDbButton-Inner.0139.png', 02);
insert into Category_Zoom (Category_Id, Zoom_Id) values (6, 11559);
insert into Zoom_Inventory_Attribute (Zoom_Id, Inventory_Attribute_Id) values (11559, 45);
-- Final Index and Final Name: inner--0139 Key: fabric0139
insert into Zoom_Inventory_Attribute (Zoom_Id, Inventory_Attribute_Id) values (11559, 190);
insert into Zoom (Id, Description, Layer) values (11560, 'resources//img/Cuff/Cuff-Closeup-Lyr02-StrDbButton-Inner.0140.png', 02);
insert into Category_Zoom (Category_Id, Zoom_Id) values (6, 11560);
insert into Zoom_Inventory_Attribute (Zoom_Id, Inventory_Attribute_Id) values (11560, 45);
-- Final Index and Final Name: inner--0140 Key: fabric0140
insert into Zoom_Inventory_Attribute (Zoom_Id, Inventory_Attribute_Id) values (11560, 191);
insert into Zoom (Id, Description, Layer) values (11561, 'resources//img/Cuff/Cuff-Closeup-Lyr02-StrDbButton-Inner.0141.png', 02);
insert into Category_Zoom (Category_Id, Zoom_Id) values (6, 11561);
insert into Zoom_Inventory_Attribute (Zoom_Id, Inventory_Attribute_Id) values (11561, 45);
-- Final Index and Final Name: inner--0141 Key: fabric0141
insert into Zoom_Inventory_Attribute (Zoom_Id, Inventory_Attribute_Id) values (11561, 192);
insert into Zoom (Id, Description, Layer) values (11562, 'resources//img/Cuff/Cuff-Closeup-Lyr02-StrDbButton-Inner.0142.png', 02);
insert into Category_Zoom (Category_Id, Zoom_Id) values (6, 11562);
insert into Zoom_Inventory_Attribute (Zoom_Id, Inventory_Attribute_Id) values (11562, 45);
-- Final Index and Final Name: inner--0142 Key: fabric0142
insert into Zoom_Inventory_Attribute (Zoom_Id, Inventory_Attribute_Id) values (11562, 193);
insert into Zoom (Id, Description, Layer) values (11563, 'resources//img/Cuff/Cuff-Closeup-Lyr02-StrDbButton-Inner.0143.png', 02);
insert into Category_Zoom (Category_Id, Zoom_Id) values (6, 11563);
insert into Zoom_Inventory_Attribute (Zoom_Id, Inventory_Attribute_Id) values (11563, 45);
-- Final Index and Final Name: inner--0143 Key: fabric0143
insert into Zoom_Inventory_Attribute (Zoom_Id, Inventory_Attribute_Id) values (11563, 194);
insert into Zoom (Id, Description, Layer) values (11564, 'resources//img/Cuff/Cuff-Closeup-Lyr02-StrDbButton-Inner.0144.png', 02);
insert into Category_Zoom (Category_Id, Zoom_Id) values (6, 11564);
insert into Zoom_Inventory_Attribute (Zoom_Id, Inventory_Attribute_Id) values (11564, 45);
-- Final Index and Final Name: inner--0144 Key: fabric0144
insert into Zoom_Inventory_Attribute (Zoom_Id, Inventory_Attribute_Id) values (11564, 195);
insert into Zoom (Id, Description, Layer) values (11565, 'resources//img/Cuff/Cuff-Closeup-Lyr02-StrDbButton-Inner.0145.png', 02);
insert into Category_Zoom (Category_Id, Zoom_Id) values (6, 11565);
insert into Zoom_Inventory_Attribute (Zoom_Id, Inventory_Attribute_Id) values (11565, 45);
-- Final Index and Final Name: inner--0145 Key: fabric0145
insert into Zoom_Inventory_Attribute (Zoom_Id, Inventory_Attribute_Id) values (11565, 196);
insert into Zoom (Id, Description, Layer) values (11566, 'resources//img/Cuff/Cuff-Closeup-Lyr02-StrDbButton-Inner.0146.png', 02);
insert into Category_Zoom (Category_Id, Zoom_Id) values (6, 11566);
insert into Zoom_Inventory_Attribute (Zoom_Id, Inventory_Attribute_Id) values (11566, 45);
-- Final Index and Final Name: inner--0146 Key: fabric0146
insert into Zoom_Inventory_Attribute (Zoom_Id, Inventory_Attribute_Id) values (11566, 197);
insert into Zoom (Id, Description, Layer) values (11567, 'resources//img/Cuff/Cuff-Closeup-Lyr02-StrDbButton-Inner.0147.png', 02);
insert into Category_Zoom (Category_Id, Zoom_Id) values (6, 11567);
insert into Zoom_Inventory_Attribute (Zoom_Id, Inventory_Attribute_Id) values (11567, 45);
-- Final Index and Final Name: inner--0147 Key: fabric0147
insert into Zoom_Inventory_Attribute (Zoom_Id, Inventory_Attribute_Id) values (11567, 198);
insert into Zoom (Id, Description, Layer) values (11568, 'resources//img/Cuff/Cuff-Closeup-Lyr02-StrDbButton-Inner.0148.png', 02);
insert into Category_Zoom (Category_Id, Zoom_Id) values (6, 11568);
insert into Zoom_Inventory_Attribute (Zoom_Id, Inventory_Attribute_Id) values (11568, 45);
-- Final Index and Final Name: inner--0148 Key: fabric0148
insert into Zoom_Inventory_Attribute (Zoom_Id, Inventory_Attribute_Id) values (11568, 199);
insert into Zoom (Id, Description, Layer) values (11569, 'resources//img/Cuff/Cuff-Closeup-Lyr02-StrDbButton-Inner.0149.png', 02);
insert into Category_Zoom (Category_Id, Zoom_Id) values (6, 11569);
insert into Zoom_Inventory_Attribute (Zoom_Id, Inventory_Attribute_Id) values (11569, 45);
-- Final Index and Final Name: inner--0149 Key: fabric0149
insert into Zoom_Inventory_Attribute (Zoom_Id, Inventory_Attribute_Id) values (11569, 200);
insert into Zoom (Id, Description, Layer) values (11570, 'resources//img/Cuff/Cuff-Closeup-Lyr02-StrDbButton-Inner.0150.png', 02);
insert into Category_Zoom (Category_Id, Zoom_Id) values (6, 11570);
insert into Zoom_Inventory_Attribute (Zoom_Id, Inventory_Attribute_Id) values (11570, 45);
-- Final Index and Final Name: inner--0150 Key: fabric0150
insert into Zoom_Inventory_Attribute (Zoom_Id, Inventory_Attribute_Id) values (11570, 201);
insert into Zoom (Id, Description, Layer) values (11571, 'resources//img/Cuff/Cuff-Closeup-Lyr02-StrDbButton-Inner.0151.png', 02);
insert into Category_Zoom (Category_Id, Zoom_Id) values (6, 11571);
insert into Zoom_Inventory_Attribute (Zoom_Id, Inventory_Attribute_Id) values (11571, 45);
-- Final Index and Final Name: inner--0151 Key: fabric0151
insert into Zoom_Inventory_Attribute (Zoom_Id, Inventory_Attribute_Id) values (11571, 202);
insert into Zoom (Id, Description, Layer) values (11572, 'resources//img/Cuff/Cuff-Closeup-Lyr02-StrDbButton-Inner.0152.png', 02);
insert into Category_Zoom (Category_Id, Zoom_Id) values (6, 11572);
insert into Zoom_Inventory_Attribute (Zoom_Id, Inventory_Attribute_Id) values (11572, 45);
-- Final Index and Final Name: inner--0152 Key: fabric0152
insert into Zoom_Inventory_Attribute (Zoom_Id, Inventory_Attribute_Id) values (11572, 203);
insert into Zoom (Id, Description, Layer) values (11573, 'resources//img/Cuff/Cuff-Closeup-Lyr02-StrDbButton-Inner.0153.png', 02);
insert into Category_Zoom (Category_Id, Zoom_Id) values (6, 11573);
insert into Zoom_Inventory_Attribute (Zoom_Id, Inventory_Attribute_Id) values (11573, 45);
-- Final Index and Final Name: inner--0153 Key: fabric0153
insert into Zoom_Inventory_Attribute (Zoom_Id, Inventory_Attribute_Id) values (11573, 204);
insert into Zoom (Id, Description, Layer) values (11574, 'resources//img/Cuff/Cuff-Closeup-Lyr02-StrDbButton-Inner.0154.png', 02);
insert into Category_Zoom (Category_Id, Zoom_Id) values (6, 11574);
insert into Zoom_Inventory_Attribute (Zoom_Id, Inventory_Attribute_Id) values (11574, 45);
-- Final Index and Final Name: inner--0154 Key: fabric0154
insert into Zoom_Inventory_Attribute (Zoom_Id, Inventory_Attribute_Id) values (11574, 205);
insert into Zoom (Id, Description, Layer) values (11575, 'resources//img/Cuff/Cuff-Closeup-Lyr02-StrDbButton-Inner.0155.png', 02);
insert into Category_Zoom (Category_Id, Zoom_Id) values (6, 11575);
insert into Zoom_Inventory_Attribute (Zoom_Id, Inventory_Attribute_Id) values (11575, 45);
-- Final Index and Final Name: inner--0155 Key: fabric0155
insert into Zoom_Inventory_Attribute (Zoom_Id, Inventory_Attribute_Id) values (11575, 206);
insert into Zoom (Id, Description, Layer) values (11576, 'resources//img/Cuff/Cuff-Closeup-Lyr02-StrFrench-Inner.0001.png', 02);
insert into Category_Zoom (Category_Id, Zoom_Id) values (6, 11576);
insert into Zoom_Inventory_Attribute (Zoom_Id, Inventory_Attribute_Id) values (11576, 46);
-- Final Index and Final Name: inner--0001 Key: fabric0001
insert into Zoom_Inventory_Attribute (Zoom_Id, Inventory_Attribute_Id) values (11576, 52);
insert into Zoom (Id, Description, Layer) values (11577, 'resources//img/Cuff/Cuff-Closeup-Lyr02-StrFrench-Inner.0002.png', 02);
insert into Category_Zoom (Category_Id, Zoom_Id) values (6, 11577);
insert into Zoom_Inventory_Attribute (Zoom_Id, Inventory_Attribute_Id) values (11577, 46);
-- Final Index and Final Name: inner--0002 Key: fabric0002
insert into Zoom_Inventory_Attribute (Zoom_Id, Inventory_Attribute_Id) values (11577, 53);
insert into Zoom (Id, Description, Layer) values (11578, 'resources//img/Cuff/Cuff-Closeup-Lyr02-StrFrench-Inner.0003.png', 02);
insert into Category_Zoom (Category_Id, Zoom_Id) values (6, 11578);
insert into Zoom_Inventory_Attribute (Zoom_Id, Inventory_Attribute_Id) values (11578, 46);
-- Final Index and Final Name: inner--0003 Key: fabric0003
insert into Zoom_Inventory_Attribute (Zoom_Id, Inventory_Attribute_Id) values (11578, 54);
insert into Zoom (Id, Description, Layer) values (11579, 'resources//img/Cuff/Cuff-Closeup-Lyr02-StrFrench-Inner.0004.png', 02);
insert into Category_Zoom (Category_Id, Zoom_Id) values (6, 11579);
insert into Zoom_Inventory_Attribute (Zoom_Id, Inventory_Attribute_Id) values (11579, 46);
-- Final Index and Final Name: inner--0004 Key: fabric0004
insert into Zoom_Inventory_Attribute (Zoom_Id, Inventory_Attribute_Id) values (11579, 55);
insert into Zoom (Id, Description, Layer) values (11580, 'resources//img/Cuff/Cuff-Closeup-Lyr02-StrFrench-Inner.0005.png', 02);
insert into Category_Zoom (Category_Id, Zoom_Id) values (6, 11580);
insert into Zoom_Inventory_Attribute (Zoom_Id, Inventory_Attribute_Id) values (11580, 46);
-- Final Index and Final Name: inner--0005 Key: fabric0005
insert into Zoom_Inventory_Attribute (Zoom_Id, Inventory_Attribute_Id) values (11580, 56);
insert into Zoom (Id, Description, Layer) values (11581, 'resources//img/Cuff/Cuff-Closeup-Lyr02-StrFrench-Inner.0006.png', 02);
insert into Category_Zoom (Category_Id, Zoom_Id) values (6, 11581);
insert into Zoom_Inventory_Attribute (Zoom_Id, Inventory_Attribute_Id) values (11581, 46);
-- Final Index and Final Name: inner--0006 Key: fabric0006
insert into Zoom_Inventory_Attribute (Zoom_Id, Inventory_Attribute_Id) values (11581, 57);
insert into Zoom (Id, Description, Layer) values (11582, 'resources//img/Cuff/Cuff-Closeup-Lyr02-StrFrench-Inner.0007.png', 02);
insert into Category_Zoom (Category_Id, Zoom_Id) values (6, 11582);
insert into Zoom_Inventory_Attribute (Zoom_Id, Inventory_Attribute_Id) values (11582, 46);
-- Final Index and Final Name: inner--0007 Key: fabric0007
insert into Zoom_Inventory_Attribute (Zoom_Id, Inventory_Attribute_Id) values (11582, 58);
insert into Zoom (Id, Description, Layer) values (11583, 'resources//img/Cuff/Cuff-Closeup-Lyr02-StrFrench-Inner.0008.png', 02);
insert into Category_Zoom (Category_Id, Zoom_Id) values (6, 11583);
insert into Zoom_Inventory_Attribute (Zoom_Id, Inventory_Attribute_Id) values (11583, 46);
-- Final Index and Final Name: inner--0008 Key: fabric0008
insert into Zoom_Inventory_Attribute (Zoom_Id, Inventory_Attribute_Id) values (11583, 59);
insert into Zoom (Id, Description, Layer) values (11584, 'resources//img/Cuff/Cuff-Closeup-Lyr02-StrFrench-Inner.0009.png', 02);
insert into Category_Zoom (Category_Id, Zoom_Id) values (6, 11584);
insert into Zoom_Inventory_Attribute (Zoom_Id, Inventory_Attribute_Id) values (11584, 46);
-- Final Index and Final Name: inner--0009 Key: fabric0009
insert into Zoom_Inventory_Attribute (Zoom_Id, Inventory_Attribute_Id) values (11584, 60);
insert into Zoom (Id, Description, Layer) values (11585, 'resources//img/Cuff/Cuff-Closeup-Lyr02-StrFrench-Inner.0010.png', 02);
insert into Category_Zoom (Category_Id, Zoom_Id) values (6, 11585);
insert into Zoom_Inventory_Attribute (Zoom_Id, Inventory_Attribute_Id) values (11585, 46);
-- Final Index and Final Name: inner--0010 Key: fabric0010
insert into Zoom_Inventory_Attribute (Zoom_Id, Inventory_Attribute_Id) values (11585, 61);
insert into Zoom (Id, Description, Layer) values (11586, 'resources//img/Cuff/Cuff-Closeup-Lyr02-StrFrench-Inner.0011.png', 02);
insert into Category_Zoom (Category_Id, Zoom_Id) values (6, 11586);
insert into Zoom_Inventory_Attribute (Zoom_Id, Inventory_Attribute_Id) values (11586, 46);
-- Final Index and Final Name: inner--0011 Key: fabric0011
insert into Zoom_Inventory_Attribute (Zoom_Id, Inventory_Attribute_Id) values (11586, 62);
insert into Zoom (Id, Description, Layer) values (11587, 'resources//img/Cuff/Cuff-Closeup-Lyr02-StrFrench-Inner.0012.png', 02);
insert into Category_Zoom (Category_Id, Zoom_Id) values (6, 11587);
insert into Zoom_Inventory_Attribute (Zoom_Id, Inventory_Attribute_Id) values (11587, 46);
-- Final Index and Final Name: inner--0012 Key: fabric0012
insert into Zoom_Inventory_Attribute (Zoom_Id, Inventory_Attribute_Id) values (11587, 63);
insert into Zoom (Id, Description, Layer) values (11588, 'resources//img/Cuff/Cuff-Closeup-Lyr02-StrFrench-Inner.0013.png', 02);
insert into Category_Zoom (Category_Id, Zoom_Id) values (6, 11588);
insert into Zoom_Inventory_Attribute (Zoom_Id, Inventory_Attribute_Id) values (11588, 46);
-- Final Index and Final Name: inner--0013 Key: fabric0013
insert into Zoom_Inventory_Attribute (Zoom_Id, Inventory_Attribute_Id) values (11588, 64);
insert into Zoom (Id, Description, Layer) values (11589, 'resources//img/Cuff/Cuff-Closeup-Lyr02-StrFrench-Inner.0014.png', 02);
insert into Category_Zoom (Category_Id, Zoom_Id) values (6, 11589);
insert into Zoom_Inventory_Attribute (Zoom_Id, Inventory_Attribute_Id) values (11589, 46);
-- Final Index and Final Name: inner--0014 Key: fabric0014
insert into Zoom_Inventory_Attribute (Zoom_Id, Inventory_Attribute_Id) values (11589, 65);
insert into Zoom (Id, Description, Layer) values (11590, 'resources//img/Cuff/Cuff-Closeup-Lyr02-StrFrench-Inner.0015.png', 02);
insert into Category_Zoom (Category_Id, Zoom_Id) values (6, 11590);
insert into Zoom_Inventory_Attribute (Zoom_Id, Inventory_Attribute_Id) values (11590, 46);
-- Final Index and Final Name: inner--0015 Key: fabric0015
insert into Zoom_Inventory_Attribute (Zoom_Id, Inventory_Attribute_Id) values (11590, 66);
insert into Zoom (Id, Description, Layer) values (11591, 'resources//img/Cuff/Cuff-Closeup-Lyr02-StrFrench-Inner.0016.png', 02);
insert into Category_Zoom (Category_Id, Zoom_Id) values (6, 11591);
insert into Zoom_Inventory_Attribute (Zoom_Id, Inventory_Attribute_Id) values (11591, 46);
-- Final Index and Final Name: inner--0016 Key: fabric0016
insert into Zoom_Inventory_Attribute (Zoom_Id, Inventory_Attribute_Id) values (11591, 67);
insert into Zoom (Id, Description, Layer) values (11592, 'resources//img/Cuff/Cuff-Closeup-Lyr02-StrFrench-Inner.0017.png', 02);
insert into Category_Zoom (Category_Id, Zoom_Id) values (6, 11592);
insert into Zoom_Inventory_Attribute (Zoom_Id, Inventory_Attribute_Id) values (11592, 46);
-- Final Index and Final Name: inner--0017 Key: fabric0017
insert into Zoom_Inventory_Attribute (Zoom_Id, Inventory_Attribute_Id) values (11592, 68);
insert into Zoom (Id, Description, Layer) values (11593, 'resources//img/Cuff/Cuff-Closeup-Lyr02-StrFrench-Inner.0018.png', 02);
insert into Category_Zoom (Category_Id, Zoom_Id) values (6, 11593);
insert into Zoom_Inventory_Attribute (Zoom_Id, Inventory_Attribute_Id) values (11593, 46);
-- Final Index and Final Name: inner--0018 Key: fabric0018
insert into Zoom_Inventory_Attribute (Zoom_Id, Inventory_Attribute_Id) values (11593, 69);
insert into Zoom (Id, Description, Layer) values (11594, 'resources//img/Cuff/Cuff-Closeup-Lyr02-StrFrench-Inner.0019.png', 02);
insert into Category_Zoom (Category_Id, Zoom_Id) values (6, 11594);
insert into Zoom_Inventory_Attribute (Zoom_Id, Inventory_Attribute_Id) values (11594, 46);
-- Final Index and Final Name: inner--0019 Key: fabric0019
insert into Zoom_Inventory_Attribute (Zoom_Id, Inventory_Attribute_Id) values (11594, 70);
insert into Zoom (Id, Description, Layer) values (11595, 'resources//img/Cuff/Cuff-Closeup-Lyr02-StrFrench-Inner.0020.png', 02);
insert into Category_Zoom (Category_Id, Zoom_Id) values (6, 11595);
insert into Zoom_Inventory_Attribute (Zoom_Id, Inventory_Attribute_Id) values (11595, 46);
-- Final Index and Final Name: inner--0020 Key: fabric0020
insert into Zoom_Inventory_Attribute (Zoom_Id, Inventory_Attribute_Id) values (11595, 71);
insert into Zoom (Id, Description, Layer) values (11596, 'resources//img/Cuff/Cuff-Closeup-Lyr02-StrFrench-Inner.0021.png', 02);
insert into Category_Zoom (Category_Id, Zoom_Id) values (6, 11596);
insert into Zoom_Inventory_Attribute (Zoom_Id, Inventory_Attribute_Id) values (11596, 46);
-- Final Index and Final Name: inner--0021 Key: fabric0021
insert into Zoom_Inventory_Attribute (Zoom_Id, Inventory_Attribute_Id) values (11596, 72);
insert into Zoom (Id, Description, Layer) values (11597, 'resources//img/Cuff/Cuff-Closeup-Lyr02-StrFrench-Inner.0022.png', 02);
insert into Category_Zoom (Category_Id, Zoom_Id) values (6, 11597);
insert into Zoom_Inventory_Attribute (Zoom_Id, Inventory_Attribute_Id) values (11597, 46);
-- Final Index and Final Name: inner--0022 Key: fabric0022
insert into Zoom_Inventory_Attribute (Zoom_Id, Inventory_Attribute_Id) values (11597, 73);
insert into Zoom (Id, Description, Layer) values (11598, 'resources//img/Cuff/Cuff-Closeup-Lyr02-StrFrench-Inner.0023.png', 02);
insert into Category_Zoom (Category_Id, Zoom_Id) values (6, 11598);
insert into Zoom_Inventory_Attribute (Zoom_Id, Inventory_Attribute_Id) values (11598, 46);
-- Final Index and Final Name: inner--0023 Key: fabric0023
insert into Zoom_Inventory_Attribute (Zoom_Id, Inventory_Attribute_Id) values (11598, 74);
insert into Zoom (Id, Description, Layer) values (11599, 'resources//img/Cuff/Cuff-Closeup-Lyr02-StrFrench-Inner.0024.png', 02);
insert into Category_Zoom (Category_Id, Zoom_Id) values (6, 11599);
insert into Zoom_Inventory_Attribute (Zoom_Id, Inventory_Attribute_Id) values (11599, 46);
-- Final Index and Final Name: inner--0024 Key: fabric0024
insert into Zoom_Inventory_Attribute (Zoom_Id, Inventory_Attribute_Id) values (11599, 75);
insert into Zoom (Id, Description, Layer) values (11600, 'resources//img/Cuff/Cuff-Closeup-Lyr02-StrFrench-Inner.0025.png', 02);
insert into Category_Zoom (Category_Id, Zoom_Id) values (6, 11600);
insert into Zoom_Inventory_Attribute (Zoom_Id, Inventory_Attribute_Id) values (11600, 46);
-- Final Index and Final Name: inner--0025 Key: fabric0025
insert into Zoom_Inventory_Attribute (Zoom_Id, Inventory_Attribute_Id) values (11600, 76);
insert into Zoom (Id, Description, Layer) values (11601, 'resources//img/Cuff/Cuff-Closeup-Lyr02-StrFrench-Inner.0026.png', 02);
insert into Category_Zoom (Category_Id, Zoom_Id) values (6, 11601);
insert into Zoom_Inventory_Attribute (Zoom_Id, Inventory_Attribute_Id) values (11601, 46);
-- Final Index and Final Name: inner--0026 Key: fabric0026
insert into Zoom_Inventory_Attribute (Zoom_Id, Inventory_Attribute_Id) values (11601, 77);
insert into Zoom (Id, Description, Layer) values (11602, 'resources//img/Cuff/Cuff-Closeup-Lyr02-StrFrench-Inner.0027.png', 02);
insert into Category_Zoom (Category_Id, Zoom_Id) values (6, 11602);
insert into Zoom_Inventory_Attribute (Zoom_Id, Inventory_Attribute_Id) values (11602, 46);
-- Final Index and Final Name: inner--0027 Key: fabric0027
insert into Zoom_Inventory_Attribute (Zoom_Id, Inventory_Attribute_Id) values (11602, 78);
insert into Zoom (Id, Description, Layer) values (11603, 'resources//img/Cuff/Cuff-Closeup-Lyr02-StrFrench-Inner.0028.png', 02);
insert into Category_Zoom (Category_Id, Zoom_Id) values (6, 11603);
insert into Zoom_Inventory_Attribute (Zoom_Id, Inventory_Attribute_Id) values (11603, 46);
-- Final Index and Final Name: inner--0028 Key: fabric0028
insert into Zoom_Inventory_Attribute (Zoom_Id, Inventory_Attribute_Id) values (11603, 79);
insert into Zoom (Id, Description, Layer) values (11604, 'resources//img/Cuff/Cuff-Closeup-Lyr02-StrFrench-Inner.0029.png', 02);
insert into Category_Zoom (Category_Id, Zoom_Id) values (6, 11604);
insert into Zoom_Inventory_Attribute (Zoom_Id, Inventory_Attribute_Id) values (11604, 46);
-- Final Index and Final Name: inner--0029 Key: fabric0029
insert into Zoom_Inventory_Attribute (Zoom_Id, Inventory_Attribute_Id) values (11604, 80);
insert into Zoom (Id, Description, Layer) values (11605, 'resources//img/Cuff/Cuff-Closeup-Lyr02-StrFrench-Inner.0030.png', 02);
insert into Category_Zoom (Category_Id, Zoom_Id) values (6, 11605);
insert into Zoom_Inventory_Attribute (Zoom_Id, Inventory_Attribute_Id) values (11605, 46);
-- Final Index and Final Name: inner--0030 Key: fabric0030
insert into Zoom_Inventory_Attribute (Zoom_Id, Inventory_Attribute_Id) values (11605, 81);
insert into Zoom (Id, Description, Layer) values (11606, 'resources//img/Cuff/Cuff-Closeup-Lyr02-StrFrench-Inner.0031.png', 02);
insert into Category_Zoom (Category_Id, Zoom_Id) values (6, 11606);
insert into Zoom_Inventory_Attribute (Zoom_Id, Inventory_Attribute_Id) values (11606, 46);
-- Final Index and Final Name: inner--0031 Key: fabric0031
insert into Zoom_Inventory_Attribute (Zoom_Id, Inventory_Attribute_Id) values (11606, 82);
insert into Zoom (Id, Description, Layer) values (11607, 'resources//img/Cuff/Cuff-Closeup-Lyr02-StrFrench-Inner.0032.png', 02);
insert into Category_Zoom (Category_Id, Zoom_Id) values (6, 11607);
insert into Zoom_Inventory_Attribute (Zoom_Id, Inventory_Attribute_Id) values (11607, 46);
-- Final Index and Final Name: inner--0032 Key: fabric0032
insert into Zoom_Inventory_Attribute (Zoom_Id, Inventory_Attribute_Id) values (11607, 83);
insert into Zoom (Id, Description, Layer) values (11608, 'resources//img/Cuff/Cuff-Closeup-Lyr02-StrFrench-Inner.0033.png', 02);
insert into Category_Zoom (Category_Id, Zoom_Id) values (6, 11608);
insert into Zoom_Inventory_Attribute (Zoom_Id, Inventory_Attribute_Id) values (11608, 46);
-- Final Index and Final Name: inner--0033 Key: fabric0033
insert into Zoom_Inventory_Attribute (Zoom_Id, Inventory_Attribute_Id) values (11608, 84);
insert into Zoom (Id, Description, Layer) values (11609, 'resources//img/Cuff/Cuff-Closeup-Lyr02-StrFrench-Inner.0034.png', 02);
insert into Category_Zoom (Category_Id, Zoom_Id) values (6, 11609);
insert into Zoom_Inventory_Attribute (Zoom_Id, Inventory_Attribute_Id) values (11609, 46);
-- Final Index and Final Name: inner--0034 Key: fabric0034
insert into Zoom_Inventory_Attribute (Zoom_Id, Inventory_Attribute_Id) values (11609, 85);
insert into Zoom (Id, Description, Layer) values (11610, 'resources//img/Cuff/Cuff-Closeup-Lyr02-StrFrench-Inner.0035.png', 02);
insert into Category_Zoom (Category_Id, Zoom_Id) values (6, 11610);
insert into Zoom_Inventory_Attribute (Zoom_Id, Inventory_Attribute_Id) values (11610, 46);
-- Final Index and Final Name: inner--0035 Key: fabric0035
insert into Zoom_Inventory_Attribute (Zoom_Id, Inventory_Attribute_Id) values (11610, 86);
insert into Zoom (Id, Description, Layer) values (11611, 'resources//img/Cuff/Cuff-Closeup-Lyr02-StrFrench-Inner.0036.png', 02);
insert into Category_Zoom (Category_Id, Zoom_Id) values (6, 11611);
insert into Zoom_Inventory_Attribute (Zoom_Id, Inventory_Attribute_Id) values (11611, 46);
-- Final Index and Final Name: inner--0036 Key: fabric0036
insert into Zoom_Inventory_Attribute (Zoom_Id, Inventory_Attribute_Id) values (11611, 87);
insert into Zoom (Id, Description, Layer) values (11612, 'resources//img/Cuff/Cuff-Closeup-Lyr02-StrFrench-Inner.0037.png', 02);
insert into Category_Zoom (Category_Id, Zoom_Id) values (6, 11612);
insert into Zoom_Inventory_Attribute (Zoom_Id, Inventory_Attribute_Id) values (11612, 46);
-- Final Index and Final Name: inner--0037 Key: fabric0037
insert into Zoom_Inventory_Attribute (Zoom_Id, Inventory_Attribute_Id) values (11612, 88);
insert into Zoom (Id, Description, Layer) values (11613, 'resources//img/Cuff/Cuff-Closeup-Lyr02-StrFrench-Inner.0038.png', 02);
insert into Category_Zoom (Category_Id, Zoom_Id) values (6, 11613);
insert into Zoom_Inventory_Attribute (Zoom_Id, Inventory_Attribute_Id) values (11613, 46);
-- Final Index and Final Name: inner--0038 Key: fabric0038
insert into Zoom_Inventory_Attribute (Zoom_Id, Inventory_Attribute_Id) values (11613, 89);
insert into Zoom (Id, Description, Layer) values (11614, 'resources//img/Cuff/Cuff-Closeup-Lyr02-StrFrench-Inner.0039.png', 02);
insert into Category_Zoom (Category_Id, Zoom_Id) values (6, 11614);
insert into Zoom_Inventory_Attribute (Zoom_Id, Inventory_Attribute_Id) values (11614, 46);
-- Final Index and Final Name: inner--0039 Key: fabric0039
insert into Zoom_Inventory_Attribute (Zoom_Id, Inventory_Attribute_Id) values (11614, 90);
insert into Zoom (Id, Description, Layer) values (11615, 'resources//img/Cuff/Cuff-Closeup-Lyr02-StrFrench-Inner.0040.png', 02);
insert into Category_Zoom (Category_Id, Zoom_Id) values (6, 11615);
insert into Zoom_Inventory_Attribute (Zoom_Id, Inventory_Attribute_Id) values (11615, 46);
-- Final Index and Final Name: inner--0040 Key: fabric0040
insert into Zoom_Inventory_Attribute (Zoom_Id, Inventory_Attribute_Id) values (11615, 91);
insert into Zoom (Id, Description, Layer) values (11616, 'resources//img/Cuff/Cuff-Closeup-Lyr02-StrFrench-Inner.0041.png', 02);
insert into Category_Zoom (Category_Id, Zoom_Id) values (6, 11616);
insert into Zoom_Inventory_Attribute (Zoom_Id, Inventory_Attribute_Id) values (11616, 46);
-- Final Index and Final Name: inner--0041 Key: fabric0041
insert into Zoom_Inventory_Attribute (Zoom_Id, Inventory_Attribute_Id) values (11616, 92);
insert into Zoom (Id, Description, Layer) values (11617, 'resources//img/Cuff/Cuff-Closeup-Lyr02-StrFrench-Inner.0042.png', 02);
insert into Category_Zoom (Category_Id, Zoom_Id) values (6, 11617);
insert into Zoom_Inventory_Attribute (Zoom_Id, Inventory_Attribute_Id) values (11617, 46);
-- Final Index and Final Name: inner--0042 Key: fabric0042
insert into Zoom_Inventory_Attribute (Zoom_Id, Inventory_Attribute_Id) values (11617, 93);
insert into Zoom (Id, Description, Layer) values (11618, 'resources//img/Cuff/Cuff-Closeup-Lyr02-StrFrench-Inner.0043.png', 02);
insert into Category_Zoom (Category_Id, Zoom_Id) values (6, 11618);
insert into Zoom_Inventory_Attribute (Zoom_Id, Inventory_Attribute_Id) values (11618, 46);
-- Final Index and Final Name: inner--0043 Key: fabric0043
insert into Zoom_Inventory_Attribute (Zoom_Id, Inventory_Attribute_Id) values (11618, 94);
insert into Zoom (Id, Description, Layer) values (11619, 'resources//img/Cuff/Cuff-Closeup-Lyr02-StrFrench-Inner.0044.png', 02);
insert into Category_Zoom (Category_Id, Zoom_Id) values (6, 11619);
insert into Zoom_Inventory_Attribute (Zoom_Id, Inventory_Attribute_Id) values (11619, 46);
-- Final Index and Final Name: inner--0044 Key: fabric0044
insert into Zoom_Inventory_Attribute (Zoom_Id, Inventory_Attribute_Id) values (11619, 95);
insert into Zoom (Id, Description, Layer) values (11620, 'resources//img/Cuff/Cuff-Closeup-Lyr02-StrFrench-Inner.0045.png', 02);
insert into Category_Zoom (Category_Id, Zoom_Id) values (6, 11620);
insert into Zoom_Inventory_Attribute (Zoom_Id, Inventory_Attribute_Id) values (11620, 46);
-- Final Index and Final Name: inner--0045 Key: fabric0045
insert into Zoom_Inventory_Attribute (Zoom_Id, Inventory_Attribute_Id) values (11620, 96);
insert into Zoom (Id, Description, Layer) values (11621, 'resources//img/Cuff/Cuff-Closeup-Lyr02-StrFrench-Inner.0046.png', 02);
insert into Category_Zoom (Category_Id, Zoom_Id) values (6, 11621);
insert into Zoom_Inventory_Attribute (Zoom_Id, Inventory_Attribute_Id) values (11621, 46);
-- Final Index and Final Name: inner--0046 Key: fabric0046
insert into Zoom_Inventory_Attribute (Zoom_Id, Inventory_Attribute_Id) values (11621, 97);
insert into Zoom (Id, Description, Layer) values (11622, 'resources//img/Cuff/Cuff-Closeup-Lyr02-StrFrench-Inner.0047.png', 02);
insert into Category_Zoom (Category_Id, Zoom_Id) values (6, 11622);
insert into Zoom_Inventory_Attribute (Zoom_Id, Inventory_Attribute_Id) values (11622, 46);
-- Final Index and Final Name: inner--0047 Key: fabric0047
insert into Zoom_Inventory_Attribute (Zoom_Id, Inventory_Attribute_Id) values (11622, 98);
insert into Zoom (Id, Description, Layer) values (11623, 'resources//img/Cuff/Cuff-Closeup-Lyr02-StrFrench-Inner.0048.png', 02);
insert into Category_Zoom (Category_Id, Zoom_Id) values (6, 11623);
insert into Zoom_Inventory_Attribute (Zoom_Id, Inventory_Attribute_Id) values (11623, 46);
-- Final Index and Final Name: inner--0048 Key: fabric0048
insert into Zoom_Inventory_Attribute (Zoom_Id, Inventory_Attribute_Id) values (11623, 99);
insert into Zoom (Id, Description, Layer) values (11624, 'resources//img/Cuff/Cuff-Closeup-Lyr02-StrFrench-Inner.0049.png', 02);
insert into Category_Zoom (Category_Id, Zoom_Id) values (6, 11624);
insert into Zoom_Inventory_Attribute (Zoom_Id, Inventory_Attribute_Id) values (11624, 46);
-- Final Index and Final Name: inner--0049 Key: fabric0049
insert into Zoom_Inventory_Attribute (Zoom_Id, Inventory_Attribute_Id) values (11624, 100);
insert into Zoom (Id, Description, Layer) values (11625, 'resources//img/Cuff/Cuff-Closeup-Lyr02-StrFrench-Inner.0050.png', 02);
insert into Category_Zoom (Category_Id, Zoom_Id) values (6, 11625);
insert into Zoom_Inventory_Attribute (Zoom_Id, Inventory_Attribute_Id) values (11625, 46);
-- Final Index and Final Name: inner--0050 Key: fabric0050
insert into Zoom_Inventory_Attribute (Zoom_Id, Inventory_Attribute_Id) values (11625, 101);
insert into Zoom (Id, Description, Layer) values (11626, 'resources//img/Cuff/Cuff-Closeup-Lyr02-StrFrench-Inner.0051.png', 02);
insert into Category_Zoom (Category_Id, Zoom_Id) values (6, 11626);
insert into Zoom_Inventory_Attribute (Zoom_Id, Inventory_Attribute_Id) values (11626, 46);
-- Final Index and Final Name: inner--0051 Key: fabric0051
insert into Zoom_Inventory_Attribute (Zoom_Id, Inventory_Attribute_Id) values (11626, 102);
insert into Zoom (Id, Description, Layer) values (11627, 'resources//img/Cuff/Cuff-Closeup-Lyr02-StrFrench-Inner.0052.png', 02);
insert into Category_Zoom (Category_Id, Zoom_Id) values (6, 11627);
insert into Zoom_Inventory_Attribute (Zoom_Id, Inventory_Attribute_Id) values (11627, 46);
-- Final Index and Final Name: inner--0052 Key: fabric0052
insert into Zoom_Inventory_Attribute (Zoom_Id, Inventory_Attribute_Id) values (11627, 103);
insert into Zoom (Id, Description, Layer) values (11628, 'resources//img/Cuff/Cuff-Closeup-Lyr02-StrFrench-Inner.0053.png', 02);
insert into Category_Zoom (Category_Id, Zoom_Id) values (6, 11628);
insert into Zoom_Inventory_Attribute (Zoom_Id, Inventory_Attribute_Id) values (11628, 46);
-- Final Index and Final Name: inner--0053 Key: fabric0053
insert into Zoom_Inventory_Attribute (Zoom_Id, Inventory_Attribute_Id) values (11628, 104);
insert into Zoom (Id, Description, Layer) values (11629, 'resources//img/Cuff/Cuff-Closeup-Lyr02-StrFrench-Inner.0054.png', 02);
insert into Category_Zoom (Category_Id, Zoom_Id) values (6, 11629);
insert into Zoom_Inventory_Attribute (Zoom_Id, Inventory_Attribute_Id) values (11629, 46);
-- Final Index and Final Name: inner--0054 Key: fabric0054
insert into Zoom_Inventory_Attribute (Zoom_Id, Inventory_Attribute_Id) values (11629, 105);
insert into Zoom (Id, Description, Layer) values (11630, 'resources//img/Cuff/Cuff-Closeup-Lyr02-StrFrench-Inner.0055.png', 02);
insert into Category_Zoom (Category_Id, Zoom_Id) values (6, 11630);
insert into Zoom_Inventory_Attribute (Zoom_Id, Inventory_Attribute_Id) values (11630, 46);
-- Final Index and Final Name: inner--0055 Key: fabric0055
insert into Zoom_Inventory_Attribute (Zoom_Id, Inventory_Attribute_Id) values (11630, 106);
insert into Zoom (Id, Description, Layer) values (11631, 'resources//img/Cuff/Cuff-Closeup-Lyr02-StrFrench-Inner.0056.png', 02);
insert into Category_Zoom (Category_Id, Zoom_Id) values (6, 11631);
insert into Zoom_Inventory_Attribute (Zoom_Id, Inventory_Attribute_Id) values (11631, 46);
-- Final Index and Final Name: inner--0056 Key: fabric0056
insert into Zoom_Inventory_Attribute (Zoom_Id, Inventory_Attribute_Id) values (11631, 107);
insert into Zoom (Id, Description, Layer) values (11632, 'resources//img/Cuff/Cuff-Closeup-Lyr02-StrFrench-Inner.0057.png', 02);
insert into Category_Zoom (Category_Id, Zoom_Id) values (6, 11632);
insert into Zoom_Inventory_Attribute (Zoom_Id, Inventory_Attribute_Id) values (11632, 46);
-- Final Index and Final Name: inner--0057 Key: fabric0057
insert into Zoom_Inventory_Attribute (Zoom_Id, Inventory_Attribute_Id) values (11632, 108);
insert into Zoom (Id, Description, Layer) values (11633, 'resources//img/Cuff/Cuff-Closeup-Lyr02-StrFrench-Inner.0058.png', 02);
insert into Category_Zoom (Category_Id, Zoom_Id) values (6, 11633);
insert into Zoom_Inventory_Attribute (Zoom_Id, Inventory_Attribute_Id) values (11633, 46);
-- Final Index and Final Name: inner--0058 Key: fabric0058
insert into Zoom_Inventory_Attribute (Zoom_Id, Inventory_Attribute_Id) values (11633, 109);
insert into Zoom (Id, Description, Layer) values (11634, 'resources//img/Cuff/Cuff-Closeup-Lyr02-StrFrench-Inner.0059.png', 02);
insert into Category_Zoom (Category_Id, Zoom_Id) values (6, 11634);
insert into Zoom_Inventory_Attribute (Zoom_Id, Inventory_Attribute_Id) values (11634, 46);
-- Final Index and Final Name: inner--0059 Key: fabric0059
insert into Zoom_Inventory_Attribute (Zoom_Id, Inventory_Attribute_Id) values (11634, 110);
insert into Zoom (Id, Description, Layer) values (11635, 'resources//img/Cuff/Cuff-Closeup-Lyr02-StrFrench-Inner.0060.png', 02);
insert into Category_Zoom (Category_Id, Zoom_Id) values (6, 11635);
insert into Zoom_Inventory_Attribute (Zoom_Id, Inventory_Attribute_Id) values (11635, 46);
-- Final Index and Final Name: inner--0060 Key: fabric0060
insert into Zoom_Inventory_Attribute (Zoom_Id, Inventory_Attribute_Id) values (11635, 111);
insert into Zoom (Id, Description, Layer) values (11636, 'resources//img/Cuff/Cuff-Closeup-Lyr02-StrFrench-Inner.0061.png', 02);
insert into Category_Zoom (Category_Id, Zoom_Id) values (6, 11636);
insert into Zoom_Inventory_Attribute (Zoom_Id, Inventory_Attribute_Id) values (11636, 46);
-- Final Index and Final Name: inner--0061 Key: fabric0061
insert into Zoom_Inventory_Attribute (Zoom_Id, Inventory_Attribute_Id) values (11636, 112);
insert into Zoom (Id, Description, Layer) values (11637, 'resources//img/Cuff/Cuff-Closeup-Lyr02-StrFrench-Inner.0062.png', 02);
insert into Category_Zoom (Category_Id, Zoom_Id) values (6, 11637);
insert into Zoom_Inventory_Attribute (Zoom_Id, Inventory_Attribute_Id) values (11637, 46);
-- Final Index and Final Name: inner--0062 Key: fabric0062
insert into Zoom_Inventory_Attribute (Zoom_Id, Inventory_Attribute_Id) values (11637, 113);
insert into Zoom (Id, Description, Layer) values (11638, 'resources//img/Cuff/Cuff-Closeup-Lyr02-StrFrench-Inner.0063.png', 02);
insert into Category_Zoom (Category_Id, Zoom_Id) values (6, 11638);
insert into Zoom_Inventory_Attribute (Zoom_Id, Inventory_Attribute_Id) values (11638, 46);
-- Final Index and Final Name: inner--0063 Key: fabric0063
insert into Zoom_Inventory_Attribute (Zoom_Id, Inventory_Attribute_Id) values (11638, 114);
insert into Zoom (Id, Description, Layer) values (11639, 'resources//img/Cuff/Cuff-Closeup-Lyr02-StrFrench-Inner.0064.png', 02);
insert into Category_Zoom (Category_Id, Zoom_Id) values (6, 11639);
insert into Zoom_Inventory_Attribute (Zoom_Id, Inventory_Attribute_Id) values (11639, 46);
-- Final Index and Final Name: inner--0064 Key: fabric0064
insert into Zoom_Inventory_Attribute (Zoom_Id, Inventory_Attribute_Id) values (11639, 115);
insert into Zoom (Id, Description, Layer) values (11640, 'resources//img/Cuff/Cuff-Closeup-Lyr02-StrFrench-Inner.0065.png', 02);
insert into Category_Zoom (Category_Id, Zoom_Id) values (6, 11640);
insert into Zoom_Inventory_Attribute (Zoom_Id, Inventory_Attribute_Id) values (11640, 46);
-- Final Index and Final Name: inner--0065 Key: fabric0065
insert into Zoom_Inventory_Attribute (Zoom_Id, Inventory_Attribute_Id) values (11640, 116);
insert into Zoom (Id, Description, Layer) values (11641, 'resources//img/Cuff/Cuff-Closeup-Lyr02-StrFrench-Inner.0066.png', 02);
insert into Category_Zoom (Category_Id, Zoom_Id) values (6, 11641);
insert into Zoom_Inventory_Attribute (Zoom_Id, Inventory_Attribute_Id) values (11641, 46);
-- Final Index and Final Name: inner--0066 Key: fabric0066
insert into Zoom_Inventory_Attribute (Zoom_Id, Inventory_Attribute_Id) values (11641, 117);
insert into Zoom (Id, Description, Layer) values (11642, 'resources//img/Cuff/Cuff-Closeup-Lyr02-StrFrench-Inner.0067.png', 02);
insert into Category_Zoom (Category_Id, Zoom_Id) values (6, 11642);
insert into Zoom_Inventory_Attribute (Zoom_Id, Inventory_Attribute_Id) values (11642, 46);
-- Final Index and Final Name: inner--0067 Key: fabric0067
insert into Zoom_Inventory_Attribute (Zoom_Id, Inventory_Attribute_Id) values (11642, 118);
insert into Zoom (Id, Description, Layer) values (11643, 'resources//img/Cuff/Cuff-Closeup-Lyr02-StrFrench-Inner.0068.png', 02);
insert into Category_Zoom (Category_Id, Zoom_Id) values (6, 11643);
insert into Zoom_Inventory_Attribute (Zoom_Id, Inventory_Attribute_Id) values (11643, 46);
-- Final Index and Final Name: inner--0068 Key: fabric0068
insert into Zoom_Inventory_Attribute (Zoom_Id, Inventory_Attribute_Id) values (11643, 119);
insert into Zoom (Id, Description, Layer) values (11644, 'resources//img/Cuff/Cuff-Closeup-Lyr02-StrFrench-Inner.0069.png', 02);
insert into Category_Zoom (Category_Id, Zoom_Id) values (6, 11644);
insert into Zoom_Inventory_Attribute (Zoom_Id, Inventory_Attribute_Id) values (11644, 46);
-- Final Index and Final Name: inner--0069 Key: fabric0069
insert into Zoom_Inventory_Attribute (Zoom_Id, Inventory_Attribute_Id) values (11644, 120);
insert into Zoom (Id, Description, Layer) values (11645, 'resources//img/Cuff/Cuff-Closeup-Lyr02-StrFrench-Inner.0070.png', 02);
insert into Category_Zoom (Category_Id, Zoom_Id) values (6, 11645);
insert into Zoom_Inventory_Attribute (Zoom_Id, Inventory_Attribute_Id) values (11645, 46);
-- Final Index and Final Name: inner--0070 Key: fabric0070
insert into Zoom_Inventory_Attribute (Zoom_Id, Inventory_Attribute_Id) values (11645, 121);
insert into Zoom (Id, Description, Layer) values (11646, 'resources//img/Cuff/Cuff-Closeup-Lyr02-StrFrench-Inner.0071.png', 02);
insert into Category_Zoom (Category_Id, Zoom_Id) values (6, 11646);
insert into Zoom_Inventory_Attribute (Zoom_Id, Inventory_Attribute_Id) values (11646, 46);
-- Final Index and Final Name: inner--0071 Key: fabric0071
insert into Zoom_Inventory_Attribute (Zoom_Id, Inventory_Attribute_Id) values (11646, 122);
insert into Zoom (Id, Description, Layer) values (11647, 'resources//img/Cuff/Cuff-Closeup-Lyr02-StrFrench-Inner.0072.png', 02);
insert into Category_Zoom (Category_Id, Zoom_Id) values (6, 11647);
insert into Zoom_Inventory_Attribute (Zoom_Id, Inventory_Attribute_Id) values (11647, 46);
-- Final Index and Final Name: inner--0072 Key: fabric0072
insert into Zoom_Inventory_Attribute (Zoom_Id, Inventory_Attribute_Id) values (11647, 123);
insert into Zoom (Id, Description, Layer) values (11648, 'resources//img/Cuff/Cuff-Closeup-Lyr02-StrFrench-Inner.0073.png', 02);
insert into Category_Zoom (Category_Id, Zoom_Id) values (6, 11648);
insert into Zoom_Inventory_Attribute (Zoom_Id, Inventory_Attribute_Id) values (11648, 46);
-- Final Index and Final Name: inner--0073 Key: fabric0073
insert into Zoom_Inventory_Attribute (Zoom_Id, Inventory_Attribute_Id) values (11648, 124);
insert into Zoom (Id, Description, Layer) values (11649, 'resources//img/Cuff/Cuff-Closeup-Lyr02-StrFrench-Inner.0074.png', 02);
insert into Category_Zoom (Category_Id, Zoom_Id) values (6, 11649);
insert into Zoom_Inventory_Attribute (Zoom_Id, Inventory_Attribute_Id) values (11649, 46);
-- Final Index and Final Name: inner--0074 Key: fabric0074
insert into Zoom_Inventory_Attribute (Zoom_Id, Inventory_Attribute_Id) values (11649, 125);
insert into Zoom (Id, Description, Layer) values (11650, 'resources//img/Cuff/Cuff-Closeup-Lyr02-StrFrench-Inner.0075.png', 02);
insert into Category_Zoom (Category_Id, Zoom_Id) values (6, 11650);
insert into Zoom_Inventory_Attribute (Zoom_Id, Inventory_Attribute_Id) values (11650, 46);
-- Final Index and Final Name: inner--0075 Key: fabric0075
insert into Zoom_Inventory_Attribute (Zoom_Id, Inventory_Attribute_Id) values (11650, 126);
insert into Zoom (Id, Description, Layer) values (11651, 'resources//img/Cuff/Cuff-Closeup-Lyr02-StrFrench-Inner.0076.png', 02);
insert into Category_Zoom (Category_Id, Zoom_Id) values (6, 11651);
insert into Zoom_Inventory_Attribute (Zoom_Id, Inventory_Attribute_Id) values (11651, 46);
-- Final Index and Final Name: inner--0076 Key: fabric0076
insert into Zoom_Inventory_Attribute (Zoom_Id, Inventory_Attribute_Id) values (11651, 127);
insert into Zoom (Id, Description, Layer) values (11652, 'resources//img/Cuff/Cuff-Closeup-Lyr02-StrFrench-Inner.0077.png', 02);
insert into Category_Zoom (Category_Id, Zoom_Id) values (6, 11652);
insert into Zoom_Inventory_Attribute (Zoom_Id, Inventory_Attribute_Id) values (11652, 46);
-- Final Index and Final Name: inner--0077 Key: fabric0077
insert into Zoom_Inventory_Attribute (Zoom_Id, Inventory_Attribute_Id) values (11652, 128);
insert into Zoom (Id, Description, Layer) values (11653, 'resources//img/Cuff/Cuff-Closeup-Lyr02-StrFrench-Inner.0078.png', 02);
insert into Category_Zoom (Category_Id, Zoom_Id) values (6, 11653);
insert into Zoom_Inventory_Attribute (Zoom_Id, Inventory_Attribute_Id) values (11653, 46);
-- Final Index and Final Name: inner--0078 Key: fabric0078
insert into Zoom_Inventory_Attribute (Zoom_Id, Inventory_Attribute_Id) values (11653, 129);
insert into Zoom (Id, Description, Layer) values (11654, 'resources//img/Cuff/Cuff-Closeup-Lyr02-StrFrench-Inner.0079.png', 02);
insert into Category_Zoom (Category_Id, Zoom_Id) values (6, 11654);
insert into Zoom_Inventory_Attribute (Zoom_Id, Inventory_Attribute_Id) values (11654, 46);
-- Final Index and Final Name: inner--0079 Key: fabric0079
insert into Zoom_Inventory_Attribute (Zoom_Id, Inventory_Attribute_Id) values (11654, 130);
insert into Zoom (Id, Description, Layer) values (11655, 'resources//img/Cuff/Cuff-Closeup-Lyr02-StrFrench-Inner.0080.png', 02);
insert into Category_Zoom (Category_Id, Zoom_Id) values (6, 11655);
insert into Zoom_Inventory_Attribute (Zoom_Id, Inventory_Attribute_Id) values (11655, 46);
-- Final Index and Final Name: inner--0080 Key: fabric0080
insert into Zoom_Inventory_Attribute (Zoom_Id, Inventory_Attribute_Id) values (11655, 131);
insert into Zoom (Id, Description, Layer) values (11656, 'resources//img/Cuff/Cuff-Closeup-Lyr02-StrFrench-Inner.0081.png', 02);
insert into Category_Zoom (Category_Id, Zoom_Id) values (6, 11656);
insert into Zoom_Inventory_Attribute (Zoom_Id, Inventory_Attribute_Id) values (11656, 46);
-- Final Index and Final Name: inner--0081 Key: fabric0081
insert into Zoom_Inventory_Attribute (Zoom_Id, Inventory_Attribute_Id) values (11656, 132);
insert into Zoom (Id, Description, Layer) values (11657, 'resources//img/Cuff/Cuff-Closeup-Lyr02-StrFrench-Inner.0082.png', 02);
insert into Category_Zoom (Category_Id, Zoom_Id) values (6, 11657);
insert into Zoom_Inventory_Attribute (Zoom_Id, Inventory_Attribute_Id) values (11657, 46);
-- Final Index and Final Name: inner--0082 Key: fabric0082
insert into Zoom_Inventory_Attribute (Zoom_Id, Inventory_Attribute_Id) values (11657, 133);
insert into Zoom (Id, Description, Layer) values (11658, 'resources//img/Cuff/Cuff-Closeup-Lyr02-StrFrench-Inner.0083.png', 02);
insert into Category_Zoom (Category_Id, Zoom_Id) values (6, 11658);
insert into Zoom_Inventory_Attribute (Zoom_Id, Inventory_Attribute_Id) values (11658, 46);
-- Final Index and Final Name: inner--0083 Key: fabric0083
insert into Zoom_Inventory_Attribute (Zoom_Id, Inventory_Attribute_Id) values (11658, 134);
insert into Zoom (Id, Description, Layer) values (11659, 'resources//img/Cuff/Cuff-Closeup-Lyr02-StrFrench-Inner.0084.png', 02);
insert into Category_Zoom (Category_Id, Zoom_Id) values (6, 11659);
insert into Zoom_Inventory_Attribute (Zoom_Id, Inventory_Attribute_Id) values (11659, 46);
-- Final Index and Final Name: inner--0084 Key: fabric0084
insert into Zoom_Inventory_Attribute (Zoom_Id, Inventory_Attribute_Id) values (11659, 135);
insert into Zoom (Id, Description, Layer) values (11660, 'resources//img/Cuff/Cuff-Closeup-Lyr02-StrFrench-Inner.0085.png', 02);
insert into Category_Zoom (Category_Id, Zoom_Id) values (6, 11660);
insert into Zoom_Inventory_Attribute (Zoom_Id, Inventory_Attribute_Id) values (11660, 46);
-- Final Index and Final Name: inner--0085 Key: fabric0085
insert into Zoom_Inventory_Attribute (Zoom_Id, Inventory_Attribute_Id) values (11660, 136);
insert into Zoom (Id, Description, Layer) values (11661, 'resources//img/Cuff/Cuff-Closeup-Lyr02-StrFrench-Inner.0086.png', 02);
insert into Category_Zoom (Category_Id, Zoom_Id) values (6, 11661);
insert into Zoom_Inventory_Attribute (Zoom_Id, Inventory_Attribute_Id) values (11661, 46);
-- Final Index and Final Name: inner--0086 Key: fabric0086
insert into Zoom_Inventory_Attribute (Zoom_Id, Inventory_Attribute_Id) values (11661, 137);
insert into Zoom (Id, Description, Layer) values (11662, 'resources//img/Cuff/Cuff-Closeup-Lyr02-StrFrench-Inner.0087.png', 02);
insert into Category_Zoom (Category_Id, Zoom_Id) values (6, 11662);
insert into Zoom_Inventory_Attribute (Zoom_Id, Inventory_Attribute_Id) values (11662, 46);
-- Final Index and Final Name: inner--0087 Key: fabric0087
insert into Zoom_Inventory_Attribute (Zoom_Id, Inventory_Attribute_Id) values (11662, 138);
insert into Zoom (Id, Description, Layer) values (11663, 'resources//img/Cuff/Cuff-Closeup-Lyr02-StrFrench-Inner.0088.png', 02);
insert into Category_Zoom (Category_Id, Zoom_Id) values (6, 11663);
insert into Zoom_Inventory_Attribute (Zoom_Id, Inventory_Attribute_Id) values (11663, 46);
-- Final Index and Final Name: inner--0088 Key: fabric0088
insert into Zoom_Inventory_Attribute (Zoom_Id, Inventory_Attribute_Id) values (11663, 139);
insert into Zoom (Id, Description, Layer) values (11664, 'resources//img/Cuff/Cuff-Closeup-Lyr02-StrFrench-Inner.0089.png', 02);
insert into Category_Zoom (Category_Id, Zoom_Id) values (6, 11664);
insert into Zoom_Inventory_Attribute (Zoom_Id, Inventory_Attribute_Id) values (11664, 46);
-- Final Index and Final Name: inner--0089 Key: fabric0089
insert into Zoom_Inventory_Attribute (Zoom_Id, Inventory_Attribute_Id) values (11664, 140);
insert into Zoom (Id, Description, Layer) values (11665, 'resources//img/Cuff/Cuff-Closeup-Lyr02-StrFrench-Inner.0090.png', 02);
insert into Category_Zoom (Category_Id, Zoom_Id) values (6, 11665);
insert into Zoom_Inventory_Attribute (Zoom_Id, Inventory_Attribute_Id) values (11665, 46);
-- Final Index and Final Name: inner--0090 Key: fabric0090
insert into Zoom_Inventory_Attribute (Zoom_Id, Inventory_Attribute_Id) values (11665, 141);
insert into Zoom (Id, Description, Layer) values (11666, 'resources//img/Cuff/Cuff-Closeup-Lyr02-StrFrench-Inner.0091.png', 02);
insert into Category_Zoom (Category_Id, Zoom_Id) values (6, 11666);
insert into Zoom_Inventory_Attribute (Zoom_Id, Inventory_Attribute_Id) values (11666, 46);
-- Final Index and Final Name: inner--0091 Key: fabric0091
insert into Zoom_Inventory_Attribute (Zoom_Id, Inventory_Attribute_Id) values (11666, 142);
insert into Zoom (Id, Description, Layer) values (11667, 'resources//img/Cuff/Cuff-Closeup-Lyr02-StrFrench-Inner.0092.png', 02);
insert into Category_Zoom (Category_Id, Zoom_Id) values (6, 11667);
insert into Zoom_Inventory_Attribute (Zoom_Id, Inventory_Attribute_Id) values (11667, 46);
-- Final Index and Final Name: inner--0092 Key: fabric0092
insert into Zoom_Inventory_Attribute (Zoom_Id, Inventory_Attribute_Id) values (11667, 143);
insert into Zoom (Id, Description, Layer) values (11668, 'resources//img/Cuff/Cuff-Closeup-Lyr02-StrFrench-Inner.0093.png', 02);
insert into Category_Zoom (Category_Id, Zoom_Id) values (6, 11668);
insert into Zoom_Inventory_Attribute (Zoom_Id, Inventory_Attribute_Id) values (11668, 46);
-- Final Index and Final Name: inner--0093 Key: fabric0093
insert into Zoom_Inventory_Attribute (Zoom_Id, Inventory_Attribute_Id) values (11668, 144);
insert into Zoom (Id, Description, Layer) values (11669, 'resources//img/Cuff/Cuff-Closeup-Lyr02-StrFrench-Inner.0094.png', 02);
insert into Category_Zoom (Category_Id, Zoom_Id) values (6, 11669);
insert into Zoom_Inventory_Attribute (Zoom_Id, Inventory_Attribute_Id) values (11669, 46);
-- Final Index and Final Name: inner--0094 Key: fabric0094
insert into Zoom_Inventory_Attribute (Zoom_Id, Inventory_Attribute_Id) values (11669, 145);
insert into Zoom (Id, Description, Layer) values (11670, 'resources//img/Cuff/Cuff-Closeup-Lyr02-StrFrench-Inner.0095.png', 02);
insert into Category_Zoom (Category_Id, Zoom_Id) values (6, 11670);
insert into Zoom_Inventory_Attribute (Zoom_Id, Inventory_Attribute_Id) values (11670, 46);
-- Final Index and Final Name: inner--0095 Key: fabric0095
insert into Zoom_Inventory_Attribute (Zoom_Id, Inventory_Attribute_Id) values (11670, 146);
insert into Zoom (Id, Description, Layer) values (11671, 'resources//img/Cuff/Cuff-Closeup-Lyr02-StrFrench-Inner.0096.png', 02);
insert into Category_Zoom (Category_Id, Zoom_Id) values (6, 11671);
insert into Zoom_Inventory_Attribute (Zoom_Id, Inventory_Attribute_Id) values (11671, 46);
-- Final Index and Final Name: inner--0096 Key: fabric0096
insert into Zoom_Inventory_Attribute (Zoom_Id, Inventory_Attribute_Id) values (11671, 147);
insert into Zoom (Id, Description, Layer) values (11672, 'resources//img/Cuff/Cuff-Closeup-Lyr02-StrFrench-Inner.0097.png', 02);
insert into Category_Zoom (Category_Id, Zoom_Id) values (6, 11672);
insert into Zoom_Inventory_Attribute (Zoom_Id, Inventory_Attribute_Id) values (11672, 46);
-- Final Index and Final Name: inner--0097 Key: fabric0097
insert into Zoom_Inventory_Attribute (Zoom_Id, Inventory_Attribute_Id) values (11672, 148);
insert into Zoom (Id, Description, Layer) values (11673, 'resources//img/Cuff/Cuff-Closeup-Lyr02-StrFrench-Inner.0098.png', 02);
insert into Category_Zoom (Category_Id, Zoom_Id) values (6, 11673);
insert into Zoom_Inventory_Attribute (Zoom_Id, Inventory_Attribute_Id) values (11673, 46);
-- Final Index and Final Name: inner--0098 Key: fabric0098
insert into Zoom_Inventory_Attribute (Zoom_Id, Inventory_Attribute_Id) values (11673, 149);
insert into Zoom (Id, Description, Layer) values (11674, 'resources//img/Cuff/Cuff-Closeup-Lyr02-StrFrench-Inner.0099.png', 02);
insert into Category_Zoom (Category_Id, Zoom_Id) values (6, 11674);
insert into Zoom_Inventory_Attribute (Zoom_Id, Inventory_Attribute_Id) values (11674, 46);
-- Final Index and Final Name: inner--0099 Key: fabric0099
insert into Zoom_Inventory_Attribute (Zoom_Id, Inventory_Attribute_Id) values (11674, 150);
insert into Zoom (Id, Description, Layer) values (11675, 'resources//img/Cuff/Cuff-Closeup-Lyr02-StrFrench-Inner.0100.png', 02);
insert into Category_Zoom (Category_Id, Zoom_Id) values (6, 11675);
insert into Zoom_Inventory_Attribute (Zoom_Id, Inventory_Attribute_Id) values (11675, 46);
-- Final Index and Final Name: inner--0100 Key: fabric0100
insert into Zoom_Inventory_Attribute (Zoom_Id, Inventory_Attribute_Id) values (11675, 151);
insert into Zoom (Id, Description, Layer) values (11676, 'resources//img/Cuff/Cuff-Closeup-Lyr02-StrFrench-Inner.0101.png', 02);
insert into Category_Zoom (Category_Id, Zoom_Id) values (6, 11676);
insert into Zoom_Inventory_Attribute (Zoom_Id, Inventory_Attribute_Id) values (11676, 46);
-- Final Index and Final Name: inner--0101 Key: fabric0101
insert into Zoom_Inventory_Attribute (Zoom_Id, Inventory_Attribute_Id) values (11676, 152);
insert into Zoom (Id, Description, Layer) values (11677, 'resources//img/Cuff/Cuff-Closeup-Lyr02-StrFrench-Inner.0102.png', 02);
insert into Category_Zoom (Category_Id, Zoom_Id) values (6, 11677);
insert into Zoom_Inventory_Attribute (Zoom_Id, Inventory_Attribute_Id) values (11677, 46);
-- Final Index and Final Name: inner--0102 Key: fabric0102
insert into Zoom_Inventory_Attribute (Zoom_Id, Inventory_Attribute_Id) values (11677, 153);
insert into Zoom (Id, Description, Layer) values (11678, 'resources//img/Cuff/Cuff-Closeup-Lyr02-StrFrench-Inner.0103.png', 02);
insert into Category_Zoom (Category_Id, Zoom_Id) values (6, 11678);
insert into Zoom_Inventory_Attribute (Zoom_Id, Inventory_Attribute_Id) values (11678, 46);
-- Final Index and Final Name: inner--0103 Key: fabric0103
insert into Zoom_Inventory_Attribute (Zoom_Id, Inventory_Attribute_Id) values (11678, 154);
insert into Zoom (Id, Description, Layer) values (11679, 'resources//img/Cuff/Cuff-Closeup-Lyr02-StrFrench-Inner.0104.png', 02);
insert into Category_Zoom (Category_Id, Zoom_Id) values (6, 11679);
insert into Zoom_Inventory_Attribute (Zoom_Id, Inventory_Attribute_Id) values (11679, 46);
-- Final Index and Final Name: inner--0104 Key: fabric0104
insert into Zoom_Inventory_Attribute (Zoom_Id, Inventory_Attribute_Id) values (11679, 155);
insert into Zoom (Id, Description, Layer) values (11680, 'resources//img/Cuff/Cuff-Closeup-Lyr02-StrFrench-Inner.0105.png', 02);
insert into Category_Zoom (Category_Id, Zoom_Id) values (6, 11680);
insert into Zoom_Inventory_Attribute (Zoom_Id, Inventory_Attribute_Id) values (11680, 46);
-- Final Index and Final Name: inner--0105 Key: fabric0105
insert into Zoom_Inventory_Attribute (Zoom_Id, Inventory_Attribute_Id) values (11680, 156);
insert into Zoom (Id, Description, Layer) values (11681, 'resources//img/Cuff/Cuff-Closeup-Lyr02-StrFrench-Inner.0106.png', 02);
insert into Category_Zoom (Category_Id, Zoom_Id) values (6, 11681);
insert into Zoom_Inventory_Attribute (Zoom_Id, Inventory_Attribute_Id) values (11681, 46);
-- Final Index and Final Name: inner--0106 Key: fabric0106
insert into Zoom_Inventory_Attribute (Zoom_Id, Inventory_Attribute_Id) values (11681, 157);
insert into Zoom (Id, Description, Layer) values (11682, 'resources//img/Cuff/Cuff-Closeup-Lyr02-StrFrench-Inner.0107.png', 02);
insert into Category_Zoom (Category_Id, Zoom_Id) values (6, 11682);
insert into Zoom_Inventory_Attribute (Zoom_Id, Inventory_Attribute_Id) values (11682, 46);
-- Final Index and Final Name: inner--0107 Key: fabric0107
insert into Zoom_Inventory_Attribute (Zoom_Id, Inventory_Attribute_Id) values (11682, 158);
insert into Zoom (Id, Description, Layer) values (11683, 'resources//img/Cuff/Cuff-Closeup-Lyr02-StrFrench-Inner.0108.png', 02);
insert into Category_Zoom (Category_Id, Zoom_Id) values (6, 11683);
insert into Zoom_Inventory_Attribute (Zoom_Id, Inventory_Attribute_Id) values (11683, 46);
-- Final Index and Final Name: inner--0108 Key: fabric0108
insert into Zoom_Inventory_Attribute (Zoom_Id, Inventory_Attribute_Id) values (11683, 159);
insert into Zoom (Id, Description, Layer) values (11684, 'resources//img/Cuff/Cuff-Closeup-Lyr02-StrFrench-Inner.0109.png', 02);
insert into Category_Zoom (Category_Id, Zoom_Id) values (6, 11684);
insert into Zoom_Inventory_Attribute (Zoom_Id, Inventory_Attribute_Id) values (11684, 46);
-- Final Index and Final Name: inner--0109 Key: fabric0109
insert into Zoom_Inventory_Attribute (Zoom_Id, Inventory_Attribute_Id) values (11684, 160);
insert into Zoom (Id, Description, Layer) values (11685, 'resources//img/Cuff/Cuff-Closeup-Lyr02-StrFrench-Inner.0110.png', 02);
insert into Category_Zoom (Category_Id, Zoom_Id) values (6, 11685);
insert into Zoom_Inventory_Attribute (Zoom_Id, Inventory_Attribute_Id) values (11685, 46);
-- Final Index and Final Name: inner--0110 Key: fabric0110
insert into Zoom_Inventory_Attribute (Zoom_Id, Inventory_Attribute_Id) values (11685, 161);
insert into Zoom (Id, Description, Layer) values (11686, 'resources//img/Cuff/Cuff-Closeup-Lyr02-StrFrench-Inner.0111.png', 02);
insert into Category_Zoom (Category_Id, Zoom_Id) values (6, 11686);
insert into Zoom_Inventory_Attribute (Zoom_Id, Inventory_Attribute_Id) values (11686, 46);
-- Final Index and Final Name: inner--0111 Key: fabric0111
insert into Zoom_Inventory_Attribute (Zoom_Id, Inventory_Attribute_Id) values (11686, 162);
insert into Zoom (Id, Description, Layer) values (11687, 'resources//img/Cuff/Cuff-Closeup-Lyr02-StrFrench-Inner.0112.png', 02);
insert into Category_Zoom (Category_Id, Zoom_Id) values (6, 11687);
insert into Zoom_Inventory_Attribute (Zoom_Id, Inventory_Attribute_Id) values (11687, 46);
-- Final Index and Final Name: inner--0112 Key: fabric0112
insert into Zoom_Inventory_Attribute (Zoom_Id, Inventory_Attribute_Id) values (11687, 163);
insert into Zoom (Id, Description, Layer) values (11688, 'resources//img/Cuff/Cuff-Closeup-Lyr02-StrFrench-Inner.0113.png', 02);
insert into Category_Zoom (Category_Id, Zoom_Id) values (6, 11688);
insert into Zoom_Inventory_Attribute (Zoom_Id, Inventory_Attribute_Id) values (11688, 46);
-- Final Index and Final Name: inner--0113 Key: fabric0113
insert into Zoom_Inventory_Attribute (Zoom_Id, Inventory_Attribute_Id) values (11688, 164);
insert into Zoom (Id, Description, Layer) values (11689, 'resources//img/Cuff/Cuff-Closeup-Lyr02-StrFrench-Inner.0114.png', 02);
insert into Category_Zoom (Category_Id, Zoom_Id) values (6, 11689);
insert into Zoom_Inventory_Attribute (Zoom_Id, Inventory_Attribute_Id) values (11689, 46);
-- Final Index and Final Name: inner--0114 Key: fabric0114
insert into Zoom_Inventory_Attribute (Zoom_Id, Inventory_Attribute_Id) values (11689, 165);
insert into Zoom (Id, Description, Layer) values (11690, 'resources//img/Cuff/Cuff-Closeup-Lyr02-StrFrench-Inner.0115.png', 02);
insert into Category_Zoom (Category_Id, Zoom_Id) values (6, 11690);
insert into Zoom_Inventory_Attribute (Zoom_Id, Inventory_Attribute_Id) values (11690, 46);
-- Final Index and Final Name: inner--0115 Key: fabric0115
insert into Zoom_Inventory_Attribute (Zoom_Id, Inventory_Attribute_Id) values (11690, 166);
insert into Zoom (Id, Description, Layer) values (11691, 'resources//img/Cuff/Cuff-Closeup-Lyr02-StrFrench-Inner.0116.png', 02);
insert into Category_Zoom (Category_Id, Zoom_Id) values (6, 11691);
insert into Zoom_Inventory_Attribute (Zoom_Id, Inventory_Attribute_Id) values (11691, 46);
-- Final Index and Final Name: inner--0116 Key: fabric0116
insert into Zoom_Inventory_Attribute (Zoom_Id, Inventory_Attribute_Id) values (11691, 167);
insert into Zoom (Id, Description, Layer) values (11692, 'resources//img/Cuff/Cuff-Closeup-Lyr02-StrFrench-Inner.0117.png', 02);
insert into Category_Zoom (Category_Id, Zoom_Id) values (6, 11692);
insert into Zoom_Inventory_Attribute (Zoom_Id, Inventory_Attribute_Id) values (11692, 46);
-- Final Index and Final Name: inner--0117 Key: fabric0117
insert into Zoom_Inventory_Attribute (Zoom_Id, Inventory_Attribute_Id) values (11692, 168);
insert into Zoom (Id, Description, Layer) values (11693, 'resources//img/Cuff/Cuff-Closeup-Lyr02-StrFrench-Inner.0118.png', 02);
insert into Category_Zoom (Category_Id, Zoom_Id) values (6, 11693);
insert into Zoom_Inventory_Attribute (Zoom_Id, Inventory_Attribute_Id) values (11693, 46);
-- Final Index and Final Name: inner--0118 Key: fabric0118
insert into Zoom_Inventory_Attribute (Zoom_Id, Inventory_Attribute_Id) values (11693, 169);
insert into Zoom (Id, Description, Layer) values (11694, 'resources//img/Cuff/Cuff-Closeup-Lyr02-StrFrench-Inner.0119.png', 02);
insert into Category_Zoom (Category_Id, Zoom_Id) values (6, 11694);
insert into Zoom_Inventory_Attribute (Zoom_Id, Inventory_Attribute_Id) values (11694, 46);
-- Final Index and Final Name: inner--0119 Key: fabric0119
insert into Zoom_Inventory_Attribute (Zoom_Id, Inventory_Attribute_Id) values (11694, 170);
insert into Zoom (Id, Description, Layer) values (11695, 'resources//img/Cuff/Cuff-Closeup-Lyr02-StrFrench-Inner.0120.png', 02);
insert into Category_Zoom (Category_Id, Zoom_Id) values (6, 11695);
insert into Zoom_Inventory_Attribute (Zoom_Id, Inventory_Attribute_Id) values (11695, 46);
-- Final Index and Final Name: inner--0120 Key: fabric0120
insert into Zoom_Inventory_Attribute (Zoom_Id, Inventory_Attribute_Id) values (11695, 171);
insert into Zoom (Id, Description, Layer) values (11696, 'resources//img/Cuff/Cuff-Closeup-Lyr02-StrFrench-Inner.0121.png', 02);
insert into Category_Zoom (Category_Id, Zoom_Id) values (6, 11696);
insert into Zoom_Inventory_Attribute (Zoom_Id, Inventory_Attribute_Id) values (11696, 46);
-- Final Index and Final Name: inner--0121 Key: fabric0121
insert into Zoom_Inventory_Attribute (Zoom_Id, Inventory_Attribute_Id) values (11696, 172);
insert into Zoom (Id, Description, Layer) values (11697, 'resources//img/Cuff/Cuff-Closeup-Lyr02-StrFrench-Inner.0122.png', 02);
insert into Category_Zoom (Category_Id, Zoom_Id) values (6, 11697);
insert into Zoom_Inventory_Attribute (Zoom_Id, Inventory_Attribute_Id) values (11697, 46);
-- Final Index and Final Name: inner--0122 Key: fabric0122
insert into Zoom_Inventory_Attribute (Zoom_Id, Inventory_Attribute_Id) values (11697, 173);
insert into Zoom (Id, Description, Layer) values (11698, 'resources//img/Cuff/Cuff-Closeup-Lyr02-StrFrench-Inner.0123.png', 02);
insert into Category_Zoom (Category_Id, Zoom_Id) values (6, 11698);
insert into Zoom_Inventory_Attribute (Zoom_Id, Inventory_Attribute_Id) values (11698, 46);
-- Final Index and Final Name: inner--0123 Key: fabric0123
insert into Zoom_Inventory_Attribute (Zoom_Id, Inventory_Attribute_Id) values (11698, 174);
insert into Zoom (Id, Description, Layer) values (11699, 'resources//img/Cuff/Cuff-Closeup-Lyr02-StrFrench-Inner.0124.png', 02);
insert into Category_Zoom (Category_Id, Zoom_Id) values (6, 11699);
insert into Zoom_Inventory_Attribute (Zoom_Id, Inventory_Attribute_Id) values (11699, 46);
-- Final Index and Final Name: inner--0124 Key: fabric0124
insert into Zoom_Inventory_Attribute (Zoom_Id, Inventory_Attribute_Id) values (11699, 175);
insert into Zoom (Id, Description, Layer) values (11700, 'resources//img/Cuff/Cuff-Closeup-Lyr02-StrFrench-Inner.0125.png', 02);
insert into Category_Zoom (Category_Id, Zoom_Id) values (6, 11700);
insert into Zoom_Inventory_Attribute (Zoom_Id, Inventory_Attribute_Id) values (11700, 46);
-- Final Index and Final Name: inner--0125 Key: fabric0125
insert into Zoom_Inventory_Attribute (Zoom_Id, Inventory_Attribute_Id) values (11700, 176);
insert into Zoom (Id, Description, Layer) values (11701, 'resources//img/Cuff/Cuff-Closeup-Lyr02-StrFrench-Inner.0126.png', 02);
insert into Category_Zoom (Category_Id, Zoom_Id) values (6, 11701);
insert into Zoom_Inventory_Attribute (Zoom_Id, Inventory_Attribute_Id) values (11701, 46);
-- Final Index and Final Name: inner--0126 Key: fabric0126
insert into Zoom_Inventory_Attribute (Zoom_Id, Inventory_Attribute_Id) values (11701, 177);
insert into Zoom (Id, Description, Layer) values (11702, 'resources//img/Cuff/Cuff-Closeup-Lyr02-StrFrench-Inner.0127.png', 02);
insert into Category_Zoom (Category_Id, Zoom_Id) values (6, 11702);
insert into Zoom_Inventory_Attribute (Zoom_Id, Inventory_Attribute_Id) values (11702, 46);
-- Final Index and Final Name: inner--0127 Key: fabric0127
insert into Zoom_Inventory_Attribute (Zoom_Id, Inventory_Attribute_Id) values (11702, 178);
insert into Zoom (Id, Description, Layer) values (11703, 'resources//img/Cuff/Cuff-Closeup-Lyr02-StrFrench-Inner.0128.png', 02);
insert into Category_Zoom (Category_Id, Zoom_Id) values (6, 11703);
insert into Zoom_Inventory_Attribute (Zoom_Id, Inventory_Attribute_Id) values (11703, 46);
-- Final Index and Final Name: inner--0128 Key: fabric0128
insert into Zoom_Inventory_Attribute (Zoom_Id, Inventory_Attribute_Id) values (11703, 179);
insert into Zoom (Id, Description, Layer) values (11704, 'resources//img/Cuff/Cuff-Closeup-Lyr02-StrFrench-Inner.0129.png', 02);
insert into Category_Zoom (Category_Id, Zoom_Id) values (6, 11704);
insert into Zoom_Inventory_Attribute (Zoom_Id, Inventory_Attribute_Id) values (11704, 46);
-- Final Index and Final Name: inner--0129 Key: fabric0129
insert into Zoom_Inventory_Attribute (Zoom_Id, Inventory_Attribute_Id) values (11704, 180);
insert into Zoom (Id, Description, Layer) values (11705, 'resources//img/Cuff/Cuff-Closeup-Lyr02-StrFrench-Inner.0130.png', 02);
insert into Category_Zoom (Category_Id, Zoom_Id) values (6, 11705);
insert into Zoom_Inventory_Attribute (Zoom_Id, Inventory_Attribute_Id) values (11705, 46);
-- Final Index and Final Name: inner--0130 Key: fabric0130
insert into Zoom_Inventory_Attribute (Zoom_Id, Inventory_Attribute_Id) values (11705, 181);
insert into Zoom (Id, Description, Layer) values (11706, 'resources//img/Cuff/Cuff-Closeup-Lyr02-StrFrench-Inner.0131.png', 02);
insert into Category_Zoom (Category_Id, Zoom_Id) values (6, 11706);
insert into Zoom_Inventory_Attribute (Zoom_Id, Inventory_Attribute_Id) values (11706, 46);
-- Final Index and Final Name: inner--0131 Key: fabric0131
insert into Zoom_Inventory_Attribute (Zoom_Id, Inventory_Attribute_Id) values (11706, 182);
insert into Zoom (Id, Description, Layer) values (11707, 'resources//img/Cuff/Cuff-Closeup-Lyr02-StrFrench-Inner.0132.png', 02);
insert into Category_Zoom (Category_Id, Zoom_Id) values (6, 11707);
insert into Zoom_Inventory_Attribute (Zoom_Id, Inventory_Attribute_Id) values (11707, 46);
-- Final Index and Final Name: inner--0132 Key: fabric0132
insert into Zoom_Inventory_Attribute (Zoom_Id, Inventory_Attribute_Id) values (11707, 183);
insert into Zoom (Id, Description, Layer) values (11708, 'resources//img/Cuff/Cuff-Closeup-Lyr02-StrFrench-Inner.0133.png', 02);
insert into Category_Zoom (Category_Id, Zoom_Id) values (6, 11708);
insert into Zoom_Inventory_Attribute (Zoom_Id, Inventory_Attribute_Id) values (11708, 46);
-- Final Index and Final Name: inner--0133 Key: fabric0133
insert into Zoom_Inventory_Attribute (Zoom_Id, Inventory_Attribute_Id) values (11708, 184);
insert into Zoom (Id, Description, Layer) values (11709, 'resources//img/Cuff/Cuff-Closeup-Lyr02-StrFrench-Inner.0134.png', 02);
insert into Category_Zoom (Category_Id, Zoom_Id) values (6, 11709);
insert into Zoom_Inventory_Attribute (Zoom_Id, Inventory_Attribute_Id) values (11709, 46);
-- Final Index and Final Name: inner--0134 Key: fabric0134
insert into Zoom_Inventory_Attribute (Zoom_Id, Inventory_Attribute_Id) values (11709, 185);
insert into Zoom (Id, Description, Layer) values (11710, 'resources//img/Cuff/Cuff-Closeup-Lyr02-StrFrench-Inner.0135.png', 02);
insert into Category_Zoom (Category_Id, Zoom_Id) values (6, 11710);
insert into Zoom_Inventory_Attribute (Zoom_Id, Inventory_Attribute_Id) values (11710, 46);
-- Final Index and Final Name: inner--0135 Key: fabric0135
insert into Zoom_Inventory_Attribute (Zoom_Id, Inventory_Attribute_Id) values (11710, 186);
insert into Zoom (Id, Description, Layer) values (11711, 'resources//img/Cuff/Cuff-Closeup-Lyr02-StrFrench-Inner.0136.png', 02);
insert into Category_Zoom (Category_Id, Zoom_Id) values (6, 11711);
insert into Zoom_Inventory_Attribute (Zoom_Id, Inventory_Attribute_Id) values (11711, 46);
-- Final Index and Final Name: inner--0136 Key: fabric0136
insert into Zoom_Inventory_Attribute (Zoom_Id, Inventory_Attribute_Id) values (11711, 187);
insert into Zoom (Id, Description, Layer) values (11712, 'resources//img/Cuff/Cuff-Closeup-Lyr02-StrFrench-Inner.0137.png', 02);
insert into Category_Zoom (Category_Id, Zoom_Id) values (6, 11712);
insert into Zoom_Inventory_Attribute (Zoom_Id, Inventory_Attribute_Id) values (11712, 46);
-- Final Index and Final Name: inner--0137 Key: fabric0137
insert into Zoom_Inventory_Attribute (Zoom_Id, Inventory_Attribute_Id) values (11712, 188);
insert into Zoom (Id, Description, Layer) values (11713, 'resources//img/Cuff/Cuff-Closeup-Lyr02-StrFrench-Inner.0138.png', 02);
insert into Category_Zoom (Category_Id, Zoom_Id) values (6, 11713);
insert into Zoom_Inventory_Attribute (Zoom_Id, Inventory_Attribute_Id) values (11713, 46);
-- Final Index and Final Name: inner--0138 Key: fabric0138
insert into Zoom_Inventory_Attribute (Zoom_Id, Inventory_Attribute_Id) values (11713, 189);
insert into Zoom (Id, Description, Layer) values (11714, 'resources//img/Cuff/Cuff-Closeup-Lyr02-StrFrench-Inner.0139.png', 02);
insert into Category_Zoom (Category_Id, Zoom_Id) values (6, 11714);
insert into Zoom_Inventory_Attribute (Zoom_Id, Inventory_Attribute_Id) values (11714, 46);
-- Final Index and Final Name: inner--0139 Key: fabric0139
insert into Zoom_Inventory_Attribute (Zoom_Id, Inventory_Attribute_Id) values (11714, 190);
insert into Zoom (Id, Description, Layer) values (11715, 'resources//img/Cuff/Cuff-Closeup-Lyr02-StrFrench-Inner.0140.png', 02);
insert into Category_Zoom (Category_Id, Zoom_Id) values (6, 11715);
insert into Zoom_Inventory_Attribute (Zoom_Id, Inventory_Attribute_Id) values (11715, 46);
-- Final Index and Final Name: inner--0140 Key: fabric0140
insert into Zoom_Inventory_Attribute (Zoom_Id, Inventory_Attribute_Id) values (11715, 191);
insert into Zoom (Id, Description, Layer) values (11716, 'resources//img/Cuff/Cuff-Closeup-Lyr02-StrFrench-Inner.0141.png', 02);
insert into Category_Zoom (Category_Id, Zoom_Id) values (6, 11716);
insert into Zoom_Inventory_Attribute (Zoom_Id, Inventory_Attribute_Id) values (11716, 46);
-- Final Index and Final Name: inner--0141 Key: fabric0141
insert into Zoom_Inventory_Attribute (Zoom_Id, Inventory_Attribute_Id) values (11716, 192);
insert into Zoom (Id, Description, Layer) values (11717, 'resources//img/Cuff/Cuff-Closeup-Lyr02-StrFrench-Inner.0142.png', 02);
insert into Category_Zoom (Category_Id, Zoom_Id) values (6, 11717);
insert into Zoom_Inventory_Attribute (Zoom_Id, Inventory_Attribute_Id) values (11717, 46);
-- Final Index and Final Name: inner--0142 Key: fabric0142
insert into Zoom_Inventory_Attribute (Zoom_Id, Inventory_Attribute_Id) values (11717, 193);
insert into Zoom (Id, Description, Layer) values (11718, 'resources//img/Cuff/Cuff-Closeup-Lyr02-StrFrench-Inner.0143.png', 02);
insert into Category_Zoom (Category_Id, Zoom_Id) values (6, 11718);
insert into Zoom_Inventory_Attribute (Zoom_Id, Inventory_Attribute_Id) values (11718, 46);
-- Final Index and Final Name: inner--0143 Key: fabric0143
insert into Zoom_Inventory_Attribute (Zoom_Id, Inventory_Attribute_Id) values (11718, 194);
insert into Zoom (Id, Description, Layer) values (11719, 'resources//img/Cuff/Cuff-Closeup-Lyr02-StrFrench-Inner.0144.png', 02);
insert into Category_Zoom (Category_Id, Zoom_Id) values (6, 11719);
insert into Zoom_Inventory_Attribute (Zoom_Id, Inventory_Attribute_Id) values (11719, 46);
-- Final Index and Final Name: inner--0144 Key: fabric0144
insert into Zoom_Inventory_Attribute (Zoom_Id, Inventory_Attribute_Id) values (11719, 195);
insert into Zoom (Id, Description, Layer) values (11720, 'resources//img/Cuff/Cuff-Closeup-Lyr02-StrFrench-Inner.0145.png', 02);
insert into Category_Zoom (Category_Id, Zoom_Id) values (6, 11720);
insert into Zoom_Inventory_Attribute (Zoom_Id, Inventory_Attribute_Id) values (11720, 46);
-- Final Index and Final Name: inner--0145 Key: fabric0145
insert into Zoom_Inventory_Attribute (Zoom_Id, Inventory_Attribute_Id) values (11720, 196);
insert into Zoom (Id, Description, Layer) values (11721, 'resources//img/Cuff/Cuff-Closeup-Lyr02-StrFrench-Inner.0146.png', 02);
insert into Category_Zoom (Category_Id, Zoom_Id) values (6, 11721);
insert into Zoom_Inventory_Attribute (Zoom_Id, Inventory_Attribute_Id) values (11721, 46);
-- Final Index and Final Name: inner--0146 Key: fabric0146
insert into Zoom_Inventory_Attribute (Zoom_Id, Inventory_Attribute_Id) values (11721, 197);
insert into Zoom (Id, Description, Layer) values (11722, 'resources//img/Cuff/Cuff-Closeup-Lyr02-StrFrench-Inner.0147.png', 02);
insert into Category_Zoom (Category_Id, Zoom_Id) values (6, 11722);
insert into Zoom_Inventory_Attribute (Zoom_Id, Inventory_Attribute_Id) values (11722, 46);
-- Final Index and Final Name: inner--0147 Key: fabric0147
insert into Zoom_Inventory_Attribute (Zoom_Id, Inventory_Attribute_Id) values (11722, 198);
insert into Zoom (Id, Description, Layer) values (11723, 'resources//img/Cuff/Cuff-Closeup-Lyr02-StrFrench-Inner.0148.png', 02);
insert into Category_Zoom (Category_Id, Zoom_Id) values (6, 11723);
insert into Zoom_Inventory_Attribute (Zoom_Id, Inventory_Attribute_Id) values (11723, 46);
-- Final Index and Final Name: inner--0148 Key: fabric0148
insert into Zoom_Inventory_Attribute (Zoom_Id, Inventory_Attribute_Id) values (11723, 199);
insert into Zoom (Id, Description, Layer) values (11724, 'resources//img/Cuff/Cuff-Closeup-Lyr02-StrFrench-Inner.0149.png', 02);
insert into Category_Zoom (Category_Id, Zoom_Id) values (6, 11724);
insert into Zoom_Inventory_Attribute (Zoom_Id, Inventory_Attribute_Id) values (11724, 46);
-- Final Index and Final Name: inner--0149 Key: fabric0149
insert into Zoom_Inventory_Attribute (Zoom_Id, Inventory_Attribute_Id) values (11724, 200);
insert into Zoom (Id, Description, Layer) values (11725, 'resources//img/Cuff/Cuff-Closeup-Lyr02-StrFrench-Inner.0150.png', 02);
insert into Category_Zoom (Category_Id, Zoom_Id) values (6, 11725);
insert into Zoom_Inventory_Attribute (Zoom_Id, Inventory_Attribute_Id) values (11725, 46);
-- Final Index and Final Name: inner--0150 Key: fabric0150
insert into Zoom_Inventory_Attribute (Zoom_Id, Inventory_Attribute_Id) values (11725, 201);
insert into Zoom (Id, Description, Layer) values (11726, 'resources//img/Cuff/Cuff-Closeup-Lyr02-StrFrench-Inner.0151.png', 02);
insert into Category_Zoom (Category_Id, Zoom_Id) values (6, 11726);
insert into Zoom_Inventory_Attribute (Zoom_Id, Inventory_Attribute_Id) values (11726, 46);
-- Final Index and Final Name: inner--0151 Key: fabric0151
insert into Zoom_Inventory_Attribute (Zoom_Id, Inventory_Attribute_Id) values (11726, 202);
insert into Zoom (Id, Description, Layer) values (11727, 'resources//img/Cuff/Cuff-Closeup-Lyr02-StrFrench-Inner.0152.png', 02);
insert into Category_Zoom (Category_Id, Zoom_Id) values (6, 11727);
insert into Zoom_Inventory_Attribute (Zoom_Id, Inventory_Attribute_Id) values (11727, 46);
-- Final Index and Final Name: inner--0152 Key: fabric0152
insert into Zoom_Inventory_Attribute (Zoom_Id, Inventory_Attribute_Id) values (11727, 203);
insert into Zoom (Id, Description, Layer) values (11728, 'resources//img/Cuff/Cuff-Closeup-Lyr02-StrFrench-Inner.0153.png', 02);
insert into Category_Zoom (Category_Id, Zoom_Id) values (6, 11728);
insert into Zoom_Inventory_Attribute (Zoom_Id, Inventory_Attribute_Id) values (11728, 46);
-- Final Index and Final Name: inner--0153 Key: fabric0153
insert into Zoom_Inventory_Attribute (Zoom_Id, Inventory_Attribute_Id) values (11728, 204);
insert into Zoom (Id, Description, Layer) values (11729, 'resources//img/Cuff/Cuff-Closeup-Lyr02-StrFrench-Inner.0154.png', 02);
insert into Category_Zoom (Category_Id, Zoom_Id) values (6, 11729);
insert into Zoom_Inventory_Attribute (Zoom_Id, Inventory_Attribute_Id) values (11729, 46);
-- Final Index and Final Name: inner--0154 Key: fabric0154
insert into Zoom_Inventory_Attribute (Zoom_Id, Inventory_Attribute_Id) values (11729, 205);
insert into Zoom (Id, Description, Layer) values (11730, 'resources//img/Cuff/Cuff-Closeup-Lyr02-StrFrench-Inner.0155.png', 02);
insert into Category_Zoom (Category_Id, Zoom_Id) values (6, 11730);
insert into Zoom_Inventory_Attribute (Zoom_Id, Inventory_Attribute_Id) values (11730, 46);
-- Final Index and Final Name: inner--0155 Key: fabric0155
insert into Zoom_Inventory_Attribute (Zoom_Id, Inventory_Attribute_Id) values (11730, 206);
insert into Zoom (Id, Description, Layer) values (11731, 'resources//img/Cuff/Cuff-Closeup-Lyr02-StrNarrow-Inner.0001.png', 02);
insert into Category_Zoom (Category_Id, Zoom_Id) values (6, 11731);
insert into Zoom_Inventory_Attribute (Zoom_Id, Inventory_Attribute_Id) values (11731, 47);
-- Final Index and Final Name: inner--0001 Key: fabric0001
insert into Zoom_Inventory_Attribute (Zoom_Id, Inventory_Attribute_Id) values (11731, 52);
insert into Zoom (Id, Description, Layer) values (11732, 'resources//img/Cuff/Cuff-Closeup-Lyr02-StrNarrow-Inner.0002.png', 02);
insert into Category_Zoom (Category_Id, Zoom_Id) values (6, 11732);
insert into Zoom_Inventory_Attribute (Zoom_Id, Inventory_Attribute_Id) values (11732, 47);
-- Final Index and Final Name: inner--0002 Key: fabric0002
insert into Zoom_Inventory_Attribute (Zoom_Id, Inventory_Attribute_Id) values (11732, 53);
insert into Zoom (Id, Description, Layer) values (11733, 'resources//img/Cuff/Cuff-Closeup-Lyr02-StrNarrow-Inner.0003.png', 02);
insert into Category_Zoom (Category_Id, Zoom_Id) values (6, 11733);
insert into Zoom_Inventory_Attribute (Zoom_Id, Inventory_Attribute_Id) values (11733, 47);
-- Final Index and Final Name: inner--0003 Key: fabric0003
insert into Zoom_Inventory_Attribute (Zoom_Id, Inventory_Attribute_Id) values (11733, 54);
insert into Zoom (Id, Description, Layer) values (11734, 'resources//img/Cuff/Cuff-Closeup-Lyr02-StrNarrow-Inner.0004.png', 02);
insert into Category_Zoom (Category_Id, Zoom_Id) values (6, 11734);
insert into Zoom_Inventory_Attribute (Zoom_Id, Inventory_Attribute_Id) values (11734, 47);
-- Final Index and Final Name: inner--0004 Key: fabric0004
insert into Zoom_Inventory_Attribute (Zoom_Id, Inventory_Attribute_Id) values (11734, 55);
insert into Zoom (Id, Description, Layer) values (11735, 'resources//img/Cuff/Cuff-Closeup-Lyr02-StrNarrow-Inner.0005.png', 02);
insert into Category_Zoom (Category_Id, Zoom_Id) values (6, 11735);
insert into Zoom_Inventory_Attribute (Zoom_Id, Inventory_Attribute_Id) values (11735, 47);
-- Final Index and Final Name: inner--0005 Key: fabric0005
insert into Zoom_Inventory_Attribute (Zoom_Id, Inventory_Attribute_Id) values (11735, 56);
insert into Zoom (Id, Description, Layer) values (11736, 'resources//img/Cuff/Cuff-Closeup-Lyr02-StrNarrow-Inner.0006.png', 02);
insert into Category_Zoom (Category_Id, Zoom_Id) values (6, 11736);
insert into Zoom_Inventory_Attribute (Zoom_Id, Inventory_Attribute_Id) values (11736, 47);
-- Final Index and Final Name: inner--0006 Key: fabric0006
insert into Zoom_Inventory_Attribute (Zoom_Id, Inventory_Attribute_Id) values (11736, 57);
insert into Zoom (Id, Description, Layer) values (11737, 'resources//img/Cuff/Cuff-Closeup-Lyr02-StrNarrow-Inner.0007.png', 02);
insert into Category_Zoom (Category_Id, Zoom_Id) values (6, 11737);
insert into Zoom_Inventory_Attribute (Zoom_Id, Inventory_Attribute_Id) values (11737, 47);
-- Final Index and Final Name: inner--0007 Key: fabric0007
insert into Zoom_Inventory_Attribute (Zoom_Id, Inventory_Attribute_Id) values (11737, 58);
insert into Zoom (Id, Description, Layer) values (11738, 'resources//img/Cuff/Cuff-Closeup-Lyr02-StrNarrow-Inner.0008.png', 02);
insert into Category_Zoom (Category_Id, Zoom_Id) values (6, 11738);
insert into Zoom_Inventory_Attribute (Zoom_Id, Inventory_Attribute_Id) values (11738, 47);
-- Final Index and Final Name: inner--0008 Key: fabric0008
insert into Zoom_Inventory_Attribute (Zoom_Id, Inventory_Attribute_Id) values (11738, 59);
insert into Zoom (Id, Description, Layer) values (11739, 'resources//img/Cuff/Cuff-Closeup-Lyr02-StrNarrow-Inner.0009.png', 02);
insert into Category_Zoom (Category_Id, Zoom_Id) values (6, 11739);
insert into Zoom_Inventory_Attribute (Zoom_Id, Inventory_Attribute_Id) values (11739, 47);
-- Final Index and Final Name: inner--0009 Key: fabric0009
insert into Zoom_Inventory_Attribute (Zoom_Id, Inventory_Attribute_Id) values (11739, 60);
insert into Zoom (Id, Description, Layer) values (11740, 'resources//img/Cuff/Cuff-Closeup-Lyr02-StrNarrow-Inner.0010.png', 02);
insert into Category_Zoom (Category_Id, Zoom_Id) values (6, 11740);
insert into Zoom_Inventory_Attribute (Zoom_Id, Inventory_Attribute_Id) values (11740, 47);
-- Final Index and Final Name: inner--0010 Key: fabric0010
insert into Zoom_Inventory_Attribute (Zoom_Id, Inventory_Attribute_Id) values (11740, 61);
insert into Zoom (Id, Description, Layer) values (11741, 'resources//img/Cuff/Cuff-Closeup-Lyr02-StrNarrow-Inner.0011.png', 02);
insert into Category_Zoom (Category_Id, Zoom_Id) values (6, 11741);
insert into Zoom_Inventory_Attribute (Zoom_Id, Inventory_Attribute_Id) values (11741, 47);
-- Final Index and Final Name: inner--0011 Key: fabric0011
insert into Zoom_Inventory_Attribute (Zoom_Id, Inventory_Attribute_Id) values (11741, 62);
insert into Zoom (Id, Description, Layer) values (11742, 'resources//img/Cuff/Cuff-Closeup-Lyr02-StrNarrow-Inner.0012.png', 02);
insert into Category_Zoom (Category_Id, Zoom_Id) values (6, 11742);
insert into Zoom_Inventory_Attribute (Zoom_Id, Inventory_Attribute_Id) values (11742, 47);
-- Final Index and Final Name: inner--0012 Key: fabric0012
insert into Zoom_Inventory_Attribute (Zoom_Id, Inventory_Attribute_Id) values (11742, 63);
insert into Zoom (Id, Description, Layer) values (11743, 'resources//img/Cuff/Cuff-Closeup-Lyr02-StrNarrow-Inner.0013.png', 02);
insert into Category_Zoom (Category_Id, Zoom_Id) values (6, 11743);
insert into Zoom_Inventory_Attribute (Zoom_Id, Inventory_Attribute_Id) values (11743, 47);
-- Final Index and Final Name: inner--0013 Key: fabric0013
insert into Zoom_Inventory_Attribute (Zoom_Id, Inventory_Attribute_Id) values (11743, 64);
insert into Zoom (Id, Description, Layer) values (11744, 'resources//img/Cuff/Cuff-Closeup-Lyr02-StrNarrow-Inner.0014.png', 02);
insert into Category_Zoom (Category_Id, Zoom_Id) values (6, 11744);
insert into Zoom_Inventory_Attribute (Zoom_Id, Inventory_Attribute_Id) values (11744, 47);
-- Final Index and Final Name: inner--0014 Key: fabric0014
insert into Zoom_Inventory_Attribute (Zoom_Id, Inventory_Attribute_Id) values (11744, 65);
insert into Zoom (Id, Description, Layer) values (11745, 'resources//img/Cuff/Cuff-Closeup-Lyr02-StrNarrow-Inner.0015.png', 02);
insert into Category_Zoom (Category_Id, Zoom_Id) values (6, 11745);
insert into Zoom_Inventory_Attribute (Zoom_Id, Inventory_Attribute_Id) values (11745, 47);
-- Final Index and Final Name: inner--0015 Key: fabric0015
insert into Zoom_Inventory_Attribute (Zoom_Id, Inventory_Attribute_Id) values (11745, 66);
insert into Zoom (Id, Description, Layer) values (11746, 'resources//img/Cuff/Cuff-Closeup-Lyr02-StrNarrow-Inner.0016.png', 02);
insert into Category_Zoom (Category_Id, Zoom_Id) values (6, 11746);
insert into Zoom_Inventory_Attribute (Zoom_Id, Inventory_Attribute_Id) values (11746, 47);
-- Final Index and Final Name: inner--0016 Key: fabric0016
insert into Zoom_Inventory_Attribute (Zoom_Id, Inventory_Attribute_Id) values (11746, 67);
insert into Zoom (Id, Description, Layer) values (11747, 'resources//img/Cuff/Cuff-Closeup-Lyr02-StrNarrow-Inner.0017.png', 02);
insert into Category_Zoom (Category_Id, Zoom_Id) values (6, 11747);
insert into Zoom_Inventory_Attribute (Zoom_Id, Inventory_Attribute_Id) values (11747, 47);
-- Final Index and Final Name: inner--0017 Key: fabric0017
insert into Zoom_Inventory_Attribute (Zoom_Id, Inventory_Attribute_Id) values (11747, 68);
insert into Zoom (Id, Description, Layer) values (11748, 'resources//img/Cuff/Cuff-Closeup-Lyr02-StrNarrow-Inner.0018.png', 02);
insert into Category_Zoom (Category_Id, Zoom_Id) values (6, 11748);
insert into Zoom_Inventory_Attribute (Zoom_Id, Inventory_Attribute_Id) values (11748, 47);
-- Final Index and Final Name: inner--0018 Key: fabric0018
insert into Zoom_Inventory_Attribute (Zoom_Id, Inventory_Attribute_Id) values (11748, 69);
insert into Zoom (Id, Description, Layer) values (11749, 'resources//img/Cuff/Cuff-Closeup-Lyr02-StrNarrow-Inner.0019.png', 02);
insert into Category_Zoom (Category_Id, Zoom_Id) values (6, 11749);
insert into Zoom_Inventory_Attribute (Zoom_Id, Inventory_Attribute_Id) values (11749, 47);
-- Final Index and Final Name: inner--0019 Key: fabric0019
insert into Zoom_Inventory_Attribute (Zoom_Id, Inventory_Attribute_Id) values (11749, 70);
insert into Zoom (Id, Description, Layer) values (11750, 'resources//img/Cuff/Cuff-Closeup-Lyr02-StrNarrow-Inner.0020.png', 02);
insert into Category_Zoom (Category_Id, Zoom_Id) values (6, 11750);
insert into Zoom_Inventory_Attribute (Zoom_Id, Inventory_Attribute_Id) values (11750, 47);
-- Final Index and Final Name: inner--0020 Key: fabric0020
insert into Zoom_Inventory_Attribute (Zoom_Id, Inventory_Attribute_Id) values (11750, 71);
insert into Zoom (Id, Description, Layer) values (11751, 'resources//img/Cuff/Cuff-Closeup-Lyr02-StrNarrow-Inner.0021.png', 02);
insert into Category_Zoom (Category_Id, Zoom_Id) values (6, 11751);
insert into Zoom_Inventory_Attribute (Zoom_Id, Inventory_Attribute_Id) values (11751, 47);
-- Final Index and Final Name: inner--0021 Key: fabric0021
insert into Zoom_Inventory_Attribute (Zoom_Id, Inventory_Attribute_Id) values (11751, 72);
insert into Zoom (Id, Description, Layer) values (11752, 'resources//img/Cuff/Cuff-Closeup-Lyr02-StrNarrow-Inner.0022.png', 02);
insert into Category_Zoom (Category_Id, Zoom_Id) values (6, 11752);
insert into Zoom_Inventory_Attribute (Zoom_Id, Inventory_Attribute_Id) values (11752, 47);
-- Final Index and Final Name: inner--0022 Key: fabric0022
insert into Zoom_Inventory_Attribute (Zoom_Id, Inventory_Attribute_Id) values (11752, 73);
insert into Zoom (Id, Description, Layer) values (11753, 'resources//img/Cuff/Cuff-Closeup-Lyr02-StrNarrow-Inner.0023.png', 02);
insert into Category_Zoom (Category_Id, Zoom_Id) values (6, 11753);
insert into Zoom_Inventory_Attribute (Zoom_Id, Inventory_Attribute_Id) values (11753, 47);
-- Final Index and Final Name: inner--0023 Key: fabric0023
insert into Zoom_Inventory_Attribute (Zoom_Id, Inventory_Attribute_Id) values (11753, 74);
insert into Zoom (Id, Description, Layer) values (11754, 'resources//img/Cuff/Cuff-Closeup-Lyr02-StrNarrow-Inner.0024.png', 02);
insert into Category_Zoom (Category_Id, Zoom_Id) values (6, 11754);
insert into Zoom_Inventory_Attribute (Zoom_Id, Inventory_Attribute_Id) values (11754, 47);
-- Final Index and Final Name: inner--0024 Key: fabric0024
insert into Zoom_Inventory_Attribute (Zoom_Id, Inventory_Attribute_Id) values (11754, 75);
insert into Zoom (Id, Description, Layer) values (11755, 'resources//img/Cuff/Cuff-Closeup-Lyr02-StrNarrow-Inner.0025.png', 02);
insert into Category_Zoom (Category_Id, Zoom_Id) values (6, 11755);
insert into Zoom_Inventory_Attribute (Zoom_Id, Inventory_Attribute_Id) values (11755, 47);
-- Final Index and Final Name: inner--0025 Key: fabric0025
insert into Zoom_Inventory_Attribute (Zoom_Id, Inventory_Attribute_Id) values (11755, 76);
insert into Zoom (Id, Description, Layer) values (11756, 'resources//img/Cuff/Cuff-Closeup-Lyr02-StrNarrow-Inner.0026.png', 02);
insert into Category_Zoom (Category_Id, Zoom_Id) values (6, 11756);
insert into Zoom_Inventory_Attribute (Zoom_Id, Inventory_Attribute_Id) values (11756, 47);
-- Final Index and Final Name: inner--0026 Key: fabric0026
insert into Zoom_Inventory_Attribute (Zoom_Id, Inventory_Attribute_Id) values (11756, 77);
insert into Zoom (Id, Description, Layer) values (11757, 'resources//img/Cuff/Cuff-Closeup-Lyr02-StrNarrow-Inner.0027.png', 02);
insert into Category_Zoom (Category_Id, Zoom_Id) values (6, 11757);
insert into Zoom_Inventory_Attribute (Zoom_Id, Inventory_Attribute_Id) values (11757, 47);
-- Final Index and Final Name: inner--0027 Key: fabric0027
insert into Zoom_Inventory_Attribute (Zoom_Id, Inventory_Attribute_Id) values (11757, 78);
insert into Zoom (Id, Description, Layer) values (11758, 'resources//img/Cuff/Cuff-Closeup-Lyr02-StrNarrow-Inner.0028.png', 02);
insert into Category_Zoom (Category_Id, Zoom_Id) values (6, 11758);
insert into Zoom_Inventory_Attribute (Zoom_Id, Inventory_Attribute_Id) values (11758, 47);
-- Final Index and Final Name: inner--0028 Key: fabric0028
insert into Zoom_Inventory_Attribute (Zoom_Id, Inventory_Attribute_Id) values (11758, 79);
insert into Zoom (Id, Description, Layer) values (11759, 'resources//img/Cuff/Cuff-Closeup-Lyr02-StrNarrow-Inner.0029.png', 02);
insert into Category_Zoom (Category_Id, Zoom_Id) values (6, 11759);
insert into Zoom_Inventory_Attribute (Zoom_Id, Inventory_Attribute_Id) values (11759, 47);
-- Final Index and Final Name: inner--0029 Key: fabric0029
insert into Zoom_Inventory_Attribute (Zoom_Id, Inventory_Attribute_Id) values (11759, 80);
insert into Zoom (Id, Description, Layer) values (11760, 'resources//img/Cuff/Cuff-Closeup-Lyr02-StrNarrow-Inner.0030.png', 02);
insert into Category_Zoom (Category_Id, Zoom_Id) values (6, 11760);
insert into Zoom_Inventory_Attribute (Zoom_Id, Inventory_Attribute_Id) values (11760, 47);
-- Final Index and Final Name: inner--0030 Key: fabric0030
insert into Zoom_Inventory_Attribute (Zoom_Id, Inventory_Attribute_Id) values (11760, 81);
insert into Zoom (Id, Description, Layer) values (11761, 'resources//img/Cuff/Cuff-Closeup-Lyr02-StrNarrow-Inner.0031.png', 02);
insert into Category_Zoom (Category_Id, Zoom_Id) values (6, 11761);
insert into Zoom_Inventory_Attribute (Zoom_Id, Inventory_Attribute_Id) values (11761, 47);
-- Final Index and Final Name: inner--0031 Key: fabric0031
insert into Zoom_Inventory_Attribute (Zoom_Id, Inventory_Attribute_Id) values (11761, 82);
insert into Zoom (Id, Description, Layer) values (11762, 'resources//img/Cuff/Cuff-Closeup-Lyr02-StrNarrow-Inner.0032.png', 02);
insert into Category_Zoom (Category_Id, Zoom_Id) values (6, 11762);
insert into Zoom_Inventory_Attribute (Zoom_Id, Inventory_Attribute_Id) values (11762, 47);
-- Final Index and Final Name: inner--0032 Key: fabric0032
insert into Zoom_Inventory_Attribute (Zoom_Id, Inventory_Attribute_Id) values (11762, 83);
insert into Zoom (Id, Description, Layer) values (11763, 'resources//img/Cuff/Cuff-Closeup-Lyr02-StrNarrow-Inner.0033.png', 02);
insert into Category_Zoom (Category_Id, Zoom_Id) values (6, 11763);
insert into Zoom_Inventory_Attribute (Zoom_Id, Inventory_Attribute_Id) values (11763, 47);
-- Final Index and Final Name: inner--0033 Key: fabric0033
insert into Zoom_Inventory_Attribute (Zoom_Id, Inventory_Attribute_Id) values (11763, 84);
insert into Zoom (Id, Description, Layer) values (11764, 'resources//img/Cuff/Cuff-Closeup-Lyr02-StrNarrow-Inner.0034.png', 02);
insert into Category_Zoom (Category_Id, Zoom_Id) values (6, 11764);
insert into Zoom_Inventory_Attribute (Zoom_Id, Inventory_Attribute_Id) values (11764, 47);
-- Final Index and Final Name: inner--0034 Key: fabric0034
insert into Zoom_Inventory_Attribute (Zoom_Id, Inventory_Attribute_Id) values (11764, 85);
insert into Zoom (Id, Description, Layer) values (11765, 'resources//img/Cuff/Cuff-Closeup-Lyr02-StrNarrow-Inner.0035.png', 02);
insert into Category_Zoom (Category_Id, Zoom_Id) values (6, 11765);
insert into Zoom_Inventory_Attribute (Zoom_Id, Inventory_Attribute_Id) values (11765, 47);
-- Final Index and Final Name: inner--0035 Key: fabric0035
insert into Zoom_Inventory_Attribute (Zoom_Id, Inventory_Attribute_Id) values (11765, 86);
insert into Zoom (Id, Description, Layer) values (11766, 'resources//img/Cuff/Cuff-Closeup-Lyr02-StrNarrow-Inner.0036.png', 02);
insert into Category_Zoom (Category_Id, Zoom_Id) values (6, 11766);
insert into Zoom_Inventory_Attribute (Zoom_Id, Inventory_Attribute_Id) values (11766, 47);
-- Final Index and Final Name: inner--0036 Key: fabric0036
insert into Zoom_Inventory_Attribute (Zoom_Id, Inventory_Attribute_Id) values (11766, 87);
insert into Zoom (Id, Description, Layer) values (11767, 'resources//img/Cuff/Cuff-Closeup-Lyr02-StrNarrow-Inner.0037.png', 02);
insert into Category_Zoom (Category_Id, Zoom_Id) values (6, 11767);
insert into Zoom_Inventory_Attribute (Zoom_Id, Inventory_Attribute_Id) values (11767, 47);
-- Final Index and Final Name: inner--0037 Key: fabric0037
insert into Zoom_Inventory_Attribute (Zoom_Id, Inventory_Attribute_Id) values (11767, 88);
insert into Zoom (Id, Description, Layer) values (11768, 'resources//img/Cuff/Cuff-Closeup-Lyr02-StrNarrow-Inner.0038.png', 02);
insert into Category_Zoom (Category_Id, Zoom_Id) values (6, 11768);
insert into Zoom_Inventory_Attribute (Zoom_Id, Inventory_Attribute_Id) values (11768, 47);
-- Final Index and Final Name: inner--0038 Key: fabric0038
insert into Zoom_Inventory_Attribute (Zoom_Id, Inventory_Attribute_Id) values (11768, 89);
insert into Zoom (Id, Description, Layer) values (11769, 'resources//img/Cuff/Cuff-Closeup-Lyr02-StrNarrow-Inner.0039.png', 02);
insert into Category_Zoom (Category_Id, Zoom_Id) values (6, 11769);
insert into Zoom_Inventory_Attribute (Zoom_Id, Inventory_Attribute_Id) values (11769, 47);
-- Final Index and Final Name: inner--0039 Key: fabric0039
insert into Zoom_Inventory_Attribute (Zoom_Id, Inventory_Attribute_Id) values (11769, 90);
insert into Zoom (Id, Description, Layer) values (11770, 'resources//img/Cuff/Cuff-Closeup-Lyr02-StrNarrow-Inner.0040.png', 02);
insert into Category_Zoom (Category_Id, Zoom_Id) values (6, 11770);
insert into Zoom_Inventory_Attribute (Zoom_Id, Inventory_Attribute_Id) values (11770, 47);
-- Final Index and Final Name: inner--0040 Key: fabric0040
insert into Zoom_Inventory_Attribute (Zoom_Id, Inventory_Attribute_Id) values (11770, 91);
insert into Zoom (Id, Description, Layer) values (11771, 'resources//img/Cuff/Cuff-Closeup-Lyr02-StrNarrow-Inner.0041.png', 02);
insert into Category_Zoom (Category_Id, Zoom_Id) values (6, 11771);
insert into Zoom_Inventory_Attribute (Zoom_Id, Inventory_Attribute_Id) values (11771, 47);
-- Final Index and Final Name: inner--0041 Key: fabric0041
insert into Zoom_Inventory_Attribute (Zoom_Id, Inventory_Attribute_Id) values (11771, 92);
insert into Zoom (Id, Description, Layer) values (11772, 'resources//img/Cuff/Cuff-Closeup-Lyr02-StrNarrow-Inner.0042.png', 02);
insert into Category_Zoom (Category_Id, Zoom_Id) values (6, 11772);
insert into Zoom_Inventory_Attribute (Zoom_Id, Inventory_Attribute_Id) values (11772, 47);
-- Final Index and Final Name: inner--0042 Key: fabric0042
insert into Zoom_Inventory_Attribute (Zoom_Id, Inventory_Attribute_Id) values (11772, 93);
insert into Zoom (Id, Description, Layer) values (11773, 'resources//img/Cuff/Cuff-Closeup-Lyr02-StrNarrow-Inner.0043.png', 02);
insert into Category_Zoom (Category_Id, Zoom_Id) values (6, 11773);
insert into Zoom_Inventory_Attribute (Zoom_Id, Inventory_Attribute_Id) values (11773, 47);
-- Final Index and Final Name: inner--0043 Key: fabric0043
insert into Zoom_Inventory_Attribute (Zoom_Id, Inventory_Attribute_Id) values (11773, 94);
insert into Zoom (Id, Description, Layer) values (11774, 'resources//img/Cuff/Cuff-Closeup-Lyr02-StrNarrow-Inner.0044.png', 02);
insert into Category_Zoom (Category_Id, Zoom_Id) values (6, 11774);
insert into Zoom_Inventory_Attribute (Zoom_Id, Inventory_Attribute_Id) values (11774, 47);
-- Final Index and Final Name: inner--0044 Key: fabric0044
insert into Zoom_Inventory_Attribute (Zoom_Id, Inventory_Attribute_Id) values (11774, 95);
insert into Zoom (Id, Description, Layer) values (11775, 'resources//img/Cuff/Cuff-Closeup-Lyr02-StrNarrow-Inner.0045.png', 02);
insert into Category_Zoom (Category_Id, Zoom_Id) values (6, 11775);
insert into Zoom_Inventory_Attribute (Zoom_Id, Inventory_Attribute_Id) values (11775, 47);
-- Final Index and Final Name: inner--0045 Key: fabric0045
insert into Zoom_Inventory_Attribute (Zoom_Id, Inventory_Attribute_Id) values (11775, 96);
insert into Zoom (Id, Description, Layer) values (11776, 'resources//img/Cuff/Cuff-Closeup-Lyr02-StrNarrow-Inner.0046.png', 02);
insert into Category_Zoom (Category_Id, Zoom_Id) values (6, 11776);
insert into Zoom_Inventory_Attribute (Zoom_Id, Inventory_Attribute_Id) values (11776, 47);
-- Final Index and Final Name: inner--0046 Key: fabric0046
insert into Zoom_Inventory_Attribute (Zoom_Id, Inventory_Attribute_Id) values (11776, 97);
insert into Zoom (Id, Description, Layer) values (11777, 'resources//img/Cuff/Cuff-Closeup-Lyr02-StrNarrow-Inner.0047.png', 02);
insert into Category_Zoom (Category_Id, Zoom_Id) values (6, 11777);
insert into Zoom_Inventory_Attribute (Zoom_Id, Inventory_Attribute_Id) values (11777, 47);
-- Final Index and Final Name: inner--0047 Key: fabric0047
insert into Zoom_Inventory_Attribute (Zoom_Id, Inventory_Attribute_Id) values (11777, 98);
insert into Zoom (Id, Description, Layer) values (11778, 'resources//img/Cuff/Cuff-Closeup-Lyr02-StrNarrow-Inner.0048.png', 02);
insert into Category_Zoom (Category_Id, Zoom_Id) values (6, 11778);
insert into Zoom_Inventory_Attribute (Zoom_Id, Inventory_Attribute_Id) values (11778, 47);
-- Final Index and Final Name: inner--0048 Key: fabric0048
insert into Zoom_Inventory_Attribute (Zoom_Id, Inventory_Attribute_Id) values (11778, 99);
insert into Zoom (Id, Description, Layer) values (11779, 'resources//img/Cuff/Cuff-Closeup-Lyr02-StrNarrow-Inner.0049.png', 02);
insert into Category_Zoom (Category_Id, Zoom_Id) values (6, 11779);
insert into Zoom_Inventory_Attribute (Zoom_Id, Inventory_Attribute_Id) values (11779, 47);
-- Final Index and Final Name: inner--0049 Key: fabric0049
insert into Zoom_Inventory_Attribute (Zoom_Id, Inventory_Attribute_Id) values (11779, 100);
insert into Zoom (Id, Description, Layer) values (11780, 'resources//img/Cuff/Cuff-Closeup-Lyr02-StrNarrow-Inner.0050.png', 02);
insert into Category_Zoom (Category_Id, Zoom_Id) values (6, 11780);
insert into Zoom_Inventory_Attribute (Zoom_Id, Inventory_Attribute_Id) values (11780, 47);
-- Final Index and Final Name: inner--0050 Key: fabric0050
insert into Zoom_Inventory_Attribute (Zoom_Id, Inventory_Attribute_Id) values (11780, 101);
insert into Zoom (Id, Description, Layer) values (11781, 'resources//img/Cuff/Cuff-Closeup-Lyr02-StrNarrow-Inner.0051.png', 02);
insert into Category_Zoom (Category_Id, Zoom_Id) values (6, 11781);
insert into Zoom_Inventory_Attribute (Zoom_Id, Inventory_Attribute_Id) values (11781, 47);
-- Final Index and Final Name: inner--0051 Key: fabric0051
insert into Zoom_Inventory_Attribute (Zoom_Id, Inventory_Attribute_Id) values (11781, 102);
insert into Zoom (Id, Description, Layer) values (11782, 'resources//img/Cuff/Cuff-Closeup-Lyr02-StrNarrow-Inner.0052.png', 02);
insert into Category_Zoom (Category_Id, Zoom_Id) values (6, 11782);
insert into Zoom_Inventory_Attribute (Zoom_Id, Inventory_Attribute_Id) values (11782, 47);
-- Final Index and Final Name: inner--0052 Key: fabric0052
insert into Zoom_Inventory_Attribute (Zoom_Id, Inventory_Attribute_Id) values (11782, 103);
insert into Zoom (Id, Description, Layer) values (11783, 'resources//img/Cuff/Cuff-Closeup-Lyr02-StrNarrow-Inner.0053.png', 02);
insert into Category_Zoom (Category_Id, Zoom_Id) values (6, 11783);
insert into Zoom_Inventory_Attribute (Zoom_Id, Inventory_Attribute_Id) values (11783, 47);
-- Final Index and Final Name: inner--0053 Key: fabric0053
insert into Zoom_Inventory_Attribute (Zoom_Id, Inventory_Attribute_Id) values (11783, 104);
insert into Zoom (Id, Description, Layer) values (11784, 'resources//img/Cuff/Cuff-Closeup-Lyr02-StrNarrow-Inner.0054.png', 02);
insert into Category_Zoom (Category_Id, Zoom_Id) values (6, 11784);
insert into Zoom_Inventory_Attribute (Zoom_Id, Inventory_Attribute_Id) values (11784, 47);
-- Final Index and Final Name: inner--0054 Key: fabric0054
insert into Zoom_Inventory_Attribute (Zoom_Id, Inventory_Attribute_Id) values (11784, 105);
insert into Zoom (Id, Description, Layer) values (11785, 'resources//img/Cuff/Cuff-Closeup-Lyr02-StrNarrow-Inner.0055.png', 02);
insert into Category_Zoom (Category_Id, Zoom_Id) values (6, 11785);
insert into Zoom_Inventory_Attribute (Zoom_Id, Inventory_Attribute_Id) values (11785, 47);
-- Final Index and Final Name: inner--0055 Key: fabric0055
insert into Zoom_Inventory_Attribute (Zoom_Id, Inventory_Attribute_Id) values (11785, 106);
insert into Zoom (Id, Description, Layer) values (11786, 'resources//img/Cuff/Cuff-Closeup-Lyr02-StrNarrow-Inner.0056.png', 02);
insert into Category_Zoom (Category_Id, Zoom_Id) values (6, 11786);
insert into Zoom_Inventory_Attribute (Zoom_Id, Inventory_Attribute_Id) values (11786, 47);
-- Final Index and Final Name: inner--0056 Key: fabric0056
insert into Zoom_Inventory_Attribute (Zoom_Id, Inventory_Attribute_Id) values (11786, 107);
insert into Zoom (Id, Description, Layer) values (11787, 'resources//img/Cuff/Cuff-Closeup-Lyr02-StrNarrow-Inner.0057.png', 02);
insert into Category_Zoom (Category_Id, Zoom_Id) values (6, 11787);
insert into Zoom_Inventory_Attribute (Zoom_Id, Inventory_Attribute_Id) values (11787, 47);
-- Final Index and Final Name: inner--0057 Key: fabric0057
insert into Zoom_Inventory_Attribute (Zoom_Id, Inventory_Attribute_Id) values (11787, 108);
insert into Zoom (Id, Description, Layer) values (11788, 'resources//img/Cuff/Cuff-Closeup-Lyr02-StrNarrow-Inner.0058.png', 02);
insert into Category_Zoom (Category_Id, Zoom_Id) values (6, 11788);
insert into Zoom_Inventory_Attribute (Zoom_Id, Inventory_Attribute_Id) values (11788, 47);
-- Final Index and Final Name: inner--0058 Key: fabric0058
insert into Zoom_Inventory_Attribute (Zoom_Id, Inventory_Attribute_Id) values (11788, 109);
insert into Zoom (Id, Description, Layer) values (11789, 'resources//img/Cuff/Cuff-Closeup-Lyr02-StrNarrow-Inner.0059.png', 02);
insert into Category_Zoom (Category_Id, Zoom_Id) values (6, 11789);
insert into Zoom_Inventory_Attribute (Zoom_Id, Inventory_Attribute_Id) values (11789, 47);
-- Final Index and Final Name: inner--0059 Key: fabric0059
insert into Zoom_Inventory_Attribute (Zoom_Id, Inventory_Attribute_Id) values (11789, 110);
insert into Zoom (Id, Description, Layer) values (11790, 'resources//img/Cuff/Cuff-Closeup-Lyr02-StrNarrow-Inner.0060.png', 02);
insert into Category_Zoom (Category_Id, Zoom_Id) values (6, 11790);
insert into Zoom_Inventory_Attribute (Zoom_Id, Inventory_Attribute_Id) values (11790, 47);
-- Final Index and Final Name: inner--0060 Key: fabric0060
insert into Zoom_Inventory_Attribute (Zoom_Id, Inventory_Attribute_Id) values (11790, 111);
insert into Zoom (Id, Description, Layer) values (11791, 'resources//img/Cuff/Cuff-Closeup-Lyr02-StrNarrow-Inner.0061.png', 02);
insert into Category_Zoom (Category_Id, Zoom_Id) values (6, 11791);
insert into Zoom_Inventory_Attribute (Zoom_Id, Inventory_Attribute_Id) values (11791, 47);
-- Final Index and Final Name: inner--0061 Key: fabric0061
insert into Zoom_Inventory_Attribute (Zoom_Id, Inventory_Attribute_Id) values (11791, 112);
insert into Zoom (Id, Description, Layer) values (11792, 'resources//img/Cuff/Cuff-Closeup-Lyr02-StrNarrow-Inner.0062.png', 02);
insert into Category_Zoom (Category_Id, Zoom_Id) values (6, 11792);
insert into Zoom_Inventory_Attribute (Zoom_Id, Inventory_Attribute_Id) values (11792, 47);
-- Final Index and Final Name: inner--0062 Key: fabric0062
insert into Zoom_Inventory_Attribute (Zoom_Id, Inventory_Attribute_Id) values (11792, 113);
insert into Zoom (Id, Description, Layer) values (11793, 'resources//img/Cuff/Cuff-Closeup-Lyr02-StrNarrow-Inner.0063.png', 02);
insert into Category_Zoom (Category_Id, Zoom_Id) values (6, 11793);
insert into Zoom_Inventory_Attribute (Zoom_Id, Inventory_Attribute_Id) values (11793, 47);
-- Final Index and Final Name: inner--0063 Key: fabric0063
insert into Zoom_Inventory_Attribute (Zoom_Id, Inventory_Attribute_Id) values (11793, 114);
insert into Zoom (Id, Description, Layer) values (11794, 'resources//img/Cuff/Cuff-Closeup-Lyr02-StrNarrow-Inner.0064.png', 02);
insert into Category_Zoom (Category_Id, Zoom_Id) values (6, 11794);
insert into Zoom_Inventory_Attribute (Zoom_Id, Inventory_Attribute_Id) values (11794, 47);
-- Final Index and Final Name: inner--0064 Key: fabric0064
insert into Zoom_Inventory_Attribute (Zoom_Id, Inventory_Attribute_Id) values (11794, 115);
insert into Zoom (Id, Description, Layer) values (11795, 'resources//img/Cuff/Cuff-Closeup-Lyr02-StrNarrow-Inner.0065.png', 02);
insert into Category_Zoom (Category_Id, Zoom_Id) values (6, 11795);
insert into Zoom_Inventory_Attribute (Zoom_Id, Inventory_Attribute_Id) values (11795, 47);
-- Final Index and Final Name: inner--0065 Key: fabric0065
insert into Zoom_Inventory_Attribute (Zoom_Id, Inventory_Attribute_Id) values (11795, 116);
insert into Zoom (Id, Description, Layer) values (11796, 'resources//img/Cuff/Cuff-Closeup-Lyr02-StrNarrow-Inner.0066.png', 02);
insert into Category_Zoom (Category_Id, Zoom_Id) values (6, 11796);
insert into Zoom_Inventory_Attribute (Zoom_Id, Inventory_Attribute_Id) values (11796, 47);
-- Final Index and Final Name: inner--0066 Key: fabric0066
insert into Zoom_Inventory_Attribute (Zoom_Id, Inventory_Attribute_Id) values (11796, 117);
insert into Zoom (Id, Description, Layer) values (11797, 'resources//img/Cuff/Cuff-Closeup-Lyr02-StrNarrow-Inner.0067.png', 02);
insert into Category_Zoom (Category_Id, Zoom_Id) values (6, 11797);
insert into Zoom_Inventory_Attribute (Zoom_Id, Inventory_Attribute_Id) values (11797, 47);
-- Final Index and Final Name: inner--0067 Key: fabric0067
insert into Zoom_Inventory_Attribute (Zoom_Id, Inventory_Attribute_Id) values (11797, 118);
insert into Zoom (Id, Description, Layer) values (11798, 'resources//img/Cuff/Cuff-Closeup-Lyr02-StrNarrow-Inner.0068.png', 02);
insert into Category_Zoom (Category_Id, Zoom_Id) values (6, 11798);
insert into Zoom_Inventory_Attribute (Zoom_Id, Inventory_Attribute_Id) values (11798, 47);
-- Final Index and Final Name: inner--0068 Key: fabric0068
insert into Zoom_Inventory_Attribute (Zoom_Id, Inventory_Attribute_Id) values (11798, 119);
insert into Zoom (Id, Description, Layer) values (11799, 'resources//img/Cuff/Cuff-Closeup-Lyr02-StrNarrow-Inner.0069.png', 02);
insert into Category_Zoom (Category_Id, Zoom_Id) values (6, 11799);
insert into Zoom_Inventory_Attribute (Zoom_Id, Inventory_Attribute_Id) values (11799, 47);
-- Final Index and Final Name: inner--0069 Key: fabric0069
insert into Zoom_Inventory_Attribute (Zoom_Id, Inventory_Attribute_Id) values (11799, 120);
insert into Zoom (Id, Description, Layer) values (11800, 'resources//img/Cuff/Cuff-Closeup-Lyr02-StrNarrow-Inner.0070.png', 02);
insert into Category_Zoom (Category_Id, Zoom_Id) values (6, 11800);
insert into Zoom_Inventory_Attribute (Zoom_Id, Inventory_Attribute_Id) values (11800, 47);
-- Final Index and Final Name: inner--0070 Key: fabric0070
insert into Zoom_Inventory_Attribute (Zoom_Id, Inventory_Attribute_Id) values (11800, 121);
insert into Zoom (Id, Description, Layer) values (11801, 'resources//img/Cuff/Cuff-Closeup-Lyr02-StrNarrow-Inner.0071.png', 02);
insert into Category_Zoom (Category_Id, Zoom_Id) values (6, 11801);
insert into Zoom_Inventory_Attribute (Zoom_Id, Inventory_Attribute_Id) values (11801, 47);
-- Final Index and Final Name: inner--0071 Key: fabric0071
insert into Zoom_Inventory_Attribute (Zoom_Id, Inventory_Attribute_Id) values (11801, 122);
insert into Zoom (Id, Description, Layer) values (11802, 'resources//img/Cuff/Cuff-Closeup-Lyr02-StrNarrow-Inner.0072.png', 02);
insert into Category_Zoom (Category_Id, Zoom_Id) values (6, 11802);
insert into Zoom_Inventory_Attribute (Zoom_Id, Inventory_Attribute_Id) values (11802, 47);
-- Final Index and Final Name: inner--0072 Key: fabric0072
insert into Zoom_Inventory_Attribute (Zoom_Id, Inventory_Attribute_Id) values (11802, 123);
insert into Zoom (Id, Description, Layer) values (11803, 'resources//img/Cuff/Cuff-Closeup-Lyr02-StrNarrow-Inner.0073.png', 02);
insert into Category_Zoom (Category_Id, Zoom_Id) values (6, 11803);
insert into Zoom_Inventory_Attribute (Zoom_Id, Inventory_Attribute_Id) values (11803, 47);
-- Final Index and Final Name: inner--0073 Key: fabric0073
insert into Zoom_Inventory_Attribute (Zoom_Id, Inventory_Attribute_Id) values (11803, 124);
insert into Zoom (Id, Description, Layer) values (11804, 'resources//img/Cuff/Cuff-Closeup-Lyr02-StrNarrow-Inner.0074.png', 02);
insert into Category_Zoom (Category_Id, Zoom_Id) values (6, 11804);
insert into Zoom_Inventory_Attribute (Zoom_Id, Inventory_Attribute_Id) values (11804, 47);
-- Final Index and Final Name: inner--0074 Key: fabric0074
insert into Zoom_Inventory_Attribute (Zoom_Id, Inventory_Attribute_Id) values (11804, 125);
insert into Zoom (Id, Description, Layer) values (11805, 'resources//img/Cuff/Cuff-Closeup-Lyr02-StrNarrow-Inner.0075.png', 02);
insert into Category_Zoom (Category_Id, Zoom_Id) values (6, 11805);
insert into Zoom_Inventory_Attribute (Zoom_Id, Inventory_Attribute_Id) values (11805, 47);
-- Final Index and Final Name: inner--0075 Key: fabric0075
insert into Zoom_Inventory_Attribute (Zoom_Id, Inventory_Attribute_Id) values (11805, 126);
insert into Zoom (Id, Description, Layer) values (11806, 'resources//img/Cuff/Cuff-Closeup-Lyr02-StrNarrow-Inner.0076.png', 02);
insert into Category_Zoom (Category_Id, Zoom_Id) values (6, 11806);
insert into Zoom_Inventory_Attribute (Zoom_Id, Inventory_Attribute_Id) values (11806, 47);
-- Final Index and Final Name: inner--0076 Key: fabric0076
insert into Zoom_Inventory_Attribute (Zoom_Id, Inventory_Attribute_Id) values (11806, 127);
insert into Zoom (Id, Description, Layer) values (11807, 'resources//img/Cuff/Cuff-Closeup-Lyr02-StrNarrow-Inner.0077.png', 02);
insert into Category_Zoom (Category_Id, Zoom_Id) values (6, 11807);
insert into Zoom_Inventory_Attribute (Zoom_Id, Inventory_Attribute_Id) values (11807, 47);
-- Final Index and Final Name: inner--0077 Key: fabric0077
insert into Zoom_Inventory_Attribute (Zoom_Id, Inventory_Attribute_Id) values (11807, 128);
insert into Zoom (Id, Description, Layer) values (11808, 'resources//img/Cuff/Cuff-Closeup-Lyr02-StrNarrow-Inner.0078.png', 02);
insert into Category_Zoom (Category_Id, Zoom_Id) values (6, 11808);
insert into Zoom_Inventory_Attribute (Zoom_Id, Inventory_Attribute_Id) values (11808, 47);
-- Final Index and Final Name: inner--0078 Key: fabric0078
insert into Zoom_Inventory_Attribute (Zoom_Id, Inventory_Attribute_Id) values (11808, 129);
insert into Zoom (Id, Description, Layer) values (11809, 'resources//img/Cuff/Cuff-Closeup-Lyr02-StrNarrow-Inner.0079.png', 02);
insert into Category_Zoom (Category_Id, Zoom_Id) values (6, 11809);
insert into Zoom_Inventory_Attribute (Zoom_Id, Inventory_Attribute_Id) values (11809, 47);
-- Final Index and Final Name: inner--0079 Key: fabric0079
insert into Zoom_Inventory_Attribute (Zoom_Id, Inventory_Attribute_Id) values (11809, 130);
insert into Zoom (Id, Description, Layer) values (11810, 'resources//img/Cuff/Cuff-Closeup-Lyr02-StrNarrow-Inner.0080.png', 02);
insert into Category_Zoom (Category_Id, Zoom_Id) values (6, 11810);
insert into Zoom_Inventory_Attribute (Zoom_Id, Inventory_Attribute_Id) values (11810, 47);
-- Final Index and Final Name: inner--0080 Key: fabric0080
insert into Zoom_Inventory_Attribute (Zoom_Id, Inventory_Attribute_Id) values (11810, 131);
insert into Zoom (Id, Description, Layer) values (11811, 'resources//img/Cuff/Cuff-Closeup-Lyr02-StrNarrow-Inner.0081.png', 02);
insert into Category_Zoom (Category_Id, Zoom_Id) values (6, 11811);
insert into Zoom_Inventory_Attribute (Zoom_Id, Inventory_Attribute_Id) values (11811, 47);
-- Final Index and Final Name: inner--0081 Key: fabric0081
insert into Zoom_Inventory_Attribute (Zoom_Id, Inventory_Attribute_Id) values (11811, 132);
insert into Zoom (Id, Description, Layer) values (11812, 'resources//img/Cuff/Cuff-Closeup-Lyr02-StrNarrow-Inner.0082.png', 02);
insert into Category_Zoom (Category_Id, Zoom_Id) values (6, 11812);
insert into Zoom_Inventory_Attribute (Zoom_Id, Inventory_Attribute_Id) values (11812, 47);
-- Final Index and Final Name: inner--0082 Key: fabric0082
insert into Zoom_Inventory_Attribute (Zoom_Id, Inventory_Attribute_Id) values (11812, 133);
insert into Zoom (Id, Description, Layer) values (11813, 'resources//img/Cuff/Cuff-Closeup-Lyr02-StrNarrow-Inner.0083.png', 02);
insert into Category_Zoom (Category_Id, Zoom_Id) values (6, 11813);
insert into Zoom_Inventory_Attribute (Zoom_Id, Inventory_Attribute_Id) values (11813, 47);
-- Final Index and Final Name: inner--0083 Key: fabric0083
insert into Zoom_Inventory_Attribute (Zoom_Id, Inventory_Attribute_Id) values (11813, 134);
insert into Zoom (Id, Description, Layer) values (11814, 'resources//img/Cuff/Cuff-Closeup-Lyr02-StrNarrow-Inner.0084.png', 02);
insert into Category_Zoom (Category_Id, Zoom_Id) values (6, 11814);
insert into Zoom_Inventory_Attribute (Zoom_Id, Inventory_Attribute_Id) values (11814, 47);
-- Final Index and Final Name: inner--0084 Key: fabric0084
insert into Zoom_Inventory_Attribute (Zoom_Id, Inventory_Attribute_Id) values (11814, 135);
insert into Zoom (Id, Description, Layer) values (11815, 'resources//img/Cuff/Cuff-Closeup-Lyr02-StrNarrow-Inner.0085.png', 02);
insert into Category_Zoom (Category_Id, Zoom_Id) values (6, 11815);
insert into Zoom_Inventory_Attribute (Zoom_Id, Inventory_Attribute_Id) values (11815, 47);
-- Final Index and Final Name: inner--0085 Key: fabric0085
insert into Zoom_Inventory_Attribute (Zoom_Id, Inventory_Attribute_Id) values (11815, 136);
insert into Zoom (Id, Description, Layer) values (11816, 'resources//img/Cuff/Cuff-Closeup-Lyr02-StrNarrow-Inner.0086.png', 02);
insert into Category_Zoom (Category_Id, Zoom_Id) values (6, 11816);
insert into Zoom_Inventory_Attribute (Zoom_Id, Inventory_Attribute_Id) values (11816, 47);
-- Final Index and Final Name: inner--0086 Key: fabric0086
insert into Zoom_Inventory_Attribute (Zoom_Id, Inventory_Attribute_Id) values (11816, 137);
insert into Zoom (Id, Description, Layer) values (11817, 'resources//img/Cuff/Cuff-Closeup-Lyr02-StrNarrow-Inner.0087.png', 02);
insert into Category_Zoom (Category_Id, Zoom_Id) values (6, 11817);
insert into Zoom_Inventory_Attribute (Zoom_Id, Inventory_Attribute_Id) values (11817, 47);
-- Final Index and Final Name: inner--0087 Key: fabric0087
insert into Zoom_Inventory_Attribute (Zoom_Id, Inventory_Attribute_Id) values (11817, 138);
insert into Zoom (Id, Description, Layer) values (11818, 'resources//img/Cuff/Cuff-Closeup-Lyr02-StrNarrow-Inner.0088.png', 02);
insert into Category_Zoom (Category_Id, Zoom_Id) values (6, 11818);
insert into Zoom_Inventory_Attribute (Zoom_Id, Inventory_Attribute_Id) values (11818, 47);
-- Final Index and Final Name: inner--0088 Key: fabric0088
insert into Zoom_Inventory_Attribute (Zoom_Id, Inventory_Attribute_Id) values (11818, 139);
insert into Zoom (Id, Description, Layer) values (11819, 'resources//img/Cuff/Cuff-Closeup-Lyr02-StrNarrow-Inner.0089.png', 02);
insert into Category_Zoom (Category_Id, Zoom_Id) values (6, 11819);
insert into Zoom_Inventory_Attribute (Zoom_Id, Inventory_Attribute_Id) values (11819, 47);
-- Final Index and Final Name: inner--0089 Key: fabric0089
insert into Zoom_Inventory_Attribute (Zoom_Id, Inventory_Attribute_Id) values (11819, 140);
insert into Zoom (Id, Description, Layer) values (11820, 'resources//img/Cuff/Cuff-Closeup-Lyr02-StrNarrow-Inner.0090.png', 02);
insert into Category_Zoom (Category_Id, Zoom_Id) values (6, 11820);
insert into Zoom_Inventory_Attribute (Zoom_Id, Inventory_Attribute_Id) values (11820, 47);
-- Final Index and Final Name: inner--0090 Key: fabric0090
insert into Zoom_Inventory_Attribute (Zoom_Id, Inventory_Attribute_Id) values (11820, 141);
insert into Zoom (Id, Description, Layer) values (11821, 'resources//img/Cuff/Cuff-Closeup-Lyr02-StrNarrow-Inner.0091.png', 02);
insert into Category_Zoom (Category_Id, Zoom_Id) values (6, 11821);
insert into Zoom_Inventory_Attribute (Zoom_Id, Inventory_Attribute_Id) values (11821, 47);
-- Final Index and Final Name: inner--0091 Key: fabric0091
insert into Zoom_Inventory_Attribute (Zoom_Id, Inventory_Attribute_Id) values (11821, 142);
insert into Zoom (Id, Description, Layer) values (11822, 'resources//img/Cuff/Cuff-Closeup-Lyr02-StrNarrow-Inner.0092.png', 02);
insert into Category_Zoom (Category_Id, Zoom_Id) values (6, 11822);
insert into Zoom_Inventory_Attribute (Zoom_Id, Inventory_Attribute_Id) values (11822, 47);
-- Final Index and Final Name: inner--0092 Key: fabric0092
insert into Zoom_Inventory_Attribute (Zoom_Id, Inventory_Attribute_Id) values (11822, 143);
insert into Zoom (Id, Description, Layer) values (11823, 'resources//img/Cuff/Cuff-Closeup-Lyr02-StrNarrow-Inner.0093.png', 02);
insert into Category_Zoom (Category_Id, Zoom_Id) values (6, 11823);
insert into Zoom_Inventory_Attribute (Zoom_Id, Inventory_Attribute_Id) values (11823, 47);
-- Final Index and Final Name: inner--0093 Key: fabric0093
insert into Zoom_Inventory_Attribute (Zoom_Id, Inventory_Attribute_Id) values (11823, 144);
insert into Zoom (Id, Description, Layer) values (11824, 'resources//img/Cuff/Cuff-Closeup-Lyr02-StrNarrow-Inner.0094.png', 02);
insert into Category_Zoom (Category_Id, Zoom_Id) values (6, 11824);
insert into Zoom_Inventory_Attribute (Zoom_Id, Inventory_Attribute_Id) values (11824, 47);
-- Final Index and Final Name: inner--0094 Key: fabric0094
insert into Zoom_Inventory_Attribute (Zoom_Id, Inventory_Attribute_Id) values (11824, 145);
insert into Zoom (Id, Description, Layer) values (11825, 'resources//img/Cuff/Cuff-Closeup-Lyr02-StrNarrow-Inner.0095.png', 02);
insert into Category_Zoom (Category_Id, Zoom_Id) values (6, 11825);
insert into Zoom_Inventory_Attribute (Zoom_Id, Inventory_Attribute_Id) values (11825, 47);
-- Final Index and Final Name: inner--0095 Key: fabric0095
insert into Zoom_Inventory_Attribute (Zoom_Id, Inventory_Attribute_Id) values (11825, 146);
insert into Zoom (Id, Description, Layer) values (11826, 'resources//img/Cuff/Cuff-Closeup-Lyr02-StrNarrow-Inner.0096.png', 02);
insert into Category_Zoom (Category_Id, Zoom_Id) values (6, 11826);
insert into Zoom_Inventory_Attribute (Zoom_Id, Inventory_Attribute_Id) values (11826, 47);
-- Final Index and Final Name: inner--0096 Key: fabric0096
insert into Zoom_Inventory_Attribute (Zoom_Id, Inventory_Attribute_Id) values (11826, 147);
insert into Zoom (Id, Description, Layer) values (11827, 'resources//img/Cuff/Cuff-Closeup-Lyr02-StrNarrow-Inner.0097.png', 02);
insert into Category_Zoom (Category_Id, Zoom_Id) values (6, 11827);
insert into Zoom_Inventory_Attribute (Zoom_Id, Inventory_Attribute_Id) values (11827, 47);
-- Final Index and Final Name: inner--0097 Key: fabric0097
insert into Zoom_Inventory_Attribute (Zoom_Id, Inventory_Attribute_Id) values (11827, 148);
insert into Zoom (Id, Description, Layer) values (11828, 'resources//img/Cuff/Cuff-Closeup-Lyr02-StrNarrow-Inner.0098.png', 02);
insert into Category_Zoom (Category_Id, Zoom_Id) values (6, 11828);
insert into Zoom_Inventory_Attribute (Zoom_Id, Inventory_Attribute_Id) values (11828, 47);
-- Final Index and Final Name: inner--0098 Key: fabric0098
insert into Zoom_Inventory_Attribute (Zoom_Id, Inventory_Attribute_Id) values (11828, 149);
insert into Zoom (Id, Description, Layer) values (11829, 'resources//img/Cuff/Cuff-Closeup-Lyr02-StrNarrow-Inner.0099.png', 02);
insert into Category_Zoom (Category_Id, Zoom_Id) values (6, 11829);
insert into Zoom_Inventory_Attribute (Zoom_Id, Inventory_Attribute_Id) values (11829, 47);
-- Final Index and Final Name: inner--0099 Key: fabric0099
insert into Zoom_Inventory_Attribute (Zoom_Id, Inventory_Attribute_Id) values (11829, 150);
insert into Zoom (Id, Description, Layer) values (11830, 'resources//img/Cuff/Cuff-Closeup-Lyr02-StrNarrow-Inner.0100.png', 02);
insert into Category_Zoom (Category_Id, Zoom_Id) values (6, 11830);
insert into Zoom_Inventory_Attribute (Zoom_Id, Inventory_Attribute_Id) values (11830, 47);
-- Final Index and Final Name: inner--0100 Key: fabric0100
insert into Zoom_Inventory_Attribute (Zoom_Id, Inventory_Attribute_Id) values (11830, 151);
insert into Zoom (Id, Description, Layer) values (11831, 'resources//img/Cuff/Cuff-Closeup-Lyr02-StrNarrow-Inner.0101.png', 02);
insert into Category_Zoom (Category_Id, Zoom_Id) values (6, 11831);
insert into Zoom_Inventory_Attribute (Zoom_Id, Inventory_Attribute_Id) values (11831, 47);
-- Final Index and Final Name: inner--0101 Key: fabric0101
insert into Zoom_Inventory_Attribute (Zoom_Id, Inventory_Attribute_Id) values (11831, 152);
insert into Zoom (Id, Description, Layer) values (11832, 'resources//img/Cuff/Cuff-Closeup-Lyr02-StrNarrow-Inner.0102.png', 02);
insert into Category_Zoom (Category_Id, Zoom_Id) values (6, 11832);
insert into Zoom_Inventory_Attribute (Zoom_Id, Inventory_Attribute_Id) values (11832, 47);
-- Final Index and Final Name: inner--0102 Key: fabric0102
insert into Zoom_Inventory_Attribute (Zoom_Id, Inventory_Attribute_Id) values (11832, 153);
insert into Zoom (Id, Description, Layer) values (11833, 'resources//img/Cuff/Cuff-Closeup-Lyr02-StrNarrow-Inner.0103.png', 02);
insert into Category_Zoom (Category_Id, Zoom_Id) values (6, 11833);
insert into Zoom_Inventory_Attribute (Zoom_Id, Inventory_Attribute_Id) values (11833, 47);
-- Final Index and Final Name: inner--0103 Key: fabric0103
insert into Zoom_Inventory_Attribute (Zoom_Id, Inventory_Attribute_Id) values (11833, 154);
insert into Zoom (Id, Description, Layer) values (11834, 'resources//img/Cuff/Cuff-Closeup-Lyr02-StrNarrow-Inner.0104.png', 02);
insert into Category_Zoom (Category_Id, Zoom_Id) values (6, 11834);
insert into Zoom_Inventory_Attribute (Zoom_Id, Inventory_Attribute_Id) values (11834, 47);
-- Final Index and Final Name: inner--0104 Key: fabric0104
insert into Zoom_Inventory_Attribute (Zoom_Id, Inventory_Attribute_Id) values (11834, 155);
insert into Zoom (Id, Description, Layer) values (11835, 'resources//img/Cuff/Cuff-Closeup-Lyr02-StrNarrow-Inner.0105.png', 02);
insert into Category_Zoom (Category_Id, Zoom_Id) values (6, 11835);
insert into Zoom_Inventory_Attribute (Zoom_Id, Inventory_Attribute_Id) values (11835, 47);
-- Final Index and Final Name: inner--0105 Key: fabric0105
insert into Zoom_Inventory_Attribute (Zoom_Id, Inventory_Attribute_Id) values (11835, 156);
insert into Zoom (Id, Description, Layer) values (11836, 'resources//img/Cuff/Cuff-Closeup-Lyr02-StrNarrow-Inner.0106.png', 02);
insert into Category_Zoom (Category_Id, Zoom_Id) values (6, 11836);
insert into Zoom_Inventory_Attribute (Zoom_Id, Inventory_Attribute_Id) values (11836, 47);
-- Final Index and Final Name: inner--0106 Key: fabric0106
insert into Zoom_Inventory_Attribute (Zoom_Id, Inventory_Attribute_Id) values (11836, 157);
insert into Zoom (Id, Description, Layer) values (11837, 'resources//img/Cuff/Cuff-Closeup-Lyr02-StrNarrow-Inner.0107.png', 02);
insert into Category_Zoom (Category_Id, Zoom_Id) values (6, 11837);
insert into Zoom_Inventory_Attribute (Zoom_Id, Inventory_Attribute_Id) values (11837, 47);
-- Final Index and Final Name: inner--0107 Key: fabric0107
insert into Zoom_Inventory_Attribute (Zoom_Id, Inventory_Attribute_Id) values (11837, 158);
insert into Zoom (Id, Description, Layer) values (11838, 'resources//img/Cuff/Cuff-Closeup-Lyr02-StrNarrow-Inner.0108.png', 02);
insert into Category_Zoom (Category_Id, Zoom_Id) values (6, 11838);
insert into Zoom_Inventory_Attribute (Zoom_Id, Inventory_Attribute_Id) values (11838, 47);
-- Final Index and Final Name: inner--0108 Key: fabric0108
insert into Zoom_Inventory_Attribute (Zoom_Id, Inventory_Attribute_Id) values (11838, 159);
insert into Zoom (Id, Description, Layer) values (11839, 'resources//img/Cuff/Cuff-Closeup-Lyr02-StrNarrow-Inner.0109.png', 02);
insert into Category_Zoom (Category_Id, Zoom_Id) values (6, 11839);
insert into Zoom_Inventory_Attribute (Zoom_Id, Inventory_Attribute_Id) values (11839, 47);
-- Final Index and Final Name: inner--0109 Key: fabric0109
insert into Zoom_Inventory_Attribute (Zoom_Id, Inventory_Attribute_Id) values (11839, 160);
insert into Zoom (Id, Description, Layer) values (11840, 'resources//img/Cuff/Cuff-Closeup-Lyr02-StrNarrow-Inner.0110.png', 02);
insert into Category_Zoom (Category_Id, Zoom_Id) values (6, 11840);
insert into Zoom_Inventory_Attribute (Zoom_Id, Inventory_Attribute_Id) values (11840, 47);
-- Final Index and Final Name: inner--0110 Key: fabric0110
insert into Zoom_Inventory_Attribute (Zoom_Id, Inventory_Attribute_Id) values (11840, 161);
insert into Zoom (Id, Description, Layer) values (11841, 'resources//img/Cuff/Cuff-Closeup-Lyr02-StrNarrow-Inner.0111.png', 02);
insert into Category_Zoom (Category_Id, Zoom_Id) values (6, 11841);
insert into Zoom_Inventory_Attribute (Zoom_Id, Inventory_Attribute_Id) values (11841, 47);
-- Final Index and Final Name: inner--0111 Key: fabric0111
insert into Zoom_Inventory_Attribute (Zoom_Id, Inventory_Attribute_Id) values (11841, 162);
insert into Zoom (Id, Description, Layer) values (11842, 'resources//img/Cuff/Cuff-Closeup-Lyr02-StrNarrow-Inner.0112.png', 02);
insert into Category_Zoom (Category_Id, Zoom_Id) values (6, 11842);
insert into Zoom_Inventory_Attribute (Zoom_Id, Inventory_Attribute_Id) values (11842, 47);
-- Final Index and Final Name: inner--0112 Key: fabric0112
insert into Zoom_Inventory_Attribute (Zoom_Id, Inventory_Attribute_Id) values (11842, 163);
insert into Zoom (Id, Description, Layer) values (11843, 'resources//img/Cuff/Cuff-Closeup-Lyr02-StrNarrow-Inner.0113.png', 02);
insert into Category_Zoom (Category_Id, Zoom_Id) values (6, 11843);
insert into Zoom_Inventory_Attribute (Zoom_Id, Inventory_Attribute_Id) values (11843, 47);
-- Final Index and Final Name: inner--0113 Key: fabric0113
insert into Zoom_Inventory_Attribute (Zoom_Id, Inventory_Attribute_Id) values (11843, 164);
insert into Zoom (Id, Description, Layer) values (11844, 'resources//img/Cuff/Cuff-Closeup-Lyr02-StrNarrow-Inner.0114.png', 02);
insert into Category_Zoom (Category_Id, Zoom_Id) values (6, 11844);
insert into Zoom_Inventory_Attribute (Zoom_Id, Inventory_Attribute_Id) values (11844, 47);
-- Final Index and Final Name: inner--0114 Key: fabric0114
insert into Zoom_Inventory_Attribute (Zoom_Id, Inventory_Attribute_Id) values (11844, 165);
insert into Zoom (Id, Description, Layer) values (11845, 'resources//img/Cuff/Cuff-Closeup-Lyr02-StrNarrow-Inner.0115.png', 02);
insert into Category_Zoom (Category_Id, Zoom_Id) values (6, 11845);
insert into Zoom_Inventory_Attribute (Zoom_Id, Inventory_Attribute_Id) values (11845, 47);
-- Final Index and Final Name: inner--0115 Key: fabric0115
insert into Zoom_Inventory_Attribute (Zoom_Id, Inventory_Attribute_Id) values (11845, 166);
insert into Zoom (Id, Description, Layer) values (11846, 'resources//img/Cuff/Cuff-Closeup-Lyr02-StrNarrow-Inner.0116.png', 02);
insert into Category_Zoom (Category_Id, Zoom_Id) values (6, 11846);
insert into Zoom_Inventory_Attribute (Zoom_Id, Inventory_Attribute_Id) values (11846, 47);
-- Final Index and Final Name: inner--0116 Key: fabric0116
insert into Zoom_Inventory_Attribute (Zoom_Id, Inventory_Attribute_Id) values (11846, 167);
insert into Zoom (Id, Description, Layer) values (11847, 'resources//img/Cuff/Cuff-Closeup-Lyr02-StrNarrow-Inner.0117.png', 02);
insert into Category_Zoom (Category_Id, Zoom_Id) values (6, 11847);
insert into Zoom_Inventory_Attribute (Zoom_Id, Inventory_Attribute_Id) values (11847, 47);
-- Final Index and Final Name: inner--0117 Key: fabric0117
insert into Zoom_Inventory_Attribute (Zoom_Id, Inventory_Attribute_Id) values (11847, 168);
insert into Zoom (Id, Description, Layer) values (11848, 'resources//img/Cuff/Cuff-Closeup-Lyr02-StrNarrow-Inner.0118.png', 02);
insert into Category_Zoom (Category_Id, Zoom_Id) values (6, 11848);
insert into Zoom_Inventory_Attribute (Zoom_Id, Inventory_Attribute_Id) values (11848, 47);
-- Final Index and Final Name: inner--0118 Key: fabric0118
insert into Zoom_Inventory_Attribute (Zoom_Id, Inventory_Attribute_Id) values (11848, 169);
insert into Zoom (Id, Description, Layer) values (11849, 'resources//img/Cuff/Cuff-Closeup-Lyr02-StrNarrow-Inner.0119.png', 02);
insert into Category_Zoom (Category_Id, Zoom_Id) values (6, 11849);
insert into Zoom_Inventory_Attribute (Zoom_Id, Inventory_Attribute_Id) values (11849, 47);
-- Final Index and Final Name: inner--0119 Key: fabric0119
insert into Zoom_Inventory_Attribute (Zoom_Id, Inventory_Attribute_Id) values (11849, 170);
insert into Zoom (Id, Description, Layer) values (11850, 'resources//img/Cuff/Cuff-Closeup-Lyr02-StrNarrow-Inner.0120.png', 02);
insert into Category_Zoom (Category_Id, Zoom_Id) values (6, 11850);
insert into Zoom_Inventory_Attribute (Zoom_Id, Inventory_Attribute_Id) values (11850, 47);
-- Final Index and Final Name: inner--0120 Key: fabric0120
insert into Zoom_Inventory_Attribute (Zoom_Id, Inventory_Attribute_Id) values (11850, 171);
insert into Zoom (Id, Description, Layer) values (11851, 'resources//img/Cuff/Cuff-Closeup-Lyr02-StrNarrow-Inner.0121.png', 02);
insert into Category_Zoom (Category_Id, Zoom_Id) values (6, 11851);
insert into Zoom_Inventory_Attribute (Zoom_Id, Inventory_Attribute_Id) values (11851, 47);
-- Final Index and Final Name: inner--0121 Key: fabric0121
insert into Zoom_Inventory_Attribute (Zoom_Id, Inventory_Attribute_Id) values (11851, 172);
insert into Zoom (Id, Description, Layer) values (11852, 'resources//img/Cuff/Cuff-Closeup-Lyr02-StrNarrow-Inner.0122.png', 02);
insert into Category_Zoom (Category_Id, Zoom_Id) values (6, 11852);
insert into Zoom_Inventory_Attribute (Zoom_Id, Inventory_Attribute_Id) values (11852, 47);
-- Final Index and Final Name: inner--0122 Key: fabric0122
insert into Zoom_Inventory_Attribute (Zoom_Id, Inventory_Attribute_Id) values (11852, 173);
insert into Zoom (Id, Description, Layer) values (11853, 'resources//img/Cuff/Cuff-Closeup-Lyr02-StrNarrow-Inner.0123.png', 02);
insert into Category_Zoom (Category_Id, Zoom_Id) values (6, 11853);
insert into Zoom_Inventory_Attribute (Zoom_Id, Inventory_Attribute_Id) values (11853, 47);
-- Final Index and Final Name: inner--0123 Key: fabric0123
insert into Zoom_Inventory_Attribute (Zoom_Id, Inventory_Attribute_Id) values (11853, 174);
insert into Zoom (Id, Description, Layer) values (11854, 'resources//img/Cuff/Cuff-Closeup-Lyr02-StrNarrow-Inner.0124.png', 02);
insert into Category_Zoom (Category_Id, Zoom_Id) values (6, 11854);
insert into Zoom_Inventory_Attribute (Zoom_Id, Inventory_Attribute_Id) values (11854, 47);
-- Final Index and Final Name: inner--0124 Key: fabric0124
insert into Zoom_Inventory_Attribute (Zoom_Id, Inventory_Attribute_Id) values (11854, 175);
insert into Zoom (Id, Description, Layer) values (11855, 'resources//img/Cuff/Cuff-Closeup-Lyr02-StrNarrow-Inner.0125.png', 02);
insert into Category_Zoom (Category_Id, Zoom_Id) values (6, 11855);
insert into Zoom_Inventory_Attribute (Zoom_Id, Inventory_Attribute_Id) values (11855, 47);
-- Final Index and Final Name: inner--0125 Key: fabric0125
insert into Zoom_Inventory_Attribute (Zoom_Id, Inventory_Attribute_Id) values (11855, 176);
insert into Zoom (Id, Description, Layer) values (11856, 'resources//img/Cuff/Cuff-Closeup-Lyr02-StrNarrow-Inner.0126.png', 02);
insert into Category_Zoom (Category_Id, Zoom_Id) values (6, 11856);
insert into Zoom_Inventory_Attribute (Zoom_Id, Inventory_Attribute_Id) values (11856, 47);
-- Final Index and Final Name: inner--0126 Key: fabric0126
insert into Zoom_Inventory_Attribute (Zoom_Id, Inventory_Attribute_Id) values (11856, 177);
insert into Zoom (Id, Description, Layer) values (11857, 'resources//img/Cuff/Cuff-Closeup-Lyr02-StrNarrow-Inner.0127.png', 02);
insert into Category_Zoom (Category_Id, Zoom_Id) values (6, 11857);
insert into Zoom_Inventory_Attribute (Zoom_Id, Inventory_Attribute_Id) values (11857, 47);
-- Final Index and Final Name: inner--0127 Key: fabric0127
insert into Zoom_Inventory_Attribute (Zoom_Id, Inventory_Attribute_Id) values (11857, 178);
insert into Zoom (Id, Description, Layer) values (11858, 'resources//img/Cuff/Cuff-Closeup-Lyr02-StrNarrow-Inner.0128.png', 02);
insert into Category_Zoom (Category_Id, Zoom_Id) values (6, 11858);
insert into Zoom_Inventory_Attribute (Zoom_Id, Inventory_Attribute_Id) values (11858, 47);
-- Final Index and Final Name: inner--0128 Key: fabric0128
insert into Zoom_Inventory_Attribute (Zoom_Id, Inventory_Attribute_Id) values (11858, 179);
insert into Zoom (Id, Description, Layer) values (11859, 'resources//img/Cuff/Cuff-Closeup-Lyr02-StrNarrow-Inner.0129.png', 02);
insert into Category_Zoom (Category_Id, Zoom_Id) values (6, 11859);
insert into Zoom_Inventory_Attribute (Zoom_Id, Inventory_Attribute_Id) values (11859, 47);
-- Final Index and Final Name: inner--0129 Key: fabric0129
insert into Zoom_Inventory_Attribute (Zoom_Id, Inventory_Attribute_Id) values (11859, 180);
insert into Zoom (Id, Description, Layer) values (11860, 'resources//img/Cuff/Cuff-Closeup-Lyr02-StrNarrow-Inner.0130.png', 02);
insert into Category_Zoom (Category_Id, Zoom_Id) values (6, 11860);
insert into Zoom_Inventory_Attribute (Zoom_Id, Inventory_Attribute_Id) values (11860, 47);
-- Final Index and Final Name: inner--0130 Key: fabric0130
insert into Zoom_Inventory_Attribute (Zoom_Id, Inventory_Attribute_Id) values (11860, 181);
insert into Zoom (Id, Description, Layer) values (11861, 'resources//img/Cuff/Cuff-Closeup-Lyr02-StrNarrow-Inner.0131.png', 02);
insert into Category_Zoom (Category_Id, Zoom_Id) values (6, 11861);
insert into Zoom_Inventory_Attribute (Zoom_Id, Inventory_Attribute_Id) values (11861, 47);
-- Final Index and Final Name: inner--0131 Key: fabric0131
insert into Zoom_Inventory_Attribute (Zoom_Id, Inventory_Attribute_Id) values (11861, 182);
insert into Zoom (Id, Description, Layer) values (11862, 'resources//img/Cuff/Cuff-Closeup-Lyr02-StrNarrow-Inner.0132.png', 02);
insert into Category_Zoom (Category_Id, Zoom_Id) values (6, 11862);
insert into Zoom_Inventory_Attribute (Zoom_Id, Inventory_Attribute_Id) values (11862, 47);
-- Final Index and Final Name: inner--0132 Key: fabric0132
insert into Zoom_Inventory_Attribute (Zoom_Id, Inventory_Attribute_Id) values (11862, 183);
insert into Zoom (Id, Description, Layer) values (11863, 'resources//img/Cuff/Cuff-Closeup-Lyr02-StrNarrow-Inner.0133.png', 02);
insert into Category_Zoom (Category_Id, Zoom_Id) values (6, 11863);
insert into Zoom_Inventory_Attribute (Zoom_Id, Inventory_Attribute_Id) values (11863, 47);
-- Final Index and Final Name: inner--0133 Key: fabric0133
insert into Zoom_Inventory_Attribute (Zoom_Id, Inventory_Attribute_Id) values (11863, 184);
insert into Zoom (Id, Description, Layer) values (11864, 'resources//img/Cuff/Cuff-Closeup-Lyr02-StrNarrow-Inner.0134.png', 02);
insert into Category_Zoom (Category_Id, Zoom_Id) values (6, 11864);
insert into Zoom_Inventory_Attribute (Zoom_Id, Inventory_Attribute_Id) values (11864, 47);
-- Final Index and Final Name: inner--0134 Key: fabric0134
insert into Zoom_Inventory_Attribute (Zoom_Id, Inventory_Attribute_Id) values (11864, 185);
insert into Zoom (Id, Description, Layer) values (11865, 'resources//img/Cuff/Cuff-Closeup-Lyr02-StrNarrow-Inner.0135.png', 02);
insert into Category_Zoom (Category_Id, Zoom_Id) values (6, 11865);
insert into Zoom_Inventory_Attribute (Zoom_Id, Inventory_Attribute_Id) values (11865, 47);
-- Final Index and Final Name: inner--0135 Key: fabric0135
insert into Zoom_Inventory_Attribute (Zoom_Id, Inventory_Attribute_Id) values (11865, 186);
insert into Zoom (Id, Description, Layer) values (11866, 'resources//img/Cuff/Cuff-Closeup-Lyr02-StrNarrow-Inner.0136.png', 02);
insert into Category_Zoom (Category_Id, Zoom_Id) values (6, 11866);
insert into Zoom_Inventory_Attribute (Zoom_Id, Inventory_Attribute_Id) values (11866, 47);
-- Final Index and Final Name: inner--0136 Key: fabric0136
insert into Zoom_Inventory_Attribute (Zoom_Id, Inventory_Attribute_Id) values (11866, 187);
insert into Zoom (Id, Description, Layer) values (11867, 'resources//img/Cuff/Cuff-Closeup-Lyr02-StrNarrow-Inner.0137.png', 02);
insert into Category_Zoom (Category_Id, Zoom_Id) values (6, 11867);
insert into Zoom_Inventory_Attribute (Zoom_Id, Inventory_Attribute_Id) values (11867, 47);
-- Final Index and Final Name: inner--0137 Key: fabric0137
insert into Zoom_Inventory_Attribute (Zoom_Id, Inventory_Attribute_Id) values (11867, 188);
insert into Zoom (Id, Description, Layer) values (11868, 'resources//img/Cuff/Cuff-Closeup-Lyr02-StrNarrow-Inner.0138.png', 02);
insert into Category_Zoom (Category_Id, Zoom_Id) values (6, 11868);
insert into Zoom_Inventory_Attribute (Zoom_Id, Inventory_Attribute_Id) values (11868, 47);
-- Final Index and Final Name: inner--0138 Key: fabric0138
insert into Zoom_Inventory_Attribute (Zoom_Id, Inventory_Attribute_Id) values (11868, 189);
insert into Zoom (Id, Description, Layer) values (11869, 'resources//img/Cuff/Cuff-Closeup-Lyr02-StrNarrow-Inner.0139.png', 02);
insert into Category_Zoom (Category_Id, Zoom_Id) values (6, 11869);
insert into Zoom_Inventory_Attribute (Zoom_Id, Inventory_Attribute_Id) values (11869, 47);
-- Final Index and Final Name: inner--0139 Key: fabric0139
insert into Zoom_Inventory_Attribute (Zoom_Id, Inventory_Attribute_Id) values (11869, 190);
insert into Zoom (Id, Description, Layer) values (11870, 'resources//img/Cuff/Cuff-Closeup-Lyr02-StrNarrow-Inner.0140.png', 02);
insert into Category_Zoom (Category_Id, Zoom_Id) values (6, 11870);
insert into Zoom_Inventory_Attribute (Zoom_Id, Inventory_Attribute_Id) values (11870, 47);
-- Final Index and Final Name: inner--0140 Key: fabric0140
insert into Zoom_Inventory_Attribute (Zoom_Id, Inventory_Attribute_Id) values (11870, 191);
insert into Zoom (Id, Description, Layer) values (11871, 'resources//img/Cuff/Cuff-Closeup-Lyr02-StrNarrow-Inner.0141.png', 02);
insert into Category_Zoom (Category_Id, Zoom_Id) values (6, 11871);
insert into Zoom_Inventory_Attribute (Zoom_Id, Inventory_Attribute_Id) values (11871, 47);
-- Final Index and Final Name: inner--0141 Key: fabric0141
insert into Zoom_Inventory_Attribute (Zoom_Id, Inventory_Attribute_Id) values (11871, 192);
insert into Zoom (Id, Description, Layer) values (11872, 'resources//img/Cuff/Cuff-Closeup-Lyr02-StrNarrow-Inner.0142.png', 02);
insert into Category_Zoom (Category_Id, Zoom_Id) values (6, 11872);
insert into Zoom_Inventory_Attribute (Zoom_Id, Inventory_Attribute_Id) values (11872, 47);
-- Final Index and Final Name: inner--0142 Key: fabric0142
insert into Zoom_Inventory_Attribute (Zoom_Id, Inventory_Attribute_Id) values (11872, 193);
insert into Zoom (Id, Description, Layer) values (11873, 'resources//img/Cuff/Cuff-Closeup-Lyr02-StrNarrow-Inner.0143.png', 02);
insert into Category_Zoom (Category_Id, Zoom_Id) values (6, 11873);
insert into Zoom_Inventory_Attribute (Zoom_Id, Inventory_Attribute_Id) values (11873, 47);
-- Final Index and Final Name: inner--0143 Key: fabric0143
insert into Zoom_Inventory_Attribute (Zoom_Id, Inventory_Attribute_Id) values (11873, 194);
insert into Zoom (Id, Description, Layer) values (11874, 'resources//img/Cuff/Cuff-Closeup-Lyr02-StrNarrow-Inner.0144.png', 02);
insert into Category_Zoom (Category_Id, Zoom_Id) values (6, 11874);
insert into Zoom_Inventory_Attribute (Zoom_Id, Inventory_Attribute_Id) values (11874, 47);
-- Final Index and Final Name: inner--0144 Key: fabric0144
insert into Zoom_Inventory_Attribute (Zoom_Id, Inventory_Attribute_Id) values (11874, 195);
insert into Zoom (Id, Description, Layer) values (11875, 'resources//img/Cuff/Cuff-Closeup-Lyr02-StrNarrow-Inner.0145.png', 02);
insert into Category_Zoom (Category_Id, Zoom_Id) values (6, 11875);
insert into Zoom_Inventory_Attribute (Zoom_Id, Inventory_Attribute_Id) values (11875, 47);
-- Final Index and Final Name: inner--0145 Key: fabric0145
insert into Zoom_Inventory_Attribute (Zoom_Id, Inventory_Attribute_Id) values (11875, 196);
insert into Zoom (Id, Description, Layer) values (11876, 'resources//img/Cuff/Cuff-Closeup-Lyr02-StrNarrow-Inner.0146.png', 02);
insert into Category_Zoom (Category_Id, Zoom_Id) values (6, 11876);
insert into Zoom_Inventory_Attribute (Zoom_Id, Inventory_Attribute_Id) values (11876, 47);
-- Final Index and Final Name: inner--0146 Key: fabric0146
insert into Zoom_Inventory_Attribute (Zoom_Id, Inventory_Attribute_Id) values (11876, 197);
insert into Zoom (Id, Description, Layer) values (11877, 'resources//img/Cuff/Cuff-Closeup-Lyr02-StrNarrow-Inner.0147.png', 02);
insert into Category_Zoom (Category_Id, Zoom_Id) values (6, 11877);
insert into Zoom_Inventory_Attribute (Zoom_Id, Inventory_Attribute_Id) values (11877, 47);
-- Final Index and Final Name: inner--0147 Key: fabric0147
insert into Zoom_Inventory_Attribute (Zoom_Id, Inventory_Attribute_Id) values (11877, 198);
insert into Zoom (Id, Description, Layer) values (11878, 'resources//img/Cuff/Cuff-Closeup-Lyr02-StrNarrow-Inner.0148.png', 02);
insert into Category_Zoom (Category_Id, Zoom_Id) values (6, 11878);
insert into Zoom_Inventory_Attribute (Zoom_Id, Inventory_Attribute_Id) values (11878, 47);
-- Final Index and Final Name: inner--0148 Key: fabric0148
insert into Zoom_Inventory_Attribute (Zoom_Id, Inventory_Attribute_Id) values (11878, 199);
insert into Zoom (Id, Description, Layer) values (11879, 'resources//img/Cuff/Cuff-Closeup-Lyr02-StrNarrow-Inner.0149.png', 02);
insert into Category_Zoom (Category_Id, Zoom_Id) values (6, 11879);
insert into Zoom_Inventory_Attribute (Zoom_Id, Inventory_Attribute_Id) values (11879, 47);
-- Final Index and Final Name: inner--0149 Key: fabric0149
insert into Zoom_Inventory_Attribute (Zoom_Id, Inventory_Attribute_Id) values (11879, 200);
insert into Zoom (Id, Description, Layer) values (11880, 'resources//img/Cuff/Cuff-Closeup-Lyr02-StrNarrow-Inner.0150.png', 02);
insert into Category_Zoom (Category_Id, Zoom_Id) values (6, 11880);
insert into Zoom_Inventory_Attribute (Zoom_Id, Inventory_Attribute_Id) values (11880, 47);
-- Final Index and Final Name: inner--0150 Key: fabric0150
insert into Zoom_Inventory_Attribute (Zoom_Id, Inventory_Attribute_Id) values (11880, 201);
insert into Zoom (Id, Description, Layer) values (11881, 'resources//img/Cuff/Cuff-Closeup-Lyr02-StrNarrow-Inner.0151.png', 02);
insert into Category_Zoom (Category_Id, Zoom_Id) values (6, 11881);
insert into Zoom_Inventory_Attribute (Zoom_Id, Inventory_Attribute_Id) values (11881, 47);
-- Final Index and Final Name: inner--0151 Key: fabric0151
insert into Zoom_Inventory_Attribute (Zoom_Id, Inventory_Attribute_Id) values (11881, 202);
insert into Zoom (Id, Description, Layer) values (11882, 'resources//img/Cuff/Cuff-Closeup-Lyr02-StrNarrow-Inner.0152.png', 02);
insert into Category_Zoom (Category_Id, Zoom_Id) values (6, 11882);
insert into Zoom_Inventory_Attribute (Zoom_Id, Inventory_Attribute_Id) values (11882, 47);
-- Final Index and Final Name: inner--0152 Key: fabric0152
insert into Zoom_Inventory_Attribute (Zoom_Id, Inventory_Attribute_Id) values (11882, 203);
insert into Zoom (Id, Description, Layer) values (11883, 'resources//img/Cuff/Cuff-Closeup-Lyr02-StrNarrow-Inner.0153.png', 02);
insert into Category_Zoom (Category_Id, Zoom_Id) values (6, 11883);
insert into Zoom_Inventory_Attribute (Zoom_Id, Inventory_Attribute_Id) values (11883, 47);
-- Final Index and Final Name: inner--0153 Key: fabric0153
insert into Zoom_Inventory_Attribute (Zoom_Id, Inventory_Attribute_Id) values (11883, 204);
insert into Zoom (Id, Description, Layer) values (11884, 'resources//img/Cuff/Cuff-Closeup-Lyr02-StrNarrow-Inner.0154.png', 02);
insert into Category_Zoom (Category_Id, Zoom_Id) values (6, 11884);
insert into Zoom_Inventory_Attribute (Zoom_Id, Inventory_Attribute_Id) values (11884, 47);
-- Final Index and Final Name: inner--0154 Key: fabric0154
insert into Zoom_Inventory_Attribute (Zoom_Id, Inventory_Attribute_Id) values (11884, 205);
insert into Zoom (Id, Description, Layer) values (11885, 'resources//img/Cuff/Cuff-Closeup-Lyr02-StrNarrow-Inner.0155.png', 02);
insert into Category_Zoom (Category_Id, Zoom_Id) values (6, 11885);
insert into Zoom_Inventory_Attribute (Zoom_Id, Inventory_Attribute_Id) values (11885, 47);
-- Final Index and Final Name: inner--0155 Key: fabric0155
insert into Zoom_Inventory_Attribute (Zoom_Id, Inventory_Attribute_Id) values (11885, 206);
insert into Zoom (Id, Description, Layer) values (11886, 'resources//img/Cuff/Cuff-Closeup-Lyr02-StrSingButton-Inner.0001.png', 02);
insert into Category_Zoom (Category_Id, Zoom_Id) values (6, 11886);
insert into Zoom_Inventory_Attribute (Zoom_Id, Inventory_Attribute_Id) values (11886, 49);
-- Final Index and Final Name: inner--0001 Key: fabric0001
insert into Zoom_Inventory_Attribute (Zoom_Id, Inventory_Attribute_Id) values (11886, 52);
insert into Zoom (Id, Description, Layer) values (11887, 'resources//img/Cuff/Cuff-Closeup-Lyr02-StrSingButton-Inner.0002.png', 02);
insert into Category_Zoom (Category_Id, Zoom_Id) values (6, 11887);
insert into Zoom_Inventory_Attribute (Zoom_Id, Inventory_Attribute_Id) values (11887, 49);
-- Final Index and Final Name: inner--0002 Key: fabric0002
insert into Zoom_Inventory_Attribute (Zoom_Id, Inventory_Attribute_Id) values (11887, 53);
insert into Zoom (Id, Description, Layer) values (11888, 'resources//img/Cuff/Cuff-Closeup-Lyr02-StrSingButton-Inner.0003.png', 02);
insert into Category_Zoom (Category_Id, Zoom_Id) values (6, 11888);
insert into Zoom_Inventory_Attribute (Zoom_Id, Inventory_Attribute_Id) values (11888, 49);
-- Final Index and Final Name: inner--0003 Key: fabric0003
insert into Zoom_Inventory_Attribute (Zoom_Id, Inventory_Attribute_Id) values (11888, 54);
insert into Zoom (Id, Description, Layer) values (11889, 'resources//img/Cuff/Cuff-Closeup-Lyr02-StrSingButton-Inner.0004.png', 02);
insert into Category_Zoom (Category_Id, Zoom_Id) values (6, 11889);
insert into Zoom_Inventory_Attribute (Zoom_Id, Inventory_Attribute_Id) values (11889, 49);
-- Final Index and Final Name: inner--0004 Key: fabric0004
insert into Zoom_Inventory_Attribute (Zoom_Id, Inventory_Attribute_Id) values (11889, 55);
insert into Zoom (Id, Description, Layer) values (11890, 'resources//img/Cuff/Cuff-Closeup-Lyr02-StrSingButton-Inner.0005.png', 02);
insert into Category_Zoom (Category_Id, Zoom_Id) values (6, 11890);
insert into Zoom_Inventory_Attribute (Zoom_Id, Inventory_Attribute_Id) values (11890, 49);
-- Final Index and Final Name: inner--0005 Key: fabric0005
insert into Zoom_Inventory_Attribute (Zoom_Id, Inventory_Attribute_Id) values (11890, 56);
insert into Zoom (Id, Description, Layer) values (11891, 'resources//img/Cuff/Cuff-Closeup-Lyr02-StrSingButton-Inner.0006.png', 02);
insert into Category_Zoom (Category_Id, Zoom_Id) values (6, 11891);
insert into Zoom_Inventory_Attribute (Zoom_Id, Inventory_Attribute_Id) values (11891, 49);
-- Final Index and Final Name: inner--0006 Key: fabric0006
insert into Zoom_Inventory_Attribute (Zoom_Id, Inventory_Attribute_Id) values (11891, 57);
insert into Zoom (Id, Description, Layer) values (11892, 'resources//img/Cuff/Cuff-Closeup-Lyr02-StrSingButton-Inner.0007.png', 02);
insert into Category_Zoom (Category_Id, Zoom_Id) values (6, 11892);
insert into Zoom_Inventory_Attribute (Zoom_Id, Inventory_Attribute_Id) values (11892, 49);
-- Final Index and Final Name: inner--0007 Key: fabric0007
insert into Zoom_Inventory_Attribute (Zoom_Id, Inventory_Attribute_Id) values (11892, 58);
insert into Zoom (Id, Description, Layer) values (11893, 'resources//img/Cuff/Cuff-Closeup-Lyr02-StrSingButton-Inner.0008.png', 02);
insert into Category_Zoom (Category_Id, Zoom_Id) values (6, 11893);
insert into Zoom_Inventory_Attribute (Zoom_Id, Inventory_Attribute_Id) values (11893, 49);
-- Final Index and Final Name: inner--0008 Key: fabric0008
insert into Zoom_Inventory_Attribute (Zoom_Id, Inventory_Attribute_Id) values (11893, 59);
insert into Zoom (Id, Description, Layer) values (11894, 'resources//img/Cuff/Cuff-Closeup-Lyr02-StrSingButton-Inner.0009.png', 02);
insert into Category_Zoom (Category_Id, Zoom_Id) values (6, 11894);
insert into Zoom_Inventory_Attribute (Zoom_Id, Inventory_Attribute_Id) values (11894, 49);
-- Final Index and Final Name: inner--0009 Key: fabric0009
insert into Zoom_Inventory_Attribute (Zoom_Id, Inventory_Attribute_Id) values (11894, 60);
insert into Zoom (Id, Description, Layer) values (11895, 'resources//img/Cuff/Cuff-Closeup-Lyr02-StrSingButton-Inner.0010.png', 02);
insert into Category_Zoom (Category_Id, Zoom_Id) values (6, 11895);
insert into Zoom_Inventory_Attribute (Zoom_Id, Inventory_Attribute_Id) values (11895, 49);
-- Final Index and Final Name: inner--0010 Key: fabric0010
insert into Zoom_Inventory_Attribute (Zoom_Id, Inventory_Attribute_Id) values (11895, 61);
insert into Zoom (Id, Description, Layer) values (11896, 'resources//img/Cuff/Cuff-Closeup-Lyr02-StrSingButton-Inner.0011.png', 02);
insert into Category_Zoom (Category_Id, Zoom_Id) values (6, 11896);
insert into Zoom_Inventory_Attribute (Zoom_Id, Inventory_Attribute_Id) values (11896, 49);
-- Final Index and Final Name: inner--0011 Key: fabric0011
insert into Zoom_Inventory_Attribute (Zoom_Id, Inventory_Attribute_Id) values (11896, 62);
insert into Zoom (Id, Description, Layer) values (11897, 'resources//img/Cuff/Cuff-Closeup-Lyr02-StrSingButton-Inner.0012.png', 02);
insert into Category_Zoom (Category_Id, Zoom_Id) values (6, 11897);
insert into Zoom_Inventory_Attribute (Zoom_Id, Inventory_Attribute_Id) values (11897, 49);
-- Final Index and Final Name: inner--0012 Key: fabric0012
insert into Zoom_Inventory_Attribute (Zoom_Id, Inventory_Attribute_Id) values (11897, 63);
insert into Zoom (Id, Description, Layer) values (11898, 'resources//img/Cuff/Cuff-Closeup-Lyr02-StrSingButton-Inner.0013.png', 02);
insert into Category_Zoom (Category_Id, Zoom_Id) values (6, 11898);
insert into Zoom_Inventory_Attribute (Zoom_Id, Inventory_Attribute_Id) values (11898, 49);
-- Final Index and Final Name: inner--0013 Key: fabric0013
insert into Zoom_Inventory_Attribute (Zoom_Id, Inventory_Attribute_Id) values (11898, 64);
insert into Zoom (Id, Description, Layer) values (11899, 'resources//img/Cuff/Cuff-Closeup-Lyr02-StrSingButton-Inner.0014.png', 02);
insert into Category_Zoom (Category_Id, Zoom_Id) values (6, 11899);
insert into Zoom_Inventory_Attribute (Zoom_Id, Inventory_Attribute_Id) values (11899, 49);
-- Final Index and Final Name: inner--0014 Key: fabric0014
insert into Zoom_Inventory_Attribute (Zoom_Id, Inventory_Attribute_Id) values (11899, 65);
insert into Zoom (Id, Description, Layer) values (11900, 'resources//img/Cuff/Cuff-Closeup-Lyr02-StrSingButton-Inner.0015.png', 02);
insert into Category_Zoom (Category_Id, Zoom_Id) values (6, 11900);
insert into Zoom_Inventory_Attribute (Zoom_Id, Inventory_Attribute_Id) values (11900, 49);
-- Final Index and Final Name: inner--0015 Key: fabric0015
insert into Zoom_Inventory_Attribute (Zoom_Id, Inventory_Attribute_Id) values (11900, 66);
insert into Zoom (Id, Description, Layer) values (11901, 'resources//img/Cuff/Cuff-Closeup-Lyr02-StrSingButton-Inner.0016.png', 02);
insert into Category_Zoom (Category_Id, Zoom_Id) values (6, 11901);
insert into Zoom_Inventory_Attribute (Zoom_Id, Inventory_Attribute_Id) values (11901, 49);
-- Final Index and Final Name: inner--0016 Key: fabric0016
insert into Zoom_Inventory_Attribute (Zoom_Id, Inventory_Attribute_Id) values (11901, 67);
insert into Zoom (Id, Description, Layer) values (11902, 'resources//img/Cuff/Cuff-Closeup-Lyr02-StrSingButton-Inner.0017.png', 02);
insert into Category_Zoom (Category_Id, Zoom_Id) values (6, 11902);
insert into Zoom_Inventory_Attribute (Zoom_Id, Inventory_Attribute_Id) values (11902, 49);
-- Final Index and Final Name: inner--0017 Key: fabric0017
insert into Zoom_Inventory_Attribute (Zoom_Id, Inventory_Attribute_Id) values (11902, 68);
insert into Zoom (Id, Description, Layer) values (11903, 'resources//img/Cuff/Cuff-Closeup-Lyr02-StrSingButton-Inner.0018.png', 02);
insert into Category_Zoom (Category_Id, Zoom_Id) values (6, 11903);
insert into Zoom_Inventory_Attribute (Zoom_Id, Inventory_Attribute_Id) values (11903, 49);
-- Final Index and Final Name: inner--0018 Key: fabric0018
insert into Zoom_Inventory_Attribute (Zoom_Id, Inventory_Attribute_Id) values (11903, 69);
insert into Zoom (Id, Description, Layer) values (11904, 'resources//img/Cuff/Cuff-Closeup-Lyr02-StrSingButton-Inner.0019.png', 02);
insert into Category_Zoom (Category_Id, Zoom_Id) values (6, 11904);
insert into Zoom_Inventory_Attribute (Zoom_Id, Inventory_Attribute_Id) values (11904, 49);
-- Final Index and Final Name: inner--0019 Key: fabric0019
insert into Zoom_Inventory_Attribute (Zoom_Id, Inventory_Attribute_Id) values (11904, 70);
insert into Zoom (Id, Description, Layer) values (11905, 'resources//img/Cuff/Cuff-Closeup-Lyr02-StrSingButton-Inner.0020.png', 02);
insert into Category_Zoom (Category_Id, Zoom_Id) values (6, 11905);
insert into Zoom_Inventory_Attribute (Zoom_Id, Inventory_Attribute_Id) values (11905, 49);
-- Final Index and Final Name: inner--0020 Key: fabric0020
insert into Zoom_Inventory_Attribute (Zoom_Id, Inventory_Attribute_Id) values (11905, 71);
insert into Zoom (Id, Description, Layer) values (11906, 'resources//img/Cuff/Cuff-Closeup-Lyr02-StrSingButton-Inner.0021.png', 02);
insert into Category_Zoom (Category_Id, Zoom_Id) values (6, 11906);
insert into Zoom_Inventory_Attribute (Zoom_Id, Inventory_Attribute_Id) values (11906, 49);
-- Final Index and Final Name: inner--0021 Key: fabric0021
insert into Zoom_Inventory_Attribute (Zoom_Id, Inventory_Attribute_Id) values (11906, 72);
insert into Zoom (Id, Description, Layer) values (11907, 'resources//img/Cuff/Cuff-Closeup-Lyr02-StrSingButton-Inner.0022.png', 02);
insert into Category_Zoom (Category_Id, Zoom_Id) values (6, 11907);
insert into Zoom_Inventory_Attribute (Zoom_Id, Inventory_Attribute_Id) values (11907, 49);
-- Final Index and Final Name: inner--0022 Key: fabric0022
insert into Zoom_Inventory_Attribute (Zoom_Id, Inventory_Attribute_Id) values (11907, 73);
insert into Zoom (Id, Description, Layer) values (11908, 'resources//img/Cuff/Cuff-Closeup-Lyr02-StrSingButton-Inner.0023.png', 02);
insert into Category_Zoom (Category_Id, Zoom_Id) values (6, 11908);
insert into Zoom_Inventory_Attribute (Zoom_Id, Inventory_Attribute_Id) values (11908, 49);
-- Final Index and Final Name: inner--0023 Key: fabric0023
insert into Zoom_Inventory_Attribute (Zoom_Id, Inventory_Attribute_Id) values (11908, 74);
insert into Zoom (Id, Description, Layer) values (11909, 'resources//img/Cuff/Cuff-Closeup-Lyr02-StrSingButton-Inner.0024.png', 02);
insert into Category_Zoom (Category_Id, Zoom_Id) values (6, 11909);
insert into Zoom_Inventory_Attribute (Zoom_Id, Inventory_Attribute_Id) values (11909, 49);
-- Final Index and Final Name: inner--0024 Key: fabric0024
insert into Zoom_Inventory_Attribute (Zoom_Id, Inventory_Attribute_Id) values (11909, 75);
insert into Zoom (Id, Description, Layer) values (11910, 'resources//img/Cuff/Cuff-Closeup-Lyr02-StrSingButton-Inner.0025.png', 02);
insert into Category_Zoom (Category_Id, Zoom_Id) values (6, 11910);
insert into Zoom_Inventory_Attribute (Zoom_Id, Inventory_Attribute_Id) values (11910, 49);
-- Final Index and Final Name: inner--0025 Key: fabric0025
insert into Zoom_Inventory_Attribute (Zoom_Id, Inventory_Attribute_Id) values (11910, 76);
insert into Zoom (Id, Description, Layer) values (11911, 'resources//img/Cuff/Cuff-Closeup-Lyr02-StrSingButton-Inner.0026.png', 02);
insert into Category_Zoom (Category_Id, Zoom_Id) values (6, 11911);
insert into Zoom_Inventory_Attribute (Zoom_Id, Inventory_Attribute_Id) values (11911, 49);
-- Final Index and Final Name: inner--0026 Key: fabric0026
insert into Zoom_Inventory_Attribute (Zoom_Id, Inventory_Attribute_Id) values (11911, 77);
insert into Zoom (Id, Description, Layer) values (11912, 'resources//img/Cuff/Cuff-Closeup-Lyr02-StrSingButton-Inner.0027.png', 02);
insert into Category_Zoom (Category_Id, Zoom_Id) values (6, 11912);
insert into Zoom_Inventory_Attribute (Zoom_Id, Inventory_Attribute_Id) values (11912, 49);
-- Final Index and Final Name: inner--0027 Key: fabric0027
insert into Zoom_Inventory_Attribute (Zoom_Id, Inventory_Attribute_Id) values (11912, 78);
insert into Zoom (Id, Description, Layer) values (11913, 'resources//img/Cuff/Cuff-Closeup-Lyr02-StrSingButton-Inner.0028.png', 02);
insert into Category_Zoom (Category_Id, Zoom_Id) values (6, 11913);
insert into Zoom_Inventory_Attribute (Zoom_Id, Inventory_Attribute_Id) values (11913, 49);
-- Final Index and Final Name: inner--0028 Key: fabric0028
insert into Zoom_Inventory_Attribute (Zoom_Id, Inventory_Attribute_Id) values (11913, 79);
insert into Zoom (Id, Description, Layer) values (11914, 'resources//img/Cuff/Cuff-Closeup-Lyr02-StrSingButton-Inner.0029.png', 02);
insert into Category_Zoom (Category_Id, Zoom_Id) values (6, 11914);
insert into Zoom_Inventory_Attribute (Zoom_Id, Inventory_Attribute_Id) values (11914, 49);
-- Final Index and Final Name: inner--0029 Key: fabric0029
insert into Zoom_Inventory_Attribute (Zoom_Id, Inventory_Attribute_Id) values (11914, 80);
insert into Zoom (Id, Description, Layer) values (11915, 'resources//img/Cuff/Cuff-Closeup-Lyr02-StrSingButton-Inner.0030.png', 02);
insert into Category_Zoom (Category_Id, Zoom_Id) values (6, 11915);
insert into Zoom_Inventory_Attribute (Zoom_Id, Inventory_Attribute_Id) values (11915, 49);
-- Final Index and Final Name: inner--0030 Key: fabric0030
insert into Zoom_Inventory_Attribute (Zoom_Id, Inventory_Attribute_Id) values (11915, 81);
insert into Zoom (Id, Description, Layer) values (11916, 'resources//img/Cuff/Cuff-Closeup-Lyr02-StrSingButton-Inner.0031.png', 02);
insert into Category_Zoom (Category_Id, Zoom_Id) values (6, 11916);
insert into Zoom_Inventory_Attribute (Zoom_Id, Inventory_Attribute_Id) values (11916, 49);
-- Final Index and Final Name: inner--0031 Key: fabric0031
insert into Zoom_Inventory_Attribute (Zoom_Id, Inventory_Attribute_Id) values (11916, 82);
insert into Zoom (Id, Description, Layer) values (11917, 'resources//img/Cuff/Cuff-Closeup-Lyr02-StrSingButton-Inner.0032.png', 02);
insert into Category_Zoom (Category_Id, Zoom_Id) values (6, 11917);
insert into Zoom_Inventory_Attribute (Zoom_Id, Inventory_Attribute_Id) values (11917, 49);
-- Final Index and Final Name: inner--0032 Key: fabric0032
insert into Zoom_Inventory_Attribute (Zoom_Id, Inventory_Attribute_Id) values (11917, 83);
insert into Zoom (Id, Description, Layer) values (11918, 'resources//img/Cuff/Cuff-Closeup-Lyr02-StrSingButton-Inner.0033.png', 02);
insert into Category_Zoom (Category_Id, Zoom_Id) values (6, 11918);
insert into Zoom_Inventory_Attribute (Zoom_Id, Inventory_Attribute_Id) values (11918, 49);
-- Final Index and Final Name: inner--0033 Key: fabric0033
insert into Zoom_Inventory_Attribute (Zoom_Id, Inventory_Attribute_Id) values (11918, 84);
insert into Zoom (Id, Description, Layer) values (11919, 'resources//img/Cuff/Cuff-Closeup-Lyr02-StrSingButton-Inner.0034.png', 02);
insert into Category_Zoom (Category_Id, Zoom_Id) values (6, 11919);
insert into Zoom_Inventory_Attribute (Zoom_Id, Inventory_Attribute_Id) values (11919, 49);
-- Final Index and Final Name: inner--0034 Key: fabric0034
insert into Zoom_Inventory_Attribute (Zoom_Id, Inventory_Attribute_Id) values (11919, 85);
insert into Zoom (Id, Description, Layer) values (11920, 'resources//img/Cuff/Cuff-Closeup-Lyr02-StrSingButton-Inner.0035.png', 02);
insert into Category_Zoom (Category_Id, Zoom_Id) values (6, 11920);
insert into Zoom_Inventory_Attribute (Zoom_Id, Inventory_Attribute_Id) values (11920, 49);
-- Final Index and Final Name: inner--0035 Key: fabric0035
insert into Zoom_Inventory_Attribute (Zoom_Id, Inventory_Attribute_Id) values (11920, 86);
insert into Zoom (Id, Description, Layer) values (11921, 'resources//img/Cuff/Cuff-Closeup-Lyr02-StrSingButton-Inner.0036.png', 02);
insert into Category_Zoom (Category_Id, Zoom_Id) values (6, 11921);
insert into Zoom_Inventory_Attribute (Zoom_Id, Inventory_Attribute_Id) values (11921, 49);
-- Final Index and Final Name: inner--0036 Key: fabric0036
insert into Zoom_Inventory_Attribute (Zoom_Id, Inventory_Attribute_Id) values (11921, 87);
insert into Zoom (Id, Description, Layer) values (11922, 'resources//img/Cuff/Cuff-Closeup-Lyr02-StrSingButton-Inner.0037.png', 02);
insert into Category_Zoom (Category_Id, Zoom_Id) values (6, 11922);
insert into Zoom_Inventory_Attribute (Zoom_Id, Inventory_Attribute_Id) values (11922, 49);
-- Final Index and Final Name: inner--0037 Key: fabric0037
insert into Zoom_Inventory_Attribute (Zoom_Id, Inventory_Attribute_Id) values (11922, 88);
insert into Zoom (Id, Description, Layer) values (11923, 'resources//img/Cuff/Cuff-Closeup-Lyr02-StrSingButton-Inner.0038.png', 02);
insert into Category_Zoom (Category_Id, Zoom_Id) values (6, 11923);
insert into Zoom_Inventory_Attribute (Zoom_Id, Inventory_Attribute_Id) values (11923, 49);
-- Final Index and Final Name: inner--0038 Key: fabric0038
insert into Zoom_Inventory_Attribute (Zoom_Id, Inventory_Attribute_Id) values (11923, 89);
insert into Zoom (Id, Description, Layer) values (11924, 'resources//img/Cuff/Cuff-Closeup-Lyr02-StrSingButton-Inner.0039.png', 02);
insert into Category_Zoom (Category_Id, Zoom_Id) values (6, 11924);
insert into Zoom_Inventory_Attribute (Zoom_Id, Inventory_Attribute_Id) values (11924, 49);
-- Final Index and Final Name: inner--0039 Key: fabric0039
insert into Zoom_Inventory_Attribute (Zoom_Id, Inventory_Attribute_Id) values (11924, 90);
insert into Zoom (Id, Description, Layer) values (11925, 'resources//img/Cuff/Cuff-Closeup-Lyr02-StrSingButton-Inner.0040.png', 02);
insert into Category_Zoom (Category_Id, Zoom_Id) values (6, 11925);
insert into Zoom_Inventory_Attribute (Zoom_Id, Inventory_Attribute_Id) values (11925, 49);
-- Final Index and Final Name: inner--0040 Key: fabric0040
insert into Zoom_Inventory_Attribute (Zoom_Id, Inventory_Attribute_Id) values (11925, 91);
insert into Zoom (Id, Description, Layer) values (11926, 'resources//img/Cuff/Cuff-Closeup-Lyr02-StrSingButton-Inner.0041.png', 02);
insert into Category_Zoom (Category_Id, Zoom_Id) values (6, 11926);
insert into Zoom_Inventory_Attribute (Zoom_Id, Inventory_Attribute_Id) values (11926, 49);
-- Final Index and Final Name: inner--0041 Key: fabric0041
insert into Zoom_Inventory_Attribute (Zoom_Id, Inventory_Attribute_Id) values (11926, 92);
insert into Zoom (Id, Description, Layer) values (11927, 'resources//img/Cuff/Cuff-Closeup-Lyr02-StrSingButton-Inner.0042.png', 02);
insert into Category_Zoom (Category_Id, Zoom_Id) values (6, 11927);
insert into Zoom_Inventory_Attribute (Zoom_Id, Inventory_Attribute_Id) values (11927, 49);
-- Final Index and Final Name: inner--0042 Key: fabric0042
insert into Zoom_Inventory_Attribute (Zoom_Id, Inventory_Attribute_Id) values (11927, 93);
insert into Zoom (Id, Description, Layer) values (11928, 'resources//img/Cuff/Cuff-Closeup-Lyr02-StrSingButton-Inner.0043.png', 02);
insert into Category_Zoom (Category_Id, Zoom_Id) values (6, 11928);
insert into Zoom_Inventory_Attribute (Zoom_Id, Inventory_Attribute_Id) values (11928, 49);
-- Final Index and Final Name: inner--0043 Key: fabric0043
insert into Zoom_Inventory_Attribute (Zoom_Id, Inventory_Attribute_Id) values (11928, 94);
insert into Zoom (Id, Description, Layer) values (11929, 'resources//img/Cuff/Cuff-Closeup-Lyr02-StrSingButton-Inner.0044.png', 02);
insert into Category_Zoom (Category_Id, Zoom_Id) values (6, 11929);
insert into Zoom_Inventory_Attribute (Zoom_Id, Inventory_Attribute_Id) values (11929, 49);
-- Final Index and Final Name: inner--0044 Key: fabric0044
insert into Zoom_Inventory_Attribute (Zoom_Id, Inventory_Attribute_Id) values (11929, 95);
insert into Zoom (Id, Description, Layer) values (11930, 'resources//img/Cuff/Cuff-Closeup-Lyr02-StrSingButton-Inner.0045.png', 02);
insert into Category_Zoom (Category_Id, Zoom_Id) values (6, 11930);
insert into Zoom_Inventory_Attribute (Zoom_Id, Inventory_Attribute_Id) values (11930, 49);
-- Final Index and Final Name: inner--0045 Key: fabric0045
insert into Zoom_Inventory_Attribute (Zoom_Id, Inventory_Attribute_Id) values (11930, 96);
insert into Zoom (Id, Description, Layer) values (11931, 'resources//img/Cuff/Cuff-Closeup-Lyr02-StrSingButton-Inner.0046.png', 02);
insert into Category_Zoom (Category_Id, Zoom_Id) values (6, 11931);
insert into Zoom_Inventory_Attribute (Zoom_Id, Inventory_Attribute_Id) values (11931, 49);
-- Final Index and Final Name: inner--0046 Key: fabric0046
insert into Zoom_Inventory_Attribute (Zoom_Id, Inventory_Attribute_Id) values (11931, 97);
insert into Zoom (Id, Description, Layer) values (11932, 'resources//img/Cuff/Cuff-Closeup-Lyr02-StrSingButton-Inner.0047.png', 02);
insert into Category_Zoom (Category_Id, Zoom_Id) values (6, 11932);
insert into Zoom_Inventory_Attribute (Zoom_Id, Inventory_Attribute_Id) values (11932, 49);
-- Final Index and Final Name: inner--0047 Key: fabric0047
insert into Zoom_Inventory_Attribute (Zoom_Id, Inventory_Attribute_Id) values (11932, 98);
insert into Zoom (Id, Description, Layer) values (11933, 'resources//img/Cuff/Cuff-Closeup-Lyr02-StrSingButton-Inner.0048.png', 02);
insert into Category_Zoom (Category_Id, Zoom_Id) values (6, 11933);
insert into Zoom_Inventory_Attribute (Zoom_Id, Inventory_Attribute_Id) values (11933, 49);
-- Final Index and Final Name: inner--0048 Key: fabric0048
insert into Zoom_Inventory_Attribute (Zoom_Id, Inventory_Attribute_Id) values (11933, 99);
insert into Zoom (Id, Description, Layer) values (11934, 'resources//img/Cuff/Cuff-Closeup-Lyr02-StrSingButton-Inner.0049.png', 02);
insert into Category_Zoom (Category_Id, Zoom_Id) values (6, 11934);
insert into Zoom_Inventory_Attribute (Zoom_Id, Inventory_Attribute_Id) values (11934, 49);
-- Final Index and Final Name: inner--0049 Key: fabric0049
insert into Zoom_Inventory_Attribute (Zoom_Id, Inventory_Attribute_Id) values (11934, 100);
insert into Zoom (Id, Description, Layer) values (11935, 'resources//img/Cuff/Cuff-Closeup-Lyr02-StrSingButton-Inner.0050.png', 02);
insert into Category_Zoom (Category_Id, Zoom_Id) values (6, 11935);
insert into Zoom_Inventory_Attribute (Zoom_Id, Inventory_Attribute_Id) values (11935, 49);
-- Final Index and Final Name: inner--0050 Key: fabric0050
insert into Zoom_Inventory_Attribute (Zoom_Id, Inventory_Attribute_Id) values (11935, 101);
insert into Zoom (Id, Description, Layer) values (11936, 'resources//img/Cuff/Cuff-Closeup-Lyr02-StrSingButton-Inner.0051.png', 02);
insert into Category_Zoom (Category_Id, Zoom_Id) values (6, 11936);
insert into Zoom_Inventory_Attribute (Zoom_Id, Inventory_Attribute_Id) values (11936, 49);
-- Final Index and Final Name: inner--0051 Key: fabric0051
insert into Zoom_Inventory_Attribute (Zoom_Id, Inventory_Attribute_Id) values (11936, 102);
insert into Zoom (Id, Description, Layer) values (11937, 'resources//img/Cuff/Cuff-Closeup-Lyr02-StrSingButton-Inner.0052.png', 02);
insert into Category_Zoom (Category_Id, Zoom_Id) values (6, 11937);
insert into Zoom_Inventory_Attribute (Zoom_Id, Inventory_Attribute_Id) values (11937, 49);
-- Final Index and Final Name: inner--0052 Key: fabric0052
insert into Zoom_Inventory_Attribute (Zoom_Id, Inventory_Attribute_Id) values (11937, 103);
insert into Zoom (Id, Description, Layer) values (11938, 'resources//img/Cuff/Cuff-Closeup-Lyr02-StrSingButton-Inner.0053.png', 02);
insert into Category_Zoom (Category_Id, Zoom_Id) values (6, 11938);
insert into Zoom_Inventory_Attribute (Zoom_Id, Inventory_Attribute_Id) values (11938, 49);
-- Final Index and Final Name: inner--0053 Key: fabric0053
insert into Zoom_Inventory_Attribute (Zoom_Id, Inventory_Attribute_Id) values (11938, 104);
insert into Zoom (Id, Description, Layer) values (11939, 'resources//img/Cuff/Cuff-Closeup-Lyr02-StrSingButton-Inner.0054.png', 02);
insert into Category_Zoom (Category_Id, Zoom_Id) values (6, 11939);
insert into Zoom_Inventory_Attribute (Zoom_Id, Inventory_Attribute_Id) values (11939, 49);
-- Final Index and Final Name: inner--0054 Key: fabric0054
insert into Zoom_Inventory_Attribute (Zoom_Id, Inventory_Attribute_Id) values (11939, 105);
insert into Zoom (Id, Description, Layer) values (11940, 'resources//img/Cuff/Cuff-Closeup-Lyr02-StrSingButton-Inner.0055.png', 02);
insert into Category_Zoom (Category_Id, Zoom_Id) values (6, 11940);
insert into Zoom_Inventory_Attribute (Zoom_Id, Inventory_Attribute_Id) values (11940, 49);
-- Final Index and Final Name: inner--0055 Key: fabric0055
insert into Zoom_Inventory_Attribute (Zoom_Id, Inventory_Attribute_Id) values (11940, 106);
insert into Zoom (Id, Description, Layer) values (11941, 'resources//img/Cuff/Cuff-Closeup-Lyr02-StrSingButton-Inner.0056.png', 02);
insert into Category_Zoom (Category_Id, Zoom_Id) values (6, 11941);
insert into Zoom_Inventory_Attribute (Zoom_Id, Inventory_Attribute_Id) values (11941, 49);
-- Final Index and Final Name: inner--0056 Key: fabric0056
insert into Zoom_Inventory_Attribute (Zoom_Id, Inventory_Attribute_Id) values (11941, 107);
insert into Zoom (Id, Description, Layer) values (11942, 'resources//img/Cuff/Cuff-Closeup-Lyr02-StrSingButton-Inner.0057.png', 02);
insert into Category_Zoom (Category_Id, Zoom_Id) values (6, 11942);
insert into Zoom_Inventory_Attribute (Zoom_Id, Inventory_Attribute_Id) values (11942, 49);
-- Final Index and Final Name: inner--0057 Key: fabric0057
insert into Zoom_Inventory_Attribute (Zoom_Id, Inventory_Attribute_Id) values (11942, 108);
insert into Zoom (Id, Description, Layer) values (11943, 'resources//img/Cuff/Cuff-Closeup-Lyr02-StrSingButton-Inner.0058.png', 02);
insert into Category_Zoom (Category_Id, Zoom_Id) values (6, 11943);
insert into Zoom_Inventory_Attribute (Zoom_Id, Inventory_Attribute_Id) values (11943, 49);
-- Final Index and Final Name: inner--0058 Key: fabric0058
insert into Zoom_Inventory_Attribute (Zoom_Id, Inventory_Attribute_Id) values (11943, 109);
insert into Zoom (Id, Description, Layer) values (11944, 'resources//img/Cuff/Cuff-Closeup-Lyr02-StrSingButton-Inner.0059.png', 02);
insert into Category_Zoom (Category_Id, Zoom_Id) values (6, 11944);
insert into Zoom_Inventory_Attribute (Zoom_Id, Inventory_Attribute_Id) values (11944, 49);
-- Final Index and Final Name: inner--0059 Key: fabric0059
insert into Zoom_Inventory_Attribute (Zoom_Id, Inventory_Attribute_Id) values (11944, 110);
insert into Zoom (Id, Description, Layer) values (11945, 'resources//img/Cuff/Cuff-Closeup-Lyr02-StrSingButton-Inner.0060.png', 02);
insert into Category_Zoom (Category_Id, Zoom_Id) values (6, 11945);
insert into Zoom_Inventory_Attribute (Zoom_Id, Inventory_Attribute_Id) values (11945, 49);
-- Final Index and Final Name: inner--0060 Key: fabric0060
insert into Zoom_Inventory_Attribute (Zoom_Id, Inventory_Attribute_Id) values (11945, 111);
insert into Zoom (Id, Description, Layer) values (11946, 'resources//img/Cuff/Cuff-Closeup-Lyr02-StrSingButton-Inner.0061.png', 02);
insert into Category_Zoom (Category_Id, Zoom_Id) values (6, 11946);
insert into Zoom_Inventory_Attribute (Zoom_Id, Inventory_Attribute_Id) values (11946, 49);
-- Final Index and Final Name: inner--0061 Key: fabric0061
insert into Zoom_Inventory_Attribute (Zoom_Id, Inventory_Attribute_Id) values (11946, 112);
insert into Zoom (Id, Description, Layer) values (11947, 'resources//img/Cuff/Cuff-Closeup-Lyr02-StrSingButton-Inner.0062.png', 02);
insert into Category_Zoom (Category_Id, Zoom_Id) values (6, 11947);
insert into Zoom_Inventory_Attribute (Zoom_Id, Inventory_Attribute_Id) values (11947, 49);
-- Final Index and Final Name: inner--0062 Key: fabric0062
insert into Zoom_Inventory_Attribute (Zoom_Id, Inventory_Attribute_Id) values (11947, 113);
insert into Zoom (Id, Description, Layer) values (11948, 'resources//img/Cuff/Cuff-Closeup-Lyr02-StrSingButton-Inner.0063.png', 02);
insert into Category_Zoom (Category_Id, Zoom_Id) values (6, 11948);
insert into Zoom_Inventory_Attribute (Zoom_Id, Inventory_Attribute_Id) values (11948, 49);
-- Final Index and Final Name: inner--0063 Key: fabric0063
insert into Zoom_Inventory_Attribute (Zoom_Id, Inventory_Attribute_Id) values (11948, 114);
insert into Zoom (Id, Description, Layer) values (11949, 'resources//img/Cuff/Cuff-Closeup-Lyr02-StrSingButton-Inner.0064.png', 02);
insert into Category_Zoom (Category_Id, Zoom_Id) values (6, 11949);
insert into Zoom_Inventory_Attribute (Zoom_Id, Inventory_Attribute_Id) values (11949, 49);
-- Final Index and Final Name: inner--0064 Key: fabric0064
insert into Zoom_Inventory_Attribute (Zoom_Id, Inventory_Attribute_Id) values (11949, 115);
insert into Zoom (Id, Description, Layer) values (11950, 'resources//img/Cuff/Cuff-Closeup-Lyr02-StrSingButton-Inner.0065.png', 02);
insert into Category_Zoom (Category_Id, Zoom_Id) values (6, 11950);
insert into Zoom_Inventory_Attribute (Zoom_Id, Inventory_Attribute_Id) values (11950, 49);
-- Final Index and Final Name: inner--0065 Key: fabric0065
insert into Zoom_Inventory_Attribute (Zoom_Id, Inventory_Attribute_Id) values (11950, 116);
insert into Zoom (Id, Description, Layer) values (11951, 'resources//img/Cuff/Cuff-Closeup-Lyr02-StrSingButton-Inner.0066.png', 02);
insert into Category_Zoom (Category_Id, Zoom_Id) values (6, 11951);
insert into Zoom_Inventory_Attribute (Zoom_Id, Inventory_Attribute_Id) values (11951, 49);
-- Final Index and Final Name: inner--0066 Key: fabric0066
insert into Zoom_Inventory_Attribute (Zoom_Id, Inventory_Attribute_Id) values (11951, 117);
insert into Zoom (Id, Description, Layer) values (11952, 'resources//img/Cuff/Cuff-Closeup-Lyr02-StrSingButton-Inner.0067.png', 02);
insert into Category_Zoom (Category_Id, Zoom_Id) values (6, 11952);
insert into Zoom_Inventory_Attribute (Zoom_Id, Inventory_Attribute_Id) values (11952, 49);
-- Final Index and Final Name: inner--0067 Key: fabric0067
insert into Zoom_Inventory_Attribute (Zoom_Id, Inventory_Attribute_Id) values (11952, 118);
insert into Zoom (Id, Description, Layer) values (11953, 'resources//img/Cuff/Cuff-Closeup-Lyr02-StrSingButton-Inner.0068.png', 02);
insert into Category_Zoom (Category_Id, Zoom_Id) values (6, 11953);
insert into Zoom_Inventory_Attribute (Zoom_Id, Inventory_Attribute_Id) values (11953, 49);
-- Final Index and Final Name: inner--0068 Key: fabric0068
insert into Zoom_Inventory_Attribute (Zoom_Id, Inventory_Attribute_Id) values (11953, 119);
insert into Zoom (Id, Description, Layer) values (11954, 'resources//img/Cuff/Cuff-Closeup-Lyr02-StrSingButton-Inner.0069.png', 02);
insert into Category_Zoom (Category_Id, Zoom_Id) values (6, 11954);
insert into Zoom_Inventory_Attribute (Zoom_Id, Inventory_Attribute_Id) values (11954, 49);
-- Final Index and Final Name: inner--0069 Key: fabric0069
insert into Zoom_Inventory_Attribute (Zoom_Id, Inventory_Attribute_Id) values (11954, 120);
insert into Zoom (Id, Description, Layer) values (11955, 'resources//img/Cuff/Cuff-Closeup-Lyr02-StrSingButton-Inner.0070.png', 02);
insert into Category_Zoom (Category_Id, Zoom_Id) values (6, 11955);
insert into Zoom_Inventory_Attribute (Zoom_Id, Inventory_Attribute_Id) values (11955, 49);
-- Final Index and Final Name: inner--0070 Key: fabric0070
insert into Zoom_Inventory_Attribute (Zoom_Id, Inventory_Attribute_Id) values (11955, 121);
insert into Zoom (Id, Description, Layer) values (11956, 'resources//img/Cuff/Cuff-Closeup-Lyr02-StrSingButton-Inner.0071.png', 02);
insert into Category_Zoom (Category_Id, Zoom_Id) values (6, 11956);
insert into Zoom_Inventory_Attribute (Zoom_Id, Inventory_Attribute_Id) values (11956, 49);
-- Final Index and Final Name: inner--0071 Key: fabric0071
insert into Zoom_Inventory_Attribute (Zoom_Id, Inventory_Attribute_Id) values (11956, 122);
insert into Zoom (Id, Description, Layer) values (11957, 'resources//img/Cuff/Cuff-Closeup-Lyr02-StrSingButton-Inner.0072.png', 02);
insert into Category_Zoom (Category_Id, Zoom_Id) values (6, 11957);
insert into Zoom_Inventory_Attribute (Zoom_Id, Inventory_Attribute_Id) values (11957, 49);
-- Final Index and Final Name: inner--0072 Key: fabric0072
insert into Zoom_Inventory_Attribute (Zoom_Id, Inventory_Attribute_Id) values (11957, 123);
insert into Zoom (Id, Description, Layer) values (11958, 'resources//img/Cuff/Cuff-Closeup-Lyr02-StrSingButton-Inner.0073.png', 02);
insert into Category_Zoom (Category_Id, Zoom_Id) values (6, 11958);
insert into Zoom_Inventory_Attribute (Zoom_Id, Inventory_Attribute_Id) values (11958, 49);
-- Final Index and Final Name: inner--0073 Key: fabric0073
insert into Zoom_Inventory_Attribute (Zoom_Id, Inventory_Attribute_Id) values (11958, 124);
insert into Zoom (Id, Description, Layer) values (11959, 'resources//img/Cuff/Cuff-Closeup-Lyr02-StrSingButton-Inner.0074.png', 02);
insert into Category_Zoom (Category_Id, Zoom_Id) values (6, 11959);
insert into Zoom_Inventory_Attribute (Zoom_Id, Inventory_Attribute_Id) values (11959, 49);
-- Final Index and Final Name: inner--0074 Key: fabric0074
insert into Zoom_Inventory_Attribute (Zoom_Id, Inventory_Attribute_Id) values (11959, 125);
insert into Zoom (Id, Description, Layer) values (11960, 'resources//img/Cuff/Cuff-Closeup-Lyr02-StrSingButton-Inner.0075.png', 02);
insert into Category_Zoom (Category_Id, Zoom_Id) values (6, 11960);
insert into Zoom_Inventory_Attribute (Zoom_Id, Inventory_Attribute_Id) values (11960, 49);
-- Final Index and Final Name: inner--0075 Key: fabric0075
insert into Zoom_Inventory_Attribute (Zoom_Id, Inventory_Attribute_Id) values (11960, 126);
insert into Zoom (Id, Description, Layer) values (11961, 'resources//img/Cuff/Cuff-Closeup-Lyr02-StrSingButton-Inner.0076.png', 02);
insert into Category_Zoom (Category_Id, Zoom_Id) values (6, 11961);
insert into Zoom_Inventory_Attribute (Zoom_Id, Inventory_Attribute_Id) values (11961, 49);
-- Final Index and Final Name: inner--0076 Key: fabric0076
insert into Zoom_Inventory_Attribute (Zoom_Id, Inventory_Attribute_Id) values (11961, 127);
insert into Zoom (Id, Description, Layer) values (11962, 'resources//img/Cuff/Cuff-Closeup-Lyr02-StrSingButton-Inner.0077.png', 02);
insert into Category_Zoom (Category_Id, Zoom_Id) values (6, 11962);
insert into Zoom_Inventory_Attribute (Zoom_Id, Inventory_Attribute_Id) values (11962, 49);
-- Final Index and Final Name: inner--0077 Key: fabric0077
insert into Zoom_Inventory_Attribute (Zoom_Id, Inventory_Attribute_Id) values (11962, 128);
insert into Zoom (Id, Description, Layer) values (11963, 'resources//img/Cuff/Cuff-Closeup-Lyr02-StrSingButton-Inner.0078.png', 02);
insert into Category_Zoom (Category_Id, Zoom_Id) values (6, 11963);
insert into Zoom_Inventory_Attribute (Zoom_Id, Inventory_Attribute_Id) values (11963, 49);
-- Final Index and Final Name: inner--0078 Key: fabric0078
insert into Zoom_Inventory_Attribute (Zoom_Id, Inventory_Attribute_Id) values (11963, 129);
insert into Zoom (Id, Description, Layer) values (11964, 'resources//img/Cuff/Cuff-Closeup-Lyr02-StrSingButton-Inner.0079.png', 02);
insert into Category_Zoom (Category_Id, Zoom_Id) values (6, 11964);
insert into Zoom_Inventory_Attribute (Zoom_Id, Inventory_Attribute_Id) values (11964, 49);
-- Final Index and Final Name: inner--0079 Key: fabric0079
insert into Zoom_Inventory_Attribute (Zoom_Id, Inventory_Attribute_Id) values (11964, 130);
insert into Zoom (Id, Description, Layer) values (11965, 'resources//img/Cuff/Cuff-Closeup-Lyr02-StrSingButton-Inner.0080.png', 02);
insert into Category_Zoom (Category_Id, Zoom_Id) values (6, 11965);
insert into Zoom_Inventory_Attribute (Zoom_Id, Inventory_Attribute_Id) values (11965, 49);
-- Final Index and Final Name: inner--0080 Key: fabric0080
insert into Zoom_Inventory_Attribute (Zoom_Id, Inventory_Attribute_Id) values (11965, 131);
insert into Zoom (Id, Description, Layer) values (11966, 'resources//img/Cuff/Cuff-Closeup-Lyr02-StrSingButton-Inner.0081.png', 02);
insert into Category_Zoom (Category_Id, Zoom_Id) values (6, 11966);
insert into Zoom_Inventory_Attribute (Zoom_Id, Inventory_Attribute_Id) values (11966, 49);
-- Final Index and Final Name: inner--0081 Key: fabric0081
insert into Zoom_Inventory_Attribute (Zoom_Id, Inventory_Attribute_Id) values (11966, 132);
insert into Zoom (Id, Description, Layer) values (11967, 'resources//img/Cuff/Cuff-Closeup-Lyr02-StrSingButton-Inner.0082.png', 02);
insert into Category_Zoom (Category_Id, Zoom_Id) values (6, 11967);
insert into Zoom_Inventory_Attribute (Zoom_Id, Inventory_Attribute_Id) values (11967, 49);
-- Final Index and Final Name: inner--0082 Key: fabric0082
insert into Zoom_Inventory_Attribute (Zoom_Id, Inventory_Attribute_Id) values (11967, 133);
insert into Zoom (Id, Description, Layer) values (11968, 'resources//img/Cuff/Cuff-Closeup-Lyr02-StrSingButton-Inner.0083.png', 02);
insert into Category_Zoom (Category_Id, Zoom_Id) values (6, 11968);
insert into Zoom_Inventory_Attribute (Zoom_Id, Inventory_Attribute_Id) values (11968, 49);
-- Final Index and Final Name: inner--0083 Key: fabric0083
insert into Zoom_Inventory_Attribute (Zoom_Id, Inventory_Attribute_Id) values (11968, 134);
insert into Zoom (Id, Description, Layer) values (11969, 'resources//img/Cuff/Cuff-Closeup-Lyr02-StrSingButton-Inner.0084.png', 02);
insert into Category_Zoom (Category_Id, Zoom_Id) values (6, 11969);
insert into Zoom_Inventory_Attribute (Zoom_Id, Inventory_Attribute_Id) values (11969, 49);
-- Final Index and Final Name: inner--0084 Key: fabric0084
insert into Zoom_Inventory_Attribute (Zoom_Id, Inventory_Attribute_Id) values (11969, 135);
insert into Zoom (Id, Description, Layer) values (11970, 'resources//img/Cuff/Cuff-Closeup-Lyr02-StrSingButton-Inner.0085.png', 02);
insert into Category_Zoom (Category_Id, Zoom_Id) values (6, 11970);
insert into Zoom_Inventory_Attribute (Zoom_Id, Inventory_Attribute_Id) values (11970, 49);
-- Final Index and Final Name: inner--0085 Key: fabric0085
insert into Zoom_Inventory_Attribute (Zoom_Id, Inventory_Attribute_Id) values (11970, 136);
insert into Zoom (Id, Description, Layer) values (11971, 'resources//img/Cuff/Cuff-Closeup-Lyr02-StrSingButton-Inner.0086.png', 02);
insert into Category_Zoom (Category_Id, Zoom_Id) values (6, 11971);
insert into Zoom_Inventory_Attribute (Zoom_Id, Inventory_Attribute_Id) values (11971, 49);
-- Final Index and Final Name: inner--0086 Key: fabric0086
insert into Zoom_Inventory_Attribute (Zoom_Id, Inventory_Attribute_Id) values (11971, 137);
insert into Zoom (Id, Description, Layer) values (11972, 'resources//img/Cuff/Cuff-Closeup-Lyr02-StrSingButton-Inner.0087.png', 02);
insert into Category_Zoom (Category_Id, Zoom_Id) values (6, 11972);
insert into Zoom_Inventory_Attribute (Zoom_Id, Inventory_Attribute_Id) values (11972, 49);
-- Final Index and Final Name: inner--0087 Key: fabric0087
insert into Zoom_Inventory_Attribute (Zoom_Id, Inventory_Attribute_Id) values (11972, 138);
insert into Zoom (Id, Description, Layer) values (11973, 'resources//img/Cuff/Cuff-Closeup-Lyr02-StrSingButton-Inner.0088.png', 02);
insert into Category_Zoom (Category_Id, Zoom_Id) values (6, 11973);
insert into Zoom_Inventory_Attribute (Zoom_Id, Inventory_Attribute_Id) values (11973, 49);
-- Final Index and Final Name: inner--0088 Key: fabric0088
insert into Zoom_Inventory_Attribute (Zoom_Id, Inventory_Attribute_Id) values (11973, 139);
insert into Zoom (Id, Description, Layer) values (11974, 'resources//img/Cuff/Cuff-Closeup-Lyr02-StrSingButton-Inner.0089.png', 02);
insert into Category_Zoom (Category_Id, Zoom_Id) values (6, 11974);
insert into Zoom_Inventory_Attribute (Zoom_Id, Inventory_Attribute_Id) values (11974, 49);
-- Final Index and Final Name: inner--0089 Key: fabric0089
insert into Zoom_Inventory_Attribute (Zoom_Id, Inventory_Attribute_Id) values (11974, 140);
insert into Zoom (Id, Description, Layer) values (11975, 'resources//img/Cuff/Cuff-Closeup-Lyr02-StrSingButton-Inner.0090.png', 02);
insert into Category_Zoom (Category_Id, Zoom_Id) values (6, 11975);
insert into Zoom_Inventory_Attribute (Zoom_Id, Inventory_Attribute_Id) values (11975, 49);
-- Final Index and Final Name: inner--0090 Key: fabric0090
insert into Zoom_Inventory_Attribute (Zoom_Id, Inventory_Attribute_Id) values (11975, 141);
insert into Zoom (Id, Description, Layer) values (11976, 'resources//img/Cuff/Cuff-Closeup-Lyr02-StrSingButton-Inner.0091.png', 02);
insert into Category_Zoom (Category_Id, Zoom_Id) values (6, 11976);
insert into Zoom_Inventory_Attribute (Zoom_Id, Inventory_Attribute_Id) values (11976, 49);
-- Final Index and Final Name: inner--0091 Key: fabric0091
insert into Zoom_Inventory_Attribute (Zoom_Id, Inventory_Attribute_Id) values (11976, 142);
insert into Zoom (Id, Description, Layer) values (11977, 'resources//img/Cuff/Cuff-Closeup-Lyr02-StrSingButton-Inner.0092.png', 02);
insert into Category_Zoom (Category_Id, Zoom_Id) values (6, 11977);
insert into Zoom_Inventory_Attribute (Zoom_Id, Inventory_Attribute_Id) values (11977, 49);
-- Final Index and Final Name: inner--0092 Key: fabric0092
insert into Zoom_Inventory_Attribute (Zoom_Id, Inventory_Attribute_Id) values (11977, 143);
insert into Zoom (Id, Description, Layer) values (11978, 'resources//img/Cuff/Cuff-Closeup-Lyr02-StrSingButton-Inner.0093.png', 02);
insert into Category_Zoom (Category_Id, Zoom_Id) values (6, 11978);
insert into Zoom_Inventory_Attribute (Zoom_Id, Inventory_Attribute_Id) values (11978, 49);
-- Final Index and Final Name: inner--0093 Key: fabric0093
insert into Zoom_Inventory_Attribute (Zoom_Id, Inventory_Attribute_Id) values (11978, 144);
insert into Zoom (Id, Description, Layer) values (11979, 'resources//img/Cuff/Cuff-Closeup-Lyr02-StrSingButton-Inner.0094.png', 02);
insert into Category_Zoom (Category_Id, Zoom_Id) values (6, 11979);
insert into Zoom_Inventory_Attribute (Zoom_Id, Inventory_Attribute_Id) values (11979, 49);
-- Final Index and Final Name: inner--0094 Key: fabric0094
insert into Zoom_Inventory_Attribute (Zoom_Id, Inventory_Attribute_Id) values (11979, 145);
insert into Zoom (Id, Description, Layer) values (11980, 'resources//img/Cuff/Cuff-Closeup-Lyr02-StrSingButton-Inner.0095.png', 02);
insert into Category_Zoom (Category_Id, Zoom_Id) values (6, 11980);
insert into Zoom_Inventory_Attribute (Zoom_Id, Inventory_Attribute_Id) values (11980, 49);
-- Final Index and Final Name: inner--0095 Key: fabric0095
insert into Zoom_Inventory_Attribute (Zoom_Id, Inventory_Attribute_Id) values (11980, 146);
insert into Zoom (Id, Description, Layer) values (11981, 'resources//img/Cuff/Cuff-Closeup-Lyr02-StrSingButton-Inner.0096.png', 02);
insert into Category_Zoom (Category_Id, Zoom_Id) values (6, 11981);
insert into Zoom_Inventory_Attribute (Zoom_Id, Inventory_Attribute_Id) values (11981, 49);
-- Final Index and Final Name: inner--0096 Key: fabric0096
insert into Zoom_Inventory_Attribute (Zoom_Id, Inventory_Attribute_Id) values (11981, 147);
insert into Zoom (Id, Description, Layer) values (11982, 'resources//img/Cuff/Cuff-Closeup-Lyr02-StrSingButton-Inner.0097.png', 02);
insert into Category_Zoom (Category_Id, Zoom_Id) values (6, 11982);
insert into Zoom_Inventory_Attribute (Zoom_Id, Inventory_Attribute_Id) values (11982, 49);
-- Final Index and Final Name: inner--0097 Key: fabric0097
insert into Zoom_Inventory_Attribute (Zoom_Id, Inventory_Attribute_Id) values (11982, 148);
insert into Zoom (Id, Description, Layer) values (11983, 'resources//img/Cuff/Cuff-Closeup-Lyr02-StrSingButton-Inner.0098.png', 02);
insert into Category_Zoom (Category_Id, Zoom_Id) values (6, 11983);
insert into Zoom_Inventory_Attribute (Zoom_Id, Inventory_Attribute_Id) values (11983, 49);
-- Final Index and Final Name: inner--0098 Key: fabric0098
insert into Zoom_Inventory_Attribute (Zoom_Id, Inventory_Attribute_Id) values (11983, 149);
insert into Zoom (Id, Description, Layer) values (11984, 'resources//img/Cuff/Cuff-Closeup-Lyr02-StrSingButton-Inner.0099.png', 02);
insert into Category_Zoom (Category_Id, Zoom_Id) values (6, 11984);
insert into Zoom_Inventory_Attribute (Zoom_Id, Inventory_Attribute_Id) values (11984, 49);
-- Final Index and Final Name: inner--0099 Key: fabric0099
insert into Zoom_Inventory_Attribute (Zoom_Id, Inventory_Attribute_Id) values (11984, 150);
insert into Zoom (Id, Description, Layer) values (11985, 'resources//img/Cuff/Cuff-Closeup-Lyr02-StrSingButton-Inner.0100.png', 02);
insert into Category_Zoom (Category_Id, Zoom_Id) values (6, 11985);
insert into Zoom_Inventory_Attribute (Zoom_Id, Inventory_Attribute_Id) values (11985, 49);
-- Final Index and Final Name: inner--0100 Key: fabric0100
insert into Zoom_Inventory_Attribute (Zoom_Id, Inventory_Attribute_Id) values (11985, 151);
insert into Zoom (Id, Description, Layer) values (11986, 'resources//img/Cuff/Cuff-Closeup-Lyr02-StrSingButton-Inner.0101.png', 02);
insert into Category_Zoom (Category_Id, Zoom_Id) values (6, 11986);
insert into Zoom_Inventory_Attribute (Zoom_Id, Inventory_Attribute_Id) values (11986, 49);
-- Final Index and Final Name: inner--0101 Key: fabric0101
insert into Zoom_Inventory_Attribute (Zoom_Id, Inventory_Attribute_Id) values (11986, 152);
insert into Zoom (Id, Description, Layer) values (11987, 'resources//img/Cuff/Cuff-Closeup-Lyr02-StrSingButton-Inner.0102.png', 02);
insert into Category_Zoom (Category_Id, Zoom_Id) values (6, 11987);
insert into Zoom_Inventory_Attribute (Zoom_Id, Inventory_Attribute_Id) values (11987, 49);
-- Final Index and Final Name: inner--0102 Key: fabric0102
insert into Zoom_Inventory_Attribute (Zoom_Id, Inventory_Attribute_Id) values (11987, 153);
insert into Zoom (Id, Description, Layer) values (11988, 'resources//img/Cuff/Cuff-Closeup-Lyr02-StrSingButton-Inner.0103.png', 02);
insert into Category_Zoom (Category_Id, Zoom_Id) values (6, 11988);
insert into Zoom_Inventory_Attribute (Zoom_Id, Inventory_Attribute_Id) values (11988, 49);
-- Final Index and Final Name: inner--0103 Key: fabric0103
insert into Zoom_Inventory_Attribute (Zoom_Id, Inventory_Attribute_Id) values (11988, 154);
insert into Zoom (Id, Description, Layer) values (11989, 'resources//img/Cuff/Cuff-Closeup-Lyr02-StrSingButton-Inner.0104.png', 02);
insert into Category_Zoom (Category_Id, Zoom_Id) values (6, 11989);
insert into Zoom_Inventory_Attribute (Zoom_Id, Inventory_Attribute_Id) values (11989, 49);
-- Final Index and Final Name: inner--0104 Key: fabric0104
insert into Zoom_Inventory_Attribute (Zoom_Id, Inventory_Attribute_Id) values (11989, 155);
insert into Zoom (Id, Description, Layer) values (11990, 'resources//img/Cuff/Cuff-Closeup-Lyr02-StrSingButton-Inner.0105.png', 02);
insert into Category_Zoom (Category_Id, Zoom_Id) values (6, 11990);
insert into Zoom_Inventory_Attribute (Zoom_Id, Inventory_Attribute_Id) values (11990, 49);
-- Final Index and Final Name: inner--0105 Key: fabric0105
insert into Zoom_Inventory_Attribute (Zoom_Id, Inventory_Attribute_Id) values (11990, 156);
insert into Zoom (Id, Description, Layer) values (11991, 'resources//img/Cuff/Cuff-Closeup-Lyr02-StrSingButton-Inner.0106.png', 02);
insert into Category_Zoom (Category_Id, Zoom_Id) values (6, 11991);
insert into Zoom_Inventory_Attribute (Zoom_Id, Inventory_Attribute_Id) values (11991, 49);
-- Final Index and Final Name: inner--0106 Key: fabric0106
insert into Zoom_Inventory_Attribute (Zoom_Id, Inventory_Attribute_Id) values (11991, 157);
insert into Zoom (Id, Description, Layer) values (11992, 'resources//img/Cuff/Cuff-Closeup-Lyr02-StrSingButton-Inner.0107.png', 02);
insert into Category_Zoom (Category_Id, Zoom_Id) values (6, 11992);
insert into Zoom_Inventory_Attribute (Zoom_Id, Inventory_Attribute_Id) values (11992, 49);
-- Final Index and Final Name: inner--0107 Key: fabric0107
insert into Zoom_Inventory_Attribute (Zoom_Id, Inventory_Attribute_Id) values (11992, 158);
insert into Zoom (Id, Description, Layer) values (11993, 'resources//img/Cuff/Cuff-Closeup-Lyr02-StrSingButton-Inner.0108.png', 02);
insert into Category_Zoom (Category_Id, Zoom_Id) values (6, 11993);
insert into Zoom_Inventory_Attribute (Zoom_Id, Inventory_Attribute_Id) values (11993, 49);
-- Final Index and Final Name: inner--0108 Key: fabric0108
insert into Zoom_Inventory_Attribute (Zoom_Id, Inventory_Attribute_Id) values (11993, 159);
insert into Zoom (Id, Description, Layer) values (11994, 'resources//img/Cuff/Cuff-Closeup-Lyr02-StrSingButton-Inner.0109.png', 02);
insert into Category_Zoom (Category_Id, Zoom_Id) values (6, 11994);
insert into Zoom_Inventory_Attribute (Zoom_Id, Inventory_Attribute_Id) values (11994, 49);
-- Final Index and Final Name: inner--0109 Key: fabric0109
insert into Zoom_Inventory_Attribute (Zoom_Id, Inventory_Attribute_Id) values (11994, 160);
insert into Zoom (Id, Description, Layer) values (11995, 'resources//img/Cuff/Cuff-Closeup-Lyr02-StrSingButton-Inner.0110.png', 02);
insert into Category_Zoom (Category_Id, Zoom_Id) values (6, 11995);
insert into Zoom_Inventory_Attribute (Zoom_Id, Inventory_Attribute_Id) values (11995, 49);
-- Final Index and Final Name: inner--0110 Key: fabric0110
insert into Zoom_Inventory_Attribute (Zoom_Id, Inventory_Attribute_Id) values (11995, 161);
insert into Zoom (Id, Description, Layer) values (11996, 'resources//img/Cuff/Cuff-Closeup-Lyr02-StrSingButton-Inner.0111.png', 02);
insert into Category_Zoom (Category_Id, Zoom_Id) values (6, 11996);
insert into Zoom_Inventory_Attribute (Zoom_Id, Inventory_Attribute_Id) values (11996, 49);
-- Final Index and Final Name: inner--0111 Key: fabric0111
insert into Zoom_Inventory_Attribute (Zoom_Id, Inventory_Attribute_Id) values (11996, 162);
insert into Zoom (Id, Description, Layer) values (11997, 'resources//img/Cuff/Cuff-Closeup-Lyr02-StrSingButton-Inner.0112.png', 02);
insert into Category_Zoom (Category_Id, Zoom_Id) values (6, 11997);
insert into Zoom_Inventory_Attribute (Zoom_Id, Inventory_Attribute_Id) values (11997, 49);
-- Final Index and Final Name: inner--0112 Key: fabric0112
insert into Zoom_Inventory_Attribute (Zoom_Id, Inventory_Attribute_Id) values (11997, 163);
insert into Zoom (Id, Description, Layer) values (11998, 'resources//img/Cuff/Cuff-Closeup-Lyr02-StrSingButton-Inner.0113.png', 02);
insert into Category_Zoom (Category_Id, Zoom_Id) values (6, 11998);
insert into Zoom_Inventory_Attribute (Zoom_Id, Inventory_Attribute_Id) values (11998, 49);
-- Final Index and Final Name: inner--0113 Key: fabric0113
insert into Zoom_Inventory_Attribute (Zoom_Id, Inventory_Attribute_Id) values (11998, 164);
insert into Zoom (Id, Description, Layer) values (11999, 'resources//img/Cuff/Cuff-Closeup-Lyr02-StrSingButton-Inner.0114.png', 02);
insert into Category_Zoom (Category_Id, Zoom_Id) values (6, 11999);
insert into Zoom_Inventory_Attribute (Zoom_Id, Inventory_Attribute_Id) values (11999, 49);
-- Final Index and Final Name: inner--0114 Key: fabric0114
insert into Zoom_Inventory_Attribute (Zoom_Id, Inventory_Attribute_Id) values (11999, 165);
insert into Zoom (Id, Description, Layer) values (12000, 'resources//img/Cuff/Cuff-Closeup-Lyr02-StrSingButton-Inner.0115.png', 02);
insert into Category_Zoom (Category_Id, Zoom_Id) values (6, 12000);
insert into Zoom_Inventory_Attribute (Zoom_Id, Inventory_Attribute_Id) values (12000, 49);
-- Final Index and Final Name: inner--0115 Key: fabric0115
insert into Zoom_Inventory_Attribute (Zoom_Id, Inventory_Attribute_Id) values (12000, 166);
insert into Zoom (Id, Description, Layer) values (12001, 'resources//img/Cuff/Cuff-Closeup-Lyr02-StrSingButton-Inner.0116.png', 02);
insert into Category_Zoom (Category_Id, Zoom_Id) values (6, 12001);
insert into Zoom_Inventory_Attribute (Zoom_Id, Inventory_Attribute_Id) values (12001, 49);
-- Final Index and Final Name: inner--0116 Key: fabric0116
insert into Zoom_Inventory_Attribute (Zoom_Id, Inventory_Attribute_Id) values (12001, 167);
insert into Zoom (Id, Description, Layer) values (12002, 'resources//img/Cuff/Cuff-Closeup-Lyr02-StrSingButton-Inner.0117.png', 02);
insert into Category_Zoom (Category_Id, Zoom_Id) values (6, 12002);
insert into Zoom_Inventory_Attribute (Zoom_Id, Inventory_Attribute_Id) values (12002, 49);
-- Final Index and Final Name: inner--0117 Key: fabric0117
insert into Zoom_Inventory_Attribute (Zoom_Id, Inventory_Attribute_Id) values (12002, 168);
insert into Zoom (Id, Description, Layer) values (12003, 'resources//img/Cuff/Cuff-Closeup-Lyr02-StrSingButton-Inner.0118.png', 02);
insert into Category_Zoom (Category_Id, Zoom_Id) values (6, 12003);
insert into Zoom_Inventory_Attribute (Zoom_Id, Inventory_Attribute_Id) values (12003, 49);
-- Final Index and Final Name: inner--0118 Key: fabric0118
insert into Zoom_Inventory_Attribute (Zoom_Id, Inventory_Attribute_Id) values (12003, 169);
insert into Zoom (Id, Description, Layer) values (12004, 'resources//img/Cuff/Cuff-Closeup-Lyr02-StrSingButton-Inner.0119.png', 02);
insert into Category_Zoom (Category_Id, Zoom_Id) values (6, 12004);
insert into Zoom_Inventory_Attribute (Zoom_Id, Inventory_Attribute_Id) values (12004, 49);
-- Final Index and Final Name: inner--0119 Key: fabric0119
insert into Zoom_Inventory_Attribute (Zoom_Id, Inventory_Attribute_Id) values (12004, 170);
insert into Zoom (Id, Description, Layer) values (12005, 'resources//img/Cuff/Cuff-Closeup-Lyr02-StrSingButton-Inner.0120.png', 02);
insert into Category_Zoom (Category_Id, Zoom_Id) values (6, 12005);
insert into Zoom_Inventory_Attribute (Zoom_Id, Inventory_Attribute_Id) values (12005, 49);
-- Final Index and Final Name: inner--0120 Key: fabric0120
insert into Zoom_Inventory_Attribute (Zoom_Id, Inventory_Attribute_Id) values (12005, 171);
insert into Zoom (Id, Description, Layer) values (12006, 'resources//img/Cuff/Cuff-Closeup-Lyr02-StrSingButton-Inner.0121.png', 02);
insert into Category_Zoom (Category_Id, Zoom_Id) values (6, 12006);
insert into Zoom_Inventory_Attribute (Zoom_Id, Inventory_Attribute_Id) values (12006, 49);
-- Final Index and Final Name: inner--0121 Key: fabric0121
insert into Zoom_Inventory_Attribute (Zoom_Id, Inventory_Attribute_Id) values (12006, 172);
insert into Zoom (Id, Description, Layer) values (12007, 'resources//img/Cuff/Cuff-Closeup-Lyr02-StrSingButton-Inner.0122.png', 02);
insert into Category_Zoom (Category_Id, Zoom_Id) values (6, 12007);
insert into Zoom_Inventory_Attribute (Zoom_Id, Inventory_Attribute_Id) values (12007, 49);
-- Final Index and Final Name: inner--0122 Key: fabric0122
insert into Zoom_Inventory_Attribute (Zoom_Id, Inventory_Attribute_Id) values (12007, 173);
insert into Zoom (Id, Description, Layer) values (12008, 'resources//img/Cuff/Cuff-Closeup-Lyr02-StrSingButton-Inner.0123.png', 02);
insert into Category_Zoom (Category_Id, Zoom_Id) values (6, 12008);
insert into Zoom_Inventory_Attribute (Zoom_Id, Inventory_Attribute_Id) values (12008, 49);
-- Final Index and Final Name: inner--0123 Key: fabric0123
insert into Zoom_Inventory_Attribute (Zoom_Id, Inventory_Attribute_Id) values (12008, 174);
insert into Zoom (Id, Description, Layer) values (12009, 'resources//img/Cuff/Cuff-Closeup-Lyr02-StrSingButton-Inner.0124.png', 02);
insert into Category_Zoom (Category_Id, Zoom_Id) values (6, 12009);
insert into Zoom_Inventory_Attribute (Zoom_Id, Inventory_Attribute_Id) values (12009, 49);
-- Final Index and Final Name: inner--0124 Key: fabric0124
insert into Zoom_Inventory_Attribute (Zoom_Id, Inventory_Attribute_Id) values (12009, 175);
insert into Zoom (Id, Description, Layer) values (12010, 'resources//img/Cuff/Cuff-Closeup-Lyr02-StrSingButton-Inner.0125.png', 02);
insert into Category_Zoom (Category_Id, Zoom_Id) values (6, 12010);
insert into Zoom_Inventory_Attribute (Zoom_Id, Inventory_Attribute_Id) values (12010, 49);
-- Final Index and Final Name: inner--0125 Key: fabric0125
insert into Zoom_Inventory_Attribute (Zoom_Id, Inventory_Attribute_Id) values (12010, 176);
insert into Zoom (Id, Description, Layer) values (12011, 'resources//img/Cuff/Cuff-Closeup-Lyr02-StrSingButton-Inner.0126.png', 02);
insert into Category_Zoom (Category_Id, Zoom_Id) values (6, 12011);
insert into Zoom_Inventory_Attribute (Zoom_Id, Inventory_Attribute_Id) values (12011, 49);
-- Final Index and Final Name: inner--0126 Key: fabric0126
insert into Zoom_Inventory_Attribute (Zoom_Id, Inventory_Attribute_Id) values (12011, 177);
insert into Zoom (Id, Description, Layer) values (12012, 'resources//img/Cuff/Cuff-Closeup-Lyr02-StrSingButton-Inner.0127.png', 02);
insert into Category_Zoom (Category_Id, Zoom_Id) values (6, 12012);
insert into Zoom_Inventory_Attribute (Zoom_Id, Inventory_Attribute_Id) values (12012, 49);
-- Final Index and Final Name: inner--0127 Key: fabric0127
insert into Zoom_Inventory_Attribute (Zoom_Id, Inventory_Attribute_Id) values (12012, 178);
insert into Zoom (Id, Description, Layer) values (12013, 'resources//img/Cuff/Cuff-Closeup-Lyr02-StrSingButton-Inner.0128.png', 02);
insert into Category_Zoom (Category_Id, Zoom_Id) values (6, 12013);
insert into Zoom_Inventory_Attribute (Zoom_Id, Inventory_Attribute_Id) values (12013, 49);
-- Final Index and Final Name: inner--0128 Key: fabric0128
insert into Zoom_Inventory_Attribute (Zoom_Id, Inventory_Attribute_Id) values (12013, 179);
insert into Zoom (Id, Description, Layer) values (12014, 'resources//img/Cuff/Cuff-Closeup-Lyr02-StrSingButton-Inner.0129.png', 02);
insert into Category_Zoom (Category_Id, Zoom_Id) values (6, 12014);
insert into Zoom_Inventory_Attribute (Zoom_Id, Inventory_Attribute_Id) values (12014, 49);
-- Final Index and Final Name: inner--0129 Key: fabric0129
insert into Zoom_Inventory_Attribute (Zoom_Id, Inventory_Attribute_Id) values (12014, 180);
insert into Zoom (Id, Description, Layer) values (12015, 'resources//img/Cuff/Cuff-Closeup-Lyr02-StrSingButton-Inner.0130.png', 02);
insert into Category_Zoom (Category_Id, Zoom_Id) values (6, 12015);
insert into Zoom_Inventory_Attribute (Zoom_Id, Inventory_Attribute_Id) values (12015, 49);
-- Final Index and Final Name: inner--0130 Key: fabric0130
insert into Zoom_Inventory_Attribute (Zoom_Id, Inventory_Attribute_Id) values (12015, 181);
insert into Zoom (Id, Description, Layer) values (12016, 'resources//img/Cuff/Cuff-Closeup-Lyr02-StrSingButton-Inner.0131.png', 02);
insert into Category_Zoom (Category_Id, Zoom_Id) values (6, 12016);
insert into Zoom_Inventory_Attribute (Zoom_Id, Inventory_Attribute_Id) values (12016, 49);
-- Final Index and Final Name: inner--0131 Key: fabric0131
insert into Zoom_Inventory_Attribute (Zoom_Id, Inventory_Attribute_Id) values (12016, 182);
insert into Zoom (Id, Description, Layer) values (12017, 'resources//img/Cuff/Cuff-Closeup-Lyr02-StrSingButton-Inner.0132.png', 02);
insert into Category_Zoom (Category_Id, Zoom_Id) values (6, 12017);
insert into Zoom_Inventory_Attribute (Zoom_Id, Inventory_Attribute_Id) values (12017, 49);
-- Final Index and Final Name: inner--0132 Key: fabric0132
insert into Zoom_Inventory_Attribute (Zoom_Id, Inventory_Attribute_Id) values (12017, 183);
insert into Zoom (Id, Description, Layer) values (12018, 'resources//img/Cuff/Cuff-Closeup-Lyr02-StrSingButton-Inner.0133.png', 02);
insert into Category_Zoom (Category_Id, Zoom_Id) values (6, 12018);
insert into Zoom_Inventory_Attribute (Zoom_Id, Inventory_Attribute_Id) values (12018, 49);
-- Final Index and Final Name: inner--0133 Key: fabric0133
insert into Zoom_Inventory_Attribute (Zoom_Id, Inventory_Attribute_Id) values (12018, 184);
insert into Zoom (Id, Description, Layer) values (12019, 'resources//img/Cuff/Cuff-Closeup-Lyr02-StrSingButton-Inner.0134.png', 02);
insert into Category_Zoom (Category_Id, Zoom_Id) values (6, 12019);
insert into Zoom_Inventory_Attribute (Zoom_Id, Inventory_Attribute_Id) values (12019, 49);
-- Final Index and Final Name: inner--0134 Key: fabric0134
insert into Zoom_Inventory_Attribute (Zoom_Id, Inventory_Attribute_Id) values (12019, 185);
insert into Zoom (Id, Description, Layer) values (12020, 'resources//img/Cuff/Cuff-Closeup-Lyr02-StrSingButton-Inner.0135.png', 02);
insert into Category_Zoom (Category_Id, Zoom_Id) values (6, 12020);
insert into Zoom_Inventory_Attribute (Zoom_Id, Inventory_Attribute_Id) values (12020, 49);
-- Final Index and Final Name: inner--0135 Key: fabric0135
insert into Zoom_Inventory_Attribute (Zoom_Id, Inventory_Attribute_Id) values (12020, 186);
insert into Zoom (Id, Description, Layer) values (12021, 'resources//img/Cuff/Cuff-Closeup-Lyr02-StrSingButton-Inner.0136.png', 02);
insert into Category_Zoom (Category_Id, Zoom_Id) values (6, 12021);
insert into Zoom_Inventory_Attribute (Zoom_Id, Inventory_Attribute_Id) values (12021, 49);
-- Final Index and Final Name: inner--0136 Key: fabric0136
insert into Zoom_Inventory_Attribute (Zoom_Id, Inventory_Attribute_Id) values (12021, 187);
insert into Zoom (Id, Description, Layer) values (12022, 'resources//img/Cuff/Cuff-Closeup-Lyr02-StrSingButton-Inner.0137.png', 02);
insert into Category_Zoom (Category_Id, Zoom_Id) values (6, 12022);
insert into Zoom_Inventory_Attribute (Zoom_Id, Inventory_Attribute_Id) values (12022, 49);
-- Final Index and Final Name: inner--0137 Key: fabric0137
insert into Zoom_Inventory_Attribute (Zoom_Id, Inventory_Attribute_Id) values (12022, 188);
insert into Zoom (Id, Description, Layer) values (12023, 'resources//img/Cuff/Cuff-Closeup-Lyr02-StrSingButton-Inner.0138.png', 02);
insert into Category_Zoom (Category_Id, Zoom_Id) values (6, 12023);
insert into Zoom_Inventory_Attribute (Zoom_Id, Inventory_Attribute_Id) values (12023, 49);
-- Final Index and Final Name: inner--0138 Key: fabric0138
insert into Zoom_Inventory_Attribute (Zoom_Id, Inventory_Attribute_Id) values (12023, 189);
insert into Zoom (Id, Description, Layer) values (12024, 'resources//img/Cuff/Cuff-Closeup-Lyr02-StrSingButton-Inner.0139.png', 02);
insert into Category_Zoom (Category_Id, Zoom_Id) values (6, 12024);
insert into Zoom_Inventory_Attribute (Zoom_Id, Inventory_Attribute_Id) values (12024, 49);
-- Final Index and Final Name: inner--0139 Key: fabric0139
insert into Zoom_Inventory_Attribute (Zoom_Id, Inventory_Attribute_Id) values (12024, 190);
insert into Zoom (Id, Description, Layer) values (12025, 'resources//img/Cuff/Cuff-Closeup-Lyr02-StrSingButton-Inner.0140.png', 02);
insert into Category_Zoom (Category_Id, Zoom_Id) values (6, 12025);
insert into Zoom_Inventory_Attribute (Zoom_Id, Inventory_Attribute_Id) values (12025, 49);
-- Final Index and Final Name: inner--0140 Key: fabric0140
insert into Zoom_Inventory_Attribute (Zoom_Id, Inventory_Attribute_Id) values (12025, 191);
insert into Zoom (Id, Description, Layer) values (12026, 'resources//img/Cuff/Cuff-Closeup-Lyr02-StrSingButton-Inner.0141.png', 02);
insert into Category_Zoom (Category_Id, Zoom_Id) values (6, 12026);
insert into Zoom_Inventory_Attribute (Zoom_Id, Inventory_Attribute_Id) values (12026, 49);
-- Final Index and Final Name: inner--0141 Key: fabric0141
insert into Zoom_Inventory_Attribute (Zoom_Id, Inventory_Attribute_Id) values (12026, 192);
insert into Zoom (Id, Description, Layer) values (12027, 'resources//img/Cuff/Cuff-Closeup-Lyr02-StrSingButton-Inner.0142.png', 02);
insert into Category_Zoom (Category_Id, Zoom_Id) values (6, 12027);
insert into Zoom_Inventory_Attribute (Zoom_Id, Inventory_Attribute_Id) values (12027, 49);
-- Final Index and Final Name: inner--0142 Key: fabric0142
insert into Zoom_Inventory_Attribute (Zoom_Id, Inventory_Attribute_Id) values (12027, 193);
insert into Zoom (Id, Description, Layer) values (12028, 'resources//img/Cuff/Cuff-Closeup-Lyr02-StrSingButton-Inner.0143.png', 02);
insert into Category_Zoom (Category_Id, Zoom_Id) values (6, 12028);
insert into Zoom_Inventory_Attribute (Zoom_Id, Inventory_Attribute_Id) values (12028, 49);
-- Final Index and Final Name: inner--0143 Key: fabric0143
insert into Zoom_Inventory_Attribute (Zoom_Id, Inventory_Attribute_Id) values (12028, 194);
insert into Zoom (Id, Description, Layer) values (12029, 'resources//img/Cuff/Cuff-Closeup-Lyr02-StrSingButton-Inner.0144.png', 02);
insert into Category_Zoom (Category_Id, Zoom_Id) values (6, 12029);
insert into Zoom_Inventory_Attribute (Zoom_Id, Inventory_Attribute_Id) values (12029, 49);
-- Final Index and Final Name: inner--0144 Key: fabric0144
insert into Zoom_Inventory_Attribute (Zoom_Id, Inventory_Attribute_Id) values (12029, 195);
insert into Zoom (Id, Description, Layer) values (12030, 'resources//img/Cuff/Cuff-Closeup-Lyr02-StrSingButton-Inner.0145.png', 02);
insert into Category_Zoom (Category_Id, Zoom_Id) values (6, 12030);
insert into Zoom_Inventory_Attribute (Zoom_Id, Inventory_Attribute_Id) values (12030, 49);
-- Final Index and Final Name: inner--0145 Key: fabric0145
insert into Zoom_Inventory_Attribute (Zoom_Id, Inventory_Attribute_Id) values (12030, 196);
insert into Zoom (Id, Description, Layer) values (12031, 'resources//img/Cuff/Cuff-Closeup-Lyr02-StrSingButton-Inner.0146.png', 02);
insert into Category_Zoom (Category_Id, Zoom_Id) values (6, 12031);
insert into Zoom_Inventory_Attribute (Zoom_Id, Inventory_Attribute_Id) values (12031, 49);
-- Final Index and Final Name: inner--0146 Key: fabric0146
insert into Zoom_Inventory_Attribute (Zoom_Id, Inventory_Attribute_Id) values (12031, 197);
insert into Zoom (Id, Description, Layer) values (12032, 'resources//img/Cuff/Cuff-Closeup-Lyr02-StrSingButton-Inner.0147.png', 02);
insert into Category_Zoom (Category_Id, Zoom_Id) values (6, 12032);
insert into Zoom_Inventory_Attribute (Zoom_Id, Inventory_Attribute_Id) values (12032, 49);
-- Final Index and Final Name: inner--0147 Key: fabric0147
insert into Zoom_Inventory_Attribute (Zoom_Id, Inventory_Attribute_Id) values (12032, 198);
insert into Zoom (Id, Description, Layer) values (12033, 'resources//img/Cuff/Cuff-Closeup-Lyr02-StrSingButton-Inner.0148.png', 02);
insert into Category_Zoom (Category_Id, Zoom_Id) values (6, 12033);
insert into Zoom_Inventory_Attribute (Zoom_Id, Inventory_Attribute_Id) values (12033, 49);
-- Final Index and Final Name: inner--0148 Key: fabric0148
insert into Zoom_Inventory_Attribute (Zoom_Id, Inventory_Attribute_Id) values (12033, 199);
insert into Zoom (Id, Description, Layer) values (12034, 'resources//img/Cuff/Cuff-Closeup-Lyr02-StrSingButton-Inner.0149.png', 02);
insert into Category_Zoom (Category_Id, Zoom_Id) values (6, 12034);
insert into Zoom_Inventory_Attribute (Zoom_Id, Inventory_Attribute_Id) values (12034, 49);
-- Final Index and Final Name: inner--0149 Key: fabric0149
insert into Zoom_Inventory_Attribute (Zoom_Id, Inventory_Attribute_Id) values (12034, 200);
insert into Zoom (Id, Description, Layer) values (12035, 'resources//img/Cuff/Cuff-Closeup-Lyr02-StrSingButton-Inner.0150.png', 02);
insert into Category_Zoom (Category_Id, Zoom_Id) values (6, 12035);
insert into Zoom_Inventory_Attribute (Zoom_Id, Inventory_Attribute_Id) values (12035, 49);
-- Final Index and Final Name: inner--0150 Key: fabric0150
insert into Zoom_Inventory_Attribute (Zoom_Id, Inventory_Attribute_Id) values (12035, 201);
insert into Zoom (Id, Description, Layer) values (12036, 'resources//img/Cuff/Cuff-Closeup-Lyr02-StrSingButton-Inner.0151.png', 02);
insert into Category_Zoom (Category_Id, Zoom_Id) values (6, 12036);
insert into Zoom_Inventory_Attribute (Zoom_Id, Inventory_Attribute_Id) values (12036, 49);
-- Final Index and Final Name: inner--0151 Key: fabric0151
insert into Zoom_Inventory_Attribute (Zoom_Id, Inventory_Attribute_Id) values (12036, 202);
insert into Zoom (Id, Description, Layer) values (12037, 'resources//img/Cuff/Cuff-Closeup-Lyr02-StrSingButton-Inner.0152.png', 02);
insert into Category_Zoom (Category_Id, Zoom_Id) values (6, 12037);
insert into Zoom_Inventory_Attribute (Zoom_Id, Inventory_Attribute_Id) values (12037, 49);
-- Final Index and Final Name: inner--0152 Key: fabric0152
insert into Zoom_Inventory_Attribute (Zoom_Id, Inventory_Attribute_Id) values (12037, 203);
insert into Zoom (Id, Description, Layer) values (12038, 'resources//img/Cuff/Cuff-Closeup-Lyr02-StrSingButton-Inner.0153.png', 02);
insert into Category_Zoom (Category_Id, Zoom_Id) values (6, 12038);
insert into Zoom_Inventory_Attribute (Zoom_Id, Inventory_Attribute_Id) values (12038, 49);
-- Final Index and Final Name: inner--0153 Key: fabric0153
insert into Zoom_Inventory_Attribute (Zoom_Id, Inventory_Attribute_Id) values (12038, 204);
insert into Zoom (Id, Description, Layer) values (12039, 'resources//img/Cuff/Cuff-Closeup-Lyr02-StrSingButton-Inner.0154.png', 02);
insert into Category_Zoom (Category_Id, Zoom_Id) values (6, 12039);
insert into Zoom_Inventory_Attribute (Zoom_Id, Inventory_Attribute_Id) values (12039, 49);
-- Final Index and Final Name: inner--0154 Key: fabric0154
insert into Zoom_Inventory_Attribute (Zoom_Id, Inventory_Attribute_Id) values (12039, 205);
insert into Zoom (Id, Description, Layer) values (12040, 'resources//img/Cuff/Cuff-Closeup-Lyr02-StrSingButton-Inner.0155.png', 02);
insert into Category_Zoom (Category_Id, Zoom_Id) values (6, 12040);
insert into Zoom_Inventory_Attribute (Zoom_Id, Inventory_Attribute_Id) values (12040, 49);
-- Final Index and Final Name: inner--0155 Key: fabric0155
insert into Zoom_Inventory_Attribute (Zoom_Id, Inventory_Attribute_Id) values (12040, 206);
insert into Zoom (Id, Description, Layer) values (12041, 'resources//img/Cuff/Cuff-Closeup-Lyr02-StrTrpButton-Inner.0001.png', 02);
insert into Category_Zoom (Category_Id, Zoom_Id) values (6, 12041);
insert into Zoom_Inventory_Attribute (Zoom_Id, Inventory_Attribute_Id) values (12041, 50);
-- Final Index and Final Name: inner--0001 Key: fabric0001
insert into Zoom_Inventory_Attribute (Zoom_Id, Inventory_Attribute_Id) values (12041, 52);
insert into Zoom (Id, Description, Layer) values (12042, 'resources//img/Cuff/Cuff-Closeup-Lyr02-StrTrpButton-Inner.0002.png', 02);
insert into Category_Zoom (Category_Id, Zoom_Id) values (6, 12042);
insert into Zoom_Inventory_Attribute (Zoom_Id, Inventory_Attribute_Id) values (12042, 50);
-- Final Index and Final Name: inner--0002 Key: fabric0002
insert into Zoom_Inventory_Attribute (Zoom_Id, Inventory_Attribute_Id) values (12042, 53);
insert into Zoom (Id, Description, Layer) values (12043, 'resources//img/Cuff/Cuff-Closeup-Lyr02-StrTrpButton-Inner.0003.png', 02);
insert into Category_Zoom (Category_Id, Zoom_Id) values (6, 12043);
insert into Zoom_Inventory_Attribute (Zoom_Id, Inventory_Attribute_Id) values (12043, 50);
-- Final Index and Final Name: inner--0003 Key: fabric0003
insert into Zoom_Inventory_Attribute (Zoom_Id, Inventory_Attribute_Id) values (12043, 54);
insert into Zoom (Id, Description, Layer) values (12044, 'resources//img/Cuff/Cuff-Closeup-Lyr02-StrTrpButton-Inner.0004.png', 02);
insert into Category_Zoom (Category_Id, Zoom_Id) values (6, 12044);
insert into Zoom_Inventory_Attribute (Zoom_Id, Inventory_Attribute_Id) values (12044, 50);
-- Final Index and Final Name: inner--0004 Key: fabric0004
insert into Zoom_Inventory_Attribute (Zoom_Id, Inventory_Attribute_Id) values (12044, 55);
insert into Zoom (Id, Description, Layer) values (12045, 'resources//img/Cuff/Cuff-Closeup-Lyr02-StrTrpButton-Inner.0005.png', 02);
insert into Category_Zoom (Category_Id, Zoom_Id) values (6, 12045);
insert into Zoom_Inventory_Attribute (Zoom_Id, Inventory_Attribute_Id) values (12045, 50);
-- Final Index and Final Name: inner--0005 Key: fabric0005
insert into Zoom_Inventory_Attribute (Zoom_Id, Inventory_Attribute_Id) values (12045, 56);
insert into Zoom (Id, Description, Layer) values (12046, 'resources//img/Cuff/Cuff-Closeup-Lyr02-StrTrpButton-Inner.0006.png', 02);
insert into Category_Zoom (Category_Id, Zoom_Id) values (6, 12046);
insert into Zoom_Inventory_Attribute (Zoom_Id, Inventory_Attribute_Id) values (12046, 50);
-- Final Index and Final Name: inner--0006 Key: fabric0006
insert into Zoom_Inventory_Attribute (Zoom_Id, Inventory_Attribute_Id) values (12046, 57);
insert into Zoom (Id, Description, Layer) values (12047, 'resources//img/Cuff/Cuff-Closeup-Lyr02-StrTrpButton-Inner.0007.png', 02);
insert into Category_Zoom (Category_Id, Zoom_Id) values (6, 12047);
insert into Zoom_Inventory_Attribute (Zoom_Id, Inventory_Attribute_Id) values (12047, 50);
-- Final Index and Final Name: inner--0007 Key: fabric0007
insert into Zoom_Inventory_Attribute (Zoom_Id, Inventory_Attribute_Id) values (12047, 58);
insert into Zoom (Id, Description, Layer) values (12048, 'resources//img/Cuff/Cuff-Closeup-Lyr02-StrTrpButton-Inner.0008.png', 02);
insert into Category_Zoom (Category_Id, Zoom_Id) values (6, 12048);
insert into Zoom_Inventory_Attribute (Zoom_Id, Inventory_Attribute_Id) values (12048, 50);
-- Final Index and Final Name: inner--0008 Key: fabric0008
insert into Zoom_Inventory_Attribute (Zoom_Id, Inventory_Attribute_Id) values (12048, 59);
insert into Zoom (Id, Description, Layer) values (12049, 'resources//img/Cuff/Cuff-Closeup-Lyr02-StrTrpButton-Inner.0009.png', 02);
insert into Category_Zoom (Category_Id, Zoom_Id) values (6, 12049);
insert into Zoom_Inventory_Attribute (Zoom_Id, Inventory_Attribute_Id) values (12049, 50);
-- Final Index and Final Name: inner--0009 Key: fabric0009
insert into Zoom_Inventory_Attribute (Zoom_Id, Inventory_Attribute_Id) values (12049, 60);
insert into Zoom (Id, Description, Layer) values (12050, 'resources//img/Cuff/Cuff-Closeup-Lyr02-StrTrpButton-Inner.0010.png', 02);
insert into Category_Zoom (Category_Id, Zoom_Id) values (6, 12050);
insert into Zoom_Inventory_Attribute (Zoom_Id, Inventory_Attribute_Id) values (12050, 50);
-- Final Index and Final Name: inner--0010 Key: fabric0010
insert into Zoom_Inventory_Attribute (Zoom_Id, Inventory_Attribute_Id) values (12050, 61);
insert into Zoom (Id, Description, Layer) values (12051, 'resources//img/Cuff/Cuff-Closeup-Lyr02-StrTrpButton-Inner.0011.png', 02);
insert into Category_Zoom (Category_Id, Zoom_Id) values (6, 12051);
insert into Zoom_Inventory_Attribute (Zoom_Id, Inventory_Attribute_Id) values (12051, 50);
-- Final Index and Final Name: inner--0011 Key: fabric0011
insert into Zoom_Inventory_Attribute (Zoom_Id, Inventory_Attribute_Id) values (12051, 62);
insert into Zoom (Id, Description, Layer) values (12052, 'resources//img/Cuff/Cuff-Closeup-Lyr02-StrTrpButton-Inner.0012.png', 02);
insert into Category_Zoom (Category_Id, Zoom_Id) values (6, 12052);
insert into Zoom_Inventory_Attribute (Zoom_Id, Inventory_Attribute_Id) values (12052, 50);
-- Final Index and Final Name: inner--0012 Key: fabric0012
insert into Zoom_Inventory_Attribute (Zoom_Id, Inventory_Attribute_Id) values (12052, 63);
insert into Zoom (Id, Description, Layer) values (12053, 'resources//img/Cuff/Cuff-Closeup-Lyr02-StrTrpButton-Inner.0013.png', 02);
insert into Category_Zoom (Category_Id, Zoom_Id) values (6, 12053);
insert into Zoom_Inventory_Attribute (Zoom_Id, Inventory_Attribute_Id) values (12053, 50);
-- Final Index and Final Name: inner--0013 Key: fabric0013
insert into Zoom_Inventory_Attribute (Zoom_Id, Inventory_Attribute_Id) values (12053, 64);
insert into Zoom (Id, Description, Layer) values (12054, 'resources//img/Cuff/Cuff-Closeup-Lyr02-StrTrpButton-Inner.0014.png', 02);
insert into Category_Zoom (Category_Id, Zoom_Id) values (6, 12054);
insert into Zoom_Inventory_Attribute (Zoom_Id, Inventory_Attribute_Id) values (12054, 50);
-- Final Index and Final Name: inner--0014 Key: fabric0014
insert into Zoom_Inventory_Attribute (Zoom_Id, Inventory_Attribute_Id) values (12054, 65);
insert into Zoom (Id, Description, Layer) values (12055, 'resources//img/Cuff/Cuff-Closeup-Lyr02-StrTrpButton-Inner.0015.png', 02);
insert into Category_Zoom (Category_Id, Zoom_Id) values (6, 12055);
insert into Zoom_Inventory_Attribute (Zoom_Id, Inventory_Attribute_Id) values (12055, 50);
-- Final Index and Final Name: inner--0015 Key: fabric0015
insert into Zoom_Inventory_Attribute (Zoom_Id, Inventory_Attribute_Id) values (12055, 66);
insert into Zoom (Id, Description, Layer) values (12056, 'resources//img/Cuff/Cuff-Closeup-Lyr02-StrTrpButton-Inner.0016.png', 02);
insert into Category_Zoom (Category_Id, Zoom_Id) values (6, 12056);
insert into Zoom_Inventory_Attribute (Zoom_Id, Inventory_Attribute_Id) values (12056, 50);
-- Final Index and Final Name: inner--0016 Key: fabric0016
insert into Zoom_Inventory_Attribute (Zoom_Id, Inventory_Attribute_Id) values (12056, 67);
insert into Zoom (Id, Description, Layer) values (12057, 'resources//img/Cuff/Cuff-Closeup-Lyr02-StrTrpButton-Inner.0017.png', 02);
insert into Category_Zoom (Category_Id, Zoom_Id) values (6, 12057);
insert into Zoom_Inventory_Attribute (Zoom_Id, Inventory_Attribute_Id) values (12057, 50);
-- Final Index and Final Name: inner--0017 Key: fabric0017
insert into Zoom_Inventory_Attribute (Zoom_Id, Inventory_Attribute_Id) values (12057, 68);
insert into Zoom (Id, Description, Layer) values (12058, 'resources//img/Cuff/Cuff-Closeup-Lyr02-StrTrpButton-Inner.0018.png', 02);
insert into Category_Zoom (Category_Id, Zoom_Id) values (6, 12058);
insert into Zoom_Inventory_Attribute (Zoom_Id, Inventory_Attribute_Id) values (12058, 50);
-- Final Index and Final Name: inner--0018 Key: fabric0018
insert into Zoom_Inventory_Attribute (Zoom_Id, Inventory_Attribute_Id) values (12058, 69);
insert into Zoom (Id, Description, Layer) values (12059, 'resources//img/Cuff/Cuff-Closeup-Lyr02-StrTrpButton-Inner.0019.png', 02);
insert into Category_Zoom (Category_Id, Zoom_Id) values (6, 12059);
insert into Zoom_Inventory_Attribute (Zoom_Id, Inventory_Attribute_Id) values (12059, 50);
-- Final Index and Final Name: inner--0019 Key: fabric0019
insert into Zoom_Inventory_Attribute (Zoom_Id, Inventory_Attribute_Id) values (12059, 70);
insert into Zoom (Id, Description, Layer) values (12060, 'resources//img/Cuff/Cuff-Closeup-Lyr02-StrTrpButton-Inner.0020.png', 02);
insert into Category_Zoom (Category_Id, Zoom_Id) values (6, 12060);
insert into Zoom_Inventory_Attribute (Zoom_Id, Inventory_Attribute_Id) values (12060, 50);
-- Final Index and Final Name: inner--0020 Key: fabric0020
insert into Zoom_Inventory_Attribute (Zoom_Id, Inventory_Attribute_Id) values (12060, 71);
insert into Zoom (Id, Description, Layer) values (12061, 'resources//img/Cuff/Cuff-Closeup-Lyr02-StrTrpButton-Inner.0021.png', 02);
insert into Category_Zoom (Category_Id, Zoom_Id) values (6, 12061);
insert into Zoom_Inventory_Attribute (Zoom_Id, Inventory_Attribute_Id) values (12061, 50);
-- Final Index and Final Name: inner--0021 Key: fabric0021
insert into Zoom_Inventory_Attribute (Zoom_Id, Inventory_Attribute_Id) values (12061, 72);
insert into Zoom (Id, Description, Layer) values (12062, 'resources//img/Cuff/Cuff-Closeup-Lyr02-StrTrpButton-Inner.0022.png', 02);
insert into Category_Zoom (Category_Id, Zoom_Id) values (6, 12062);
insert into Zoom_Inventory_Attribute (Zoom_Id, Inventory_Attribute_Id) values (12062, 50);
-- Final Index and Final Name: inner--0022 Key: fabric0022
insert into Zoom_Inventory_Attribute (Zoom_Id, Inventory_Attribute_Id) values (12062, 73);
insert into Zoom (Id, Description, Layer) values (12063, 'resources//img/Cuff/Cuff-Closeup-Lyr02-StrTrpButton-Inner.0023.png', 02);
insert into Category_Zoom (Category_Id, Zoom_Id) values (6, 12063);
insert into Zoom_Inventory_Attribute (Zoom_Id, Inventory_Attribute_Id) values (12063, 50);
-- Final Index and Final Name: inner--0023 Key: fabric0023
insert into Zoom_Inventory_Attribute (Zoom_Id, Inventory_Attribute_Id) values (12063, 74);
insert into Zoom (Id, Description, Layer) values (12064, 'resources//img/Cuff/Cuff-Closeup-Lyr02-StrTrpButton-Inner.0024.png', 02);
insert into Category_Zoom (Category_Id, Zoom_Id) values (6, 12064);
insert into Zoom_Inventory_Attribute (Zoom_Id, Inventory_Attribute_Id) values (12064, 50);
-- Final Index and Final Name: inner--0024 Key: fabric0024
insert into Zoom_Inventory_Attribute (Zoom_Id, Inventory_Attribute_Id) values (12064, 75);
insert into Zoom (Id, Description, Layer) values (12065, 'resources//img/Cuff/Cuff-Closeup-Lyr02-StrTrpButton-Inner.0025.png', 02);
insert into Category_Zoom (Category_Id, Zoom_Id) values (6, 12065);
insert into Zoom_Inventory_Attribute (Zoom_Id, Inventory_Attribute_Id) values (12065, 50);
-- Final Index and Final Name: inner--0025 Key: fabric0025
insert into Zoom_Inventory_Attribute (Zoom_Id, Inventory_Attribute_Id) values (12065, 76);
insert into Zoom (Id, Description, Layer) values (12066, 'resources//img/Cuff/Cuff-Closeup-Lyr02-StrTrpButton-Inner.0026.png', 02);
insert into Category_Zoom (Category_Id, Zoom_Id) values (6, 12066);
insert into Zoom_Inventory_Attribute (Zoom_Id, Inventory_Attribute_Id) values (12066, 50);
-- Final Index and Final Name: inner--0026 Key: fabric0026
insert into Zoom_Inventory_Attribute (Zoom_Id, Inventory_Attribute_Id) values (12066, 77);
insert into Zoom (Id, Description, Layer) values (12067, 'resources//img/Cuff/Cuff-Closeup-Lyr02-StrTrpButton-Inner.0027.png', 02);
insert into Category_Zoom (Category_Id, Zoom_Id) values (6, 12067);
insert into Zoom_Inventory_Attribute (Zoom_Id, Inventory_Attribute_Id) values (12067, 50);
-- Final Index and Final Name: inner--0027 Key: fabric0027
insert into Zoom_Inventory_Attribute (Zoom_Id, Inventory_Attribute_Id) values (12067, 78);
insert into Zoom (Id, Description, Layer) values (12068, 'resources//img/Cuff/Cuff-Closeup-Lyr02-StrTrpButton-Inner.0028.png', 02);
insert into Category_Zoom (Category_Id, Zoom_Id) values (6, 12068);
insert into Zoom_Inventory_Attribute (Zoom_Id, Inventory_Attribute_Id) values (12068, 50);
-- Final Index and Final Name: inner--0028 Key: fabric0028
insert into Zoom_Inventory_Attribute (Zoom_Id, Inventory_Attribute_Id) values (12068, 79);
insert into Zoom (Id, Description, Layer) values (12069, 'resources//img/Cuff/Cuff-Closeup-Lyr02-StrTrpButton-Inner.0029.png', 02);
insert into Category_Zoom (Category_Id, Zoom_Id) values (6, 12069);
insert into Zoom_Inventory_Attribute (Zoom_Id, Inventory_Attribute_Id) values (12069, 50);
-- Final Index and Final Name: inner--0029 Key: fabric0029
insert into Zoom_Inventory_Attribute (Zoom_Id, Inventory_Attribute_Id) values (12069, 80);
insert into Zoom (Id, Description, Layer) values (12070, 'resources//img/Cuff/Cuff-Closeup-Lyr02-StrTrpButton-Inner.0030.png', 02);
insert into Category_Zoom (Category_Id, Zoom_Id) values (6, 12070);
insert into Zoom_Inventory_Attribute (Zoom_Id, Inventory_Attribute_Id) values (12070, 50);
-- Final Index and Final Name: inner--0030 Key: fabric0030
insert into Zoom_Inventory_Attribute (Zoom_Id, Inventory_Attribute_Id) values (12070, 81);
insert into Zoom (Id, Description, Layer) values (12071, 'resources//img/Cuff/Cuff-Closeup-Lyr02-StrTrpButton-Inner.0031.png', 02);
insert into Category_Zoom (Category_Id, Zoom_Id) values (6, 12071);
insert into Zoom_Inventory_Attribute (Zoom_Id, Inventory_Attribute_Id) values (12071, 50);
-- Final Index and Final Name: inner--0031 Key: fabric0031
insert into Zoom_Inventory_Attribute (Zoom_Id, Inventory_Attribute_Id) values (12071, 82);
insert into Zoom (Id, Description, Layer) values (12072, 'resources//img/Cuff/Cuff-Closeup-Lyr02-StrTrpButton-Inner.0032.png', 02);
insert into Category_Zoom (Category_Id, Zoom_Id) values (6, 12072);
insert into Zoom_Inventory_Attribute (Zoom_Id, Inventory_Attribute_Id) values (12072, 50);
-- Final Index and Final Name: inner--0032 Key: fabric0032
insert into Zoom_Inventory_Attribute (Zoom_Id, Inventory_Attribute_Id) values (12072, 83);
insert into Zoom (Id, Description, Layer) values (12073, 'resources//img/Cuff/Cuff-Closeup-Lyr02-StrTrpButton-Inner.0033.png', 02);
insert into Category_Zoom (Category_Id, Zoom_Id) values (6, 12073);
insert into Zoom_Inventory_Attribute (Zoom_Id, Inventory_Attribute_Id) values (12073, 50);
-- Final Index and Final Name: inner--0033 Key: fabric0033
insert into Zoom_Inventory_Attribute (Zoom_Id, Inventory_Attribute_Id) values (12073, 84);
insert into Zoom (Id, Description, Layer) values (12074, 'resources//img/Cuff/Cuff-Closeup-Lyr02-StrTrpButton-Inner.0034.png', 02);
insert into Category_Zoom (Category_Id, Zoom_Id) values (6, 12074);
insert into Zoom_Inventory_Attribute (Zoom_Id, Inventory_Attribute_Id) values (12074, 50);
-- Final Index and Final Name: inner--0034 Key: fabric0034
insert into Zoom_Inventory_Attribute (Zoom_Id, Inventory_Attribute_Id) values (12074, 85);
insert into Zoom (Id, Description, Layer) values (12075, 'resources//img/Cuff/Cuff-Closeup-Lyr02-StrTrpButton-Inner.0035.png', 02);
insert into Category_Zoom (Category_Id, Zoom_Id) values (6, 12075);
insert into Zoom_Inventory_Attribute (Zoom_Id, Inventory_Attribute_Id) values (12075, 50);
-- Final Index and Final Name: inner--0035 Key: fabric0035
insert into Zoom_Inventory_Attribute (Zoom_Id, Inventory_Attribute_Id) values (12075, 86);
insert into Zoom (Id, Description, Layer) values (12076, 'resources//img/Cuff/Cuff-Closeup-Lyr02-StrTrpButton-Inner.0036.png', 02);
insert into Category_Zoom (Category_Id, Zoom_Id) values (6, 12076);
insert into Zoom_Inventory_Attribute (Zoom_Id, Inventory_Attribute_Id) values (12076, 50);
-- Final Index and Final Name: inner--0036 Key: fabric0036
insert into Zoom_Inventory_Attribute (Zoom_Id, Inventory_Attribute_Id) values (12076, 87);
insert into Zoom (Id, Description, Layer) values (12077, 'resources//img/Cuff/Cuff-Closeup-Lyr02-StrTrpButton-Inner.0037.png', 02);
insert into Category_Zoom (Category_Id, Zoom_Id) values (6, 12077);
insert into Zoom_Inventory_Attribute (Zoom_Id, Inventory_Attribute_Id) values (12077, 50);
-- Final Index and Final Name: inner--0037 Key: fabric0037
insert into Zoom_Inventory_Attribute (Zoom_Id, Inventory_Attribute_Id) values (12077, 88);
insert into Zoom (Id, Description, Layer) values (12078, 'resources//img/Cuff/Cuff-Closeup-Lyr02-StrTrpButton-Inner.0038.png', 02);
insert into Category_Zoom (Category_Id, Zoom_Id) values (6, 12078);
insert into Zoom_Inventory_Attribute (Zoom_Id, Inventory_Attribute_Id) values (12078, 50);
-- Final Index and Final Name: inner--0038 Key: fabric0038
insert into Zoom_Inventory_Attribute (Zoom_Id, Inventory_Attribute_Id) values (12078, 89);
insert into Zoom (Id, Description, Layer) values (12079, 'resources//img/Cuff/Cuff-Closeup-Lyr02-StrTrpButton-Inner.0039.png', 02);
insert into Category_Zoom (Category_Id, Zoom_Id) values (6, 12079);
insert into Zoom_Inventory_Attribute (Zoom_Id, Inventory_Attribute_Id) values (12079, 50);
-- Final Index and Final Name: inner--0039 Key: fabric0039
insert into Zoom_Inventory_Attribute (Zoom_Id, Inventory_Attribute_Id) values (12079, 90);
insert into Zoom (Id, Description, Layer) values (12080, 'resources//img/Cuff/Cuff-Closeup-Lyr02-StrTrpButton-Inner.0040.png', 02);
insert into Category_Zoom (Category_Id, Zoom_Id) values (6, 12080);
insert into Zoom_Inventory_Attribute (Zoom_Id, Inventory_Attribute_Id) values (12080, 50);
-- Final Index and Final Name: inner--0040 Key: fabric0040
insert into Zoom_Inventory_Attribute (Zoom_Id, Inventory_Attribute_Id) values (12080, 91);
insert into Zoom (Id, Description, Layer) values (12081, 'resources//img/Cuff/Cuff-Closeup-Lyr02-StrTrpButton-Inner.0041.png', 02);
insert into Category_Zoom (Category_Id, Zoom_Id) values (6, 12081);
insert into Zoom_Inventory_Attribute (Zoom_Id, Inventory_Attribute_Id) values (12081, 50);
-- Final Index and Final Name: inner--0041 Key: fabric0041
insert into Zoom_Inventory_Attribute (Zoom_Id, Inventory_Attribute_Id) values (12081, 92);
insert into Zoom (Id, Description, Layer) values (12082, 'resources//img/Cuff/Cuff-Closeup-Lyr02-StrTrpButton-Inner.0042.png', 02);
insert into Category_Zoom (Category_Id, Zoom_Id) values (6, 12082);
insert into Zoom_Inventory_Attribute (Zoom_Id, Inventory_Attribute_Id) values (12082, 50);
-- Final Index and Final Name: inner--0042 Key: fabric0042
insert into Zoom_Inventory_Attribute (Zoom_Id, Inventory_Attribute_Id) values (12082, 93);
insert into Zoom (Id, Description, Layer) values (12083, 'resources//img/Cuff/Cuff-Closeup-Lyr02-StrTrpButton-Inner.0043.png', 02);
insert into Category_Zoom (Category_Id, Zoom_Id) values (6, 12083);
insert into Zoom_Inventory_Attribute (Zoom_Id, Inventory_Attribute_Id) values (12083, 50);
-- Final Index and Final Name: inner--0043 Key: fabric0043
insert into Zoom_Inventory_Attribute (Zoom_Id, Inventory_Attribute_Id) values (12083, 94);
insert into Zoom (Id, Description, Layer) values (12084, 'resources//img/Cuff/Cuff-Closeup-Lyr02-StrTrpButton-Inner.0044.png', 02);
insert into Category_Zoom (Category_Id, Zoom_Id) values (6, 12084);
insert into Zoom_Inventory_Attribute (Zoom_Id, Inventory_Attribute_Id) values (12084, 50);
-- Final Index and Final Name: inner--0044 Key: fabric0044
insert into Zoom_Inventory_Attribute (Zoom_Id, Inventory_Attribute_Id) values (12084, 95);
insert into Zoom (Id, Description, Layer) values (12085, 'resources//img/Cuff/Cuff-Closeup-Lyr02-StrTrpButton-Inner.0045.png', 02);
insert into Category_Zoom (Category_Id, Zoom_Id) values (6, 12085);
insert into Zoom_Inventory_Attribute (Zoom_Id, Inventory_Attribute_Id) values (12085, 50);
-- Final Index and Final Name: inner--0045 Key: fabric0045
insert into Zoom_Inventory_Attribute (Zoom_Id, Inventory_Attribute_Id) values (12085, 96);
insert into Zoom (Id, Description, Layer) values (12086, 'resources//img/Cuff/Cuff-Closeup-Lyr02-StrTrpButton-Inner.0046.png', 02);
insert into Category_Zoom (Category_Id, Zoom_Id) values (6, 12086);
insert into Zoom_Inventory_Attribute (Zoom_Id, Inventory_Attribute_Id) values (12086, 50);
-- Final Index and Final Name: inner--0046 Key: fabric0046
insert into Zoom_Inventory_Attribute (Zoom_Id, Inventory_Attribute_Id) values (12086, 97);
insert into Zoom (Id, Description, Layer) values (12087, 'resources//img/Cuff/Cuff-Closeup-Lyr02-StrTrpButton-Inner.0047.png', 02);
insert into Category_Zoom (Category_Id, Zoom_Id) values (6, 12087);
insert into Zoom_Inventory_Attribute (Zoom_Id, Inventory_Attribute_Id) values (12087, 50);
-- Final Index and Final Name: inner--0047 Key: fabric0047
insert into Zoom_Inventory_Attribute (Zoom_Id, Inventory_Attribute_Id) values (12087, 98);
insert into Zoom (Id, Description, Layer) values (12088, 'resources//img/Cuff/Cuff-Closeup-Lyr02-StrTrpButton-Inner.0048.png', 02);
insert into Category_Zoom (Category_Id, Zoom_Id) values (6, 12088);
insert into Zoom_Inventory_Attribute (Zoom_Id, Inventory_Attribute_Id) values (12088, 50);
-- Final Index and Final Name: inner--0048 Key: fabric0048
insert into Zoom_Inventory_Attribute (Zoom_Id, Inventory_Attribute_Id) values (12088, 99);
insert into Zoom (Id, Description, Layer) values (12089, 'resources//img/Cuff/Cuff-Closeup-Lyr02-StrTrpButton-Inner.0049.png', 02);
insert into Category_Zoom (Category_Id, Zoom_Id) values (6, 12089);
insert into Zoom_Inventory_Attribute (Zoom_Id, Inventory_Attribute_Id) values (12089, 50);
-- Final Index and Final Name: inner--0049 Key: fabric0049
insert into Zoom_Inventory_Attribute (Zoom_Id, Inventory_Attribute_Id) values (12089, 100);
insert into Zoom (Id, Description, Layer) values (12090, 'resources//img/Cuff/Cuff-Closeup-Lyr02-StrTrpButton-Inner.0050.png', 02);
insert into Category_Zoom (Category_Id, Zoom_Id) values (6, 12090);
insert into Zoom_Inventory_Attribute (Zoom_Id, Inventory_Attribute_Id) values (12090, 50);
-- Final Index and Final Name: inner--0050 Key: fabric0050
insert into Zoom_Inventory_Attribute (Zoom_Id, Inventory_Attribute_Id) values (12090, 101);
insert into Zoom (Id, Description, Layer) values (12091, 'resources//img/Cuff/Cuff-Closeup-Lyr02-StrTrpButton-Inner.0051.png', 02);
insert into Category_Zoom (Category_Id, Zoom_Id) values (6, 12091);
insert into Zoom_Inventory_Attribute (Zoom_Id, Inventory_Attribute_Id) values (12091, 50);
-- Final Index and Final Name: inner--0051 Key: fabric0051
insert into Zoom_Inventory_Attribute (Zoom_Id, Inventory_Attribute_Id) values (12091, 102);
insert into Zoom (Id, Description, Layer) values (12092, 'resources//img/Cuff/Cuff-Closeup-Lyr02-StrTrpButton-Inner.0052.png', 02);
insert into Category_Zoom (Category_Id, Zoom_Id) values (6, 12092);
insert into Zoom_Inventory_Attribute (Zoom_Id, Inventory_Attribute_Id) values (12092, 50);
-- Final Index and Final Name: inner--0052 Key: fabric0052
insert into Zoom_Inventory_Attribute (Zoom_Id, Inventory_Attribute_Id) values (12092, 103);
insert into Zoom (Id, Description, Layer) values (12093, 'resources//img/Cuff/Cuff-Closeup-Lyr02-StrTrpButton-Inner.0053.png', 02);
insert into Category_Zoom (Category_Id, Zoom_Id) values (6, 12093);
insert into Zoom_Inventory_Attribute (Zoom_Id, Inventory_Attribute_Id) values (12093, 50);
-- Final Index and Final Name: inner--0053 Key: fabric0053
insert into Zoom_Inventory_Attribute (Zoom_Id, Inventory_Attribute_Id) values (12093, 104);
insert into Zoom (Id, Description, Layer) values (12094, 'resources//img/Cuff/Cuff-Closeup-Lyr02-StrTrpButton-Inner.0054.png', 02);
insert into Category_Zoom (Category_Id, Zoom_Id) values (6, 12094);
insert into Zoom_Inventory_Attribute (Zoom_Id, Inventory_Attribute_Id) values (12094, 50);
-- Final Index and Final Name: inner--0054 Key: fabric0054
insert into Zoom_Inventory_Attribute (Zoom_Id, Inventory_Attribute_Id) values (12094, 105);
insert into Zoom (Id, Description, Layer) values (12095, 'resources//img/Cuff/Cuff-Closeup-Lyr02-StrTrpButton-Inner.0055.png', 02);
insert into Category_Zoom (Category_Id, Zoom_Id) values (6, 12095);
insert into Zoom_Inventory_Attribute (Zoom_Id, Inventory_Attribute_Id) values (12095, 50);
-- Final Index and Final Name: inner--0055 Key: fabric0055
insert into Zoom_Inventory_Attribute (Zoom_Id, Inventory_Attribute_Id) values (12095, 106);
insert into Zoom (Id, Description, Layer) values (12096, 'resources//img/Cuff/Cuff-Closeup-Lyr02-StrTrpButton-Inner.0056.png', 02);
insert into Category_Zoom (Category_Id, Zoom_Id) values (6, 12096);
insert into Zoom_Inventory_Attribute (Zoom_Id, Inventory_Attribute_Id) values (12096, 50);
-- Final Index and Final Name: inner--0056 Key: fabric0056
insert into Zoom_Inventory_Attribute (Zoom_Id, Inventory_Attribute_Id) values (12096, 107);
insert into Zoom (Id, Description, Layer) values (12097, 'resources//img/Cuff/Cuff-Closeup-Lyr02-StrTrpButton-Inner.0057.png', 02);
insert into Category_Zoom (Category_Id, Zoom_Id) values (6, 12097);
insert into Zoom_Inventory_Attribute (Zoom_Id, Inventory_Attribute_Id) values (12097, 50);
-- Final Index and Final Name: inner--0057 Key: fabric0057
insert into Zoom_Inventory_Attribute (Zoom_Id, Inventory_Attribute_Id) values (12097, 108);
insert into Zoom (Id, Description, Layer) values (12098, 'resources//img/Cuff/Cuff-Closeup-Lyr02-StrTrpButton-Inner.0058.png', 02);
insert into Category_Zoom (Category_Id, Zoom_Id) values (6, 12098);
insert into Zoom_Inventory_Attribute (Zoom_Id, Inventory_Attribute_Id) values (12098, 50);
-- Final Index and Final Name: inner--0058 Key: fabric0058
insert into Zoom_Inventory_Attribute (Zoom_Id, Inventory_Attribute_Id) values (12098, 109);
insert into Zoom (Id, Description, Layer) values (12099, 'resources//img/Cuff/Cuff-Closeup-Lyr02-StrTrpButton-Inner.0059.png', 02);
insert into Category_Zoom (Category_Id, Zoom_Id) values (6, 12099);
insert into Zoom_Inventory_Attribute (Zoom_Id, Inventory_Attribute_Id) values (12099, 50);
-- Final Index and Final Name: inner--0059 Key: fabric0059
insert into Zoom_Inventory_Attribute (Zoom_Id, Inventory_Attribute_Id) values (12099, 110);
insert into Zoom (Id, Description, Layer) values (12100, 'resources//img/Cuff/Cuff-Closeup-Lyr02-StrTrpButton-Inner.0060.png', 02);
insert into Category_Zoom (Category_Id, Zoom_Id) values (6, 12100);
insert into Zoom_Inventory_Attribute (Zoom_Id, Inventory_Attribute_Id) values (12100, 50);
-- Final Index and Final Name: inner--0060 Key: fabric0060
insert into Zoom_Inventory_Attribute (Zoom_Id, Inventory_Attribute_Id) values (12100, 111);
insert into Zoom (Id, Description, Layer) values (12101, 'resources//img/Cuff/Cuff-Closeup-Lyr02-StrTrpButton-Inner.0061.png', 02);
insert into Category_Zoom (Category_Id, Zoom_Id) values (6, 12101);
insert into Zoom_Inventory_Attribute (Zoom_Id, Inventory_Attribute_Id) values (12101, 50);
-- Final Index and Final Name: inner--0061 Key: fabric0061
insert into Zoom_Inventory_Attribute (Zoom_Id, Inventory_Attribute_Id) values (12101, 112);
insert into Zoom (Id, Description, Layer) values (12102, 'resources//img/Cuff/Cuff-Closeup-Lyr02-StrTrpButton-Inner.0062.png', 02);
insert into Category_Zoom (Category_Id, Zoom_Id) values (6, 12102);
insert into Zoom_Inventory_Attribute (Zoom_Id, Inventory_Attribute_Id) values (12102, 50);
-- Final Index and Final Name: inner--0062 Key: fabric0062
insert into Zoom_Inventory_Attribute (Zoom_Id, Inventory_Attribute_Id) values (12102, 113);
insert into Zoom (Id, Description, Layer) values (12103, 'resources//img/Cuff/Cuff-Closeup-Lyr02-StrTrpButton-Inner.0063.png', 02);
insert into Category_Zoom (Category_Id, Zoom_Id) values (6, 12103);
insert into Zoom_Inventory_Attribute (Zoom_Id, Inventory_Attribute_Id) values (12103, 50);
-- Final Index and Final Name: inner--0063 Key: fabric0063
insert into Zoom_Inventory_Attribute (Zoom_Id, Inventory_Attribute_Id) values (12103, 114);
insert into Zoom (Id, Description, Layer) values (12104, 'resources//img/Cuff/Cuff-Closeup-Lyr02-StrTrpButton-Inner.0064.png', 02);
insert into Category_Zoom (Category_Id, Zoom_Id) values (6, 12104);
insert into Zoom_Inventory_Attribute (Zoom_Id, Inventory_Attribute_Id) values (12104, 50);
-- Final Index and Final Name: inner--0064 Key: fabric0064
insert into Zoom_Inventory_Attribute (Zoom_Id, Inventory_Attribute_Id) values (12104, 115);
insert into Zoom (Id, Description, Layer) values (12105, 'resources//img/Cuff/Cuff-Closeup-Lyr02-StrTrpButton-Inner.0065.png', 02);
insert into Category_Zoom (Category_Id, Zoom_Id) values (6, 12105);
insert into Zoom_Inventory_Attribute (Zoom_Id, Inventory_Attribute_Id) values (12105, 50);
-- Final Index and Final Name: inner--0065 Key: fabric0065
insert into Zoom_Inventory_Attribute (Zoom_Id, Inventory_Attribute_Id) values (12105, 116);
insert into Zoom (Id, Description, Layer) values (12106, 'resources//img/Cuff/Cuff-Closeup-Lyr02-StrTrpButton-Inner.0066.png', 02);
insert into Category_Zoom (Category_Id, Zoom_Id) values (6, 12106);
insert into Zoom_Inventory_Attribute (Zoom_Id, Inventory_Attribute_Id) values (12106, 50);
-- Final Index and Final Name: inner--0066 Key: fabric0066
insert into Zoom_Inventory_Attribute (Zoom_Id, Inventory_Attribute_Id) values (12106, 117);
insert into Zoom (Id, Description, Layer) values (12107, 'resources//img/Cuff/Cuff-Closeup-Lyr02-StrTrpButton-Inner.0067.png', 02);
insert into Category_Zoom (Category_Id, Zoom_Id) values (6, 12107);
insert into Zoom_Inventory_Attribute (Zoom_Id, Inventory_Attribute_Id) values (12107, 50);
-- Final Index and Final Name: inner--0067 Key: fabric0067
insert into Zoom_Inventory_Attribute (Zoom_Id, Inventory_Attribute_Id) values (12107, 118);
insert into Zoom (Id, Description, Layer) values (12108, 'resources//img/Cuff/Cuff-Closeup-Lyr02-StrTrpButton-Inner.0068.png', 02);
insert into Category_Zoom (Category_Id, Zoom_Id) values (6, 12108);
insert into Zoom_Inventory_Attribute (Zoom_Id, Inventory_Attribute_Id) values (12108, 50);
-- Final Index and Final Name: inner--0068 Key: fabric0068
insert into Zoom_Inventory_Attribute (Zoom_Id, Inventory_Attribute_Id) values (12108, 119);
insert into Zoom (Id, Description, Layer) values (12109, 'resources//img/Cuff/Cuff-Closeup-Lyr02-StrTrpButton-Inner.0069.png', 02);
insert into Category_Zoom (Category_Id, Zoom_Id) values (6, 12109);
insert into Zoom_Inventory_Attribute (Zoom_Id, Inventory_Attribute_Id) values (12109, 50);
-- Final Index and Final Name: inner--0069 Key: fabric0069
insert into Zoom_Inventory_Attribute (Zoom_Id, Inventory_Attribute_Id) values (12109, 120);
insert into Zoom (Id, Description, Layer) values (12110, 'resources//img/Cuff/Cuff-Closeup-Lyr02-StrTrpButton-Inner.0070.png', 02);
insert into Category_Zoom (Category_Id, Zoom_Id) values (6, 12110);
insert into Zoom_Inventory_Attribute (Zoom_Id, Inventory_Attribute_Id) values (12110, 50);
-- Final Index and Final Name: inner--0070 Key: fabric0070
insert into Zoom_Inventory_Attribute (Zoom_Id, Inventory_Attribute_Id) values (12110, 121);
insert into Zoom (Id, Description, Layer) values (12111, 'resources//img/Cuff/Cuff-Closeup-Lyr02-StrTrpButton-Inner.0071.png', 02);
insert into Category_Zoom (Category_Id, Zoom_Id) values (6, 12111);
insert into Zoom_Inventory_Attribute (Zoom_Id, Inventory_Attribute_Id) values (12111, 50);
-- Final Index and Final Name: inner--0071 Key: fabric0071
insert into Zoom_Inventory_Attribute (Zoom_Id, Inventory_Attribute_Id) values (12111, 122);
insert into Zoom (Id, Description, Layer) values (12112, 'resources//img/Cuff/Cuff-Closeup-Lyr02-StrTrpButton-Inner.0072.png', 02);
insert into Category_Zoom (Category_Id, Zoom_Id) values (6, 12112);
insert into Zoom_Inventory_Attribute (Zoom_Id, Inventory_Attribute_Id) values (12112, 50);
-- Final Index and Final Name: inner--0072 Key: fabric0072
insert into Zoom_Inventory_Attribute (Zoom_Id, Inventory_Attribute_Id) values (12112, 123);
insert into Zoom (Id, Description, Layer) values (12113, 'resources//img/Cuff/Cuff-Closeup-Lyr02-StrTrpButton-Inner.0073.png', 02);
insert into Category_Zoom (Category_Id, Zoom_Id) values (6, 12113);
insert into Zoom_Inventory_Attribute (Zoom_Id, Inventory_Attribute_Id) values (12113, 50);
-- Final Index and Final Name: inner--0073 Key: fabric0073
insert into Zoom_Inventory_Attribute (Zoom_Id, Inventory_Attribute_Id) values (12113, 124);
insert into Zoom (Id, Description, Layer) values (12114, 'resources//img/Cuff/Cuff-Closeup-Lyr02-StrTrpButton-Inner.0074.png', 02);
insert into Category_Zoom (Category_Id, Zoom_Id) values (6, 12114);
insert into Zoom_Inventory_Attribute (Zoom_Id, Inventory_Attribute_Id) values (12114, 50);
-- Final Index and Final Name: inner--0074 Key: fabric0074
insert into Zoom_Inventory_Attribute (Zoom_Id, Inventory_Attribute_Id) values (12114, 125);
insert into Zoom (Id, Description, Layer) values (12115, 'resources//img/Cuff/Cuff-Closeup-Lyr02-StrTrpButton-Inner.0075.png', 02);
insert into Category_Zoom (Category_Id, Zoom_Id) values (6, 12115);
insert into Zoom_Inventory_Attribute (Zoom_Id, Inventory_Attribute_Id) values (12115, 50);
-- Final Index and Final Name: inner--0075 Key: fabric0075
insert into Zoom_Inventory_Attribute (Zoom_Id, Inventory_Attribute_Id) values (12115, 126);
insert into Zoom (Id, Description, Layer) values (12116, 'resources//img/Cuff/Cuff-Closeup-Lyr02-StrTrpButton-Inner.0076.png', 02);
insert into Category_Zoom (Category_Id, Zoom_Id) values (6, 12116);
insert into Zoom_Inventory_Attribute (Zoom_Id, Inventory_Attribute_Id) values (12116, 50);
-- Final Index and Final Name: inner--0076 Key: fabric0076
insert into Zoom_Inventory_Attribute (Zoom_Id, Inventory_Attribute_Id) values (12116, 127);
insert into Zoom (Id, Description, Layer) values (12117, 'resources//img/Cuff/Cuff-Closeup-Lyr02-StrTrpButton-Inner.0077.png', 02);
insert into Category_Zoom (Category_Id, Zoom_Id) values (6, 12117);
insert into Zoom_Inventory_Attribute (Zoom_Id, Inventory_Attribute_Id) values (12117, 50);
-- Final Index and Final Name: inner--0077 Key: fabric0077
insert into Zoom_Inventory_Attribute (Zoom_Id, Inventory_Attribute_Id) values (12117, 128);
insert into Zoom (Id, Description, Layer) values (12118, 'resources//img/Cuff/Cuff-Closeup-Lyr02-StrTrpButton-Inner.0078.png', 02);
insert into Category_Zoom (Category_Id, Zoom_Id) values (6, 12118);
insert into Zoom_Inventory_Attribute (Zoom_Id, Inventory_Attribute_Id) values (12118, 50);
-- Final Index and Final Name: inner--0078 Key: fabric0078
insert into Zoom_Inventory_Attribute (Zoom_Id, Inventory_Attribute_Id) values (12118, 129);
insert into Zoom (Id, Description, Layer) values (12119, 'resources//img/Cuff/Cuff-Closeup-Lyr02-StrTrpButton-Inner.0079.png', 02);
insert into Category_Zoom (Category_Id, Zoom_Id) values (6, 12119);
insert into Zoom_Inventory_Attribute (Zoom_Id, Inventory_Attribute_Id) values (12119, 50);
-- Final Index and Final Name: inner--0079 Key: fabric0079
insert into Zoom_Inventory_Attribute (Zoom_Id, Inventory_Attribute_Id) values (12119, 130);
insert into Zoom (Id, Description, Layer) values (12120, 'resources//img/Cuff/Cuff-Closeup-Lyr02-StrTrpButton-Inner.0080.png', 02);
insert into Category_Zoom (Category_Id, Zoom_Id) values (6, 12120);
insert into Zoom_Inventory_Attribute (Zoom_Id, Inventory_Attribute_Id) values (12120, 50);
-- Final Index and Final Name: inner--0080 Key: fabric0080
insert into Zoom_Inventory_Attribute (Zoom_Id, Inventory_Attribute_Id) values (12120, 131);
insert into Zoom (Id, Description, Layer) values (12121, 'resources//img/Cuff/Cuff-Closeup-Lyr02-StrTrpButton-Inner.0081.png', 02);
insert into Category_Zoom (Category_Id, Zoom_Id) values (6, 12121);
insert into Zoom_Inventory_Attribute (Zoom_Id, Inventory_Attribute_Id) values (12121, 50);
-- Final Index and Final Name: inner--0081 Key: fabric0081
insert into Zoom_Inventory_Attribute (Zoom_Id, Inventory_Attribute_Id) values (12121, 132);
insert into Zoom (Id, Description, Layer) values (12122, 'resources//img/Cuff/Cuff-Closeup-Lyr02-StrTrpButton-Inner.0082.png', 02);
insert into Category_Zoom (Category_Id, Zoom_Id) values (6, 12122);
insert into Zoom_Inventory_Attribute (Zoom_Id, Inventory_Attribute_Id) values (12122, 50);
-- Final Index and Final Name: inner--0082 Key: fabric0082
insert into Zoom_Inventory_Attribute (Zoom_Id, Inventory_Attribute_Id) values (12122, 133);
insert into Zoom (Id, Description, Layer) values (12123, 'resources//img/Cuff/Cuff-Closeup-Lyr02-StrTrpButton-Inner.0083.png', 02);
insert into Category_Zoom (Category_Id, Zoom_Id) values (6, 12123);
insert into Zoom_Inventory_Attribute (Zoom_Id, Inventory_Attribute_Id) values (12123, 50);
-- Final Index and Final Name: inner--0083 Key: fabric0083
insert into Zoom_Inventory_Attribute (Zoom_Id, Inventory_Attribute_Id) values (12123, 134);
insert into Zoom (Id, Description, Layer) values (12124, 'resources//img/Cuff/Cuff-Closeup-Lyr02-StrTrpButton-Inner.0084.png', 02);
insert into Category_Zoom (Category_Id, Zoom_Id) values (6, 12124);
insert into Zoom_Inventory_Attribute (Zoom_Id, Inventory_Attribute_Id) values (12124, 50);
-- Final Index and Final Name: inner--0084 Key: fabric0084
insert into Zoom_Inventory_Attribute (Zoom_Id, Inventory_Attribute_Id) values (12124, 135);
insert into Zoom (Id, Description, Layer) values (12125, 'resources//img/Cuff/Cuff-Closeup-Lyr02-StrTrpButton-Inner.0085.png', 02);
insert into Category_Zoom (Category_Id, Zoom_Id) values (6, 12125);
insert into Zoom_Inventory_Attribute (Zoom_Id, Inventory_Attribute_Id) values (12125, 50);
-- Final Index and Final Name: inner--0085 Key: fabric0085
insert into Zoom_Inventory_Attribute (Zoom_Id, Inventory_Attribute_Id) values (12125, 136);
insert into Zoom (Id, Description, Layer) values (12126, 'resources//img/Cuff/Cuff-Closeup-Lyr02-StrTrpButton-Inner.0086.png', 02);
insert into Category_Zoom (Category_Id, Zoom_Id) values (6, 12126);
insert into Zoom_Inventory_Attribute (Zoom_Id, Inventory_Attribute_Id) values (12126, 50);
-- Final Index and Final Name: inner--0086 Key: fabric0086
insert into Zoom_Inventory_Attribute (Zoom_Id, Inventory_Attribute_Id) values (12126, 137);
insert into Zoom (Id, Description, Layer) values (12127, 'resources//img/Cuff/Cuff-Closeup-Lyr02-StrTrpButton-Inner.0087.png', 02);
insert into Category_Zoom (Category_Id, Zoom_Id) values (6, 12127);
insert into Zoom_Inventory_Attribute (Zoom_Id, Inventory_Attribute_Id) values (12127, 50);
-- Final Index and Final Name: inner--0087 Key: fabric0087
insert into Zoom_Inventory_Attribute (Zoom_Id, Inventory_Attribute_Id) values (12127, 138);
insert into Zoom (Id, Description, Layer) values (12128, 'resources//img/Cuff/Cuff-Closeup-Lyr02-StrTrpButton-Inner.0088.png', 02);
insert into Category_Zoom (Category_Id, Zoom_Id) values (6, 12128);
insert into Zoom_Inventory_Attribute (Zoom_Id, Inventory_Attribute_Id) values (12128, 50);
-- Final Index and Final Name: inner--0088 Key: fabric0088
insert into Zoom_Inventory_Attribute (Zoom_Id, Inventory_Attribute_Id) values (12128, 139);
insert into Zoom (Id, Description, Layer) values (12129, 'resources//img/Cuff/Cuff-Closeup-Lyr02-StrTrpButton-Inner.0089.png', 02);
insert into Category_Zoom (Category_Id, Zoom_Id) values (6, 12129);
insert into Zoom_Inventory_Attribute (Zoom_Id, Inventory_Attribute_Id) values (12129, 50);
-- Final Index and Final Name: inner--0089 Key: fabric0089
insert into Zoom_Inventory_Attribute (Zoom_Id, Inventory_Attribute_Id) values (12129, 140);
insert into Zoom (Id, Description, Layer) values (12130, 'resources//img/Cuff/Cuff-Closeup-Lyr02-StrTrpButton-Inner.0090.png', 02);
insert into Category_Zoom (Category_Id, Zoom_Id) values (6, 12130);
insert into Zoom_Inventory_Attribute (Zoom_Id, Inventory_Attribute_Id) values (12130, 50);
-- Final Index and Final Name: inner--0090 Key: fabric0090
insert into Zoom_Inventory_Attribute (Zoom_Id, Inventory_Attribute_Id) values (12130, 141);
insert into Zoom (Id, Description, Layer) values (12131, 'resources//img/Cuff/Cuff-Closeup-Lyr02-StrTrpButton-Inner.0091.png', 02);
insert into Category_Zoom (Category_Id, Zoom_Id) values (6, 12131);
insert into Zoom_Inventory_Attribute (Zoom_Id, Inventory_Attribute_Id) values (12131, 50);
-- Final Index and Final Name: inner--0091 Key: fabric0091
insert into Zoom_Inventory_Attribute (Zoom_Id, Inventory_Attribute_Id) values (12131, 142);
insert into Zoom (Id, Description, Layer) values (12132, 'resources//img/Cuff/Cuff-Closeup-Lyr02-StrTrpButton-Inner.0092.png', 02);
insert into Category_Zoom (Category_Id, Zoom_Id) values (6, 12132);
insert into Zoom_Inventory_Attribute (Zoom_Id, Inventory_Attribute_Id) values (12132, 50);
-- Final Index and Final Name: inner--0092 Key: fabric0092
insert into Zoom_Inventory_Attribute (Zoom_Id, Inventory_Attribute_Id) values (12132, 143);
insert into Zoom (Id, Description, Layer) values (12133, 'resources//img/Cuff/Cuff-Closeup-Lyr02-StrTrpButton-Inner.0093.png', 02);
insert into Category_Zoom (Category_Id, Zoom_Id) values (6, 12133);
insert into Zoom_Inventory_Attribute (Zoom_Id, Inventory_Attribute_Id) values (12133, 50);
-- Final Index and Final Name: inner--0093 Key: fabric0093
insert into Zoom_Inventory_Attribute (Zoom_Id, Inventory_Attribute_Id) values (12133, 144);
insert into Zoom (Id, Description, Layer) values (12134, 'resources//img/Cuff/Cuff-Closeup-Lyr02-StrTrpButton-Inner.0094.png', 02);
insert into Category_Zoom (Category_Id, Zoom_Id) values (6, 12134);
insert into Zoom_Inventory_Attribute (Zoom_Id, Inventory_Attribute_Id) values (12134, 50);
-- Final Index and Final Name: inner--0094 Key: fabric0094
insert into Zoom_Inventory_Attribute (Zoom_Id, Inventory_Attribute_Id) values (12134, 145);
insert into Zoom (Id, Description, Layer) values (12135, 'resources//img/Cuff/Cuff-Closeup-Lyr02-StrTrpButton-Inner.0095.png', 02);
insert into Category_Zoom (Category_Id, Zoom_Id) values (6, 12135);
insert into Zoom_Inventory_Attribute (Zoom_Id, Inventory_Attribute_Id) values (12135, 50);
-- Final Index and Final Name: inner--0095 Key: fabric0095
insert into Zoom_Inventory_Attribute (Zoom_Id, Inventory_Attribute_Id) values (12135, 146);
insert into Zoom (Id, Description, Layer) values (12136, 'resources//img/Cuff/Cuff-Closeup-Lyr02-StrTrpButton-Inner.0096.png', 02);
insert into Category_Zoom (Category_Id, Zoom_Id) values (6, 12136);
insert into Zoom_Inventory_Attribute (Zoom_Id, Inventory_Attribute_Id) values (12136, 50);
-- Final Index and Final Name: inner--0096 Key: fabric0096
insert into Zoom_Inventory_Attribute (Zoom_Id, Inventory_Attribute_Id) values (12136, 147);
insert into Zoom (Id, Description, Layer) values (12137, 'resources//img/Cuff/Cuff-Closeup-Lyr02-StrTrpButton-Inner.0097.png', 02);
insert into Category_Zoom (Category_Id, Zoom_Id) values (6, 12137);
insert into Zoom_Inventory_Attribute (Zoom_Id, Inventory_Attribute_Id) values (12137, 50);
-- Final Index and Final Name: inner--0097 Key: fabric0097
insert into Zoom_Inventory_Attribute (Zoom_Id, Inventory_Attribute_Id) values (12137, 148);
insert into Zoom (Id, Description, Layer) values (12138, 'resources//img/Cuff/Cuff-Closeup-Lyr02-StrTrpButton-Inner.0098.png', 02);
insert into Category_Zoom (Category_Id, Zoom_Id) values (6, 12138);
insert into Zoom_Inventory_Attribute (Zoom_Id, Inventory_Attribute_Id) values (12138, 50);
-- Final Index and Final Name: inner--0098 Key: fabric0098
insert into Zoom_Inventory_Attribute (Zoom_Id, Inventory_Attribute_Id) values (12138, 149);
insert into Zoom (Id, Description, Layer) values (12139, 'resources//img/Cuff/Cuff-Closeup-Lyr02-StrTrpButton-Inner.0099.png', 02);
insert into Category_Zoom (Category_Id, Zoom_Id) values (6, 12139);
insert into Zoom_Inventory_Attribute (Zoom_Id, Inventory_Attribute_Id) values (12139, 50);
-- Final Index and Final Name: inner--0099 Key: fabric0099
insert into Zoom_Inventory_Attribute (Zoom_Id, Inventory_Attribute_Id) values (12139, 150);
insert into Zoom (Id, Description, Layer) values (12140, 'resources//img/Cuff/Cuff-Closeup-Lyr02-StrTrpButton-Inner.0100.png', 02);
insert into Category_Zoom (Category_Id, Zoom_Id) values (6, 12140);
insert into Zoom_Inventory_Attribute (Zoom_Id, Inventory_Attribute_Id) values (12140, 50);
-- Final Index and Final Name: inner--0100 Key: fabric0100
insert into Zoom_Inventory_Attribute (Zoom_Id, Inventory_Attribute_Id) values (12140, 151);
insert into Zoom (Id, Description, Layer) values (12141, 'resources//img/Cuff/Cuff-Closeup-Lyr02-StrTrpButton-Inner.0101.png', 02);
insert into Category_Zoom (Category_Id, Zoom_Id) values (6, 12141);
insert into Zoom_Inventory_Attribute (Zoom_Id, Inventory_Attribute_Id) values (12141, 50);
-- Final Index and Final Name: inner--0101 Key: fabric0101
insert into Zoom_Inventory_Attribute (Zoom_Id, Inventory_Attribute_Id) values (12141, 152);
insert into Zoom (Id, Description, Layer) values (12142, 'resources//img/Cuff/Cuff-Closeup-Lyr02-StrTrpButton-Inner.0102.png', 02);
insert into Category_Zoom (Category_Id, Zoom_Id) values (6, 12142);
insert into Zoom_Inventory_Attribute (Zoom_Id, Inventory_Attribute_Id) values (12142, 50);
-- Final Index and Final Name: inner--0102 Key: fabric0102
insert into Zoom_Inventory_Attribute (Zoom_Id, Inventory_Attribute_Id) values (12142, 153);
insert into Zoom (Id, Description, Layer) values (12143, 'resources//img/Cuff/Cuff-Closeup-Lyr02-StrTrpButton-Inner.0103.png', 02);
insert into Category_Zoom (Category_Id, Zoom_Id) values (6, 12143);
insert into Zoom_Inventory_Attribute (Zoom_Id, Inventory_Attribute_Id) values (12143, 50);
-- Final Index and Final Name: inner--0103 Key: fabric0103
insert into Zoom_Inventory_Attribute (Zoom_Id, Inventory_Attribute_Id) values (12143, 154);
insert into Zoom (Id, Description, Layer) values (12144, 'resources//img/Cuff/Cuff-Closeup-Lyr02-StrTrpButton-Inner.0104.png', 02);
insert into Category_Zoom (Category_Id, Zoom_Id) values (6, 12144);
insert into Zoom_Inventory_Attribute (Zoom_Id, Inventory_Attribute_Id) values (12144, 50);
-- Final Index and Final Name: inner--0104 Key: fabric0104
insert into Zoom_Inventory_Attribute (Zoom_Id, Inventory_Attribute_Id) values (12144, 155);
insert into Zoom (Id, Description, Layer) values (12145, 'resources//img/Cuff/Cuff-Closeup-Lyr02-StrTrpButton-Inner.0105.png', 02);
insert into Category_Zoom (Category_Id, Zoom_Id) values (6, 12145);
insert into Zoom_Inventory_Attribute (Zoom_Id, Inventory_Attribute_Id) values (12145, 50);
-- Final Index and Final Name: inner--0105 Key: fabric0105
insert into Zoom_Inventory_Attribute (Zoom_Id, Inventory_Attribute_Id) values (12145, 156);
insert into Zoom (Id, Description, Layer) values (12146, 'resources//img/Cuff/Cuff-Closeup-Lyr02-StrTrpButton-Inner.0106.png', 02);
insert into Category_Zoom (Category_Id, Zoom_Id) values (6, 12146);
insert into Zoom_Inventory_Attribute (Zoom_Id, Inventory_Attribute_Id) values (12146, 50);
-- Final Index and Final Name: inner--0106 Key: fabric0106
insert into Zoom_Inventory_Attribute (Zoom_Id, Inventory_Attribute_Id) values (12146, 157);
insert into Zoom (Id, Description, Layer) values (12147, 'resources//img/Cuff/Cuff-Closeup-Lyr02-StrTrpButton-Inner.0107.png', 02);
insert into Category_Zoom (Category_Id, Zoom_Id) values (6, 12147);
insert into Zoom_Inventory_Attribute (Zoom_Id, Inventory_Attribute_Id) values (12147, 50);
-- Final Index and Final Name: inner--0107 Key: fabric0107
insert into Zoom_Inventory_Attribute (Zoom_Id, Inventory_Attribute_Id) values (12147, 158);
insert into Zoom (Id, Description, Layer) values (12148, 'resources//img/Cuff/Cuff-Closeup-Lyr02-StrTrpButton-Inner.0108.png', 02);
insert into Category_Zoom (Category_Id, Zoom_Id) values (6, 12148);
insert into Zoom_Inventory_Attribute (Zoom_Id, Inventory_Attribute_Id) values (12148, 50);
-- Final Index and Final Name: inner--0108 Key: fabric0108
insert into Zoom_Inventory_Attribute (Zoom_Id, Inventory_Attribute_Id) values (12148, 159);
insert into Zoom (Id, Description, Layer) values (12149, 'resources//img/Cuff/Cuff-Closeup-Lyr02-StrTrpButton-Inner.0109.png', 02);
insert into Category_Zoom (Category_Id, Zoom_Id) values (6, 12149);
insert into Zoom_Inventory_Attribute (Zoom_Id, Inventory_Attribute_Id) values (12149, 50);
-- Final Index and Final Name: inner--0109 Key: fabric0109
insert into Zoom_Inventory_Attribute (Zoom_Id, Inventory_Attribute_Id) values (12149, 160);
insert into Zoom (Id, Description, Layer) values (12150, 'resources//img/Cuff/Cuff-Closeup-Lyr02-StrTrpButton-Inner.0110.png', 02);
insert into Category_Zoom (Category_Id, Zoom_Id) values (6, 12150);
insert into Zoom_Inventory_Attribute (Zoom_Id, Inventory_Attribute_Id) values (12150, 50);
-- Final Index and Final Name: inner--0110 Key: fabric0110
insert into Zoom_Inventory_Attribute (Zoom_Id, Inventory_Attribute_Id) values (12150, 161);
insert into Zoom (Id, Description, Layer) values (12151, 'resources//img/Cuff/Cuff-Closeup-Lyr02-StrTrpButton-Inner.0111.png', 02);
insert into Category_Zoom (Category_Id, Zoom_Id) values (6, 12151);
insert into Zoom_Inventory_Attribute (Zoom_Id, Inventory_Attribute_Id) values (12151, 50);
-- Final Index and Final Name: inner--0111 Key: fabric0111
insert into Zoom_Inventory_Attribute (Zoom_Id, Inventory_Attribute_Id) values (12151, 162);
insert into Zoom (Id, Description, Layer) values (12152, 'resources//img/Cuff/Cuff-Closeup-Lyr02-StrTrpButton-Inner.0112.png', 02);
insert into Category_Zoom (Category_Id, Zoom_Id) values (6, 12152);
insert into Zoom_Inventory_Attribute (Zoom_Id, Inventory_Attribute_Id) values (12152, 50);
-- Final Index and Final Name: inner--0112 Key: fabric0112
insert into Zoom_Inventory_Attribute (Zoom_Id, Inventory_Attribute_Id) values (12152, 163);
insert into Zoom (Id, Description, Layer) values (12153, 'resources//img/Cuff/Cuff-Closeup-Lyr02-StrTrpButton-Inner.0113.png', 02);
insert into Category_Zoom (Category_Id, Zoom_Id) values (6, 12153);
insert into Zoom_Inventory_Attribute (Zoom_Id, Inventory_Attribute_Id) values (12153, 50);
-- Final Index and Final Name: inner--0113 Key: fabric0113
insert into Zoom_Inventory_Attribute (Zoom_Id, Inventory_Attribute_Id) values (12153, 164);
insert into Zoom (Id, Description, Layer) values (12154, 'resources//img/Cuff/Cuff-Closeup-Lyr02-StrTrpButton-Inner.0114.png', 02);
insert into Category_Zoom (Category_Id, Zoom_Id) values (6, 12154);
insert into Zoom_Inventory_Attribute (Zoom_Id, Inventory_Attribute_Id) values (12154, 50);
-- Final Index and Final Name: inner--0114 Key: fabric0114
insert into Zoom_Inventory_Attribute (Zoom_Id, Inventory_Attribute_Id) values (12154, 165);
insert into Zoom (Id, Description, Layer) values (12155, 'resources//img/Cuff/Cuff-Closeup-Lyr02-StrTrpButton-Inner.0115.png', 02);
insert into Category_Zoom (Category_Id, Zoom_Id) values (6, 12155);
insert into Zoom_Inventory_Attribute (Zoom_Id, Inventory_Attribute_Id) values (12155, 50);
-- Final Index and Final Name: inner--0115 Key: fabric0115
insert into Zoom_Inventory_Attribute (Zoom_Id, Inventory_Attribute_Id) values (12155, 166);
insert into Zoom (Id, Description, Layer) values (12156, 'resources//img/Cuff/Cuff-Closeup-Lyr02-StrTrpButton-Inner.0116.png', 02);
insert into Category_Zoom (Category_Id, Zoom_Id) values (6, 12156);
insert into Zoom_Inventory_Attribute (Zoom_Id, Inventory_Attribute_Id) values (12156, 50);
-- Final Index and Final Name: inner--0116 Key: fabric0116
insert into Zoom_Inventory_Attribute (Zoom_Id, Inventory_Attribute_Id) values (12156, 167);
insert into Zoom (Id, Description, Layer) values (12157, 'resources//img/Cuff/Cuff-Closeup-Lyr02-StrTrpButton-Inner.0117.png', 02);
insert into Category_Zoom (Category_Id, Zoom_Id) values (6, 12157);
insert into Zoom_Inventory_Attribute (Zoom_Id, Inventory_Attribute_Id) values (12157, 50);
-- Final Index and Final Name: inner--0117 Key: fabric0117
insert into Zoom_Inventory_Attribute (Zoom_Id, Inventory_Attribute_Id) values (12157, 168);
insert into Zoom (Id, Description, Layer) values (12158, 'resources//img/Cuff/Cuff-Closeup-Lyr02-StrTrpButton-Inner.0118.png', 02);
insert into Category_Zoom (Category_Id, Zoom_Id) values (6, 12158);
insert into Zoom_Inventory_Attribute (Zoom_Id, Inventory_Attribute_Id) values (12158, 50);
-- Final Index and Final Name: inner--0118 Key: fabric0118
insert into Zoom_Inventory_Attribute (Zoom_Id, Inventory_Attribute_Id) values (12158, 169);
insert into Zoom (Id, Description, Layer) values (12159, 'resources//img/Cuff/Cuff-Closeup-Lyr02-StrTrpButton-Inner.0119.png', 02);
insert into Category_Zoom (Category_Id, Zoom_Id) values (6, 12159);
insert into Zoom_Inventory_Attribute (Zoom_Id, Inventory_Attribute_Id) values (12159, 50);
-- Final Index and Final Name: inner--0119 Key: fabric0119
insert into Zoom_Inventory_Attribute (Zoom_Id, Inventory_Attribute_Id) values (12159, 170);
insert into Zoom (Id, Description, Layer) values (12160, 'resources//img/Cuff/Cuff-Closeup-Lyr02-StrTrpButton-Inner.0120.png', 02);
insert into Category_Zoom (Category_Id, Zoom_Id) values (6, 12160);
insert into Zoom_Inventory_Attribute (Zoom_Id, Inventory_Attribute_Id) values (12160, 50);
-- Final Index and Final Name: inner--0120 Key: fabric0120
insert into Zoom_Inventory_Attribute (Zoom_Id, Inventory_Attribute_Id) values (12160, 171);
insert into Zoom (Id, Description, Layer) values (12161, 'resources//img/Cuff/Cuff-Closeup-Lyr02-StrTrpButton-Inner.0121.png', 02);
insert into Category_Zoom (Category_Id, Zoom_Id) values (6, 12161);
insert into Zoom_Inventory_Attribute (Zoom_Id, Inventory_Attribute_Id) values (12161, 50);
-- Final Index and Final Name: inner--0121 Key: fabric0121
insert into Zoom_Inventory_Attribute (Zoom_Id, Inventory_Attribute_Id) values (12161, 172);
insert into Zoom (Id, Description, Layer) values (12162, 'resources//img/Cuff/Cuff-Closeup-Lyr02-StrTrpButton-Inner.0122.png', 02);
insert into Category_Zoom (Category_Id, Zoom_Id) values (6, 12162);
insert into Zoom_Inventory_Attribute (Zoom_Id, Inventory_Attribute_Id) values (12162, 50);
-- Final Index and Final Name: inner--0122 Key: fabric0122
insert into Zoom_Inventory_Attribute (Zoom_Id, Inventory_Attribute_Id) values (12162, 173);
insert into Zoom (Id, Description, Layer) values (12163, 'resources//img/Cuff/Cuff-Closeup-Lyr02-StrTrpButton-Inner.0123.png', 02);
insert into Category_Zoom (Category_Id, Zoom_Id) values (6, 12163);
insert into Zoom_Inventory_Attribute (Zoom_Id, Inventory_Attribute_Id) values (12163, 50);
-- Final Index and Final Name: inner--0123 Key: fabric0123
insert into Zoom_Inventory_Attribute (Zoom_Id, Inventory_Attribute_Id) values (12163, 174);
insert into Zoom (Id, Description, Layer) values (12164, 'resources//img/Cuff/Cuff-Closeup-Lyr02-StrTrpButton-Inner.0124.png', 02);
insert into Category_Zoom (Category_Id, Zoom_Id) values (6, 12164);
insert into Zoom_Inventory_Attribute (Zoom_Id, Inventory_Attribute_Id) values (12164, 50);
-- Final Index and Final Name: inner--0124 Key: fabric0124
insert into Zoom_Inventory_Attribute (Zoom_Id, Inventory_Attribute_Id) values (12164, 175);
insert into Zoom (Id, Description, Layer) values (12165, 'resources//img/Cuff/Cuff-Closeup-Lyr02-StrTrpButton-Inner.0125.png', 02);
insert into Category_Zoom (Category_Id, Zoom_Id) values (6, 12165);
insert into Zoom_Inventory_Attribute (Zoom_Id, Inventory_Attribute_Id) values (12165, 50);
-- Final Index and Final Name: inner--0125 Key: fabric0125
insert into Zoom_Inventory_Attribute (Zoom_Id, Inventory_Attribute_Id) values (12165, 176);
insert into Zoom (Id, Description, Layer) values (12166, 'resources//img/Cuff/Cuff-Closeup-Lyr02-StrTrpButton-Inner.0126.png', 02);
insert into Category_Zoom (Category_Id, Zoom_Id) values (6, 12166);
insert into Zoom_Inventory_Attribute (Zoom_Id, Inventory_Attribute_Id) values (12166, 50);
-- Final Index and Final Name: inner--0126 Key: fabric0126
insert into Zoom_Inventory_Attribute (Zoom_Id, Inventory_Attribute_Id) values (12166, 177);
insert into Zoom (Id, Description, Layer) values (12167, 'resources//img/Cuff/Cuff-Closeup-Lyr02-StrTrpButton-Inner.0127.png', 02);
insert into Category_Zoom (Category_Id, Zoom_Id) values (6, 12167);
insert into Zoom_Inventory_Attribute (Zoom_Id, Inventory_Attribute_Id) values (12167, 50);
-- Final Index and Final Name: inner--0127 Key: fabric0127
insert into Zoom_Inventory_Attribute (Zoom_Id, Inventory_Attribute_Id) values (12167, 178);
insert into Zoom (Id, Description, Layer) values (12168, 'resources//img/Cuff/Cuff-Closeup-Lyr02-StrTrpButton-Inner.0128.png', 02);
insert into Category_Zoom (Category_Id, Zoom_Id) values (6, 12168);
insert into Zoom_Inventory_Attribute (Zoom_Id, Inventory_Attribute_Id) values (12168, 50);
-- Final Index and Final Name: inner--0128 Key: fabric0128
insert into Zoom_Inventory_Attribute (Zoom_Id, Inventory_Attribute_Id) values (12168, 179);
insert into Zoom (Id, Description, Layer) values (12169, 'resources//img/Cuff/Cuff-Closeup-Lyr02-StrTrpButton-Inner.0129.png', 02);
insert into Category_Zoom (Category_Id, Zoom_Id) values (6, 12169);
insert into Zoom_Inventory_Attribute (Zoom_Id, Inventory_Attribute_Id) values (12169, 50);
-- Final Index and Final Name: inner--0129 Key: fabric0129
insert into Zoom_Inventory_Attribute (Zoom_Id, Inventory_Attribute_Id) values (12169, 180);
insert into Zoom (Id, Description, Layer) values (12170, 'resources//img/Cuff/Cuff-Closeup-Lyr02-StrTrpButton-Inner.0130.png', 02);
insert into Category_Zoom (Category_Id, Zoom_Id) values (6, 12170);
insert into Zoom_Inventory_Attribute (Zoom_Id, Inventory_Attribute_Id) values (12170, 50);
-- Final Index and Final Name: inner--0130 Key: fabric0130
insert into Zoom_Inventory_Attribute (Zoom_Id, Inventory_Attribute_Id) values (12170, 181);
insert into Zoom (Id, Description, Layer) values (12171, 'resources//img/Cuff/Cuff-Closeup-Lyr02-StrTrpButton-Inner.0131.png', 02);
insert into Category_Zoom (Category_Id, Zoom_Id) values (6, 12171);
insert into Zoom_Inventory_Attribute (Zoom_Id, Inventory_Attribute_Id) values (12171, 50);
-- Final Index and Final Name: inner--0131 Key: fabric0131
insert into Zoom_Inventory_Attribute (Zoom_Id, Inventory_Attribute_Id) values (12171, 182);
insert into Zoom (Id, Description, Layer) values (12172, 'resources//img/Cuff/Cuff-Closeup-Lyr02-StrTrpButton-Inner.0132.png', 02);
insert into Category_Zoom (Category_Id, Zoom_Id) values (6, 12172);
insert into Zoom_Inventory_Attribute (Zoom_Id, Inventory_Attribute_Id) values (12172, 50);
-- Final Index and Final Name: inner--0132 Key: fabric0132
insert into Zoom_Inventory_Attribute (Zoom_Id, Inventory_Attribute_Id) values (12172, 183);
insert into Zoom (Id, Description, Layer) values (12173, 'resources//img/Cuff/Cuff-Closeup-Lyr02-StrTrpButton-Inner.0133.png', 02);
insert into Category_Zoom (Category_Id, Zoom_Id) values (6, 12173);
insert into Zoom_Inventory_Attribute (Zoom_Id, Inventory_Attribute_Id) values (12173, 50);
-- Final Index and Final Name: inner--0133 Key: fabric0133
insert into Zoom_Inventory_Attribute (Zoom_Id, Inventory_Attribute_Id) values (12173, 184);
insert into Zoom (Id, Description, Layer) values (12174, 'resources//img/Cuff/Cuff-Closeup-Lyr02-StrTrpButton-Inner.0134.png', 02);
insert into Category_Zoom (Category_Id, Zoom_Id) values (6, 12174);
insert into Zoom_Inventory_Attribute (Zoom_Id, Inventory_Attribute_Id) values (12174, 50);
-- Final Index and Final Name: inner--0134 Key: fabric0134
insert into Zoom_Inventory_Attribute (Zoom_Id, Inventory_Attribute_Id) values (12174, 185);
insert into Zoom (Id, Description, Layer) values (12175, 'resources//img/Cuff/Cuff-Closeup-Lyr02-StrTrpButton-Inner.0135.png', 02);
insert into Category_Zoom (Category_Id, Zoom_Id) values (6, 12175);
insert into Zoom_Inventory_Attribute (Zoom_Id, Inventory_Attribute_Id) values (12175, 50);
-- Final Index and Final Name: inner--0135 Key: fabric0135
insert into Zoom_Inventory_Attribute (Zoom_Id, Inventory_Attribute_Id) values (12175, 186);
insert into Zoom (Id, Description, Layer) values (12176, 'resources//img/Cuff/Cuff-Closeup-Lyr02-StrTrpButton-Inner.0136.png', 02);
insert into Category_Zoom (Category_Id, Zoom_Id) values (6, 12176);
insert into Zoom_Inventory_Attribute (Zoom_Id, Inventory_Attribute_Id) values (12176, 50);
-- Final Index and Final Name: inner--0136 Key: fabric0136
insert into Zoom_Inventory_Attribute (Zoom_Id, Inventory_Attribute_Id) values (12176, 187);
insert into Zoom (Id, Description, Layer) values (12177, 'resources//img/Cuff/Cuff-Closeup-Lyr02-StrTrpButton-Inner.0137.png', 02);
insert into Category_Zoom (Category_Id, Zoom_Id) values (6, 12177);
insert into Zoom_Inventory_Attribute (Zoom_Id, Inventory_Attribute_Id) values (12177, 50);
-- Final Index and Final Name: inner--0137 Key: fabric0137
insert into Zoom_Inventory_Attribute (Zoom_Id, Inventory_Attribute_Id) values (12177, 188);
insert into Zoom (Id, Description, Layer) values (12178, 'resources//img/Cuff/Cuff-Closeup-Lyr02-StrTrpButton-Inner.0138.png', 02);
insert into Category_Zoom (Category_Id, Zoom_Id) values (6, 12178);
insert into Zoom_Inventory_Attribute (Zoom_Id, Inventory_Attribute_Id) values (12178, 50);
-- Final Index and Final Name: inner--0138 Key: fabric0138
insert into Zoom_Inventory_Attribute (Zoom_Id, Inventory_Attribute_Id) values (12178, 189);
insert into Zoom (Id, Description, Layer) values (12179, 'resources//img/Cuff/Cuff-Closeup-Lyr02-StrTrpButton-Inner.0139.png', 02);
insert into Category_Zoom (Category_Id, Zoom_Id) values (6, 12179);
insert into Zoom_Inventory_Attribute (Zoom_Id, Inventory_Attribute_Id) values (12179, 50);
-- Final Index and Final Name: inner--0139 Key: fabric0139
insert into Zoom_Inventory_Attribute (Zoom_Id, Inventory_Attribute_Id) values (12179, 190);
insert into Zoom (Id, Description, Layer) values (12180, 'resources//img/Cuff/Cuff-Closeup-Lyr02-StrTrpButton-Inner.0140.png', 02);
insert into Category_Zoom (Category_Id, Zoom_Id) values (6, 12180);
insert into Zoom_Inventory_Attribute (Zoom_Id, Inventory_Attribute_Id) values (12180, 50);
-- Final Index and Final Name: inner--0140 Key: fabric0140
insert into Zoom_Inventory_Attribute (Zoom_Id, Inventory_Attribute_Id) values (12180, 191);
insert into Zoom (Id, Description, Layer) values (12181, 'resources//img/Cuff/Cuff-Closeup-Lyr02-StrTrpButton-Inner.0141.png', 02);
insert into Category_Zoom (Category_Id, Zoom_Id) values (6, 12181);
insert into Zoom_Inventory_Attribute (Zoom_Id, Inventory_Attribute_Id) values (12181, 50);
-- Final Index and Final Name: inner--0141 Key: fabric0141
insert into Zoom_Inventory_Attribute (Zoom_Id, Inventory_Attribute_Id) values (12181, 192);
insert into Zoom (Id, Description, Layer) values (12182, 'resources//img/Cuff/Cuff-Closeup-Lyr02-StrTrpButton-Inner.0142.png', 02);
insert into Category_Zoom (Category_Id, Zoom_Id) values (6, 12182);
insert into Zoom_Inventory_Attribute (Zoom_Id, Inventory_Attribute_Id) values (12182, 50);
-- Final Index and Final Name: inner--0142 Key: fabric0142
insert into Zoom_Inventory_Attribute (Zoom_Id, Inventory_Attribute_Id) values (12182, 193);
insert into Zoom (Id, Description, Layer) values (12183, 'resources//img/Cuff/Cuff-Closeup-Lyr02-StrTrpButton-Inner.0143.png', 02);
insert into Category_Zoom (Category_Id, Zoom_Id) values (6, 12183);
insert into Zoom_Inventory_Attribute (Zoom_Id, Inventory_Attribute_Id) values (12183, 50);
-- Final Index and Final Name: inner--0143 Key: fabric0143
insert into Zoom_Inventory_Attribute (Zoom_Id, Inventory_Attribute_Id) values (12183, 194);
insert into Zoom (Id, Description, Layer) values (12184, 'resources//img/Cuff/Cuff-Closeup-Lyr02-StrTrpButton-Inner.0144.png', 02);
insert into Category_Zoom (Category_Id, Zoom_Id) values (6, 12184);
insert into Zoom_Inventory_Attribute (Zoom_Id, Inventory_Attribute_Id) values (12184, 50);
-- Final Index and Final Name: inner--0144 Key: fabric0144
insert into Zoom_Inventory_Attribute (Zoom_Id, Inventory_Attribute_Id) values (12184, 195);
insert into Zoom (Id, Description, Layer) values (12185, 'resources//img/Cuff/Cuff-Closeup-Lyr02-StrTrpButton-Inner.0145.png', 02);
insert into Category_Zoom (Category_Id, Zoom_Id) values (6, 12185);
insert into Zoom_Inventory_Attribute (Zoom_Id, Inventory_Attribute_Id) values (12185, 50);
-- Final Index and Final Name: inner--0145 Key: fabric0145
insert into Zoom_Inventory_Attribute (Zoom_Id, Inventory_Attribute_Id) values (12185, 196);
insert into Zoom (Id, Description, Layer) values (12186, 'resources//img/Cuff/Cuff-Closeup-Lyr02-StrTrpButton-Inner.0146.png', 02);
insert into Category_Zoom (Category_Id, Zoom_Id) values (6, 12186);
insert into Zoom_Inventory_Attribute (Zoom_Id, Inventory_Attribute_Id) values (12186, 50);
-- Final Index and Final Name: inner--0146 Key: fabric0146
insert into Zoom_Inventory_Attribute (Zoom_Id, Inventory_Attribute_Id) values (12186, 197);
insert into Zoom (Id, Description, Layer) values (12187, 'resources//img/Cuff/Cuff-Closeup-Lyr02-StrTrpButton-Inner.0147.png', 02);
insert into Category_Zoom (Category_Id, Zoom_Id) values (6, 12187);
insert into Zoom_Inventory_Attribute (Zoom_Id, Inventory_Attribute_Id) values (12187, 50);
-- Final Index and Final Name: inner--0147 Key: fabric0147
insert into Zoom_Inventory_Attribute (Zoom_Id, Inventory_Attribute_Id) values (12187, 198);
insert into Zoom (Id, Description, Layer) values (12188, 'resources//img/Cuff/Cuff-Closeup-Lyr02-StrTrpButton-Inner.0148.png', 02);
insert into Category_Zoom (Category_Id, Zoom_Id) values (6, 12188);
insert into Zoom_Inventory_Attribute (Zoom_Id, Inventory_Attribute_Id) values (12188, 50);
-- Final Index and Final Name: inner--0148 Key: fabric0148
insert into Zoom_Inventory_Attribute (Zoom_Id, Inventory_Attribute_Id) values (12188, 199);
insert into Zoom (Id, Description, Layer) values (12189, 'resources//img/Cuff/Cuff-Closeup-Lyr02-StrTrpButton-Inner.0149.png', 02);
insert into Category_Zoom (Category_Id, Zoom_Id) values (6, 12189);
insert into Zoom_Inventory_Attribute (Zoom_Id, Inventory_Attribute_Id) values (12189, 50);
-- Final Index and Final Name: inner--0149 Key: fabric0149
insert into Zoom_Inventory_Attribute (Zoom_Id, Inventory_Attribute_Id) values (12189, 200);
insert into Zoom (Id, Description, Layer) values (12190, 'resources//img/Cuff/Cuff-Closeup-Lyr02-StrTrpButton-Inner.0150.png', 02);
insert into Category_Zoom (Category_Id, Zoom_Id) values (6, 12190);
insert into Zoom_Inventory_Attribute (Zoom_Id, Inventory_Attribute_Id) values (12190, 50);
-- Final Index and Final Name: inner--0150 Key: fabric0150
insert into Zoom_Inventory_Attribute (Zoom_Id, Inventory_Attribute_Id) values (12190, 201);
insert into Zoom (Id, Description, Layer) values (12191, 'resources//img/Cuff/Cuff-Closeup-Lyr02-StrTrpButton-Inner.0151.png', 02);
insert into Category_Zoom (Category_Id, Zoom_Id) values (6, 12191);
insert into Zoom_Inventory_Attribute (Zoom_Id, Inventory_Attribute_Id) values (12191, 50);
-- Final Index and Final Name: inner--0151 Key: fabric0151
insert into Zoom_Inventory_Attribute (Zoom_Id, Inventory_Attribute_Id) values (12191, 202);
insert into Zoom (Id, Description, Layer) values (12192, 'resources//img/Cuff/Cuff-Closeup-Lyr02-StrTrpButton-Inner.0152.png', 02);
insert into Category_Zoom (Category_Id, Zoom_Id) values (6, 12192);
insert into Zoom_Inventory_Attribute (Zoom_Id, Inventory_Attribute_Id) values (12192, 50);
-- Final Index and Final Name: inner--0152 Key: fabric0152
insert into Zoom_Inventory_Attribute (Zoom_Id, Inventory_Attribute_Id) values (12192, 203);
insert into Zoom (Id, Description, Layer) values (12193, 'resources//img/Cuff/Cuff-Closeup-Lyr02-StrTrpButton-Inner.0153.png', 02);
insert into Category_Zoom (Category_Id, Zoom_Id) values (6, 12193);
insert into Zoom_Inventory_Attribute (Zoom_Id, Inventory_Attribute_Id) values (12193, 50);
-- Final Index and Final Name: inner--0153 Key: fabric0153
insert into Zoom_Inventory_Attribute (Zoom_Id, Inventory_Attribute_Id) values (12193, 204);
insert into Zoom (Id, Description, Layer) values (12194, 'resources//img/Cuff/Cuff-Closeup-Lyr02-StrTrpButton-Inner.0154.png', 02);
insert into Category_Zoom (Category_Id, Zoom_Id) values (6, 12194);
insert into Zoom_Inventory_Attribute (Zoom_Id, Inventory_Attribute_Id) values (12194, 50);
-- Final Index and Final Name: inner--0154 Key: fabric0154
insert into Zoom_Inventory_Attribute (Zoom_Id, Inventory_Attribute_Id) values (12194, 205);
insert into Zoom (Id, Description, Layer) values (12195, 'resources//img/Cuff/Cuff-Closeup-Lyr02-StrTrpButton-Inner.0155.png', 02);
insert into Category_Zoom (Category_Id, Zoom_Id) values (6, 12195);
insert into Zoom_Inventory_Attribute (Zoom_Id, Inventory_Attribute_Id) values (12195, 50);
-- Final Index and Final Name: inner--0155 Key: fabric0155
insert into Zoom_Inventory_Attribute (Zoom_Id, Inventory_Attribute_Id) values (12195, 206);
insert into Zoom (Id, Description, Layer) values (12196, 'resources//img/Cuff/Cuff-Closeup-Lyr03-BevDbButton-Thread.0001.png', 03);
insert into Category_Zoom (Category_Id, Zoom_Id) values (6, 12196);
insert into Zoom_Inventory_Attribute (Zoom_Id, Inventory_Attribute_Id) values (12196, 45);
-- Final Index and Final Name: thread--0001 Key: iconthread0001
insert into Zoom_Inventory_Attribute (Zoom_Id, Inventory_Attribute_Id) values (12196, 248);
insert into Zoom (Id, Description, Layer) values (12197, 'resources//img/Cuff/Cuff-Closeup-Lyr03-BevDbButton-Thread.0002.png', 03);
insert into Category_Zoom (Category_Id, Zoom_Id) values (6, 12197);
insert into Zoom_Inventory_Attribute (Zoom_Id, Inventory_Attribute_Id) values (12197, 45);
-- Final Index and Final Name: thread--0002 Key: iconthread0002
insert into Zoom_Inventory_Attribute (Zoom_Id, Inventory_Attribute_Id) values (12197, 249);
insert into Zoom (Id, Description, Layer) values (12198, 'resources//img/Cuff/Cuff-Closeup-Lyr03-BevDbButton-Thread.0003.png', 03);
insert into Category_Zoom (Category_Id, Zoom_Id) values (6, 12198);
insert into Zoom_Inventory_Attribute (Zoom_Id, Inventory_Attribute_Id) values (12198, 45);
-- Final Index and Final Name: thread--0003 Key: iconthread0003
insert into Zoom_Inventory_Attribute (Zoom_Id, Inventory_Attribute_Id) values (12198, 250);
insert into Zoom (Id, Description, Layer) values (12199, 'resources//img/Cuff/Cuff-Closeup-Lyr03-BevDbButton-Thread.0004.png', 03);
insert into Category_Zoom (Category_Id, Zoom_Id) values (6, 12199);
insert into Zoom_Inventory_Attribute (Zoom_Id, Inventory_Attribute_Id) values (12199, 45);
-- Final Index and Final Name: thread--0004 Key: iconthread0004
insert into Zoom_Inventory_Attribute (Zoom_Id, Inventory_Attribute_Id) values (12199, 251);
insert into Zoom (Id, Description, Layer) values (12200, 'resources//img/Cuff/Cuff-Closeup-Lyr03-BevDbButton-Thread.0005.png', 03);
insert into Category_Zoom (Category_Id, Zoom_Id) values (6, 12200);
insert into Zoom_Inventory_Attribute (Zoom_Id, Inventory_Attribute_Id) values (12200, 45);
-- Final Index and Final Name: thread--0005 Key: iconthread0005
insert into Zoom_Inventory_Attribute (Zoom_Id, Inventory_Attribute_Id) values (12200, 252);
insert into Zoom (Id, Description, Layer) values (12201, 'resources//img/Cuff/Cuff-Closeup-Lyr03-BevDbButton-Thread.0006.png', 03);
insert into Category_Zoom (Category_Id, Zoom_Id) values (6, 12201);
insert into Zoom_Inventory_Attribute (Zoom_Id, Inventory_Attribute_Id) values (12201, 45);
-- Final Index and Final Name: thread--0006 Key: iconthread0006
insert into Zoom_Inventory_Attribute (Zoom_Id, Inventory_Attribute_Id) values (12201, 253);
insert into Zoom (Id, Description, Layer) values (12202, 'resources//img/Cuff/Cuff-Closeup-Lyr03-BevDbButton-Thread.0007.png', 03);
insert into Category_Zoom (Category_Id, Zoom_Id) values (6, 12202);
insert into Zoom_Inventory_Attribute (Zoom_Id, Inventory_Attribute_Id) values (12202, 45);
-- Final Index and Final Name: thread--0007 Key: iconthread0007
insert into Zoom_Inventory_Attribute (Zoom_Id, Inventory_Attribute_Id) values (12202, 254);
insert into Zoom (Id, Description, Layer) values (12203, 'resources//img/Cuff/Cuff-Closeup-Lyr03-BevDbButton-Thread.0008.png', 03);
insert into Category_Zoom (Category_Id, Zoom_Id) values (6, 12203);
insert into Zoom_Inventory_Attribute (Zoom_Id, Inventory_Attribute_Id) values (12203, 45);
-- Final Index and Final Name: thread--0008 Key: iconthread0008
insert into Zoom_Inventory_Attribute (Zoom_Id, Inventory_Attribute_Id) values (12203, 255);
insert into Zoom (Id, Description, Layer) values (12204, 'resources//img/Cuff/Cuff-Closeup-Lyr03-BevDbButton-Thread.0009.png', 03);
insert into Category_Zoom (Category_Id, Zoom_Id) values (6, 12204);
insert into Zoom_Inventory_Attribute (Zoom_Id, Inventory_Attribute_Id) values (12204, 45);
-- Final Index and Final Name: thread--0009 Key: iconthread0009
insert into Zoom_Inventory_Attribute (Zoom_Id, Inventory_Attribute_Id) values (12204, 256);
insert into Zoom (Id, Description, Layer) values (12205, 'resources//img/Cuff/Cuff-Closeup-Lyr03-BevDbButton-Thread.0010.png', 03);
insert into Category_Zoom (Category_Id, Zoom_Id) values (6, 12205);
insert into Zoom_Inventory_Attribute (Zoom_Id, Inventory_Attribute_Id) values (12205, 45);
-- Final Index and Final Name: thread--0010 Key: iconthread0010
insert into Zoom_Inventory_Attribute (Zoom_Id, Inventory_Attribute_Id) values (12205, 257);
insert into Zoom (Id, Description, Layer) values (12206, 'resources//img/Cuff/Cuff-Closeup-Lyr03-BevDbButton-Thread.0011.png', 03);
insert into Category_Zoom (Category_Id, Zoom_Id) values (6, 12206);
insert into Zoom_Inventory_Attribute (Zoom_Id, Inventory_Attribute_Id) values (12206, 45);
-- Final Index and Final Name: thread--0011 Key: iconthread0011
insert into Zoom_Inventory_Attribute (Zoom_Id, Inventory_Attribute_Id) values (12206, 258);
insert into Zoom (Id, Description, Layer) values (12207, 'resources//img/Cuff/Cuff-Closeup-Lyr03-BevDbButton-Thread.0012.png', 03);
insert into Category_Zoom (Category_Id, Zoom_Id) values (6, 12207);
insert into Zoom_Inventory_Attribute (Zoom_Id, Inventory_Attribute_Id) values (12207, 45);
-- Final Index and Final Name: thread--0012 Key: iconthread0012
insert into Zoom_Inventory_Attribute (Zoom_Id, Inventory_Attribute_Id) values (12207, 259);
insert into Zoom (Id, Description, Layer) values (12208, 'resources//img/Cuff/Cuff-Closeup-Lyr03-BevDbButton-Thread.0013.png', 03);
insert into Category_Zoom (Category_Id, Zoom_Id) values (6, 12208);
insert into Zoom_Inventory_Attribute (Zoom_Id, Inventory_Attribute_Id) values (12208, 45);
-- Final Index and Final Name: thread--0013 Key: iconthread0013
insert into Zoom_Inventory_Attribute (Zoom_Id, Inventory_Attribute_Id) values (12208, 260);
insert into Zoom (Id, Description, Layer) values (12209, 'resources//img/Cuff/Cuff-Closeup-Lyr03-BevDbButton-Thread.0014.png', 03);
insert into Category_Zoom (Category_Id, Zoom_Id) values (6, 12209);
insert into Zoom_Inventory_Attribute (Zoom_Id, Inventory_Attribute_Id) values (12209, 45);
-- Final Index and Final Name: thread--0014 Key: iconthread0014
insert into Zoom_Inventory_Attribute (Zoom_Id, Inventory_Attribute_Id) values (12209, 261);
insert into Zoom (Id, Description, Layer) values (12210, 'resources//img/Cuff/Cuff-Closeup-Lyr03-BevDbButton-Thread.0015.png', 03);
insert into Category_Zoom (Category_Id, Zoom_Id) values (6, 12210);
insert into Zoom_Inventory_Attribute (Zoom_Id, Inventory_Attribute_Id) values (12210, 45);
-- Final Index and Final Name: thread--0015 Key: iconthread0015
insert into Zoom_Inventory_Attribute (Zoom_Id, Inventory_Attribute_Id) values (12210, 262);
insert into Zoom (Id, Description, Layer) values (12211, 'resources//img/Cuff/Cuff-Closeup-Lyr03-BevDbButton-Thread.0016.png', 03);
insert into Category_Zoom (Category_Id, Zoom_Id) values (6, 12211);
insert into Zoom_Inventory_Attribute (Zoom_Id, Inventory_Attribute_Id) values (12211, 45);
-- Final Index and Final Name: thread--0016 Key: iconthread0016
insert into Zoom_Inventory_Attribute (Zoom_Id, Inventory_Attribute_Id) values (12211, 263);
insert into Zoom (Id, Description, Layer) values (12212, 'resources//img/Cuff/Cuff-Closeup-Lyr03-BevDbButton-Thread.0017.png', 03);
insert into Category_Zoom (Category_Id, Zoom_Id) values (6, 12212);
insert into Zoom_Inventory_Attribute (Zoom_Id, Inventory_Attribute_Id) values (12212, 45);
-- Final Index and Final Name: thread--0017 Key: iconthread0017
insert into Zoom_Inventory_Attribute (Zoom_Id, Inventory_Attribute_Id) values (12212, 264);
insert into Zoom (Id, Description, Layer) values (12213, 'resources//img/Cuff/Cuff-Closeup-Lyr03-BevDbButton-Thread.0018.png', 03);
insert into Category_Zoom (Category_Id, Zoom_Id) values (6, 12213);
insert into Zoom_Inventory_Attribute (Zoom_Id, Inventory_Attribute_Id) values (12213, 45);
-- Final Index and Final Name: thread--0018 Key: iconthread0018
insert into Zoom_Inventory_Attribute (Zoom_Id, Inventory_Attribute_Id) values (12213, 265);
insert into Zoom (Id, Description, Layer) values (12214, 'resources//img/Cuff/Cuff-Closeup-Lyr03-BevDbButton-Thread.0019.png', 03);
insert into Category_Zoom (Category_Id, Zoom_Id) values (6, 12214);
insert into Zoom_Inventory_Attribute (Zoom_Id, Inventory_Attribute_Id) values (12214, 45);
-- Final Index and Final Name: thread--0019 Key: iconthread0019
insert into Zoom_Inventory_Attribute (Zoom_Id, Inventory_Attribute_Id) values (12214, 266);
insert into Zoom (Id, Description, Layer) values (12215, 'resources//img/Cuff/Cuff-Closeup-Lyr03-BevDbButton-Thread.0020.png', 03);
insert into Category_Zoom (Category_Id, Zoom_Id) values (6, 12215);
insert into Zoom_Inventory_Attribute (Zoom_Id, Inventory_Attribute_Id) values (12215, 45);
-- Final Index and Final Name: thread--0020 Key: iconthread0020
insert into Zoom_Inventory_Attribute (Zoom_Id, Inventory_Attribute_Id) values (12215, 267);
insert into Zoom (Id, Description, Layer) values (12216, 'resources//img/Cuff/Cuff-Closeup-Lyr03-BevDbButton-Thread.0021.png', 03);
insert into Category_Zoom (Category_Id, Zoom_Id) values (6, 12216);
insert into Zoom_Inventory_Attribute (Zoom_Id, Inventory_Attribute_Id) values (12216, 45);
-- Final Index and Final Name: thread--0021 Key: iconthread0021
insert into Zoom_Inventory_Attribute (Zoom_Id, Inventory_Attribute_Id) values (12216, 268);
insert into Zoom (Id, Description, Layer) values (12217, 'resources//img/Cuff/Cuff-Closeup-Lyr03-BevDbButton-Thread.0022.png', 03);
insert into Category_Zoom (Category_Id, Zoom_Id) values (6, 12217);
insert into Zoom_Inventory_Attribute (Zoom_Id, Inventory_Attribute_Id) values (12217, 45);
-- Final Index and Final Name: thread--0022 Key: iconthread0022
insert into Zoom_Inventory_Attribute (Zoom_Id, Inventory_Attribute_Id) values (12217, 269);
insert into Zoom (Id, Description, Layer) values (12218, 'resources//img/Cuff/Cuff-Closeup-Lyr03-BevDbButton-Thread.0023.png', 03);
insert into Category_Zoom (Category_Id, Zoom_Id) values (6, 12218);
insert into Zoom_Inventory_Attribute (Zoom_Id, Inventory_Attribute_Id) values (12218, 45);
-- Final Index and Final Name: thread--0023 Key: iconthread0023
insert into Zoom_Inventory_Attribute (Zoom_Id, Inventory_Attribute_Id) values (12218, 270);
insert into Zoom (Id, Description, Layer) values (12219, 'resources//img/Cuff/Cuff-Closeup-Lyr03-BevDbButton-Thread.0024.png', 03);
insert into Category_Zoom (Category_Id, Zoom_Id) values (6, 12219);
insert into Zoom_Inventory_Attribute (Zoom_Id, Inventory_Attribute_Id) values (12219, 45);
-- Final Index and Final Name: thread--0024 Key: iconthread0024
insert into Zoom_Inventory_Attribute (Zoom_Id, Inventory_Attribute_Id) values (12219, 271);
insert into Zoom (Id, Description, Layer) values (12220, 'resources//img/Cuff/Cuff-Closeup-Lyr03-BevDbButton-Thread.0025.png', 03);
insert into Category_Zoom (Category_Id, Zoom_Id) values (6, 12220);
insert into Zoom_Inventory_Attribute (Zoom_Id, Inventory_Attribute_Id) values (12220, 45);
-- Final Index and Final Name: thread--0025 Key: iconthread0025
insert into Zoom_Inventory_Attribute (Zoom_Id, Inventory_Attribute_Id) values (12220, 272);
insert into Zoom (Id, Description, Layer) values (12221, 'resources//img/Cuff/Cuff-Closeup-Lyr03-BevDbButton-Thread.0026.png', 03);
insert into Category_Zoom (Category_Id, Zoom_Id) values (6, 12221);
insert into Zoom_Inventory_Attribute (Zoom_Id, Inventory_Attribute_Id) values (12221, 45);
-- Final Index and Final Name: thread--0026 Key: iconthread0026
insert into Zoom_Inventory_Attribute (Zoom_Id, Inventory_Attribute_Id) values (12221, 273);
insert into Zoom (Id, Description, Layer) values (12222, 'resources//img/Cuff/Cuff-Closeup-Lyr03-BevDbButton-Thread.0027.png', 03);
insert into Category_Zoom (Category_Id, Zoom_Id) values (6, 12222);
insert into Zoom_Inventory_Attribute (Zoom_Id, Inventory_Attribute_Id) values (12222, 45);
-- Final Index and Final Name: thread--0027 Key: iconthread0027
insert into Zoom_Inventory_Attribute (Zoom_Id, Inventory_Attribute_Id) values (12222, 274);
insert into Zoom (Id, Description, Layer) values (12223, 'resources//img/Cuff/Cuff-Closeup-Lyr03-BevFrench-Thread.0001.png', 03);
insert into Category_Zoom (Category_Id, Zoom_Id) values (6, 12223);
insert into Zoom_Inventory_Attribute (Zoom_Id, Inventory_Attribute_Id) values (12223, 46);
-- Final Index and Final Name: thread--0001 Key: iconthread0001
insert into Zoom_Inventory_Attribute (Zoom_Id, Inventory_Attribute_Id) values (12223, 248);
insert into Zoom (Id, Description, Layer) values (12224, 'resources//img/Cuff/Cuff-Closeup-Lyr03-BevFrench-Thread.0002.png', 03);
insert into Category_Zoom (Category_Id, Zoom_Id) values (6, 12224);
insert into Zoom_Inventory_Attribute (Zoom_Id, Inventory_Attribute_Id) values (12224, 46);
-- Final Index and Final Name: thread--0002 Key: iconthread0002
insert into Zoom_Inventory_Attribute (Zoom_Id, Inventory_Attribute_Id) values (12224, 249);
insert into Zoom (Id, Description, Layer) values (12225, 'resources//img/Cuff/Cuff-Closeup-Lyr03-BevFrench-Thread.0003.png', 03);
insert into Category_Zoom (Category_Id, Zoom_Id) values (6, 12225);
insert into Zoom_Inventory_Attribute (Zoom_Id, Inventory_Attribute_Id) values (12225, 46);
-- Final Index and Final Name: thread--0003 Key: iconthread0003
insert into Zoom_Inventory_Attribute (Zoom_Id, Inventory_Attribute_Id) values (12225, 250);
insert into Zoom (Id, Description, Layer) values (12226, 'resources//img/Cuff/Cuff-Closeup-Lyr03-BevFrench-Thread.0004.png', 03);
insert into Category_Zoom (Category_Id, Zoom_Id) values (6, 12226);
insert into Zoom_Inventory_Attribute (Zoom_Id, Inventory_Attribute_Id) values (12226, 46);
-- Final Index and Final Name: thread--0004 Key: iconthread0004
insert into Zoom_Inventory_Attribute (Zoom_Id, Inventory_Attribute_Id) values (12226, 251);
insert into Zoom (Id, Description, Layer) values (12227, 'resources//img/Cuff/Cuff-Closeup-Lyr03-BevFrench-Thread.0005.png', 03);
insert into Category_Zoom (Category_Id, Zoom_Id) values (6, 12227);
insert into Zoom_Inventory_Attribute (Zoom_Id, Inventory_Attribute_Id) values (12227, 46);
-- Final Index and Final Name: thread--0005 Key: iconthread0005
insert into Zoom_Inventory_Attribute (Zoom_Id, Inventory_Attribute_Id) values (12227, 252);
insert into Zoom (Id, Description, Layer) values (12228, 'resources//img/Cuff/Cuff-Closeup-Lyr03-BevFrench-Thread.0006.png', 03);
insert into Category_Zoom (Category_Id, Zoom_Id) values (6, 12228);
insert into Zoom_Inventory_Attribute (Zoom_Id, Inventory_Attribute_Id) values (12228, 46);
-- Final Index and Final Name: thread--0006 Key: iconthread0006
insert into Zoom_Inventory_Attribute (Zoom_Id, Inventory_Attribute_Id) values (12228, 253);
insert into Zoom (Id, Description, Layer) values (12229, 'resources//img/Cuff/Cuff-Closeup-Lyr03-BevFrench-Thread.0007.png', 03);
insert into Category_Zoom (Category_Id, Zoom_Id) values (6, 12229);
insert into Zoom_Inventory_Attribute (Zoom_Id, Inventory_Attribute_Id) values (12229, 46);
-- Final Index and Final Name: thread--0007 Key: iconthread0007
insert into Zoom_Inventory_Attribute (Zoom_Id, Inventory_Attribute_Id) values (12229, 254);
insert into Zoom (Id, Description, Layer) values (12230, 'resources//img/Cuff/Cuff-Closeup-Lyr03-BevFrench-Thread.0008.png', 03);
insert into Category_Zoom (Category_Id, Zoom_Id) values (6, 12230);
insert into Zoom_Inventory_Attribute (Zoom_Id, Inventory_Attribute_Id) values (12230, 46);
-- Final Index and Final Name: thread--0008 Key: iconthread0008
insert into Zoom_Inventory_Attribute (Zoom_Id, Inventory_Attribute_Id) values (12230, 255);
insert into Zoom (Id, Description, Layer) values (12231, 'resources//img/Cuff/Cuff-Closeup-Lyr03-BevFrench-Thread.0009.png', 03);
insert into Category_Zoom (Category_Id, Zoom_Id) values (6, 12231);
insert into Zoom_Inventory_Attribute (Zoom_Id, Inventory_Attribute_Id) values (12231, 46);
-- Final Index and Final Name: thread--0009 Key: iconthread0009
insert into Zoom_Inventory_Attribute (Zoom_Id, Inventory_Attribute_Id) values (12231, 256);
insert into Zoom (Id, Description, Layer) values (12232, 'resources//img/Cuff/Cuff-Closeup-Lyr03-BevFrench-Thread.0010.png', 03);
insert into Category_Zoom (Category_Id, Zoom_Id) values (6, 12232);
insert into Zoom_Inventory_Attribute (Zoom_Id, Inventory_Attribute_Id) values (12232, 46);
-- Final Index and Final Name: thread--0010 Key: iconthread0010
insert into Zoom_Inventory_Attribute (Zoom_Id, Inventory_Attribute_Id) values (12232, 257);
insert into Zoom (Id, Description, Layer) values (12233, 'resources//img/Cuff/Cuff-Closeup-Lyr03-BevFrench-Thread.0011.png', 03);
insert into Category_Zoom (Category_Id, Zoom_Id) values (6, 12233);
insert into Zoom_Inventory_Attribute (Zoom_Id, Inventory_Attribute_Id) values (12233, 46);
-- Final Index and Final Name: thread--0011 Key: iconthread0011
insert into Zoom_Inventory_Attribute (Zoom_Id, Inventory_Attribute_Id) values (12233, 258);
insert into Zoom (Id, Description, Layer) values (12234, 'resources//img/Cuff/Cuff-Closeup-Lyr03-BevFrench-Thread.0012.png', 03);
insert into Category_Zoom (Category_Id, Zoom_Id) values (6, 12234);
insert into Zoom_Inventory_Attribute (Zoom_Id, Inventory_Attribute_Id) values (12234, 46);
-- Final Index and Final Name: thread--0012 Key: iconthread0012
insert into Zoom_Inventory_Attribute (Zoom_Id, Inventory_Attribute_Id) values (12234, 259);
insert into Zoom (Id, Description, Layer) values (12235, 'resources//img/Cuff/Cuff-Closeup-Lyr03-BevFrench-Thread.0013.png', 03);
insert into Category_Zoom (Category_Id, Zoom_Id) values (6, 12235);
insert into Zoom_Inventory_Attribute (Zoom_Id, Inventory_Attribute_Id) values (12235, 46);
-- Final Index and Final Name: thread--0013 Key: iconthread0013
insert into Zoom_Inventory_Attribute (Zoom_Id, Inventory_Attribute_Id) values (12235, 260);
insert into Zoom (Id, Description, Layer) values (12236, 'resources//img/Cuff/Cuff-Closeup-Lyr03-BevFrench-Thread.0014.png', 03);
insert into Category_Zoom (Category_Id, Zoom_Id) values (6, 12236);
insert into Zoom_Inventory_Attribute (Zoom_Id, Inventory_Attribute_Id) values (12236, 46);
-- Final Index and Final Name: thread--0014 Key: iconthread0014
insert into Zoom_Inventory_Attribute (Zoom_Id, Inventory_Attribute_Id) values (12236, 261);
insert into Zoom (Id, Description, Layer) values (12237, 'resources//img/Cuff/Cuff-Closeup-Lyr03-BevFrench-Thread.0015.png', 03);
insert into Category_Zoom (Category_Id, Zoom_Id) values (6, 12237);
insert into Zoom_Inventory_Attribute (Zoom_Id, Inventory_Attribute_Id) values (12237, 46);
-- Final Index and Final Name: thread--0015 Key: iconthread0015
insert into Zoom_Inventory_Attribute (Zoom_Id, Inventory_Attribute_Id) values (12237, 262);
insert into Zoom (Id, Description, Layer) values (12238, 'resources//img/Cuff/Cuff-Closeup-Lyr03-BevFrench-Thread.0016.png', 03);
insert into Category_Zoom (Category_Id, Zoom_Id) values (6, 12238);
insert into Zoom_Inventory_Attribute (Zoom_Id, Inventory_Attribute_Id) values (12238, 46);
-- Final Index and Final Name: thread--0016 Key: iconthread0016
insert into Zoom_Inventory_Attribute (Zoom_Id, Inventory_Attribute_Id) values (12238, 263);
insert into Zoom (Id, Description, Layer) values (12239, 'resources//img/Cuff/Cuff-Closeup-Lyr03-BevFrench-Thread.0017.png', 03);
insert into Category_Zoom (Category_Id, Zoom_Id) values (6, 12239);
insert into Zoom_Inventory_Attribute (Zoom_Id, Inventory_Attribute_Id) values (12239, 46);
-- Final Index and Final Name: thread--0017 Key: iconthread0017
insert into Zoom_Inventory_Attribute (Zoom_Id, Inventory_Attribute_Id) values (12239, 264);
insert into Zoom (Id, Description, Layer) values (12240, 'resources//img/Cuff/Cuff-Closeup-Lyr03-BevFrench-Thread.0018.png', 03);
insert into Category_Zoom (Category_Id, Zoom_Id) values (6, 12240);
insert into Zoom_Inventory_Attribute (Zoom_Id, Inventory_Attribute_Id) values (12240, 46);
-- Final Index and Final Name: thread--0018 Key: iconthread0018
insert into Zoom_Inventory_Attribute (Zoom_Id, Inventory_Attribute_Id) values (12240, 265);
insert into Zoom (Id, Description, Layer) values (12241, 'resources//img/Cuff/Cuff-Closeup-Lyr03-BevFrench-Thread.0019.png', 03);
insert into Category_Zoom (Category_Id, Zoom_Id) values (6, 12241);
insert into Zoom_Inventory_Attribute (Zoom_Id, Inventory_Attribute_Id) values (12241, 46);
-- Final Index and Final Name: thread--0019 Key: iconthread0019
insert into Zoom_Inventory_Attribute (Zoom_Id, Inventory_Attribute_Id) values (12241, 266);
insert into Zoom (Id, Description, Layer) values (12242, 'resources//img/Cuff/Cuff-Closeup-Lyr03-BevFrench-Thread.0020.png', 03);
insert into Category_Zoom (Category_Id, Zoom_Id) values (6, 12242);
insert into Zoom_Inventory_Attribute (Zoom_Id, Inventory_Attribute_Id) values (12242, 46);
-- Final Index and Final Name: thread--0020 Key: iconthread0020
insert into Zoom_Inventory_Attribute (Zoom_Id, Inventory_Attribute_Id) values (12242, 267);
insert into Zoom (Id, Description, Layer) values (12243, 'resources//img/Cuff/Cuff-Closeup-Lyr03-BevFrench-Thread.0021.png', 03);
insert into Category_Zoom (Category_Id, Zoom_Id) values (6, 12243);
insert into Zoom_Inventory_Attribute (Zoom_Id, Inventory_Attribute_Id) values (12243, 46);
-- Final Index and Final Name: thread--0021 Key: iconthread0021
insert into Zoom_Inventory_Attribute (Zoom_Id, Inventory_Attribute_Id) values (12243, 268);
insert into Zoom (Id, Description, Layer) values (12244, 'resources//img/Cuff/Cuff-Closeup-Lyr03-BevFrench-Thread.0022.png', 03);
insert into Category_Zoom (Category_Id, Zoom_Id) values (6, 12244);
insert into Zoom_Inventory_Attribute (Zoom_Id, Inventory_Attribute_Id) values (12244, 46);
-- Final Index and Final Name: thread--0022 Key: iconthread0022
insert into Zoom_Inventory_Attribute (Zoom_Id, Inventory_Attribute_Id) values (12244, 269);
insert into Zoom (Id, Description, Layer) values (12245, 'resources//img/Cuff/Cuff-Closeup-Lyr03-BevFrench-Thread.0023.png', 03);
insert into Category_Zoom (Category_Id, Zoom_Id) values (6, 12245);
insert into Zoom_Inventory_Attribute (Zoom_Id, Inventory_Attribute_Id) values (12245, 46);
-- Final Index and Final Name: thread--0023 Key: iconthread0023
insert into Zoom_Inventory_Attribute (Zoom_Id, Inventory_Attribute_Id) values (12245, 270);
insert into Zoom (Id, Description, Layer) values (12246, 'resources//img/Cuff/Cuff-Closeup-Lyr03-BevFrench-Thread.0024.png', 03);
insert into Category_Zoom (Category_Id, Zoom_Id) values (6, 12246);
insert into Zoom_Inventory_Attribute (Zoom_Id, Inventory_Attribute_Id) values (12246, 46);
-- Final Index and Final Name: thread--0024 Key: iconthread0024
insert into Zoom_Inventory_Attribute (Zoom_Id, Inventory_Attribute_Id) values (12246, 271);
insert into Zoom (Id, Description, Layer) values (12247, 'resources//img/Cuff/Cuff-Closeup-Lyr03-BevFrench-Thread.0025.png', 03);
insert into Category_Zoom (Category_Id, Zoom_Id) values (6, 12247);
insert into Zoom_Inventory_Attribute (Zoom_Id, Inventory_Attribute_Id) values (12247, 46);
-- Final Index and Final Name: thread--0025 Key: iconthread0025
insert into Zoom_Inventory_Attribute (Zoom_Id, Inventory_Attribute_Id) values (12247, 272);
insert into Zoom (Id, Description, Layer) values (12248, 'resources//img/Cuff/Cuff-Closeup-Lyr03-BevFrench-Thread.0026.png', 03);
insert into Category_Zoom (Category_Id, Zoom_Id) values (6, 12248);
insert into Zoom_Inventory_Attribute (Zoom_Id, Inventory_Attribute_Id) values (12248, 46);
-- Final Index and Final Name: thread--0026 Key: iconthread0026
insert into Zoom_Inventory_Attribute (Zoom_Id, Inventory_Attribute_Id) values (12248, 273);
insert into Zoom (Id, Description, Layer) values (12249, 'resources//img/Cuff/Cuff-Closeup-Lyr03-BevFrench-Thread.0027.png', 03);
insert into Category_Zoom (Category_Id, Zoom_Id) values (6, 12249);
insert into Zoom_Inventory_Attribute (Zoom_Id, Inventory_Attribute_Id) values (12249, 46);
-- Final Index and Final Name: thread--0027 Key: iconthread0027
insert into Zoom_Inventory_Attribute (Zoom_Id, Inventory_Attribute_Id) values (12249, 274);
insert into Zoom (Id, Description, Layer) values (12250, 'resources//img/Cuff/Cuff-Closeup-Lyr03-BevNarrow-Thread.0001.png', 03);
insert into Category_Zoom (Category_Id, Zoom_Id) values (6, 12250);
insert into Zoom_Inventory_Attribute (Zoom_Id, Inventory_Attribute_Id) values (12250, 47);
-- Final Index and Final Name: thread--0001 Key: iconthread0001
insert into Zoom_Inventory_Attribute (Zoom_Id, Inventory_Attribute_Id) values (12250, 248);
insert into Zoom (Id, Description, Layer) values (12251, 'resources//img/Cuff/Cuff-Closeup-Lyr03-BevNarrow-Thread.0002.png', 03);
insert into Category_Zoom (Category_Id, Zoom_Id) values (6, 12251);
insert into Zoom_Inventory_Attribute (Zoom_Id, Inventory_Attribute_Id) values (12251, 47);
-- Final Index and Final Name: thread--0002 Key: iconthread0002
insert into Zoom_Inventory_Attribute (Zoom_Id, Inventory_Attribute_Id) values (12251, 249);
insert into Zoom (Id, Description, Layer) values (12252, 'resources//img/Cuff/Cuff-Closeup-Lyr03-BevNarrow-Thread.0003.png', 03);
insert into Category_Zoom (Category_Id, Zoom_Id) values (6, 12252);
insert into Zoom_Inventory_Attribute (Zoom_Id, Inventory_Attribute_Id) values (12252, 47);
-- Final Index and Final Name: thread--0003 Key: iconthread0003
insert into Zoom_Inventory_Attribute (Zoom_Id, Inventory_Attribute_Id) values (12252, 250);
insert into Zoom (Id, Description, Layer) values (12253, 'resources//img/Cuff/Cuff-Closeup-Lyr03-BevNarrow-Thread.0004.png', 03);
insert into Category_Zoom (Category_Id, Zoom_Id) values (6, 12253);
insert into Zoom_Inventory_Attribute (Zoom_Id, Inventory_Attribute_Id) values (12253, 47);
-- Final Index and Final Name: thread--0004 Key: iconthread0004
insert into Zoom_Inventory_Attribute (Zoom_Id, Inventory_Attribute_Id) values (12253, 251);
insert into Zoom (Id, Description, Layer) values (12254, 'resources//img/Cuff/Cuff-Closeup-Lyr03-BevNarrow-Thread.0005.png', 03);
insert into Category_Zoom (Category_Id, Zoom_Id) values (6, 12254);
insert into Zoom_Inventory_Attribute (Zoom_Id, Inventory_Attribute_Id) values (12254, 47);
-- Final Index and Final Name: thread--0005 Key: iconthread0005
insert into Zoom_Inventory_Attribute (Zoom_Id, Inventory_Attribute_Id) values (12254, 252);
insert into Zoom (Id, Description, Layer) values (12255, 'resources//img/Cuff/Cuff-Closeup-Lyr03-BevNarrow-Thread.0006.png', 03);
insert into Category_Zoom (Category_Id, Zoom_Id) values (6, 12255);
insert into Zoom_Inventory_Attribute (Zoom_Id, Inventory_Attribute_Id) values (12255, 47);
-- Final Index and Final Name: thread--0006 Key: iconthread0006
insert into Zoom_Inventory_Attribute (Zoom_Id, Inventory_Attribute_Id) values (12255, 253);
insert into Zoom (Id, Description, Layer) values (12256, 'resources//img/Cuff/Cuff-Closeup-Lyr03-BevNarrow-Thread.0007.png', 03);
insert into Category_Zoom (Category_Id, Zoom_Id) values (6, 12256);
insert into Zoom_Inventory_Attribute (Zoom_Id, Inventory_Attribute_Id) values (12256, 47);
-- Final Index and Final Name: thread--0007 Key: iconthread0007
insert into Zoom_Inventory_Attribute (Zoom_Id, Inventory_Attribute_Id) values (12256, 254);
insert into Zoom (Id, Description, Layer) values (12257, 'resources//img/Cuff/Cuff-Closeup-Lyr03-BevNarrow-Thread.0008.png', 03);
insert into Category_Zoom (Category_Id, Zoom_Id) values (6, 12257);
insert into Zoom_Inventory_Attribute (Zoom_Id, Inventory_Attribute_Id) values (12257, 47);
-- Final Index and Final Name: thread--0008 Key: iconthread0008
insert into Zoom_Inventory_Attribute (Zoom_Id, Inventory_Attribute_Id) values (12257, 255);
insert into Zoom (Id, Description, Layer) values (12258, 'resources//img/Cuff/Cuff-Closeup-Lyr03-BevNarrow-Thread.0009.png', 03);
insert into Category_Zoom (Category_Id, Zoom_Id) values (6, 12258);
insert into Zoom_Inventory_Attribute (Zoom_Id, Inventory_Attribute_Id) values (12258, 47);
-- Final Index and Final Name: thread--0009 Key: iconthread0009
insert into Zoom_Inventory_Attribute (Zoom_Id, Inventory_Attribute_Id) values (12258, 256);
insert into Zoom (Id, Description, Layer) values (12259, 'resources//img/Cuff/Cuff-Closeup-Lyr03-BevNarrow-Thread.0010.png', 03);
insert into Category_Zoom (Category_Id, Zoom_Id) values (6, 12259);
insert into Zoom_Inventory_Attribute (Zoom_Id, Inventory_Attribute_Id) values (12259, 47);
-- Final Index and Final Name: thread--0010 Key: iconthread0010
insert into Zoom_Inventory_Attribute (Zoom_Id, Inventory_Attribute_Id) values (12259, 257);
insert into Zoom (Id, Description, Layer) values (12260, 'resources//img/Cuff/Cuff-Closeup-Lyr03-BevNarrow-Thread.0011.png', 03);
insert into Category_Zoom (Category_Id, Zoom_Id) values (6, 12260);
insert into Zoom_Inventory_Attribute (Zoom_Id, Inventory_Attribute_Id) values (12260, 47);
-- Final Index and Final Name: thread--0011 Key: iconthread0011
insert into Zoom_Inventory_Attribute (Zoom_Id, Inventory_Attribute_Id) values (12260, 258);
insert into Zoom (Id, Description, Layer) values (12261, 'resources//img/Cuff/Cuff-Closeup-Lyr03-BevNarrow-Thread.0012.png', 03);
insert into Category_Zoom (Category_Id, Zoom_Id) values (6, 12261);
insert into Zoom_Inventory_Attribute (Zoom_Id, Inventory_Attribute_Id) values (12261, 47);
-- Final Index and Final Name: thread--0012 Key: iconthread0012
insert into Zoom_Inventory_Attribute (Zoom_Id, Inventory_Attribute_Id) values (12261, 259);
insert into Zoom (Id, Description, Layer) values (12262, 'resources//img/Cuff/Cuff-Closeup-Lyr03-BevNarrow-Thread.0013.png', 03);
insert into Category_Zoom (Category_Id, Zoom_Id) values (6, 12262);
insert into Zoom_Inventory_Attribute (Zoom_Id, Inventory_Attribute_Id) values (12262, 47);
-- Final Index and Final Name: thread--0013 Key: iconthread0013
insert into Zoom_Inventory_Attribute (Zoom_Id, Inventory_Attribute_Id) values (12262, 260);
insert into Zoom (Id, Description, Layer) values (12263, 'resources//img/Cuff/Cuff-Closeup-Lyr03-BevNarrow-Thread.0014.png', 03);
insert into Category_Zoom (Category_Id, Zoom_Id) values (6, 12263);
insert into Zoom_Inventory_Attribute (Zoom_Id, Inventory_Attribute_Id) values (12263, 47);
-- Final Index and Final Name: thread--0014 Key: iconthread0014
insert into Zoom_Inventory_Attribute (Zoom_Id, Inventory_Attribute_Id) values (12263, 261);
insert into Zoom (Id, Description, Layer) values (12264, 'resources//img/Cuff/Cuff-Closeup-Lyr03-BevNarrow-Thread.0015.png', 03);
insert into Category_Zoom (Category_Id, Zoom_Id) values (6, 12264);
insert into Zoom_Inventory_Attribute (Zoom_Id, Inventory_Attribute_Id) values (12264, 47);
-- Final Index and Final Name: thread--0015 Key: iconthread0015
insert into Zoom_Inventory_Attribute (Zoom_Id, Inventory_Attribute_Id) values (12264, 262);
insert into Zoom (Id, Description, Layer) values (12265, 'resources//img/Cuff/Cuff-Closeup-Lyr03-BevNarrow-Thread.0016.png', 03);
insert into Category_Zoom (Category_Id, Zoom_Id) values (6, 12265);
insert into Zoom_Inventory_Attribute (Zoom_Id, Inventory_Attribute_Id) values (12265, 47);
-- Final Index and Final Name: thread--0016 Key: iconthread0016
insert into Zoom_Inventory_Attribute (Zoom_Id, Inventory_Attribute_Id) values (12265, 263);
insert into Zoom (Id, Description, Layer) values (12266, 'resources//img/Cuff/Cuff-Closeup-Lyr03-BevNarrow-Thread.0017.png', 03);
insert into Category_Zoom (Category_Id, Zoom_Id) values (6, 12266);
insert into Zoom_Inventory_Attribute (Zoom_Id, Inventory_Attribute_Id) values (12266, 47);
-- Final Index and Final Name: thread--0017 Key: iconthread0017
insert into Zoom_Inventory_Attribute (Zoom_Id, Inventory_Attribute_Id) values (12266, 264);
insert into Zoom (Id, Description, Layer) values (12267, 'resources//img/Cuff/Cuff-Closeup-Lyr03-BevNarrow-Thread.0018.png', 03);
insert into Category_Zoom (Category_Id, Zoom_Id) values (6, 12267);
insert into Zoom_Inventory_Attribute (Zoom_Id, Inventory_Attribute_Id) values (12267, 47);
-- Final Index and Final Name: thread--0018 Key: iconthread0018
insert into Zoom_Inventory_Attribute (Zoom_Id, Inventory_Attribute_Id) values (12267, 265);
insert into Zoom (Id, Description, Layer) values (12268, 'resources//img/Cuff/Cuff-Closeup-Lyr03-BevNarrow-Thread.0019.png', 03);
insert into Category_Zoom (Category_Id, Zoom_Id) values (6, 12268);
insert into Zoom_Inventory_Attribute (Zoom_Id, Inventory_Attribute_Id) values (12268, 47);
-- Final Index and Final Name: thread--0019 Key: iconthread0019
insert into Zoom_Inventory_Attribute (Zoom_Id, Inventory_Attribute_Id) values (12268, 266);
insert into Zoom (Id, Description, Layer) values (12269, 'resources//img/Cuff/Cuff-Closeup-Lyr03-BevNarrow-Thread.0020.png', 03);
insert into Category_Zoom (Category_Id, Zoom_Id) values (6, 12269);
insert into Zoom_Inventory_Attribute (Zoom_Id, Inventory_Attribute_Id) values (12269, 47);
-- Final Index and Final Name: thread--0020 Key: iconthread0020
insert into Zoom_Inventory_Attribute (Zoom_Id, Inventory_Attribute_Id) values (12269, 267);
insert into Zoom (Id, Description, Layer) values (12270, 'resources//img/Cuff/Cuff-Closeup-Lyr03-BevNarrow-Thread.0021.png', 03);
insert into Category_Zoom (Category_Id, Zoom_Id) values (6, 12270);
insert into Zoom_Inventory_Attribute (Zoom_Id, Inventory_Attribute_Id) values (12270, 47);
-- Final Index and Final Name: thread--0021 Key: iconthread0021
insert into Zoom_Inventory_Attribute (Zoom_Id, Inventory_Attribute_Id) values (12270, 268);
insert into Zoom (Id, Description, Layer) values (12271, 'resources//img/Cuff/Cuff-Closeup-Lyr03-BevNarrow-Thread.0022.png', 03);
insert into Category_Zoom (Category_Id, Zoom_Id) values (6, 12271);
insert into Zoom_Inventory_Attribute (Zoom_Id, Inventory_Attribute_Id) values (12271, 47);
-- Final Index and Final Name: thread--0022 Key: iconthread0022
insert into Zoom_Inventory_Attribute (Zoom_Id, Inventory_Attribute_Id) values (12271, 269);
insert into Zoom (Id, Description, Layer) values (12272, 'resources//img/Cuff/Cuff-Closeup-Lyr03-BevNarrow-Thread.0023.png', 03);
insert into Category_Zoom (Category_Id, Zoom_Id) values (6, 12272);
insert into Zoom_Inventory_Attribute (Zoom_Id, Inventory_Attribute_Id) values (12272, 47);
-- Final Index and Final Name: thread--0023 Key: iconthread0023
insert into Zoom_Inventory_Attribute (Zoom_Id, Inventory_Attribute_Id) values (12272, 270);
insert into Zoom (Id, Description, Layer) values (12273, 'resources//img/Cuff/Cuff-Closeup-Lyr03-BevNarrow-Thread.0024.png', 03);
insert into Category_Zoom (Category_Id, Zoom_Id) values (6, 12273);
insert into Zoom_Inventory_Attribute (Zoom_Id, Inventory_Attribute_Id) values (12273, 47);
-- Final Index and Final Name: thread--0024 Key: iconthread0024
insert into Zoom_Inventory_Attribute (Zoom_Id, Inventory_Attribute_Id) values (12273, 271);
insert into Zoom (Id, Description, Layer) values (12274, 'resources//img/Cuff/Cuff-Closeup-Lyr03-BevNarrow-Thread.0025.png', 03);
insert into Category_Zoom (Category_Id, Zoom_Id) values (6, 12274);
insert into Zoom_Inventory_Attribute (Zoom_Id, Inventory_Attribute_Id) values (12274, 47);
-- Final Index and Final Name: thread--0025 Key: iconthread0025
insert into Zoom_Inventory_Attribute (Zoom_Id, Inventory_Attribute_Id) values (12274, 272);
insert into Zoom (Id, Description, Layer) values (12275, 'resources//img/Cuff/Cuff-Closeup-Lyr03-BevNarrow-Thread.0026.png', 03);
insert into Category_Zoom (Category_Id, Zoom_Id) values (6, 12275);
insert into Zoom_Inventory_Attribute (Zoom_Id, Inventory_Attribute_Id) values (12275, 47);
-- Final Index and Final Name: thread--0026 Key: iconthread0026
insert into Zoom_Inventory_Attribute (Zoom_Id, Inventory_Attribute_Id) values (12275, 273);
insert into Zoom (Id, Description, Layer) values (12276, 'resources//img/Cuff/Cuff-Closeup-Lyr03-BevNarrow-Thread.0027.png', 03);
insert into Category_Zoom (Category_Id, Zoom_Id) values (6, 12276);
insert into Zoom_Inventory_Attribute (Zoom_Id, Inventory_Attribute_Id) values (12276, 47);
-- Final Index and Final Name: thread--0027 Key: iconthread0027
insert into Zoom_Inventory_Attribute (Zoom_Id, Inventory_Attribute_Id) values (12276, 274);
insert into Zoom (Id, Description, Layer) values (12277, 'resources//img/Cuff/Cuff-Closeup-Lyr03-BevSingButton-Thread.0001.png', 03);
insert into Category_Zoom (Category_Id, Zoom_Id) values (6, 12277);
insert into Zoom_Inventory_Attribute (Zoom_Id, Inventory_Attribute_Id) values (12277, 49);
-- Final Index and Final Name: thread--0001 Key: iconthread0001
insert into Zoom_Inventory_Attribute (Zoom_Id, Inventory_Attribute_Id) values (12277, 248);
insert into Zoom (Id, Description, Layer) values (12278, 'resources//img/Cuff/Cuff-Closeup-Lyr03-BevSingButton-Thread.0002.png', 03);
insert into Category_Zoom (Category_Id, Zoom_Id) values (6, 12278);
insert into Zoom_Inventory_Attribute (Zoom_Id, Inventory_Attribute_Id) values (12278, 49);
-- Final Index and Final Name: thread--0002 Key: iconthread0002
insert into Zoom_Inventory_Attribute (Zoom_Id, Inventory_Attribute_Id) values (12278, 249);
insert into Zoom (Id, Description, Layer) values (12279, 'resources//img/Cuff/Cuff-Closeup-Lyr03-BevSingButton-Thread.0003.png', 03);
insert into Category_Zoom (Category_Id, Zoom_Id) values (6, 12279);
insert into Zoom_Inventory_Attribute (Zoom_Id, Inventory_Attribute_Id) values (12279, 49);
-- Final Index and Final Name: thread--0003 Key: iconthread0003
insert into Zoom_Inventory_Attribute (Zoom_Id, Inventory_Attribute_Id) values (12279, 250);
insert into Zoom (Id, Description, Layer) values (12280, 'resources//img/Cuff/Cuff-Closeup-Lyr03-BevSingButton-Thread.0004.png', 03);
insert into Category_Zoom (Category_Id, Zoom_Id) values (6, 12280);
insert into Zoom_Inventory_Attribute (Zoom_Id, Inventory_Attribute_Id) values (12280, 49);
-- Final Index and Final Name: thread--0004 Key: iconthread0004
insert into Zoom_Inventory_Attribute (Zoom_Id, Inventory_Attribute_Id) values (12280, 251);
insert into Zoom (Id, Description, Layer) values (12281, 'resources//img/Cuff/Cuff-Closeup-Lyr03-BevSingButton-Thread.0005.png', 03);
insert into Category_Zoom (Category_Id, Zoom_Id) values (6, 12281);
insert into Zoom_Inventory_Attribute (Zoom_Id, Inventory_Attribute_Id) values (12281, 49);
-- Final Index and Final Name: thread--0005 Key: iconthread0005
insert into Zoom_Inventory_Attribute (Zoom_Id, Inventory_Attribute_Id) values (12281, 252);
insert into Zoom (Id, Description, Layer) values (12282, 'resources//img/Cuff/Cuff-Closeup-Lyr03-BevSingButton-Thread.0006.png', 03);
insert into Category_Zoom (Category_Id, Zoom_Id) values (6, 12282);
insert into Zoom_Inventory_Attribute (Zoom_Id, Inventory_Attribute_Id) values (12282, 49);
-- Final Index and Final Name: thread--0006 Key: iconthread0006
insert into Zoom_Inventory_Attribute (Zoom_Id, Inventory_Attribute_Id) values (12282, 253);
insert into Zoom (Id, Description, Layer) values (12283, 'resources//img/Cuff/Cuff-Closeup-Lyr03-BevSingButton-Thread.0007.png', 03);
insert into Category_Zoom (Category_Id, Zoom_Id) values (6, 12283);
insert into Zoom_Inventory_Attribute (Zoom_Id, Inventory_Attribute_Id) values (12283, 49);
-- Final Index and Final Name: thread--0007 Key: iconthread0007
insert into Zoom_Inventory_Attribute (Zoom_Id, Inventory_Attribute_Id) values (12283, 254);
insert into Zoom (Id, Description, Layer) values (12284, 'resources//img/Cuff/Cuff-Closeup-Lyr03-BevSingButton-Thread.0008.png', 03);
insert into Category_Zoom (Category_Id, Zoom_Id) values (6, 12284);
insert into Zoom_Inventory_Attribute (Zoom_Id, Inventory_Attribute_Id) values (12284, 49);
-- Final Index and Final Name: thread--0008 Key: iconthread0008
insert into Zoom_Inventory_Attribute (Zoom_Id, Inventory_Attribute_Id) values (12284, 255);
insert into Zoom (Id, Description, Layer) values (12285, 'resources//img/Cuff/Cuff-Closeup-Lyr03-BevSingButton-Thread.0009.png', 03);
insert into Category_Zoom (Category_Id, Zoom_Id) values (6, 12285);
insert into Zoom_Inventory_Attribute (Zoom_Id, Inventory_Attribute_Id) values (12285, 49);
-- Final Index and Final Name: thread--0009 Key: iconthread0009
insert into Zoom_Inventory_Attribute (Zoom_Id, Inventory_Attribute_Id) values (12285, 256);
insert into Zoom (Id, Description, Layer) values (12286, 'resources//img/Cuff/Cuff-Closeup-Lyr03-BevSingButton-Thread.0010.png', 03);
insert into Category_Zoom (Category_Id, Zoom_Id) values (6, 12286);
insert into Zoom_Inventory_Attribute (Zoom_Id, Inventory_Attribute_Id) values (12286, 49);
-- Final Index and Final Name: thread--0010 Key: iconthread0010
insert into Zoom_Inventory_Attribute (Zoom_Id, Inventory_Attribute_Id) values (12286, 257);
insert into Zoom (Id, Description, Layer) values (12287, 'resources//img/Cuff/Cuff-Closeup-Lyr03-BevSingButton-Thread.0011.png', 03);
insert into Category_Zoom (Category_Id, Zoom_Id) values (6, 12287);
insert into Zoom_Inventory_Attribute (Zoom_Id, Inventory_Attribute_Id) values (12287, 49);
-- Final Index and Final Name: thread--0011 Key: iconthread0011
insert into Zoom_Inventory_Attribute (Zoom_Id, Inventory_Attribute_Id) values (12287, 258);
insert into Zoom (Id, Description, Layer) values (12288, 'resources//img/Cuff/Cuff-Closeup-Lyr03-BevSingButton-Thread.0012.png', 03);
insert into Category_Zoom (Category_Id, Zoom_Id) values (6, 12288);
insert into Zoom_Inventory_Attribute (Zoom_Id, Inventory_Attribute_Id) values (12288, 49);
-- Final Index and Final Name: thread--0012 Key: iconthread0012
insert into Zoom_Inventory_Attribute (Zoom_Id, Inventory_Attribute_Id) values (12288, 259);
insert into Zoom (Id, Description, Layer) values (12289, 'resources//img/Cuff/Cuff-Closeup-Lyr03-BevSingButton-Thread.0013.png', 03);
insert into Category_Zoom (Category_Id, Zoom_Id) values (6, 12289);
insert into Zoom_Inventory_Attribute (Zoom_Id, Inventory_Attribute_Id) values (12289, 49);
-- Final Index and Final Name: thread--0013 Key: iconthread0013
insert into Zoom_Inventory_Attribute (Zoom_Id, Inventory_Attribute_Id) values (12289, 260);
insert into Zoom (Id, Description, Layer) values (12290, 'resources//img/Cuff/Cuff-Closeup-Lyr03-BevSingButton-Thread.0014.png', 03);
insert into Category_Zoom (Category_Id, Zoom_Id) values (6, 12290);
insert into Zoom_Inventory_Attribute (Zoom_Id, Inventory_Attribute_Id) values (12290, 49);
-- Final Index and Final Name: thread--0014 Key: iconthread0014
insert into Zoom_Inventory_Attribute (Zoom_Id, Inventory_Attribute_Id) values (12290, 261);
insert into Zoom (Id, Description, Layer) values (12291, 'resources//img/Cuff/Cuff-Closeup-Lyr03-BevSingButton-Thread.0015.png', 03);
insert into Category_Zoom (Category_Id, Zoom_Id) values (6, 12291);
insert into Zoom_Inventory_Attribute (Zoom_Id, Inventory_Attribute_Id) values (12291, 49);
-- Final Index and Final Name: thread--0015 Key: iconthread0015
insert into Zoom_Inventory_Attribute (Zoom_Id, Inventory_Attribute_Id) values (12291, 262);
insert into Zoom (Id, Description, Layer) values (12292, 'resources//img/Cuff/Cuff-Closeup-Lyr03-BevSingButton-Thread.0016.png', 03);
insert into Category_Zoom (Category_Id, Zoom_Id) values (6, 12292);
insert into Zoom_Inventory_Attribute (Zoom_Id, Inventory_Attribute_Id) values (12292, 49);
-- Final Index and Final Name: thread--0016 Key: iconthread0016
insert into Zoom_Inventory_Attribute (Zoom_Id, Inventory_Attribute_Id) values (12292, 263);
insert into Zoom (Id, Description, Layer) values (12293, 'resources//img/Cuff/Cuff-Closeup-Lyr03-BevSingButton-Thread.0017.png', 03);
insert into Category_Zoom (Category_Id, Zoom_Id) values (6, 12293);
insert into Zoom_Inventory_Attribute (Zoom_Id, Inventory_Attribute_Id) values (12293, 49);
-- Final Index and Final Name: thread--0017 Key: iconthread0017
insert into Zoom_Inventory_Attribute (Zoom_Id, Inventory_Attribute_Id) values (12293, 264);
insert into Zoom (Id, Description, Layer) values (12294, 'resources//img/Cuff/Cuff-Closeup-Lyr03-BevSingButton-Thread.0018.png', 03);
insert into Category_Zoom (Category_Id, Zoom_Id) values (6, 12294);
insert into Zoom_Inventory_Attribute (Zoom_Id, Inventory_Attribute_Id) values (12294, 49);
-- Final Index and Final Name: thread--0018 Key: iconthread0018
insert into Zoom_Inventory_Attribute (Zoom_Id, Inventory_Attribute_Id) values (12294, 265);
insert into Zoom (Id, Description, Layer) values (12295, 'resources//img/Cuff/Cuff-Closeup-Lyr03-BevSingButton-Thread.0019.png', 03);
insert into Category_Zoom (Category_Id, Zoom_Id) values (6, 12295);
insert into Zoom_Inventory_Attribute (Zoom_Id, Inventory_Attribute_Id) values (12295, 49);
-- Final Index and Final Name: thread--0019 Key: iconthread0019
insert into Zoom_Inventory_Attribute (Zoom_Id, Inventory_Attribute_Id) values (12295, 266);
insert into Zoom (Id, Description, Layer) values (12296, 'resources//img/Cuff/Cuff-Closeup-Lyr03-BevSingButton-Thread.0020.png', 03);
insert into Category_Zoom (Category_Id, Zoom_Id) values (6, 12296);
insert into Zoom_Inventory_Attribute (Zoom_Id, Inventory_Attribute_Id) values (12296, 49);
-- Final Index and Final Name: thread--0020 Key: iconthread0020
insert into Zoom_Inventory_Attribute (Zoom_Id, Inventory_Attribute_Id) values (12296, 267);
insert into Zoom (Id, Description, Layer) values (12297, 'resources//img/Cuff/Cuff-Closeup-Lyr03-BevSingButton-Thread.0021.png', 03);
insert into Category_Zoom (Category_Id, Zoom_Id) values (6, 12297);
insert into Zoom_Inventory_Attribute (Zoom_Id, Inventory_Attribute_Id) values (12297, 49);
-- Final Index and Final Name: thread--0021 Key: iconthread0021
insert into Zoom_Inventory_Attribute (Zoom_Id, Inventory_Attribute_Id) values (12297, 268);
insert into Zoom (Id, Description, Layer) values (12298, 'resources//img/Cuff/Cuff-Closeup-Lyr03-BevSingButton-Thread.0022.png', 03);
insert into Category_Zoom (Category_Id, Zoom_Id) values (6, 12298);
insert into Zoom_Inventory_Attribute (Zoom_Id, Inventory_Attribute_Id) values (12298, 49);
-- Final Index and Final Name: thread--0022 Key: iconthread0022
insert into Zoom_Inventory_Attribute (Zoom_Id, Inventory_Attribute_Id) values (12298, 269);
insert into Zoom (Id, Description, Layer) values (12299, 'resources//img/Cuff/Cuff-Closeup-Lyr03-BevSingButton-Thread.0023.png', 03);
insert into Category_Zoom (Category_Id, Zoom_Id) values (6, 12299);
insert into Zoom_Inventory_Attribute (Zoom_Id, Inventory_Attribute_Id) values (12299, 49);
-- Final Index and Final Name: thread--0023 Key: iconthread0023
insert into Zoom_Inventory_Attribute (Zoom_Id, Inventory_Attribute_Id) values (12299, 270);
insert into Zoom (Id, Description, Layer) values (12300, 'resources//img/Cuff/Cuff-Closeup-Lyr03-BevSingButton-Thread.0024.png', 03);
insert into Category_Zoom (Category_Id, Zoom_Id) values (6, 12300);
insert into Zoom_Inventory_Attribute (Zoom_Id, Inventory_Attribute_Id) values (12300, 49);
-- Final Index and Final Name: thread--0024 Key: iconthread0024
insert into Zoom_Inventory_Attribute (Zoom_Id, Inventory_Attribute_Id) values (12300, 271);
insert into Zoom (Id, Description, Layer) values (12301, 'resources//img/Cuff/Cuff-Closeup-Lyr03-BevSingButton-Thread.0025.png', 03);
insert into Category_Zoom (Category_Id, Zoom_Id) values (6, 12301);
insert into Zoom_Inventory_Attribute (Zoom_Id, Inventory_Attribute_Id) values (12301, 49);
-- Final Index and Final Name: thread--0025 Key: iconthread0025
insert into Zoom_Inventory_Attribute (Zoom_Id, Inventory_Attribute_Id) values (12301, 272);
insert into Zoom (Id, Description, Layer) values (12302, 'resources//img/Cuff/Cuff-Closeup-Lyr03-BevSingButton-Thread.0026.png', 03);
insert into Category_Zoom (Category_Id, Zoom_Id) values (6, 12302);
insert into Zoom_Inventory_Attribute (Zoom_Id, Inventory_Attribute_Id) values (12302, 49);
-- Final Index and Final Name: thread--0026 Key: iconthread0026
insert into Zoom_Inventory_Attribute (Zoom_Id, Inventory_Attribute_Id) values (12302, 273);
insert into Zoom (Id, Description, Layer) values (12303, 'resources//img/Cuff/Cuff-Closeup-Lyr03-BevSingButton-Thread.0027.png', 03);
insert into Category_Zoom (Category_Id, Zoom_Id) values (6, 12303);
insert into Zoom_Inventory_Attribute (Zoom_Id, Inventory_Attribute_Id) values (12303, 49);
-- Final Index and Final Name: thread--0027 Key: iconthread0027
insert into Zoom_Inventory_Attribute (Zoom_Id, Inventory_Attribute_Id) values (12303, 274);
insert into Zoom (Id, Description, Layer) values (12304, 'resources//img/Cuff/Cuff-Closeup-Lyr03-BevTrpButton-Thread.0001.png', 03);
insert into Category_Zoom (Category_Id, Zoom_Id) values (6, 12304);
insert into Zoom_Inventory_Attribute (Zoom_Id, Inventory_Attribute_Id) values (12304, 50);
-- Final Index and Final Name: thread--0001 Key: iconthread0001
insert into Zoom_Inventory_Attribute (Zoom_Id, Inventory_Attribute_Id) values (12304, 248);
insert into Zoom (Id, Description, Layer) values (12305, 'resources//img/Cuff/Cuff-Closeup-Lyr03-BevTrpButton-Thread.0002.png', 03);
insert into Category_Zoom (Category_Id, Zoom_Id) values (6, 12305);
insert into Zoom_Inventory_Attribute (Zoom_Id, Inventory_Attribute_Id) values (12305, 50);
-- Final Index and Final Name: thread--0002 Key: iconthread0002
insert into Zoom_Inventory_Attribute (Zoom_Id, Inventory_Attribute_Id) values (12305, 249);
insert into Zoom (Id, Description, Layer) values (12306, 'resources//img/Cuff/Cuff-Closeup-Lyr03-BevTrpButton-Thread.0003.png', 03);
insert into Category_Zoom (Category_Id, Zoom_Id) values (6, 12306);
insert into Zoom_Inventory_Attribute (Zoom_Id, Inventory_Attribute_Id) values (12306, 50);
-- Final Index and Final Name: thread--0003 Key: iconthread0003
insert into Zoom_Inventory_Attribute (Zoom_Id, Inventory_Attribute_Id) values (12306, 250);
insert into Zoom (Id, Description, Layer) values (12307, 'resources//img/Cuff/Cuff-Closeup-Lyr03-BevTrpButton-Thread.0004.png', 03);
insert into Category_Zoom (Category_Id, Zoom_Id) values (6, 12307);
insert into Zoom_Inventory_Attribute (Zoom_Id, Inventory_Attribute_Id) values (12307, 50);
-- Final Index and Final Name: thread--0004 Key: iconthread0004
insert into Zoom_Inventory_Attribute (Zoom_Id, Inventory_Attribute_Id) values (12307, 251);
insert into Zoom (Id, Description, Layer) values (12308, 'resources//img/Cuff/Cuff-Closeup-Lyr03-BevTrpButton-Thread.0005.png', 03);
insert into Category_Zoom (Category_Id, Zoom_Id) values (6, 12308);
insert into Zoom_Inventory_Attribute (Zoom_Id, Inventory_Attribute_Id) values (12308, 50);
-- Final Index and Final Name: thread--0005 Key: iconthread0005
insert into Zoom_Inventory_Attribute (Zoom_Id, Inventory_Attribute_Id) values (12308, 252);
insert into Zoom (Id, Description, Layer) values (12309, 'resources//img/Cuff/Cuff-Closeup-Lyr03-BevTrpButton-Thread.0006.png', 03);
insert into Category_Zoom (Category_Id, Zoom_Id) values (6, 12309);
insert into Zoom_Inventory_Attribute (Zoom_Id, Inventory_Attribute_Id) values (12309, 50);
-- Final Index and Final Name: thread--0006 Key: iconthread0006
insert into Zoom_Inventory_Attribute (Zoom_Id, Inventory_Attribute_Id) values (12309, 253);
insert into Zoom (Id, Description, Layer) values (12310, 'resources//img/Cuff/Cuff-Closeup-Lyr03-BevTrpButton-Thread.0007.png', 03);
insert into Category_Zoom (Category_Id, Zoom_Id) values (6, 12310);
insert into Zoom_Inventory_Attribute (Zoom_Id, Inventory_Attribute_Id) values (12310, 50);
-- Final Index and Final Name: thread--0007 Key: iconthread0007
insert into Zoom_Inventory_Attribute (Zoom_Id, Inventory_Attribute_Id) values (12310, 254);
insert into Zoom (Id, Description, Layer) values (12311, 'resources//img/Cuff/Cuff-Closeup-Lyr03-BevTrpButton-Thread.0008.png', 03);
insert into Category_Zoom (Category_Id, Zoom_Id) values (6, 12311);
insert into Zoom_Inventory_Attribute (Zoom_Id, Inventory_Attribute_Id) values (12311, 50);
-- Final Index and Final Name: thread--0008 Key: iconthread0008
insert into Zoom_Inventory_Attribute (Zoom_Id, Inventory_Attribute_Id) values (12311, 255);
insert into Zoom (Id, Description, Layer) values (12312, 'resources//img/Cuff/Cuff-Closeup-Lyr03-BevTrpButton-Thread.0009.png', 03);
insert into Category_Zoom (Category_Id, Zoom_Id) values (6, 12312);
insert into Zoom_Inventory_Attribute (Zoom_Id, Inventory_Attribute_Id) values (12312, 50);
-- Final Index and Final Name: thread--0009 Key: iconthread0009
insert into Zoom_Inventory_Attribute (Zoom_Id, Inventory_Attribute_Id) values (12312, 256);
insert into Zoom (Id, Description, Layer) values (12313, 'resources//img/Cuff/Cuff-Closeup-Lyr03-BevTrpButton-Thread.0010.png', 03);
insert into Category_Zoom (Category_Id, Zoom_Id) values (6, 12313);
insert into Zoom_Inventory_Attribute (Zoom_Id, Inventory_Attribute_Id) values (12313, 50);
-- Final Index and Final Name: thread--0010 Key: iconthread0010
insert into Zoom_Inventory_Attribute (Zoom_Id, Inventory_Attribute_Id) values (12313, 257);
insert into Zoom (Id, Description, Layer) values (12314, 'resources//img/Cuff/Cuff-Closeup-Lyr03-BevTrpButton-Thread.0011.png', 03);
insert into Category_Zoom (Category_Id, Zoom_Id) values (6, 12314);
insert into Zoom_Inventory_Attribute (Zoom_Id, Inventory_Attribute_Id) values (12314, 50);
-- Final Index and Final Name: thread--0011 Key: iconthread0011
insert into Zoom_Inventory_Attribute (Zoom_Id, Inventory_Attribute_Id) values (12314, 258);
insert into Zoom (Id, Description, Layer) values (12315, 'resources//img/Cuff/Cuff-Closeup-Lyr03-BevTrpButton-Thread.0012.png', 03);
insert into Category_Zoom (Category_Id, Zoom_Id) values (6, 12315);
insert into Zoom_Inventory_Attribute (Zoom_Id, Inventory_Attribute_Id) values (12315, 50);
-- Final Index and Final Name: thread--0012 Key: iconthread0012
insert into Zoom_Inventory_Attribute (Zoom_Id, Inventory_Attribute_Id) values (12315, 259);
insert into Zoom (Id, Description, Layer) values (12316, 'resources//img/Cuff/Cuff-Closeup-Lyr03-BevTrpButton-Thread.0013.png', 03);
insert into Category_Zoom (Category_Id, Zoom_Id) values (6, 12316);
insert into Zoom_Inventory_Attribute (Zoom_Id, Inventory_Attribute_Id) values (12316, 50);
-- Final Index and Final Name: thread--0013 Key: iconthread0013
insert into Zoom_Inventory_Attribute (Zoom_Id, Inventory_Attribute_Id) values (12316, 260);
insert into Zoom (Id, Description, Layer) values (12317, 'resources//img/Cuff/Cuff-Closeup-Lyr03-BevTrpButton-Thread.0014.png', 03);
insert into Category_Zoom (Category_Id, Zoom_Id) values (6, 12317);
insert into Zoom_Inventory_Attribute (Zoom_Id, Inventory_Attribute_Id) values (12317, 50);
-- Final Index and Final Name: thread--0014 Key: iconthread0014
insert into Zoom_Inventory_Attribute (Zoom_Id, Inventory_Attribute_Id) values (12317, 261);
insert into Zoom (Id, Description, Layer) values (12318, 'resources//img/Cuff/Cuff-Closeup-Lyr03-BevTrpButton-Thread.0015.png', 03);
insert into Category_Zoom (Category_Id, Zoom_Id) values (6, 12318);
insert into Zoom_Inventory_Attribute (Zoom_Id, Inventory_Attribute_Id) values (12318, 50);
-- Final Index and Final Name: thread--0015 Key: iconthread0015
insert into Zoom_Inventory_Attribute (Zoom_Id, Inventory_Attribute_Id) values (12318, 262);
insert into Zoom (Id, Description, Layer) values (12319, 'resources//img/Cuff/Cuff-Closeup-Lyr03-BevTrpButton-Thread.0016.png', 03);
insert into Category_Zoom (Category_Id, Zoom_Id) values (6, 12319);
insert into Zoom_Inventory_Attribute (Zoom_Id, Inventory_Attribute_Id) values (12319, 50);
-- Final Index and Final Name: thread--0016 Key: iconthread0016
insert into Zoom_Inventory_Attribute (Zoom_Id, Inventory_Attribute_Id) values (12319, 263);
insert into Zoom (Id, Description, Layer) values (12320, 'resources//img/Cuff/Cuff-Closeup-Lyr03-BevTrpButton-Thread.0017.png', 03);
insert into Category_Zoom (Category_Id, Zoom_Id) values (6, 12320);
insert into Zoom_Inventory_Attribute (Zoom_Id, Inventory_Attribute_Id) values (12320, 50);
-- Final Index and Final Name: thread--0017 Key: iconthread0017
insert into Zoom_Inventory_Attribute (Zoom_Id, Inventory_Attribute_Id) values (12320, 264);
insert into Zoom (Id, Description, Layer) values (12321, 'resources//img/Cuff/Cuff-Closeup-Lyr03-BevTrpButton-Thread.0018.png', 03);
insert into Category_Zoom (Category_Id, Zoom_Id) values (6, 12321);
insert into Zoom_Inventory_Attribute (Zoom_Id, Inventory_Attribute_Id) values (12321, 50);
-- Final Index and Final Name: thread--0018 Key: iconthread0018
insert into Zoom_Inventory_Attribute (Zoom_Id, Inventory_Attribute_Id) values (12321, 265);
insert into Zoom (Id, Description, Layer) values (12322, 'resources//img/Cuff/Cuff-Closeup-Lyr03-BevTrpButton-Thread.0019.png', 03);
insert into Category_Zoom (Category_Id, Zoom_Id) values (6, 12322);
insert into Zoom_Inventory_Attribute (Zoom_Id, Inventory_Attribute_Id) values (12322, 50);
-- Final Index and Final Name: thread--0019 Key: iconthread0019
insert into Zoom_Inventory_Attribute (Zoom_Id, Inventory_Attribute_Id) values (12322, 266);
insert into Zoom (Id, Description, Layer) values (12323, 'resources//img/Cuff/Cuff-Closeup-Lyr03-BevTrpButton-Thread.0020.png', 03);
insert into Category_Zoom (Category_Id, Zoom_Id) values (6, 12323);
insert into Zoom_Inventory_Attribute (Zoom_Id, Inventory_Attribute_Id) values (12323, 50);
-- Final Index and Final Name: thread--0020 Key: iconthread0020
insert into Zoom_Inventory_Attribute (Zoom_Id, Inventory_Attribute_Id) values (12323, 267);
insert into Zoom (Id, Description, Layer) values (12324, 'resources//img/Cuff/Cuff-Closeup-Lyr03-BevTrpButton-Thread.0021.png', 03);
insert into Category_Zoom (Category_Id, Zoom_Id) values (6, 12324);
insert into Zoom_Inventory_Attribute (Zoom_Id, Inventory_Attribute_Id) values (12324, 50);
-- Final Index and Final Name: thread--0021 Key: iconthread0021
insert into Zoom_Inventory_Attribute (Zoom_Id, Inventory_Attribute_Id) values (12324, 268);
insert into Zoom (Id, Description, Layer) values (12325, 'resources//img/Cuff/Cuff-Closeup-Lyr03-BevTrpButton-Thread.0022.png', 03);
insert into Category_Zoom (Category_Id, Zoom_Id) values (6, 12325);
insert into Zoom_Inventory_Attribute (Zoom_Id, Inventory_Attribute_Id) values (12325, 50);
-- Final Index and Final Name: thread--0022 Key: iconthread0022
insert into Zoom_Inventory_Attribute (Zoom_Id, Inventory_Attribute_Id) values (12325, 269);
insert into Zoom (Id, Description, Layer) values (12326, 'resources//img/Cuff/Cuff-Closeup-Lyr03-BevTrpButton-Thread.0023.png', 03);
insert into Category_Zoom (Category_Id, Zoom_Id) values (6, 12326);
insert into Zoom_Inventory_Attribute (Zoom_Id, Inventory_Attribute_Id) values (12326, 50);
-- Final Index and Final Name: thread--0023 Key: iconthread0023
insert into Zoom_Inventory_Attribute (Zoom_Id, Inventory_Attribute_Id) values (12326, 270);
insert into Zoom (Id, Description, Layer) values (12327, 'resources//img/Cuff/Cuff-Closeup-Lyr03-BevTrpButton-Thread.0024.png', 03);
insert into Category_Zoom (Category_Id, Zoom_Id) values (6, 12327);
insert into Zoom_Inventory_Attribute (Zoom_Id, Inventory_Attribute_Id) values (12327, 50);
-- Final Index and Final Name: thread--0024 Key: iconthread0024
insert into Zoom_Inventory_Attribute (Zoom_Id, Inventory_Attribute_Id) values (12327, 271);
insert into Zoom (Id, Description, Layer) values (12328, 'resources//img/Cuff/Cuff-Closeup-Lyr03-BevTrpButton-Thread.0025.png', 03);
insert into Category_Zoom (Category_Id, Zoom_Id) values (6, 12328);
insert into Zoom_Inventory_Attribute (Zoom_Id, Inventory_Attribute_Id) values (12328, 50);
-- Final Index and Final Name: thread--0025 Key: iconthread0025
insert into Zoom_Inventory_Attribute (Zoom_Id, Inventory_Attribute_Id) values (12328, 272);
insert into Zoom (Id, Description, Layer) values (12329, 'resources//img/Cuff/Cuff-Closeup-Lyr03-BevTrpButton-Thread.0026.png', 03);
insert into Category_Zoom (Category_Id, Zoom_Id) values (6, 12329);
insert into Zoom_Inventory_Attribute (Zoom_Id, Inventory_Attribute_Id) values (12329, 50);
-- Final Index and Final Name: thread--0026 Key: iconthread0026
insert into Zoom_Inventory_Attribute (Zoom_Id, Inventory_Attribute_Id) values (12329, 273);
insert into Zoom (Id, Description, Layer) values (12330, 'resources//img/Cuff/Cuff-Closeup-Lyr03-BevTrpButton-Thread.0027.png', 03);
insert into Category_Zoom (Category_Id, Zoom_Id) values (6, 12330);
insert into Zoom_Inventory_Attribute (Zoom_Id, Inventory_Attribute_Id) values (12330, 50);
-- Final Index and Final Name: thread--0027 Key: iconthread0027
insert into Zoom_Inventory_Attribute (Zoom_Id, Inventory_Attribute_Id) values (12330, 274);
insert into Zoom (Id, Description, Layer) values (12331, 'resources//img/Cuff/Cuff-Closeup-Lyr03-Neapolitan-Thread.0001.png', 03);
insert into Category_Zoom (Category_Id, Zoom_Id) values (6, 12331);
insert into Zoom_Inventory_Attribute (Zoom_Id, Inventory_Attribute_Id) values (12331, 48);
-- Final Index and Final Name: thread--0001 Key: iconthread0001
insert into Zoom_Inventory_Attribute (Zoom_Id, Inventory_Attribute_Id) values (12331, 248);
insert into Zoom (Id, Description, Layer) values (12332, 'resources//img/Cuff/Cuff-Closeup-Lyr03-Neapolitan-Thread.0002.png', 03);
insert into Category_Zoom (Category_Id, Zoom_Id) values (6, 12332);
insert into Zoom_Inventory_Attribute (Zoom_Id, Inventory_Attribute_Id) values (12332, 48);
-- Final Index and Final Name: thread--0002 Key: iconthread0002
insert into Zoom_Inventory_Attribute (Zoom_Id, Inventory_Attribute_Id) values (12332, 249);
insert into Zoom (Id, Description, Layer) values (12333, 'resources//img/Cuff/Cuff-Closeup-Lyr03-Neapolitan-Thread.0003.png', 03);
insert into Category_Zoom (Category_Id, Zoom_Id) values (6, 12333);
insert into Zoom_Inventory_Attribute (Zoom_Id, Inventory_Attribute_Id) values (12333, 48);
-- Final Index and Final Name: thread--0003 Key: iconthread0003
insert into Zoom_Inventory_Attribute (Zoom_Id, Inventory_Attribute_Id) values (12333, 250);
insert into Zoom (Id, Description, Layer) values (12334, 'resources//img/Cuff/Cuff-Closeup-Lyr03-Neapolitan-Thread.0004.png', 03);
insert into Category_Zoom (Category_Id, Zoom_Id) values (6, 12334);
insert into Zoom_Inventory_Attribute (Zoom_Id, Inventory_Attribute_Id) values (12334, 48);
-- Final Index and Final Name: thread--0004 Key: iconthread0004
insert into Zoom_Inventory_Attribute (Zoom_Id, Inventory_Attribute_Id) values (12334, 251);
insert into Zoom (Id, Description, Layer) values (12335, 'resources//img/Cuff/Cuff-Closeup-Lyr03-Neapolitan-Thread.0005.png', 03);
insert into Category_Zoom (Category_Id, Zoom_Id) values (6, 12335);
insert into Zoom_Inventory_Attribute (Zoom_Id, Inventory_Attribute_Id) values (12335, 48);
-- Final Index and Final Name: thread--0005 Key: iconthread0005
insert into Zoom_Inventory_Attribute (Zoom_Id, Inventory_Attribute_Id) values (12335, 252);
insert into Zoom (Id, Description, Layer) values (12336, 'resources//img/Cuff/Cuff-Closeup-Lyr03-Neapolitan-Thread.0006.png', 03);
insert into Category_Zoom (Category_Id, Zoom_Id) values (6, 12336);
insert into Zoom_Inventory_Attribute (Zoom_Id, Inventory_Attribute_Id) values (12336, 48);
-- Final Index and Final Name: thread--0006 Key: iconthread0006
insert into Zoom_Inventory_Attribute (Zoom_Id, Inventory_Attribute_Id) values (12336, 253);
insert into Zoom (Id, Description, Layer) values (12337, 'resources//img/Cuff/Cuff-Closeup-Lyr03-Neapolitan-Thread.0007.png', 03);
insert into Category_Zoom (Category_Id, Zoom_Id) values (6, 12337);
insert into Zoom_Inventory_Attribute (Zoom_Id, Inventory_Attribute_Id) values (12337, 48);
-- Final Index and Final Name: thread--0007 Key: iconthread0007
insert into Zoom_Inventory_Attribute (Zoom_Id, Inventory_Attribute_Id) values (12337, 254);
insert into Zoom (Id, Description, Layer) values (12338, 'resources//img/Cuff/Cuff-Closeup-Lyr03-Neapolitan-Thread.0008.png', 03);
insert into Category_Zoom (Category_Id, Zoom_Id) values (6, 12338);
insert into Zoom_Inventory_Attribute (Zoom_Id, Inventory_Attribute_Id) values (12338, 48);
-- Final Index and Final Name: thread--0008 Key: iconthread0008
insert into Zoom_Inventory_Attribute (Zoom_Id, Inventory_Attribute_Id) values (12338, 255);
insert into Zoom (Id, Description, Layer) values (12339, 'resources//img/Cuff/Cuff-Closeup-Lyr03-Neapolitan-Thread.0009.png', 03);
insert into Category_Zoom (Category_Id, Zoom_Id) values (6, 12339);
insert into Zoom_Inventory_Attribute (Zoom_Id, Inventory_Attribute_Id) values (12339, 48);
-- Final Index and Final Name: thread--0009 Key: iconthread0009
insert into Zoom_Inventory_Attribute (Zoom_Id, Inventory_Attribute_Id) values (12339, 256);
insert into Zoom (Id, Description, Layer) values (12340, 'resources//img/Cuff/Cuff-Closeup-Lyr03-Neapolitan-Thread.0010.png', 03);
insert into Category_Zoom (Category_Id, Zoom_Id) values (6, 12340);
insert into Zoom_Inventory_Attribute (Zoom_Id, Inventory_Attribute_Id) values (12340, 48);
-- Final Index and Final Name: thread--0010 Key: iconthread0010
insert into Zoom_Inventory_Attribute (Zoom_Id, Inventory_Attribute_Id) values (12340, 257);
insert into Zoom (Id, Description, Layer) values (12341, 'resources//img/Cuff/Cuff-Closeup-Lyr03-Neapolitan-Thread.0011.png', 03);
insert into Category_Zoom (Category_Id, Zoom_Id) values (6, 12341);
insert into Zoom_Inventory_Attribute (Zoom_Id, Inventory_Attribute_Id) values (12341, 48);
-- Final Index and Final Name: thread--0011 Key: iconthread0011
insert into Zoom_Inventory_Attribute (Zoom_Id, Inventory_Attribute_Id) values (12341, 258);
insert into Zoom (Id, Description, Layer) values (12342, 'resources//img/Cuff/Cuff-Closeup-Lyr03-Neapolitan-Thread.0012.png', 03);
insert into Category_Zoom (Category_Id, Zoom_Id) values (6, 12342);
insert into Zoom_Inventory_Attribute (Zoom_Id, Inventory_Attribute_Id) values (12342, 48);
-- Final Index and Final Name: thread--0012 Key: iconthread0012
insert into Zoom_Inventory_Attribute (Zoom_Id, Inventory_Attribute_Id) values (12342, 259);
insert into Zoom (Id, Description, Layer) values (12343, 'resources//img/Cuff/Cuff-Closeup-Lyr03-Neapolitan-Thread.0013.png', 03);
insert into Category_Zoom (Category_Id, Zoom_Id) values (6, 12343);
insert into Zoom_Inventory_Attribute (Zoom_Id, Inventory_Attribute_Id) values (12343, 48);
-- Final Index and Final Name: thread--0013 Key: iconthread0013
insert into Zoom_Inventory_Attribute (Zoom_Id, Inventory_Attribute_Id) values (12343, 260);
insert into Zoom (Id, Description, Layer) values (12344, 'resources//img/Cuff/Cuff-Closeup-Lyr03-Neapolitan-Thread.0014.png', 03);
insert into Category_Zoom (Category_Id, Zoom_Id) values (6, 12344);
insert into Zoom_Inventory_Attribute (Zoom_Id, Inventory_Attribute_Id) values (12344, 48);
-- Final Index and Final Name: thread--0014 Key: iconthread0014
insert into Zoom_Inventory_Attribute (Zoom_Id, Inventory_Attribute_Id) values (12344, 261);
insert into Zoom (Id, Description, Layer) values (12345, 'resources//img/Cuff/Cuff-Closeup-Lyr03-Neapolitan-Thread.0015.png', 03);
insert into Category_Zoom (Category_Id, Zoom_Id) values (6, 12345);
insert into Zoom_Inventory_Attribute (Zoom_Id, Inventory_Attribute_Id) values (12345, 48);
-- Final Index and Final Name: thread--0015 Key: iconthread0015
insert into Zoom_Inventory_Attribute (Zoom_Id, Inventory_Attribute_Id) values (12345, 262);
insert into Zoom (Id, Description, Layer) values (12346, 'resources//img/Cuff/Cuff-Closeup-Lyr03-Neapolitan-Thread.0016.png', 03);
insert into Category_Zoom (Category_Id, Zoom_Id) values (6, 12346);
insert into Zoom_Inventory_Attribute (Zoom_Id, Inventory_Attribute_Id) values (12346, 48);
-- Final Index and Final Name: thread--0016 Key: iconthread0016
insert into Zoom_Inventory_Attribute (Zoom_Id, Inventory_Attribute_Id) values (12346, 263);
insert into Zoom (Id, Description, Layer) values (12347, 'resources//img/Cuff/Cuff-Closeup-Lyr03-Neapolitan-Thread.0017.png', 03);
insert into Category_Zoom (Category_Id, Zoom_Id) values (6, 12347);
insert into Zoom_Inventory_Attribute (Zoom_Id, Inventory_Attribute_Id) values (12347, 48);
-- Final Index and Final Name: thread--0017 Key: iconthread0017
insert into Zoom_Inventory_Attribute (Zoom_Id, Inventory_Attribute_Id) values (12347, 264);
insert into Zoom (Id, Description, Layer) values (12348, 'resources//img/Cuff/Cuff-Closeup-Lyr03-Neapolitan-Thread.0018.png', 03);
insert into Category_Zoom (Category_Id, Zoom_Id) values (6, 12348);
insert into Zoom_Inventory_Attribute (Zoom_Id, Inventory_Attribute_Id) values (12348, 48);
-- Final Index and Final Name: thread--0018 Key: iconthread0018
insert into Zoom_Inventory_Attribute (Zoom_Id, Inventory_Attribute_Id) values (12348, 265);
insert into Zoom (Id, Description, Layer) values (12349, 'resources//img/Cuff/Cuff-Closeup-Lyr03-Neapolitan-Thread.0019.png', 03);
insert into Category_Zoom (Category_Id, Zoom_Id) values (6, 12349);
insert into Zoom_Inventory_Attribute (Zoom_Id, Inventory_Attribute_Id) values (12349, 48);
-- Final Index and Final Name: thread--0019 Key: iconthread0019
insert into Zoom_Inventory_Attribute (Zoom_Id, Inventory_Attribute_Id) values (12349, 266);
insert into Zoom (Id, Description, Layer) values (12350, 'resources//img/Cuff/Cuff-Closeup-Lyr03-Neapolitan-Thread.0020.png', 03);
insert into Category_Zoom (Category_Id, Zoom_Id) values (6, 12350);
insert into Zoom_Inventory_Attribute (Zoom_Id, Inventory_Attribute_Id) values (12350, 48);
-- Final Index and Final Name: thread--0020 Key: iconthread0020
insert into Zoom_Inventory_Attribute (Zoom_Id, Inventory_Attribute_Id) values (12350, 267);
insert into Zoom (Id, Description, Layer) values (12351, 'resources//img/Cuff/Cuff-Closeup-Lyr03-Neapolitan-Thread.0021.png', 03);
insert into Category_Zoom (Category_Id, Zoom_Id) values (6, 12351);
insert into Zoom_Inventory_Attribute (Zoom_Id, Inventory_Attribute_Id) values (12351, 48);
-- Final Index and Final Name: thread--0021 Key: iconthread0021
insert into Zoom_Inventory_Attribute (Zoom_Id, Inventory_Attribute_Id) values (12351, 268);
insert into Zoom (Id, Description, Layer) values (12352, 'resources//img/Cuff/Cuff-Closeup-Lyr03-Neapolitan-Thread.0022.png', 03);
insert into Category_Zoom (Category_Id, Zoom_Id) values (6, 12352);
insert into Zoom_Inventory_Attribute (Zoom_Id, Inventory_Attribute_Id) values (12352, 48);
-- Final Index and Final Name: thread--0022 Key: iconthread0022
insert into Zoom_Inventory_Attribute (Zoom_Id, Inventory_Attribute_Id) values (12352, 269);
insert into Zoom (Id, Description, Layer) values (12353, 'resources//img/Cuff/Cuff-Closeup-Lyr03-Neapolitan-Thread.0023.png', 03);
insert into Category_Zoom (Category_Id, Zoom_Id) values (6, 12353);
insert into Zoom_Inventory_Attribute (Zoom_Id, Inventory_Attribute_Id) values (12353, 48);
-- Final Index and Final Name: thread--0023 Key: iconthread0023
insert into Zoom_Inventory_Attribute (Zoom_Id, Inventory_Attribute_Id) values (12353, 270);
insert into Zoom (Id, Description, Layer) values (12354, 'resources//img/Cuff/Cuff-Closeup-Lyr03-Neapolitan-Thread.0024.png', 03);
insert into Category_Zoom (Category_Id, Zoom_Id) values (6, 12354);
insert into Zoom_Inventory_Attribute (Zoom_Id, Inventory_Attribute_Id) values (12354, 48);
-- Final Index and Final Name: thread--0024 Key: iconthread0024
insert into Zoom_Inventory_Attribute (Zoom_Id, Inventory_Attribute_Id) values (12354, 271);
insert into Zoom (Id, Description, Layer) values (12355, 'resources//img/Cuff/Cuff-Closeup-Lyr03-Neapolitan-Thread.0025.png', 03);
insert into Category_Zoom (Category_Id, Zoom_Id) values (6, 12355);
insert into Zoom_Inventory_Attribute (Zoom_Id, Inventory_Attribute_Id) values (12355, 48);
-- Final Index and Final Name: thread--0025 Key: iconthread0025
insert into Zoom_Inventory_Attribute (Zoom_Id, Inventory_Attribute_Id) values (12355, 272);
insert into Zoom (Id, Description, Layer) values (12356, 'resources//img/Cuff/Cuff-Closeup-Lyr03-Neapolitan-Thread.0026.png', 03);
insert into Category_Zoom (Category_Id, Zoom_Id) values (6, 12356);
insert into Zoom_Inventory_Attribute (Zoom_Id, Inventory_Attribute_Id) values (12356, 48);
-- Final Index and Final Name: thread--0026 Key: iconthread0026
insert into Zoom_Inventory_Attribute (Zoom_Id, Inventory_Attribute_Id) values (12356, 273);
insert into Zoom (Id, Description, Layer) values (12357, 'resources//img/Cuff/Cuff-Closeup-Lyr03-Neapolitan-Thread.0027.png', 03);
insert into Category_Zoom (Category_Id, Zoom_Id) values (6, 12357);
insert into Zoom_Inventory_Attribute (Zoom_Id, Inventory_Attribute_Id) values (12357, 48);
-- Final Index and Final Name: thread--0027 Key: iconthread0027
insert into Zoom_Inventory_Attribute (Zoom_Id, Inventory_Attribute_Id) values (12357, 274);
insert into Zoom (Id, Description, Layer) values (12358, 'resources//img/Cuff/Cuff-Closeup-Lyr03-RdDbButton-Thread.0001.png', 03);
insert into Category_Zoom (Category_Id, Zoom_Id) values (6, 12358);
insert into Zoom_Inventory_Attribute (Zoom_Id, Inventory_Attribute_Id) values (12358, 45);
-- Final Index and Final Name: thread--0001 Key: iconthread0001
insert into Zoom_Inventory_Attribute (Zoom_Id, Inventory_Attribute_Id) values (12358, 248);
insert into Zoom (Id, Description, Layer) values (12359, 'resources//img/Cuff/Cuff-Closeup-Lyr03-RdDbButton-Thread.0002.png', 03);
insert into Category_Zoom (Category_Id, Zoom_Id) values (6, 12359);
insert into Zoom_Inventory_Attribute (Zoom_Id, Inventory_Attribute_Id) values (12359, 45);
-- Final Index and Final Name: thread--0002 Key: iconthread0002
insert into Zoom_Inventory_Attribute (Zoom_Id, Inventory_Attribute_Id) values (12359, 249);
insert into Zoom (Id, Description, Layer) values (12360, 'resources//img/Cuff/Cuff-Closeup-Lyr03-RdDbButton-Thread.0003.png', 03);
insert into Category_Zoom (Category_Id, Zoom_Id) values (6, 12360);
insert into Zoom_Inventory_Attribute (Zoom_Id, Inventory_Attribute_Id) values (12360, 45);
-- Final Index and Final Name: thread--0003 Key: iconthread0003
insert into Zoom_Inventory_Attribute (Zoom_Id, Inventory_Attribute_Id) values (12360, 250);
insert into Zoom (Id, Description, Layer) values (12361, 'resources//img/Cuff/Cuff-Closeup-Lyr03-RdDbButton-Thread.0004.png', 03);
insert into Category_Zoom (Category_Id, Zoom_Id) values (6, 12361);
insert into Zoom_Inventory_Attribute (Zoom_Id, Inventory_Attribute_Id) values (12361, 45);
-- Final Index and Final Name: thread--0004 Key: iconthread0004
insert into Zoom_Inventory_Attribute (Zoom_Id, Inventory_Attribute_Id) values (12361, 251);
insert into Zoom (Id, Description, Layer) values (12362, 'resources//img/Cuff/Cuff-Closeup-Lyr03-RdDbButton-Thread.0005.png', 03);
insert into Category_Zoom (Category_Id, Zoom_Id) values (6, 12362);
insert into Zoom_Inventory_Attribute (Zoom_Id, Inventory_Attribute_Id) values (12362, 45);
-- Final Index and Final Name: thread--0005 Key: iconthread0005
insert into Zoom_Inventory_Attribute (Zoom_Id, Inventory_Attribute_Id) values (12362, 252);
insert into Zoom (Id, Description, Layer) values (12363, 'resources//img/Cuff/Cuff-Closeup-Lyr03-RdDbButton-Thread.0006.png', 03);
insert into Category_Zoom (Category_Id, Zoom_Id) values (6, 12363);
insert into Zoom_Inventory_Attribute (Zoom_Id, Inventory_Attribute_Id) values (12363, 45);
-- Final Index and Final Name: thread--0006 Key: iconthread0006
insert into Zoom_Inventory_Attribute (Zoom_Id, Inventory_Attribute_Id) values (12363, 253);
insert into Zoom (Id, Description, Layer) values (12364, 'resources//img/Cuff/Cuff-Closeup-Lyr03-RdDbButton-Thread.0007.png', 03);
insert into Category_Zoom (Category_Id, Zoom_Id) values (6, 12364);
insert into Zoom_Inventory_Attribute (Zoom_Id, Inventory_Attribute_Id) values (12364, 45);
-- Final Index and Final Name: thread--0007 Key: iconthread0007
insert into Zoom_Inventory_Attribute (Zoom_Id, Inventory_Attribute_Id) values (12364, 254);
insert into Zoom (Id, Description, Layer) values (12365, 'resources//img/Cuff/Cuff-Closeup-Lyr03-RdDbButton-Thread.0008.png', 03);
insert into Category_Zoom (Category_Id, Zoom_Id) values (6, 12365);
insert into Zoom_Inventory_Attribute (Zoom_Id, Inventory_Attribute_Id) values (12365, 45);
-- Final Index and Final Name: thread--0008 Key: iconthread0008
insert into Zoom_Inventory_Attribute (Zoom_Id, Inventory_Attribute_Id) values (12365, 255);
insert into Zoom (Id, Description, Layer) values (12366, 'resources//img/Cuff/Cuff-Closeup-Lyr03-RdDbButton-Thread.0009.png', 03);
insert into Category_Zoom (Category_Id, Zoom_Id) values (6, 12366);
insert into Zoom_Inventory_Attribute (Zoom_Id, Inventory_Attribute_Id) values (12366, 45);
-- Final Index and Final Name: thread--0009 Key: iconthread0009
insert into Zoom_Inventory_Attribute (Zoom_Id, Inventory_Attribute_Id) values (12366, 256);
insert into Zoom (Id, Description, Layer) values (12367, 'resources//img/Cuff/Cuff-Closeup-Lyr03-RdDbButton-Thread.0010.png', 03);
insert into Category_Zoom (Category_Id, Zoom_Id) values (6, 12367);
insert into Zoom_Inventory_Attribute (Zoom_Id, Inventory_Attribute_Id) values (12367, 45);
-- Final Index and Final Name: thread--0010 Key: iconthread0010
insert into Zoom_Inventory_Attribute (Zoom_Id, Inventory_Attribute_Id) values (12367, 257);
insert into Zoom (Id, Description, Layer) values (12368, 'resources//img/Cuff/Cuff-Closeup-Lyr03-RdDbButton-Thread.0011.png', 03);
insert into Category_Zoom (Category_Id, Zoom_Id) values (6, 12368);
insert into Zoom_Inventory_Attribute (Zoom_Id, Inventory_Attribute_Id) values (12368, 45);
-- Final Index and Final Name: thread--0011 Key: iconthread0011
insert into Zoom_Inventory_Attribute (Zoom_Id, Inventory_Attribute_Id) values (12368, 258);
insert into Zoom (Id, Description, Layer) values (12369, 'resources//img/Cuff/Cuff-Closeup-Lyr03-RdDbButton-Thread.0012.png', 03);
insert into Category_Zoom (Category_Id, Zoom_Id) values (6, 12369);
insert into Zoom_Inventory_Attribute (Zoom_Id, Inventory_Attribute_Id) values (12369, 45);
-- Final Index and Final Name: thread--0012 Key: iconthread0012
insert into Zoom_Inventory_Attribute (Zoom_Id, Inventory_Attribute_Id) values (12369, 259);
insert into Zoom (Id, Description, Layer) values (12370, 'resources//img/Cuff/Cuff-Closeup-Lyr03-RdDbButton-Thread.0013.png', 03);
insert into Category_Zoom (Category_Id, Zoom_Id) values (6, 12370);
insert into Zoom_Inventory_Attribute (Zoom_Id, Inventory_Attribute_Id) values (12370, 45);
-- Final Index and Final Name: thread--0013 Key: iconthread0013
insert into Zoom_Inventory_Attribute (Zoom_Id, Inventory_Attribute_Id) values (12370, 260);
insert into Zoom (Id, Description, Layer) values (12371, 'resources//img/Cuff/Cuff-Closeup-Lyr03-RdDbButton-Thread.0014.png', 03);
insert into Category_Zoom (Category_Id, Zoom_Id) values (6, 12371);
insert into Zoom_Inventory_Attribute (Zoom_Id, Inventory_Attribute_Id) values (12371, 45);
-- Final Index and Final Name: thread--0014 Key: iconthread0014
insert into Zoom_Inventory_Attribute (Zoom_Id, Inventory_Attribute_Id) values (12371, 261);
insert into Zoom (Id, Description, Layer) values (12372, 'resources//img/Cuff/Cuff-Closeup-Lyr03-RdDbButton-Thread.0015.png', 03);
insert into Category_Zoom (Category_Id, Zoom_Id) values (6, 12372);
insert into Zoom_Inventory_Attribute (Zoom_Id, Inventory_Attribute_Id) values (12372, 45);
-- Final Index and Final Name: thread--0015 Key: iconthread0015
insert into Zoom_Inventory_Attribute (Zoom_Id, Inventory_Attribute_Id) values (12372, 262);
insert into Zoom (Id, Description, Layer) values (12373, 'resources//img/Cuff/Cuff-Closeup-Lyr03-RdDbButton-Thread.0016.png', 03);
insert into Category_Zoom (Category_Id, Zoom_Id) values (6, 12373);
insert into Zoom_Inventory_Attribute (Zoom_Id, Inventory_Attribute_Id) values (12373, 45);
-- Final Index and Final Name: thread--0016 Key: iconthread0016
insert into Zoom_Inventory_Attribute (Zoom_Id, Inventory_Attribute_Id) values (12373, 263);
insert into Zoom (Id, Description, Layer) values (12374, 'resources//img/Cuff/Cuff-Closeup-Lyr03-RdDbButton-Thread.0017.png', 03);
insert into Category_Zoom (Category_Id, Zoom_Id) values (6, 12374);
insert into Zoom_Inventory_Attribute (Zoom_Id, Inventory_Attribute_Id) values (12374, 45);
-- Final Index and Final Name: thread--0017 Key: iconthread0017
insert into Zoom_Inventory_Attribute (Zoom_Id, Inventory_Attribute_Id) values (12374, 264);
insert into Zoom (Id, Description, Layer) values (12375, 'resources//img/Cuff/Cuff-Closeup-Lyr03-RdDbButton-Thread.0018.png', 03);
insert into Category_Zoom (Category_Id, Zoom_Id) values (6, 12375);
insert into Zoom_Inventory_Attribute (Zoom_Id, Inventory_Attribute_Id) values (12375, 45);
-- Final Index and Final Name: thread--0018 Key: iconthread0018
insert into Zoom_Inventory_Attribute (Zoom_Id, Inventory_Attribute_Id) values (12375, 265);
insert into Zoom (Id, Description, Layer) values (12376, 'resources//img/Cuff/Cuff-Closeup-Lyr03-RdDbButton-Thread.0019.png', 03);
insert into Category_Zoom (Category_Id, Zoom_Id) values (6, 12376);
insert into Zoom_Inventory_Attribute (Zoom_Id, Inventory_Attribute_Id) values (12376, 45);
-- Final Index and Final Name: thread--0019 Key: iconthread0019
insert into Zoom_Inventory_Attribute (Zoom_Id, Inventory_Attribute_Id) values (12376, 266);
insert into Zoom (Id, Description, Layer) values (12377, 'resources//img/Cuff/Cuff-Closeup-Lyr03-RdDbButton-Thread.0020.png', 03);
insert into Category_Zoom (Category_Id, Zoom_Id) values (6, 12377);
insert into Zoom_Inventory_Attribute (Zoom_Id, Inventory_Attribute_Id) values (12377, 45);
-- Final Index and Final Name: thread--0020 Key: iconthread0020
insert into Zoom_Inventory_Attribute (Zoom_Id, Inventory_Attribute_Id) values (12377, 267);
insert into Zoom (Id, Description, Layer) values (12378, 'resources//img/Cuff/Cuff-Closeup-Lyr03-RdDbButton-Thread.0021.png', 03);
insert into Category_Zoom (Category_Id, Zoom_Id) values (6, 12378);
insert into Zoom_Inventory_Attribute (Zoom_Id, Inventory_Attribute_Id) values (12378, 45);
-- Final Index and Final Name: thread--0021 Key: iconthread0021
insert into Zoom_Inventory_Attribute (Zoom_Id, Inventory_Attribute_Id) values (12378, 268);
insert into Zoom (Id, Description, Layer) values (12379, 'resources//img/Cuff/Cuff-Closeup-Lyr03-RdDbButton-Thread.0022.png', 03);
insert into Category_Zoom (Category_Id, Zoom_Id) values (6, 12379);
insert into Zoom_Inventory_Attribute (Zoom_Id, Inventory_Attribute_Id) values (12379, 45);
-- Final Index and Final Name: thread--0022 Key: iconthread0022
insert into Zoom_Inventory_Attribute (Zoom_Id, Inventory_Attribute_Id) values (12379, 269);
insert into Zoom (Id, Description, Layer) values (12380, 'resources//img/Cuff/Cuff-Closeup-Lyr03-RdDbButton-Thread.0023.png', 03);
insert into Category_Zoom (Category_Id, Zoom_Id) values (6, 12380);
insert into Zoom_Inventory_Attribute (Zoom_Id, Inventory_Attribute_Id) values (12380, 45);
-- Final Index and Final Name: thread--0023 Key: iconthread0023
insert into Zoom_Inventory_Attribute (Zoom_Id, Inventory_Attribute_Id) values (12380, 270);
insert into Zoom (Id, Description, Layer) values (12381, 'resources//img/Cuff/Cuff-Closeup-Lyr03-RdDbButton-Thread.0024.png', 03);
insert into Category_Zoom (Category_Id, Zoom_Id) values (6, 12381);
insert into Zoom_Inventory_Attribute (Zoom_Id, Inventory_Attribute_Id) values (12381, 45);
-- Final Index and Final Name: thread--0024 Key: iconthread0024
insert into Zoom_Inventory_Attribute (Zoom_Id, Inventory_Attribute_Id) values (12381, 271);
insert into Zoom (Id, Description, Layer) values (12382, 'resources//img/Cuff/Cuff-Closeup-Lyr03-RdDbButton-Thread.0025.png', 03);
insert into Category_Zoom (Category_Id, Zoom_Id) values (6, 12382);
insert into Zoom_Inventory_Attribute (Zoom_Id, Inventory_Attribute_Id) values (12382, 45);
-- Final Index and Final Name: thread--0025 Key: iconthread0025
insert into Zoom_Inventory_Attribute (Zoom_Id, Inventory_Attribute_Id) values (12382, 272);
insert into Zoom (Id, Description, Layer) values (12383, 'resources//img/Cuff/Cuff-Closeup-Lyr03-RdDbButton-Thread.0026.png', 03);
insert into Category_Zoom (Category_Id, Zoom_Id) values (6, 12383);
insert into Zoom_Inventory_Attribute (Zoom_Id, Inventory_Attribute_Id) values (12383, 45);
-- Final Index and Final Name: thread--0026 Key: iconthread0026
insert into Zoom_Inventory_Attribute (Zoom_Id, Inventory_Attribute_Id) values (12383, 273);
insert into Zoom (Id, Description, Layer) values (12384, 'resources//img/Cuff/Cuff-Closeup-Lyr03-RdDbButton-Thread.0027.png', 03);
insert into Category_Zoom (Category_Id, Zoom_Id) values (6, 12384);
insert into Zoom_Inventory_Attribute (Zoom_Id, Inventory_Attribute_Id) values (12384, 45);
-- Final Index and Final Name: thread--0027 Key: iconthread0027
insert into Zoom_Inventory_Attribute (Zoom_Id, Inventory_Attribute_Id) values (12384, 274);
insert into Zoom (Id, Description, Layer) values (12385, 'resources//img/Cuff/Cuff-Closeup-Lyr03-RdFrench-Thread.0001.png', 03);
insert into Category_Zoom (Category_Id, Zoom_Id) values (6, 12385);
insert into Zoom_Inventory_Attribute (Zoom_Id, Inventory_Attribute_Id) values (12385, 46);
-- Final Index and Final Name: thread--0001 Key: iconthread0001
insert into Zoom_Inventory_Attribute (Zoom_Id, Inventory_Attribute_Id) values (12385, 248);
insert into Zoom (Id, Description, Layer) values (12386, 'resources//img/Cuff/Cuff-Closeup-Lyr03-RdFrench-Thread.0002.png', 03);
insert into Category_Zoom (Category_Id, Zoom_Id) values (6, 12386);
insert into Zoom_Inventory_Attribute (Zoom_Id, Inventory_Attribute_Id) values (12386, 46);
-- Final Index and Final Name: thread--0002 Key: iconthread0002
insert into Zoom_Inventory_Attribute (Zoom_Id, Inventory_Attribute_Id) values (12386, 249);
insert into Zoom (Id, Description, Layer) values (12387, 'resources//img/Cuff/Cuff-Closeup-Lyr03-RdFrench-Thread.0003.png', 03);
insert into Category_Zoom (Category_Id, Zoom_Id) values (6, 12387);
insert into Zoom_Inventory_Attribute (Zoom_Id, Inventory_Attribute_Id) values (12387, 46);
-- Final Index and Final Name: thread--0003 Key: iconthread0003
insert into Zoom_Inventory_Attribute (Zoom_Id, Inventory_Attribute_Id) values (12387, 250);
insert into Zoom (Id, Description, Layer) values (12388, 'resources//img/Cuff/Cuff-Closeup-Lyr03-RdFrench-Thread.0004.png', 03);
insert into Category_Zoom (Category_Id, Zoom_Id) values (6, 12388);
insert into Zoom_Inventory_Attribute (Zoom_Id, Inventory_Attribute_Id) values (12388, 46);
-- Final Index and Final Name: thread--0004 Key: iconthread0004
insert into Zoom_Inventory_Attribute (Zoom_Id, Inventory_Attribute_Id) values (12388, 251);
insert into Zoom (Id, Description, Layer) values (12389, 'resources//img/Cuff/Cuff-Closeup-Lyr03-RdFrench-Thread.0005.png', 03);
insert into Category_Zoom (Category_Id, Zoom_Id) values (6, 12389);
insert into Zoom_Inventory_Attribute (Zoom_Id, Inventory_Attribute_Id) values (12389, 46);
-- Final Index and Final Name: thread--0005 Key: iconthread0005
insert into Zoom_Inventory_Attribute (Zoom_Id, Inventory_Attribute_Id) values (12389, 252);
insert into Zoom (Id, Description, Layer) values (12390, 'resources//img/Cuff/Cuff-Closeup-Lyr03-RdFrench-Thread.0006.png', 03);
insert into Category_Zoom (Category_Id, Zoom_Id) values (6, 12390);
insert into Zoom_Inventory_Attribute (Zoom_Id, Inventory_Attribute_Id) values (12390, 46);
-- Final Index and Final Name: thread--0006 Key: iconthread0006
insert into Zoom_Inventory_Attribute (Zoom_Id, Inventory_Attribute_Id) values (12390, 253);
insert into Zoom (Id, Description, Layer) values (12391, 'resources//img/Cuff/Cuff-Closeup-Lyr03-RdFrench-Thread.0007.png', 03);
insert into Category_Zoom (Category_Id, Zoom_Id) values (6, 12391);
insert into Zoom_Inventory_Attribute (Zoom_Id, Inventory_Attribute_Id) values (12391, 46);
-- Final Index and Final Name: thread--0007 Key: iconthread0007
insert into Zoom_Inventory_Attribute (Zoom_Id, Inventory_Attribute_Id) values (12391, 254);
insert into Zoom (Id, Description, Layer) values (12392, 'resources//img/Cuff/Cuff-Closeup-Lyr03-RdFrench-Thread.0008.png', 03);
insert into Category_Zoom (Category_Id, Zoom_Id) values (6, 12392);
insert into Zoom_Inventory_Attribute (Zoom_Id, Inventory_Attribute_Id) values (12392, 46);
-- Final Index and Final Name: thread--0008 Key: iconthread0008
insert into Zoom_Inventory_Attribute (Zoom_Id, Inventory_Attribute_Id) values (12392, 255);
insert into Zoom (Id, Description, Layer) values (12393, 'resources//img/Cuff/Cuff-Closeup-Lyr03-RdFrench-Thread.0009.png', 03);
insert into Category_Zoom (Category_Id, Zoom_Id) values (6, 12393);
insert into Zoom_Inventory_Attribute (Zoom_Id, Inventory_Attribute_Id) values (12393, 46);
-- Final Index and Final Name: thread--0009 Key: iconthread0009
insert into Zoom_Inventory_Attribute (Zoom_Id, Inventory_Attribute_Id) values (12393, 256);
insert into Zoom (Id, Description, Layer) values (12394, 'resources//img/Cuff/Cuff-Closeup-Lyr03-RdFrench-Thread.0010.png', 03);
insert into Category_Zoom (Category_Id, Zoom_Id) values (6, 12394);
insert into Zoom_Inventory_Attribute (Zoom_Id, Inventory_Attribute_Id) values (12394, 46);
-- Final Index and Final Name: thread--0010 Key: iconthread0010
insert into Zoom_Inventory_Attribute (Zoom_Id, Inventory_Attribute_Id) values (12394, 257);
insert into Zoom (Id, Description, Layer) values (12395, 'resources//img/Cuff/Cuff-Closeup-Lyr03-RdFrench-Thread.0011.png', 03);
insert into Category_Zoom (Category_Id, Zoom_Id) values (6, 12395);
insert into Zoom_Inventory_Attribute (Zoom_Id, Inventory_Attribute_Id) values (12395, 46);
-- Final Index and Final Name: thread--0011 Key: iconthread0011
insert into Zoom_Inventory_Attribute (Zoom_Id, Inventory_Attribute_Id) values (12395, 258);
insert into Zoom (Id, Description, Layer) values (12396, 'resources//img/Cuff/Cuff-Closeup-Lyr03-RdFrench-Thread.0012.png', 03);
insert into Category_Zoom (Category_Id, Zoom_Id) values (6, 12396);
insert into Zoom_Inventory_Attribute (Zoom_Id, Inventory_Attribute_Id) values (12396, 46);
-- Final Index and Final Name: thread--0012 Key: iconthread0012
insert into Zoom_Inventory_Attribute (Zoom_Id, Inventory_Attribute_Id) values (12396, 259);
insert into Zoom (Id, Description, Layer) values (12397, 'resources//img/Cuff/Cuff-Closeup-Lyr03-RdFrench-Thread.0013.png', 03);
insert into Category_Zoom (Category_Id, Zoom_Id) values (6, 12397);
insert into Zoom_Inventory_Attribute (Zoom_Id, Inventory_Attribute_Id) values (12397, 46);
-- Final Index and Final Name: thread--0013 Key: iconthread0013
insert into Zoom_Inventory_Attribute (Zoom_Id, Inventory_Attribute_Id) values (12397, 260);
insert into Zoom (Id, Description, Layer) values (12398, 'resources//img/Cuff/Cuff-Closeup-Lyr03-RdFrench-Thread.0014.png', 03);
insert into Category_Zoom (Category_Id, Zoom_Id) values (6, 12398);
insert into Zoom_Inventory_Attribute (Zoom_Id, Inventory_Attribute_Id) values (12398, 46);
-- Final Index and Final Name: thread--0014 Key: iconthread0014
insert into Zoom_Inventory_Attribute (Zoom_Id, Inventory_Attribute_Id) values (12398, 261);
insert into Zoom (Id, Description, Layer) values (12399, 'resources//img/Cuff/Cuff-Closeup-Lyr03-RdFrench-Thread.0015.png', 03);
insert into Category_Zoom (Category_Id, Zoom_Id) values (6, 12399);
insert into Zoom_Inventory_Attribute (Zoom_Id, Inventory_Attribute_Id) values (12399, 46);
-- Final Index and Final Name: thread--0015 Key: iconthread0015
insert into Zoom_Inventory_Attribute (Zoom_Id, Inventory_Attribute_Id) values (12399, 262);
insert into Zoom (Id, Description, Layer) values (12400, 'resources//img/Cuff/Cuff-Closeup-Lyr03-RdFrench-Thread.0016.png', 03);
insert into Category_Zoom (Category_Id, Zoom_Id) values (6, 12400);
insert into Zoom_Inventory_Attribute (Zoom_Id, Inventory_Attribute_Id) values (12400, 46);
-- Final Index and Final Name: thread--0016 Key: iconthread0016
insert into Zoom_Inventory_Attribute (Zoom_Id, Inventory_Attribute_Id) values (12400, 263);
insert into Zoom (Id, Description, Layer) values (12401, 'resources//img/Cuff/Cuff-Closeup-Lyr03-RdFrench-Thread.0017.png', 03);
insert into Category_Zoom (Category_Id, Zoom_Id) values (6, 12401);
insert into Zoom_Inventory_Attribute (Zoom_Id, Inventory_Attribute_Id) values (12401, 46);
-- Final Index and Final Name: thread--0017 Key: iconthread0017
insert into Zoom_Inventory_Attribute (Zoom_Id, Inventory_Attribute_Id) values (12401, 264);
insert into Zoom (Id, Description, Layer) values (12402, 'resources//img/Cuff/Cuff-Closeup-Lyr03-RdFrench-Thread.0018.png', 03);
insert into Category_Zoom (Category_Id, Zoom_Id) values (6, 12402);
insert into Zoom_Inventory_Attribute (Zoom_Id, Inventory_Attribute_Id) values (12402, 46);
-- Final Index and Final Name: thread--0018 Key: iconthread0018
insert into Zoom_Inventory_Attribute (Zoom_Id, Inventory_Attribute_Id) values (12402, 265);
insert into Zoom (Id, Description, Layer) values (12403, 'resources//img/Cuff/Cuff-Closeup-Lyr03-RdFrench-Thread.0019.png', 03);
insert into Category_Zoom (Category_Id, Zoom_Id) values (6, 12403);
insert into Zoom_Inventory_Attribute (Zoom_Id, Inventory_Attribute_Id) values (12403, 46);
-- Final Index and Final Name: thread--0019 Key: iconthread0019
insert into Zoom_Inventory_Attribute (Zoom_Id, Inventory_Attribute_Id) values (12403, 266);
insert into Zoom (Id, Description, Layer) values (12404, 'resources//img/Cuff/Cuff-Closeup-Lyr03-RdFrench-Thread.0020.png', 03);
insert into Category_Zoom (Category_Id, Zoom_Id) values (6, 12404);
insert into Zoom_Inventory_Attribute (Zoom_Id, Inventory_Attribute_Id) values (12404, 46);
-- Final Index and Final Name: thread--0020 Key: iconthread0020
insert into Zoom_Inventory_Attribute (Zoom_Id, Inventory_Attribute_Id) values (12404, 267);
insert into Zoom (Id, Description, Layer) values (12405, 'resources//img/Cuff/Cuff-Closeup-Lyr03-RdFrench-Thread.0021.png', 03);
insert into Category_Zoom (Category_Id, Zoom_Id) values (6, 12405);
insert into Zoom_Inventory_Attribute (Zoom_Id, Inventory_Attribute_Id) values (12405, 46);
-- Final Index and Final Name: thread--0021 Key: iconthread0021
insert into Zoom_Inventory_Attribute (Zoom_Id, Inventory_Attribute_Id) values (12405, 268);
insert into Zoom (Id, Description, Layer) values (12406, 'resources//img/Cuff/Cuff-Closeup-Lyr03-RdFrench-Thread.0022.png', 03);
insert into Category_Zoom (Category_Id, Zoom_Id) values (6, 12406);
insert into Zoom_Inventory_Attribute (Zoom_Id, Inventory_Attribute_Id) values (12406, 46);
-- Final Index and Final Name: thread--0022 Key: iconthread0022
insert into Zoom_Inventory_Attribute (Zoom_Id, Inventory_Attribute_Id) values (12406, 269);
insert into Zoom (Id, Description, Layer) values (12407, 'resources//img/Cuff/Cuff-Closeup-Lyr03-RdFrench-Thread.0023.png', 03);
insert into Category_Zoom (Category_Id, Zoom_Id) values (6, 12407);
insert into Zoom_Inventory_Attribute (Zoom_Id, Inventory_Attribute_Id) values (12407, 46);
-- Final Index and Final Name: thread--0023 Key: iconthread0023
insert into Zoom_Inventory_Attribute (Zoom_Id, Inventory_Attribute_Id) values (12407, 270);
insert into Zoom (Id, Description, Layer) values (12408, 'resources//img/Cuff/Cuff-Closeup-Lyr03-RdFrench-Thread.0024.png', 03);
insert into Category_Zoom (Category_Id, Zoom_Id) values (6, 12408);
insert into Zoom_Inventory_Attribute (Zoom_Id, Inventory_Attribute_Id) values (12408, 46);
-- Final Index and Final Name: thread--0024 Key: iconthread0024
insert into Zoom_Inventory_Attribute (Zoom_Id, Inventory_Attribute_Id) values (12408, 271);
insert into Zoom (Id, Description, Layer) values (12409, 'resources//img/Cuff/Cuff-Closeup-Lyr03-RdFrench-Thread.0025.png', 03);
insert into Category_Zoom (Category_Id, Zoom_Id) values (6, 12409);
insert into Zoom_Inventory_Attribute (Zoom_Id, Inventory_Attribute_Id) values (12409, 46);
-- Final Index and Final Name: thread--0025 Key: iconthread0025
insert into Zoom_Inventory_Attribute (Zoom_Id, Inventory_Attribute_Id) values (12409, 272);
insert into Zoom (Id, Description, Layer) values (12410, 'resources//img/Cuff/Cuff-Closeup-Lyr03-RdFrench-Thread.0026.png', 03);
insert into Category_Zoom (Category_Id, Zoom_Id) values (6, 12410);
insert into Zoom_Inventory_Attribute (Zoom_Id, Inventory_Attribute_Id) values (12410, 46);
-- Final Index and Final Name: thread--0026 Key: iconthread0026
insert into Zoom_Inventory_Attribute (Zoom_Id, Inventory_Attribute_Id) values (12410, 273);
insert into Zoom (Id, Description, Layer) values (12411, 'resources//img/Cuff/Cuff-Closeup-Lyr03-RdFrench-Thread.0027.png', 03);
insert into Category_Zoom (Category_Id, Zoom_Id) values (6, 12411);
insert into Zoom_Inventory_Attribute (Zoom_Id, Inventory_Attribute_Id) values (12411, 46);
-- Final Index and Final Name: thread--0027 Key: iconthread0027
insert into Zoom_Inventory_Attribute (Zoom_Id, Inventory_Attribute_Id) values (12411, 274);
insert into Zoom (Id, Description, Layer) values (12412, 'resources//img/Cuff/Cuff-Closeup-Lyr03-RdNarrow-Thread.0001.png', 03);
insert into Category_Zoom (Category_Id, Zoom_Id) values (6, 12412);
insert into Zoom_Inventory_Attribute (Zoom_Id, Inventory_Attribute_Id) values (12412, 47);
-- Final Index and Final Name: thread--0001 Key: iconthread0001
insert into Zoom_Inventory_Attribute (Zoom_Id, Inventory_Attribute_Id) values (12412, 248);
insert into Zoom (Id, Description, Layer) values (12413, 'resources//img/Cuff/Cuff-Closeup-Lyr03-RdNarrow-Thread.0002.png', 03);
insert into Category_Zoom (Category_Id, Zoom_Id) values (6, 12413);
insert into Zoom_Inventory_Attribute (Zoom_Id, Inventory_Attribute_Id) values (12413, 47);
-- Final Index and Final Name: thread--0002 Key: iconthread0002
insert into Zoom_Inventory_Attribute (Zoom_Id, Inventory_Attribute_Id) values (12413, 249);
insert into Zoom (Id, Description, Layer) values (12414, 'resources//img/Cuff/Cuff-Closeup-Lyr03-RdNarrow-Thread.0003.png', 03);
insert into Category_Zoom (Category_Id, Zoom_Id) values (6, 12414);
insert into Zoom_Inventory_Attribute (Zoom_Id, Inventory_Attribute_Id) values (12414, 47);
-- Final Index and Final Name: thread--0003 Key: iconthread0003
insert into Zoom_Inventory_Attribute (Zoom_Id, Inventory_Attribute_Id) values (12414, 250);
insert into Zoom (Id, Description, Layer) values (12415, 'resources//img/Cuff/Cuff-Closeup-Lyr03-RdNarrow-Thread.0004.png', 03);
insert into Category_Zoom (Category_Id, Zoom_Id) values (6, 12415);
insert into Zoom_Inventory_Attribute (Zoom_Id, Inventory_Attribute_Id) values (12415, 47);
-- Final Index and Final Name: thread--0004 Key: iconthread0004
insert into Zoom_Inventory_Attribute (Zoom_Id, Inventory_Attribute_Id) values (12415, 251);
insert into Zoom (Id, Description, Layer) values (12416, 'resources//img/Cuff/Cuff-Closeup-Lyr03-RdNarrow-Thread.0005.png', 03);
insert into Category_Zoom (Category_Id, Zoom_Id) values (6, 12416);
insert into Zoom_Inventory_Attribute (Zoom_Id, Inventory_Attribute_Id) values (12416, 47);
-- Final Index and Final Name: thread--0005 Key: iconthread0005
insert into Zoom_Inventory_Attribute (Zoom_Id, Inventory_Attribute_Id) values (12416, 252);
insert into Zoom (Id, Description, Layer) values (12417, 'resources//img/Cuff/Cuff-Closeup-Lyr03-RdNarrow-Thread.0006.png', 03);
insert into Category_Zoom (Category_Id, Zoom_Id) values (6, 12417);
insert into Zoom_Inventory_Attribute (Zoom_Id, Inventory_Attribute_Id) values (12417, 47);
-- Final Index and Final Name: thread--0006 Key: iconthread0006
insert into Zoom_Inventory_Attribute (Zoom_Id, Inventory_Attribute_Id) values (12417, 253);
insert into Zoom (Id, Description, Layer) values (12418, 'resources//img/Cuff/Cuff-Closeup-Lyr03-RdNarrow-Thread.0007.png', 03);
insert into Category_Zoom (Category_Id, Zoom_Id) values (6, 12418);
insert into Zoom_Inventory_Attribute (Zoom_Id, Inventory_Attribute_Id) values (12418, 47);
-- Final Index and Final Name: thread--0007 Key: iconthread0007
insert into Zoom_Inventory_Attribute (Zoom_Id, Inventory_Attribute_Id) values (12418, 254);
insert into Zoom (Id, Description, Layer) values (12419, 'resources//img/Cuff/Cuff-Closeup-Lyr03-RdNarrow-Thread.0008.png', 03);
insert into Category_Zoom (Category_Id, Zoom_Id) values (6, 12419);
insert into Zoom_Inventory_Attribute (Zoom_Id, Inventory_Attribute_Id) values (12419, 47);
-- Final Index and Final Name: thread--0008 Key: iconthread0008
insert into Zoom_Inventory_Attribute (Zoom_Id, Inventory_Attribute_Id) values (12419, 255);
insert into Zoom (Id, Description, Layer) values (12420, 'resources//img/Cuff/Cuff-Closeup-Lyr03-RdNarrow-Thread.0009.png', 03);
insert into Category_Zoom (Category_Id, Zoom_Id) values (6, 12420);
insert into Zoom_Inventory_Attribute (Zoom_Id, Inventory_Attribute_Id) values (12420, 47);
-- Final Index and Final Name: thread--0009 Key: iconthread0009
insert into Zoom_Inventory_Attribute (Zoom_Id, Inventory_Attribute_Id) values (12420, 256);
insert into Zoom (Id, Description, Layer) values (12421, 'resources//img/Cuff/Cuff-Closeup-Lyr03-RdNarrow-Thread.0010.png', 03);
insert into Category_Zoom (Category_Id, Zoom_Id) values (6, 12421);
insert into Zoom_Inventory_Attribute (Zoom_Id, Inventory_Attribute_Id) values (12421, 47);
-- Final Index and Final Name: thread--0010 Key: iconthread0010
insert into Zoom_Inventory_Attribute (Zoom_Id, Inventory_Attribute_Id) values (12421, 257);
insert into Zoom (Id, Description, Layer) values (12422, 'resources//img/Cuff/Cuff-Closeup-Lyr03-RdNarrow-Thread.0011.png', 03);
insert into Category_Zoom (Category_Id, Zoom_Id) values (6, 12422);
insert into Zoom_Inventory_Attribute (Zoom_Id, Inventory_Attribute_Id) values (12422, 47);
-- Final Index and Final Name: thread--0011 Key: iconthread0011
insert into Zoom_Inventory_Attribute (Zoom_Id, Inventory_Attribute_Id) values (12422, 258);
insert into Zoom (Id, Description, Layer) values (12423, 'resources//img/Cuff/Cuff-Closeup-Lyr03-RdNarrow-Thread.0012.png', 03);
insert into Category_Zoom (Category_Id, Zoom_Id) values (6, 12423);
insert into Zoom_Inventory_Attribute (Zoom_Id, Inventory_Attribute_Id) values (12423, 47);
-- Final Index and Final Name: thread--0012 Key: iconthread0012
insert into Zoom_Inventory_Attribute (Zoom_Id, Inventory_Attribute_Id) values (12423, 259);
insert into Zoom (Id, Description, Layer) values (12424, 'resources//img/Cuff/Cuff-Closeup-Lyr03-RdNarrow-Thread.0013.png', 03);
insert into Category_Zoom (Category_Id, Zoom_Id) values (6, 12424);
insert into Zoom_Inventory_Attribute (Zoom_Id, Inventory_Attribute_Id) values (12424, 47);
-- Final Index and Final Name: thread--0013 Key: iconthread0013
insert into Zoom_Inventory_Attribute (Zoom_Id, Inventory_Attribute_Id) values (12424, 260);
insert into Zoom (Id, Description, Layer) values (12425, 'resources//img/Cuff/Cuff-Closeup-Lyr03-RdNarrow-Thread.0014.png', 03);
insert into Category_Zoom (Category_Id, Zoom_Id) values (6, 12425);
insert into Zoom_Inventory_Attribute (Zoom_Id, Inventory_Attribute_Id) values (12425, 47);
-- Final Index and Final Name: thread--0014 Key: iconthread0014
insert into Zoom_Inventory_Attribute (Zoom_Id, Inventory_Attribute_Id) values (12425, 261);
insert into Zoom (Id, Description, Layer) values (12426, 'resources//img/Cuff/Cuff-Closeup-Lyr03-RdNarrow-Thread.0015.png', 03);
insert into Category_Zoom (Category_Id, Zoom_Id) values (6, 12426);
insert into Zoom_Inventory_Attribute (Zoom_Id, Inventory_Attribute_Id) values (12426, 47);
-- Final Index and Final Name: thread--0015 Key: iconthread0015
insert into Zoom_Inventory_Attribute (Zoom_Id, Inventory_Attribute_Id) values (12426, 262);
insert into Zoom (Id, Description, Layer) values (12427, 'resources//img/Cuff/Cuff-Closeup-Lyr03-RdNarrow-Thread.0016.png', 03);
insert into Category_Zoom (Category_Id, Zoom_Id) values (6, 12427);
insert into Zoom_Inventory_Attribute (Zoom_Id, Inventory_Attribute_Id) values (12427, 47);
-- Final Index and Final Name: thread--0016 Key: iconthread0016
insert into Zoom_Inventory_Attribute (Zoom_Id, Inventory_Attribute_Id) values (12427, 263);
insert into Zoom (Id, Description, Layer) values (12428, 'resources//img/Cuff/Cuff-Closeup-Lyr03-RdNarrow-Thread.0017.png', 03);
insert into Category_Zoom (Category_Id, Zoom_Id) values (6, 12428);
insert into Zoom_Inventory_Attribute (Zoom_Id, Inventory_Attribute_Id) values (12428, 47);
-- Final Index and Final Name: thread--0017 Key: iconthread0017
insert into Zoom_Inventory_Attribute (Zoom_Id, Inventory_Attribute_Id) values (12428, 264);
insert into Zoom (Id, Description, Layer) values (12429, 'resources//img/Cuff/Cuff-Closeup-Lyr03-RdNarrow-Thread.0018.png', 03);
insert into Category_Zoom (Category_Id, Zoom_Id) values (6, 12429);
insert into Zoom_Inventory_Attribute (Zoom_Id, Inventory_Attribute_Id) values (12429, 47);
-- Final Index and Final Name: thread--0018 Key: iconthread0018
insert into Zoom_Inventory_Attribute (Zoom_Id, Inventory_Attribute_Id) values (12429, 265);
insert into Zoom (Id, Description, Layer) values (12430, 'resources//img/Cuff/Cuff-Closeup-Lyr03-RdNarrow-Thread.0019.png', 03);
insert into Category_Zoom (Category_Id, Zoom_Id) values (6, 12430);
insert into Zoom_Inventory_Attribute (Zoom_Id, Inventory_Attribute_Id) values (12430, 47);
-- Final Index and Final Name: thread--0019 Key: iconthread0019
insert into Zoom_Inventory_Attribute (Zoom_Id, Inventory_Attribute_Id) values (12430, 266);
insert into Zoom (Id, Description, Layer) values (12431, 'resources//img/Cuff/Cuff-Closeup-Lyr03-RdNarrow-Thread.0020.png', 03);
insert into Category_Zoom (Category_Id, Zoom_Id) values (6, 12431);
insert into Zoom_Inventory_Attribute (Zoom_Id, Inventory_Attribute_Id) values (12431, 47);
-- Final Index and Final Name: thread--0020 Key: iconthread0020
insert into Zoom_Inventory_Attribute (Zoom_Id, Inventory_Attribute_Id) values (12431, 267);
insert into Zoom (Id, Description, Layer) values (12432, 'resources//img/Cuff/Cuff-Closeup-Lyr03-RdNarrow-Thread.0021.png', 03);
insert into Category_Zoom (Category_Id, Zoom_Id) values (6, 12432);
insert into Zoom_Inventory_Attribute (Zoom_Id, Inventory_Attribute_Id) values (12432, 47);
-- Final Index and Final Name: thread--0021 Key: iconthread0021
insert into Zoom_Inventory_Attribute (Zoom_Id, Inventory_Attribute_Id) values (12432, 268);
insert into Zoom (Id, Description, Layer) values (12433, 'resources//img/Cuff/Cuff-Closeup-Lyr03-RdNarrow-Thread.0022.png', 03);
insert into Category_Zoom (Category_Id, Zoom_Id) values (6, 12433);
insert into Zoom_Inventory_Attribute (Zoom_Id, Inventory_Attribute_Id) values (12433, 47);
-- Final Index and Final Name: thread--0022 Key: iconthread0022
insert into Zoom_Inventory_Attribute (Zoom_Id, Inventory_Attribute_Id) values (12433, 269);
insert into Zoom (Id, Description, Layer) values (12434, 'resources//img/Cuff/Cuff-Closeup-Lyr03-RdNarrow-Thread.0023.png', 03);
insert into Category_Zoom (Category_Id, Zoom_Id) values (6, 12434);
insert into Zoom_Inventory_Attribute (Zoom_Id, Inventory_Attribute_Id) values (12434, 47);
-- Final Index and Final Name: thread--0023 Key: iconthread0023
insert into Zoom_Inventory_Attribute (Zoom_Id, Inventory_Attribute_Id) values (12434, 270);
insert into Zoom (Id, Description, Layer) values (12435, 'resources//img/Cuff/Cuff-Closeup-Lyr03-RdNarrow-Thread.0024.png', 03);
insert into Category_Zoom (Category_Id, Zoom_Id) values (6, 12435);
insert into Zoom_Inventory_Attribute (Zoom_Id, Inventory_Attribute_Id) values (12435, 47);
-- Final Index and Final Name: thread--0024 Key: iconthread0024
insert into Zoom_Inventory_Attribute (Zoom_Id, Inventory_Attribute_Id) values (12435, 271);
insert into Zoom (Id, Description, Layer) values (12436, 'resources//img/Cuff/Cuff-Closeup-Lyr03-RdNarrow-Thread.0025.png', 03);
insert into Category_Zoom (Category_Id, Zoom_Id) values (6, 12436);
insert into Zoom_Inventory_Attribute (Zoom_Id, Inventory_Attribute_Id) values (12436, 47);
-- Final Index and Final Name: thread--0025 Key: iconthread0025
insert into Zoom_Inventory_Attribute (Zoom_Id, Inventory_Attribute_Id) values (12436, 272);
insert into Zoom (Id, Description, Layer) values (12437, 'resources//img/Cuff/Cuff-Closeup-Lyr03-RdNarrow-Thread.0026.png', 03);
insert into Category_Zoom (Category_Id, Zoom_Id) values (6, 12437);
insert into Zoom_Inventory_Attribute (Zoom_Id, Inventory_Attribute_Id) values (12437, 47);
-- Final Index and Final Name: thread--0026 Key: iconthread0026
insert into Zoom_Inventory_Attribute (Zoom_Id, Inventory_Attribute_Id) values (12437, 273);
insert into Zoom (Id, Description, Layer) values (12438, 'resources//img/Cuff/Cuff-Closeup-Lyr03-RdNarrow-Thread.0027.png', 03);
insert into Category_Zoom (Category_Id, Zoom_Id) values (6, 12438);
insert into Zoom_Inventory_Attribute (Zoom_Id, Inventory_Attribute_Id) values (12438, 47);
-- Final Index and Final Name: thread--0027 Key: iconthread0027
insert into Zoom_Inventory_Attribute (Zoom_Id, Inventory_Attribute_Id) values (12438, 274);
insert into Zoom (Id, Description, Layer) values (12439, 'resources//img/Cuff/Cuff-Closeup-Lyr03-RdSingButton-Thread.0001.png', 03);
insert into Category_Zoom (Category_Id, Zoom_Id) values (6, 12439);
insert into Zoom_Inventory_Attribute (Zoom_Id, Inventory_Attribute_Id) values (12439, 49);
-- Final Index and Final Name: thread--0001 Key: iconthread0001
insert into Zoom_Inventory_Attribute (Zoom_Id, Inventory_Attribute_Id) values (12439, 248);
insert into Zoom (Id, Description, Layer) values (12440, 'resources//img/Cuff/Cuff-Closeup-Lyr03-RdSingButton-Thread.0002.png', 03);
insert into Category_Zoom (Category_Id, Zoom_Id) values (6, 12440);
insert into Zoom_Inventory_Attribute (Zoom_Id, Inventory_Attribute_Id) values (12440, 49);
-- Final Index and Final Name: thread--0002 Key: iconthread0002
insert into Zoom_Inventory_Attribute (Zoom_Id, Inventory_Attribute_Id) values (12440, 249);
insert into Zoom (Id, Description, Layer) values (12441, 'resources//img/Cuff/Cuff-Closeup-Lyr03-RdSingButton-Thread.0003.png', 03);
insert into Category_Zoom (Category_Id, Zoom_Id) values (6, 12441);
insert into Zoom_Inventory_Attribute (Zoom_Id, Inventory_Attribute_Id) values (12441, 49);
-- Final Index and Final Name: thread--0003 Key: iconthread0003
insert into Zoom_Inventory_Attribute (Zoom_Id, Inventory_Attribute_Id) values (12441, 250);
insert into Zoom (Id, Description, Layer) values (12442, 'resources//img/Cuff/Cuff-Closeup-Lyr03-RdSingButton-Thread.0004.png', 03);
insert into Category_Zoom (Category_Id, Zoom_Id) values (6, 12442);
insert into Zoom_Inventory_Attribute (Zoom_Id, Inventory_Attribute_Id) values (12442, 49);
-- Final Index and Final Name: thread--0004 Key: iconthread0004
insert into Zoom_Inventory_Attribute (Zoom_Id, Inventory_Attribute_Id) values (12442, 251);
insert into Zoom (Id, Description, Layer) values (12443, 'resources//img/Cuff/Cuff-Closeup-Lyr03-RdSingButton-Thread.0005.png', 03);
insert into Category_Zoom (Category_Id, Zoom_Id) values (6, 12443);
insert into Zoom_Inventory_Attribute (Zoom_Id, Inventory_Attribute_Id) values (12443, 49);
-- Final Index and Final Name: thread--0005 Key: iconthread0005
insert into Zoom_Inventory_Attribute (Zoom_Id, Inventory_Attribute_Id) values (12443, 252);
insert into Zoom (Id, Description, Layer) values (12444, 'resources//img/Cuff/Cuff-Closeup-Lyr03-RdSingButton-Thread.0006.png', 03);
insert into Category_Zoom (Category_Id, Zoom_Id) values (6, 12444);
insert into Zoom_Inventory_Attribute (Zoom_Id, Inventory_Attribute_Id) values (12444, 49);
-- Final Index and Final Name: thread--0006 Key: iconthread0006
insert into Zoom_Inventory_Attribute (Zoom_Id, Inventory_Attribute_Id) values (12444, 253);
insert into Zoom (Id, Description, Layer) values (12445, 'resources//img/Cuff/Cuff-Closeup-Lyr03-RdSingButton-Thread.0007.png', 03);
insert into Category_Zoom (Category_Id, Zoom_Id) values (6, 12445);
insert into Zoom_Inventory_Attribute (Zoom_Id, Inventory_Attribute_Id) values (12445, 49);
-- Final Index and Final Name: thread--0007 Key: iconthread0007
insert into Zoom_Inventory_Attribute (Zoom_Id, Inventory_Attribute_Id) values (12445, 254);
insert into Zoom (Id, Description, Layer) values (12446, 'resources//img/Cuff/Cuff-Closeup-Lyr03-RdSingButton-Thread.0008.png', 03);
insert into Category_Zoom (Category_Id, Zoom_Id) values (6, 12446);
insert into Zoom_Inventory_Attribute (Zoom_Id, Inventory_Attribute_Id) values (12446, 49);
-- Final Index and Final Name: thread--0008 Key: iconthread0008
insert into Zoom_Inventory_Attribute (Zoom_Id, Inventory_Attribute_Id) values (12446, 255);
insert into Zoom (Id, Description, Layer) values (12447, 'resources//img/Cuff/Cuff-Closeup-Lyr03-RdSingButton-Thread.0009.png', 03);
insert into Category_Zoom (Category_Id, Zoom_Id) values (6, 12447);
insert into Zoom_Inventory_Attribute (Zoom_Id, Inventory_Attribute_Id) values (12447, 49);
-- Final Index and Final Name: thread--0009 Key: iconthread0009
insert into Zoom_Inventory_Attribute (Zoom_Id, Inventory_Attribute_Id) values (12447, 256);
insert into Zoom (Id, Description, Layer) values (12448, 'resources//img/Cuff/Cuff-Closeup-Lyr03-RdSingButton-Thread.0010.png', 03);
insert into Category_Zoom (Category_Id, Zoom_Id) values (6, 12448);
insert into Zoom_Inventory_Attribute (Zoom_Id, Inventory_Attribute_Id) values (12448, 49);
-- Final Index and Final Name: thread--0010 Key: iconthread0010
insert into Zoom_Inventory_Attribute (Zoom_Id, Inventory_Attribute_Id) values (12448, 257);
insert into Zoom (Id, Description, Layer) values (12449, 'resources//img/Cuff/Cuff-Closeup-Lyr03-RdSingButton-Thread.0011.png', 03);
insert into Category_Zoom (Category_Id, Zoom_Id) values (6, 12449);
insert into Zoom_Inventory_Attribute (Zoom_Id, Inventory_Attribute_Id) values (12449, 49);
-- Final Index and Final Name: thread--0011 Key: iconthread0011
insert into Zoom_Inventory_Attribute (Zoom_Id, Inventory_Attribute_Id) values (12449, 258);
insert into Zoom (Id, Description, Layer) values (12450, 'resources//img/Cuff/Cuff-Closeup-Lyr03-RdSingButton-Thread.0012.png', 03);
insert into Category_Zoom (Category_Id, Zoom_Id) values (6, 12450);
insert into Zoom_Inventory_Attribute (Zoom_Id, Inventory_Attribute_Id) values (12450, 49);
-- Final Index and Final Name: thread--0012 Key: iconthread0012
insert into Zoom_Inventory_Attribute (Zoom_Id, Inventory_Attribute_Id) values (12450, 259);
insert into Zoom (Id, Description, Layer) values (12451, 'resources//img/Cuff/Cuff-Closeup-Lyr03-RdSingButton-Thread.0013.png', 03);
insert into Category_Zoom (Category_Id, Zoom_Id) values (6, 12451);
insert into Zoom_Inventory_Attribute (Zoom_Id, Inventory_Attribute_Id) values (12451, 49);
-- Final Index and Final Name: thread--0013 Key: iconthread0013
insert into Zoom_Inventory_Attribute (Zoom_Id, Inventory_Attribute_Id) values (12451, 260);
insert into Zoom (Id, Description, Layer) values (12452, 'resources//img/Cuff/Cuff-Closeup-Lyr03-RdSingButton-Thread.0014.png', 03);
insert into Category_Zoom (Category_Id, Zoom_Id) values (6, 12452);
insert into Zoom_Inventory_Attribute (Zoom_Id, Inventory_Attribute_Id) values (12452, 49);
-- Final Index and Final Name: thread--0014 Key: iconthread0014
insert into Zoom_Inventory_Attribute (Zoom_Id, Inventory_Attribute_Id) values (12452, 261);
insert into Zoom (Id, Description, Layer) values (12453, 'resources//img/Cuff/Cuff-Closeup-Lyr03-RdSingButton-Thread.0015.png', 03);
insert into Category_Zoom (Category_Id, Zoom_Id) values (6, 12453);
insert into Zoom_Inventory_Attribute (Zoom_Id, Inventory_Attribute_Id) values (12453, 49);
-- Final Index and Final Name: thread--0015 Key: iconthread0015
insert into Zoom_Inventory_Attribute (Zoom_Id, Inventory_Attribute_Id) values (12453, 262);
insert into Zoom (Id, Description, Layer) values (12454, 'resources//img/Cuff/Cuff-Closeup-Lyr03-RdSingButton-Thread.0016.png', 03);
insert into Category_Zoom (Category_Id, Zoom_Id) values (6, 12454);
insert into Zoom_Inventory_Attribute (Zoom_Id, Inventory_Attribute_Id) values (12454, 49);
-- Final Index and Final Name: thread--0016 Key: iconthread0016
insert into Zoom_Inventory_Attribute (Zoom_Id, Inventory_Attribute_Id) values (12454, 263);
insert into Zoom (Id, Description, Layer) values (12455, 'resources//img/Cuff/Cuff-Closeup-Lyr03-RdSingButton-Thread.0017.png', 03);
insert into Category_Zoom (Category_Id, Zoom_Id) values (6, 12455);
insert into Zoom_Inventory_Attribute (Zoom_Id, Inventory_Attribute_Id) values (12455, 49);
-- Final Index and Final Name: thread--0017 Key: iconthread0017
insert into Zoom_Inventory_Attribute (Zoom_Id, Inventory_Attribute_Id) values (12455, 264);
insert into Zoom (Id, Description, Layer) values (12456, 'resources//img/Cuff/Cuff-Closeup-Lyr03-RdSingButton-Thread.0018.png', 03);
insert into Category_Zoom (Category_Id, Zoom_Id) values (6, 12456);
insert into Zoom_Inventory_Attribute (Zoom_Id, Inventory_Attribute_Id) values (12456, 49);
-- Final Index and Final Name: thread--0018 Key: iconthread0018
insert into Zoom_Inventory_Attribute (Zoom_Id, Inventory_Attribute_Id) values (12456, 265);
insert into Zoom (Id, Description, Layer) values (12457, 'resources//img/Cuff/Cuff-Closeup-Lyr03-RdSingButton-Thread.0019.png', 03);
insert into Category_Zoom (Category_Id, Zoom_Id) values (6, 12457);
insert into Zoom_Inventory_Attribute (Zoom_Id, Inventory_Attribute_Id) values (12457, 49);
-- Final Index and Final Name: thread--0019 Key: iconthread0019
insert into Zoom_Inventory_Attribute (Zoom_Id, Inventory_Attribute_Id) values (12457, 266);
insert into Zoom (Id, Description, Layer) values (12458, 'resources//img/Cuff/Cuff-Closeup-Lyr03-RdSingButton-Thread.0020.png', 03);
insert into Category_Zoom (Category_Id, Zoom_Id) values (6, 12458);
insert into Zoom_Inventory_Attribute (Zoom_Id, Inventory_Attribute_Id) values (12458, 49);
-- Final Index and Final Name: thread--0020 Key: iconthread0020
insert into Zoom_Inventory_Attribute (Zoom_Id, Inventory_Attribute_Id) values (12458, 267);
insert into Zoom (Id, Description, Layer) values (12459, 'resources//img/Cuff/Cuff-Closeup-Lyr03-RdSingButton-Thread.0021.png', 03);
insert into Category_Zoom (Category_Id, Zoom_Id) values (6, 12459);
insert into Zoom_Inventory_Attribute (Zoom_Id, Inventory_Attribute_Id) values (12459, 49);
-- Final Index and Final Name: thread--0021 Key: iconthread0021
insert into Zoom_Inventory_Attribute (Zoom_Id, Inventory_Attribute_Id) values (12459, 268);
insert into Zoom (Id, Description, Layer) values (12460, 'resources//img/Cuff/Cuff-Closeup-Lyr03-RdSingButton-Thread.0022.png', 03);
insert into Category_Zoom (Category_Id, Zoom_Id) values (6, 12460);
insert into Zoom_Inventory_Attribute (Zoom_Id, Inventory_Attribute_Id) values (12460, 49);
-- Final Index and Final Name: thread--0022 Key: iconthread0022
insert into Zoom_Inventory_Attribute (Zoom_Id, Inventory_Attribute_Id) values (12460, 269);
insert into Zoom (Id, Description, Layer) values (12461, 'resources//img/Cuff/Cuff-Closeup-Lyr03-RdSingButton-Thread.0023.png', 03);
insert into Category_Zoom (Category_Id, Zoom_Id) values (6, 12461);
insert into Zoom_Inventory_Attribute (Zoom_Id, Inventory_Attribute_Id) values (12461, 49);
-- Final Index and Final Name: thread--0023 Key: iconthread0023
insert into Zoom_Inventory_Attribute (Zoom_Id, Inventory_Attribute_Id) values (12461, 270);
insert into Zoom (Id, Description, Layer) values (12462, 'resources//img/Cuff/Cuff-Closeup-Lyr03-RdSingButton-Thread.0024.png', 03);
insert into Category_Zoom (Category_Id, Zoom_Id) values (6, 12462);
insert into Zoom_Inventory_Attribute (Zoom_Id, Inventory_Attribute_Id) values (12462, 49);
-- Final Index and Final Name: thread--0024 Key: iconthread0024
insert into Zoom_Inventory_Attribute (Zoom_Id, Inventory_Attribute_Id) values (12462, 271);
insert into Zoom (Id, Description, Layer) values (12463, 'resources//img/Cuff/Cuff-Closeup-Lyr03-RdSingButton-Thread.0025.png', 03);
insert into Category_Zoom (Category_Id, Zoom_Id) values (6, 12463);
insert into Zoom_Inventory_Attribute (Zoom_Id, Inventory_Attribute_Id) values (12463, 49);
-- Final Index and Final Name: thread--0025 Key: iconthread0025
insert into Zoom_Inventory_Attribute (Zoom_Id, Inventory_Attribute_Id) values (12463, 272);
insert into Zoom (Id, Description, Layer) values (12464, 'resources//img/Cuff/Cuff-Closeup-Lyr03-RdSingButton-Thread.0026.png', 03);
insert into Category_Zoom (Category_Id, Zoom_Id) values (6, 12464);
insert into Zoom_Inventory_Attribute (Zoom_Id, Inventory_Attribute_Id) values (12464, 49);
-- Final Index and Final Name: thread--0026 Key: iconthread0026
insert into Zoom_Inventory_Attribute (Zoom_Id, Inventory_Attribute_Id) values (12464, 273);
insert into Zoom (Id, Description, Layer) values (12465, 'resources//img/Cuff/Cuff-Closeup-Lyr03-RdSingButton-Thread.0027.png', 03);
insert into Category_Zoom (Category_Id, Zoom_Id) values (6, 12465);
insert into Zoom_Inventory_Attribute (Zoom_Id, Inventory_Attribute_Id) values (12465, 49);
-- Final Index and Final Name: thread--0027 Key: iconthread0027
insert into Zoom_Inventory_Attribute (Zoom_Id, Inventory_Attribute_Id) values (12465, 274);
insert into Zoom (Id, Description, Layer) values (12466, 'resources//img/Cuff/Cuff-Closeup-Lyr03-RdTrpButton-Thread.0001.png', 03);
insert into Category_Zoom (Category_Id, Zoom_Id) values (6, 12466);
insert into Zoom_Inventory_Attribute (Zoom_Id, Inventory_Attribute_Id) values (12466, 50);
-- Final Index and Final Name: thread--0001 Key: iconthread0001
insert into Zoom_Inventory_Attribute (Zoom_Id, Inventory_Attribute_Id) values (12466, 248);
insert into Zoom (Id, Description, Layer) values (12467, 'resources//img/Cuff/Cuff-Closeup-Lyr03-RdTrpButton-Thread.0002.png', 03);
insert into Category_Zoom (Category_Id, Zoom_Id) values (6, 12467);
insert into Zoom_Inventory_Attribute (Zoom_Id, Inventory_Attribute_Id) values (12467, 50);
-- Final Index and Final Name: thread--0002 Key: iconthread0002
insert into Zoom_Inventory_Attribute (Zoom_Id, Inventory_Attribute_Id) values (12467, 249);
insert into Zoom (Id, Description, Layer) values (12468, 'resources//img/Cuff/Cuff-Closeup-Lyr03-RdTrpButton-Thread.0003.png', 03);
insert into Category_Zoom (Category_Id, Zoom_Id) values (6, 12468);
insert into Zoom_Inventory_Attribute (Zoom_Id, Inventory_Attribute_Id) values (12468, 50);
-- Final Index and Final Name: thread--0003 Key: iconthread0003
insert into Zoom_Inventory_Attribute (Zoom_Id, Inventory_Attribute_Id) values (12468, 250);
insert into Zoom (Id, Description, Layer) values (12469, 'resources//img/Cuff/Cuff-Closeup-Lyr03-RdTrpButton-Thread.0004.png', 03);
insert into Category_Zoom (Category_Id, Zoom_Id) values (6, 12469);
insert into Zoom_Inventory_Attribute (Zoom_Id, Inventory_Attribute_Id) values (12469, 50);
-- Final Index and Final Name: thread--0004 Key: iconthread0004
insert into Zoom_Inventory_Attribute (Zoom_Id, Inventory_Attribute_Id) values (12469, 251);
insert into Zoom (Id, Description, Layer) values (12470, 'resources//img/Cuff/Cuff-Closeup-Lyr03-RdTrpButton-Thread.0005.png', 03);
insert into Category_Zoom (Category_Id, Zoom_Id) values (6, 12470);
insert into Zoom_Inventory_Attribute (Zoom_Id, Inventory_Attribute_Id) values (12470, 50);
-- Final Index and Final Name: thread--0005 Key: iconthread0005
insert into Zoom_Inventory_Attribute (Zoom_Id, Inventory_Attribute_Id) values (12470, 252);
insert into Zoom (Id, Description, Layer) values (12471, 'resources//img/Cuff/Cuff-Closeup-Lyr03-RdTrpButton-Thread.0006.png', 03);
insert into Category_Zoom (Category_Id, Zoom_Id) values (6, 12471);
insert into Zoom_Inventory_Attribute (Zoom_Id, Inventory_Attribute_Id) values (12471, 50);
-- Final Index and Final Name: thread--0006 Key: iconthread0006
insert into Zoom_Inventory_Attribute (Zoom_Id, Inventory_Attribute_Id) values (12471, 253);
insert into Zoom (Id, Description, Layer) values (12472, 'resources//img/Cuff/Cuff-Closeup-Lyr03-RdTrpButton-Thread.0007.png', 03);
insert into Category_Zoom (Category_Id, Zoom_Id) values (6, 12472);
insert into Zoom_Inventory_Attribute (Zoom_Id, Inventory_Attribute_Id) values (12472, 50);
-- Final Index and Final Name: thread--0007 Key: iconthread0007
insert into Zoom_Inventory_Attribute (Zoom_Id, Inventory_Attribute_Id) values (12472, 254);
insert into Zoom (Id, Description, Layer) values (12473, 'resources//img/Cuff/Cuff-Closeup-Lyr03-RdTrpButton-Thread.0008.png', 03);
insert into Category_Zoom (Category_Id, Zoom_Id) values (6, 12473);
insert into Zoom_Inventory_Attribute (Zoom_Id, Inventory_Attribute_Id) values (12473, 50);
-- Final Index and Final Name: thread--0008 Key: iconthread0008
insert into Zoom_Inventory_Attribute (Zoom_Id, Inventory_Attribute_Id) values (12473, 255);
insert into Zoom (Id, Description, Layer) values (12474, 'resources//img/Cuff/Cuff-Closeup-Lyr03-RdTrpButton-Thread.0009.png', 03);
insert into Category_Zoom (Category_Id, Zoom_Id) values (6, 12474);
insert into Zoom_Inventory_Attribute (Zoom_Id, Inventory_Attribute_Id) values (12474, 50);
-- Final Index and Final Name: thread--0009 Key: iconthread0009
insert into Zoom_Inventory_Attribute (Zoom_Id, Inventory_Attribute_Id) values (12474, 256);
insert into Zoom (Id, Description, Layer) values (12475, 'resources//img/Cuff/Cuff-Closeup-Lyr03-RdTrpButton-Thread.0010.png', 03);
insert into Category_Zoom (Category_Id, Zoom_Id) values (6, 12475);
insert into Zoom_Inventory_Attribute (Zoom_Id, Inventory_Attribute_Id) values (12475, 50);
-- Final Index and Final Name: thread--0010 Key: iconthread0010
insert into Zoom_Inventory_Attribute (Zoom_Id, Inventory_Attribute_Id) values (12475, 257);
insert into Zoom (Id, Description, Layer) values (12476, 'resources//img/Cuff/Cuff-Closeup-Lyr03-RdTrpButton-Thread.0011.png', 03);
insert into Category_Zoom (Category_Id, Zoom_Id) values (6, 12476);
insert into Zoom_Inventory_Attribute (Zoom_Id, Inventory_Attribute_Id) values (12476, 50);
-- Final Index and Final Name: thread--0011 Key: iconthread0011
insert into Zoom_Inventory_Attribute (Zoom_Id, Inventory_Attribute_Id) values (12476, 258);
insert into Zoom (Id, Description, Layer) values (12477, 'resources//img/Cuff/Cuff-Closeup-Lyr03-RdTrpButton-Thread.0012.png', 03);
insert into Category_Zoom (Category_Id, Zoom_Id) values (6, 12477);
insert into Zoom_Inventory_Attribute (Zoom_Id, Inventory_Attribute_Id) values (12477, 50);
-- Final Index and Final Name: thread--0012 Key: iconthread0012
insert into Zoom_Inventory_Attribute (Zoom_Id, Inventory_Attribute_Id) values (12477, 259);
insert into Zoom (Id, Description, Layer) values (12478, 'resources//img/Cuff/Cuff-Closeup-Lyr03-RdTrpButton-Thread.0013.png', 03);
insert into Category_Zoom (Category_Id, Zoom_Id) values (6, 12478);
insert into Zoom_Inventory_Attribute (Zoom_Id, Inventory_Attribute_Id) values (12478, 50);
-- Final Index and Final Name: thread--0013 Key: iconthread0013
insert into Zoom_Inventory_Attribute (Zoom_Id, Inventory_Attribute_Id) values (12478, 260);
insert into Zoom (Id, Description, Layer) values (12479, 'resources//img/Cuff/Cuff-Closeup-Lyr03-RdTrpButton-Thread.0014.png', 03);
insert into Category_Zoom (Category_Id, Zoom_Id) values (6, 12479);
insert into Zoom_Inventory_Attribute (Zoom_Id, Inventory_Attribute_Id) values (12479, 50);
-- Final Index and Final Name: thread--0014 Key: iconthread0014
insert into Zoom_Inventory_Attribute (Zoom_Id, Inventory_Attribute_Id) values (12479, 261);
insert into Zoom (Id, Description, Layer) values (12480, 'resources//img/Cuff/Cuff-Closeup-Lyr03-RdTrpButton-Thread.0015.png', 03);
insert into Category_Zoom (Category_Id, Zoom_Id) values (6, 12480);
insert into Zoom_Inventory_Attribute (Zoom_Id, Inventory_Attribute_Id) values (12480, 50);
-- Final Index and Final Name: thread--0015 Key: iconthread0015
insert into Zoom_Inventory_Attribute (Zoom_Id, Inventory_Attribute_Id) values (12480, 262);
insert into Zoom (Id, Description, Layer) values (12481, 'resources//img/Cuff/Cuff-Closeup-Lyr03-RdTrpButton-Thread.0016.png', 03);
insert into Category_Zoom (Category_Id, Zoom_Id) values (6, 12481);
insert into Zoom_Inventory_Attribute (Zoom_Id, Inventory_Attribute_Id) values (12481, 50);
-- Final Index and Final Name: thread--0016 Key: iconthread0016
insert into Zoom_Inventory_Attribute (Zoom_Id, Inventory_Attribute_Id) values (12481, 263);
insert into Zoom (Id, Description, Layer) values (12482, 'resources//img/Cuff/Cuff-Closeup-Lyr03-RdTrpButton-Thread.0017.png', 03);
insert into Category_Zoom (Category_Id, Zoom_Id) values (6, 12482);
insert into Zoom_Inventory_Attribute (Zoom_Id, Inventory_Attribute_Id) values (12482, 50);
-- Final Index and Final Name: thread--0017 Key: iconthread0017
insert into Zoom_Inventory_Attribute (Zoom_Id, Inventory_Attribute_Id) values (12482, 264);
insert into Zoom (Id, Description, Layer) values (12483, 'resources//img/Cuff/Cuff-Closeup-Lyr03-RdTrpButton-Thread.0018.png', 03);
insert into Category_Zoom (Category_Id, Zoom_Id) values (6, 12483);
insert into Zoom_Inventory_Attribute (Zoom_Id, Inventory_Attribute_Id) values (12483, 50);
-- Final Index and Final Name: thread--0018 Key: iconthread0018
insert into Zoom_Inventory_Attribute (Zoom_Id, Inventory_Attribute_Id) values (12483, 265);
insert into Zoom (Id, Description, Layer) values (12484, 'resources//img/Cuff/Cuff-Closeup-Lyr03-RdTrpButton-Thread.0019.png', 03);
insert into Category_Zoom (Category_Id, Zoom_Id) values (6, 12484);
insert into Zoom_Inventory_Attribute (Zoom_Id, Inventory_Attribute_Id) values (12484, 50);
-- Final Index and Final Name: thread--0019 Key: iconthread0019
insert into Zoom_Inventory_Attribute (Zoom_Id, Inventory_Attribute_Id) values (12484, 266);
insert into Zoom (Id, Description, Layer) values (12485, 'resources//img/Cuff/Cuff-Closeup-Lyr03-RdTrpButton-Thread.0020.png', 03);
insert into Category_Zoom (Category_Id, Zoom_Id) values (6, 12485);
insert into Zoom_Inventory_Attribute (Zoom_Id, Inventory_Attribute_Id) values (12485, 50);
-- Final Index and Final Name: thread--0020 Key: iconthread0020
insert into Zoom_Inventory_Attribute (Zoom_Id, Inventory_Attribute_Id) values (12485, 267);
insert into Zoom (Id, Description, Layer) values (12486, 'resources//img/Cuff/Cuff-Closeup-Lyr03-RdTrpButton-Thread.0021.png', 03);
insert into Category_Zoom (Category_Id, Zoom_Id) values (6, 12486);
insert into Zoom_Inventory_Attribute (Zoom_Id, Inventory_Attribute_Id) values (12486, 50);
-- Final Index and Final Name: thread--0021 Key: iconthread0021
insert into Zoom_Inventory_Attribute (Zoom_Id, Inventory_Attribute_Id) values (12486, 268);
insert into Zoom (Id, Description, Layer) values (12487, 'resources//img/Cuff/Cuff-Closeup-Lyr03-RdTrpButton-Thread.0022.png', 03);
insert into Category_Zoom (Category_Id, Zoom_Id) values (6, 12487);
insert into Zoom_Inventory_Attribute (Zoom_Id, Inventory_Attribute_Id) values (12487, 50);
-- Final Index and Final Name: thread--0022 Key: iconthread0022
insert into Zoom_Inventory_Attribute (Zoom_Id, Inventory_Attribute_Id) values (12487, 269);
insert into Zoom (Id, Description, Layer) values (12488, 'resources//img/Cuff/Cuff-Closeup-Lyr03-RdTrpButton-Thread.0023.png', 03);
insert into Category_Zoom (Category_Id, Zoom_Id) values (6, 12488);
insert into Zoom_Inventory_Attribute (Zoom_Id, Inventory_Attribute_Id) values (12488, 50);
-- Final Index and Final Name: thread--0023 Key: iconthread0023
insert into Zoom_Inventory_Attribute (Zoom_Id, Inventory_Attribute_Id) values (12488, 270);
insert into Zoom (Id, Description, Layer) values (12489, 'resources//img/Cuff/Cuff-Closeup-Lyr03-RdTrpButton-Thread.0024.png', 03);
insert into Category_Zoom (Category_Id, Zoom_Id) values (6, 12489);
insert into Zoom_Inventory_Attribute (Zoom_Id, Inventory_Attribute_Id) values (12489, 50);
-- Final Index and Final Name: thread--0024 Key: iconthread0024
insert into Zoom_Inventory_Attribute (Zoom_Id, Inventory_Attribute_Id) values (12489, 271);
insert into Zoom (Id, Description, Layer) values (12490, 'resources//img/Cuff/Cuff-Closeup-Lyr03-RdTrpButton-Thread.0025.png', 03);
insert into Category_Zoom (Category_Id, Zoom_Id) values (6, 12490);
insert into Zoom_Inventory_Attribute (Zoom_Id, Inventory_Attribute_Id) values (12490, 50);
-- Final Index and Final Name: thread--0025 Key: iconthread0025
insert into Zoom_Inventory_Attribute (Zoom_Id, Inventory_Attribute_Id) values (12490, 272);
insert into Zoom (Id, Description, Layer) values (12491, 'resources//img/Cuff/Cuff-Closeup-Lyr03-RdTrpButton-Thread.0026.png', 03);
insert into Category_Zoom (Category_Id, Zoom_Id) values (6, 12491);
insert into Zoom_Inventory_Attribute (Zoom_Id, Inventory_Attribute_Id) values (12491, 50);
-- Final Index and Final Name: thread--0026 Key: iconthread0026
insert into Zoom_Inventory_Attribute (Zoom_Id, Inventory_Attribute_Id) values (12491, 273);
insert into Zoom (Id, Description, Layer) values (12492, 'resources//img/Cuff/Cuff-Closeup-Lyr03-RdTrpButton-Thread.0027.png', 03);
insert into Category_Zoom (Category_Id, Zoom_Id) values (6, 12492);
insert into Zoom_Inventory_Attribute (Zoom_Id, Inventory_Attribute_Id) values (12492, 50);
-- Final Index and Final Name: thread--0027 Key: iconthread0027
insert into Zoom_Inventory_Attribute (Zoom_Id, Inventory_Attribute_Id) values (12492, 274);
insert into Zoom (Id, Description, Layer) values (12493, 'resources//img/Cuff/Cuff-Closeup-Lyr03-StrDbButton-Thread.0001.png', 03);
insert into Category_Zoom (Category_Id, Zoom_Id) values (6, 12493);
insert into Zoom_Inventory_Attribute (Zoom_Id, Inventory_Attribute_Id) values (12493, 45);
-- Final Index and Final Name: thread--0001 Key: iconthread0001
insert into Zoom_Inventory_Attribute (Zoom_Id, Inventory_Attribute_Id) values (12493, 248);
insert into Zoom (Id, Description, Layer) values (12494, 'resources//img/Cuff/Cuff-Closeup-Lyr03-StrDbButton-Thread.0002.png', 03);
insert into Category_Zoom (Category_Id, Zoom_Id) values (6, 12494);
insert into Zoom_Inventory_Attribute (Zoom_Id, Inventory_Attribute_Id) values (12494, 45);
-- Final Index and Final Name: thread--0002 Key: iconthread0002
insert into Zoom_Inventory_Attribute (Zoom_Id, Inventory_Attribute_Id) values (12494, 249);
insert into Zoom (Id, Description, Layer) values (12495, 'resources//img/Cuff/Cuff-Closeup-Lyr03-StrDbButton-Thread.0003.png', 03);
insert into Category_Zoom (Category_Id, Zoom_Id) values (6, 12495);
insert into Zoom_Inventory_Attribute (Zoom_Id, Inventory_Attribute_Id) values (12495, 45);
-- Final Index and Final Name: thread--0003 Key: iconthread0003
insert into Zoom_Inventory_Attribute (Zoom_Id, Inventory_Attribute_Id) values (12495, 250);
insert into Zoom (Id, Description, Layer) values (12496, 'resources//img/Cuff/Cuff-Closeup-Lyr03-StrDbButton-Thread.0004.png', 03);
insert into Category_Zoom (Category_Id, Zoom_Id) values (6, 12496);
insert into Zoom_Inventory_Attribute (Zoom_Id, Inventory_Attribute_Id) values (12496, 45);
-- Final Index and Final Name: thread--0004 Key: iconthread0004
insert into Zoom_Inventory_Attribute (Zoom_Id, Inventory_Attribute_Id) values (12496, 251);
insert into Zoom (Id, Description, Layer) values (12497, 'resources//img/Cuff/Cuff-Closeup-Lyr03-StrDbButton-Thread.0005.png', 03);
insert into Category_Zoom (Category_Id, Zoom_Id) values (6, 12497);
insert into Zoom_Inventory_Attribute (Zoom_Id, Inventory_Attribute_Id) values (12497, 45);
-- Final Index and Final Name: thread--0005 Key: iconthread0005
insert into Zoom_Inventory_Attribute (Zoom_Id, Inventory_Attribute_Id) values (12497, 252);
insert into Zoom (Id, Description, Layer) values (12498, 'resources//img/Cuff/Cuff-Closeup-Lyr03-StrDbButton-Thread.0006.png', 03);
insert into Category_Zoom (Category_Id, Zoom_Id) values (6, 12498);
insert into Zoom_Inventory_Attribute (Zoom_Id, Inventory_Attribute_Id) values (12498, 45);
-- Final Index and Final Name: thread--0006 Key: iconthread0006
insert into Zoom_Inventory_Attribute (Zoom_Id, Inventory_Attribute_Id) values (12498, 253);
insert into Zoom (Id, Description, Layer) values (12499, 'resources//img/Cuff/Cuff-Closeup-Lyr03-StrDbButton-Thread.0007.png', 03);
insert into Category_Zoom (Category_Id, Zoom_Id) values (6, 12499);
insert into Zoom_Inventory_Attribute (Zoom_Id, Inventory_Attribute_Id) values (12499, 45);
-- Final Index and Final Name: thread--0007 Key: iconthread0007
insert into Zoom_Inventory_Attribute (Zoom_Id, Inventory_Attribute_Id) values (12499, 254);
insert into Zoom (Id, Description, Layer) values (12500, 'resources//img/Cuff/Cuff-Closeup-Lyr03-StrDbButton-Thread.0008.png', 03);
insert into Category_Zoom (Category_Id, Zoom_Id) values (6, 12500);
insert into Zoom_Inventory_Attribute (Zoom_Id, Inventory_Attribute_Id) values (12500, 45);
-- Final Index and Final Name: thread--0008 Key: iconthread0008
insert into Zoom_Inventory_Attribute (Zoom_Id, Inventory_Attribute_Id) values (12500, 255);
insert into Zoom (Id, Description, Layer) values (12501, 'resources//img/Cuff/Cuff-Closeup-Lyr03-StrDbButton-Thread.0009.png', 03);
insert into Category_Zoom (Category_Id, Zoom_Id) values (6, 12501);
insert into Zoom_Inventory_Attribute (Zoom_Id, Inventory_Attribute_Id) values (12501, 45);
-- Final Index and Final Name: thread--0009 Key: iconthread0009
insert into Zoom_Inventory_Attribute (Zoom_Id, Inventory_Attribute_Id) values (12501, 256);
insert into Zoom (Id, Description, Layer) values (12502, 'resources//img/Cuff/Cuff-Closeup-Lyr03-StrDbButton-Thread.0010.png', 03);
insert into Category_Zoom (Category_Id, Zoom_Id) values (6, 12502);
insert into Zoom_Inventory_Attribute (Zoom_Id, Inventory_Attribute_Id) values (12502, 45);
-- Final Index and Final Name: thread--0010 Key: iconthread0010
insert into Zoom_Inventory_Attribute (Zoom_Id, Inventory_Attribute_Id) values (12502, 257);
insert into Zoom (Id, Description, Layer) values (12503, 'resources//img/Cuff/Cuff-Closeup-Lyr03-StrDbButton-Thread.0011.png', 03);
insert into Category_Zoom (Category_Id, Zoom_Id) values (6, 12503);
insert into Zoom_Inventory_Attribute (Zoom_Id, Inventory_Attribute_Id) values (12503, 45);
-- Final Index and Final Name: thread--0011 Key: iconthread0011
insert into Zoom_Inventory_Attribute (Zoom_Id, Inventory_Attribute_Id) values (12503, 258);
insert into Zoom (Id, Description, Layer) values (12504, 'resources//img/Cuff/Cuff-Closeup-Lyr03-StrDbButton-Thread.0012.png', 03);
insert into Category_Zoom (Category_Id, Zoom_Id) values (6, 12504);
insert into Zoom_Inventory_Attribute (Zoom_Id, Inventory_Attribute_Id) values (12504, 45);
-- Final Index and Final Name: thread--0012 Key: iconthread0012
insert into Zoom_Inventory_Attribute (Zoom_Id, Inventory_Attribute_Id) values (12504, 259);
insert into Zoom (Id, Description, Layer) values (12505, 'resources//img/Cuff/Cuff-Closeup-Lyr03-StrDbButton-Thread.0013.png', 03);
insert into Category_Zoom (Category_Id, Zoom_Id) values (6, 12505);
insert into Zoom_Inventory_Attribute (Zoom_Id, Inventory_Attribute_Id) values (12505, 45);
-- Final Index and Final Name: thread--0013 Key: iconthread0013
insert into Zoom_Inventory_Attribute (Zoom_Id, Inventory_Attribute_Id) values (12505, 260);
insert into Zoom (Id, Description, Layer) values (12506, 'resources//img/Cuff/Cuff-Closeup-Lyr03-StrDbButton-Thread.0014.png', 03);
insert into Category_Zoom (Category_Id, Zoom_Id) values (6, 12506);
insert into Zoom_Inventory_Attribute (Zoom_Id, Inventory_Attribute_Id) values (12506, 45);
-- Final Index and Final Name: thread--0014 Key: iconthread0014
insert into Zoom_Inventory_Attribute (Zoom_Id, Inventory_Attribute_Id) values (12506, 261);
insert into Zoom (Id, Description, Layer) values (12507, 'resources//img/Cuff/Cuff-Closeup-Lyr03-StrDbButton-Thread.0015.png', 03);
insert into Category_Zoom (Category_Id, Zoom_Id) values (6, 12507);
insert into Zoom_Inventory_Attribute (Zoom_Id, Inventory_Attribute_Id) values (12507, 45);
-- Final Index and Final Name: thread--0015 Key: iconthread0015
insert into Zoom_Inventory_Attribute (Zoom_Id, Inventory_Attribute_Id) values (12507, 262);
insert into Zoom (Id, Description, Layer) values (12508, 'resources//img/Cuff/Cuff-Closeup-Lyr03-StrDbButton-Thread.0016.png', 03);
insert into Category_Zoom (Category_Id, Zoom_Id) values (6, 12508);
insert into Zoom_Inventory_Attribute (Zoom_Id, Inventory_Attribute_Id) values (12508, 45);
-- Final Index and Final Name: thread--0016 Key: iconthread0016
insert into Zoom_Inventory_Attribute (Zoom_Id, Inventory_Attribute_Id) values (12508, 263);
insert into Zoom (Id, Description, Layer) values (12509, 'resources//img/Cuff/Cuff-Closeup-Lyr03-StrDbButton-Thread.0017.png', 03);
insert into Category_Zoom (Category_Id, Zoom_Id) values (6, 12509);
insert into Zoom_Inventory_Attribute (Zoom_Id, Inventory_Attribute_Id) values (12509, 45);
-- Final Index and Final Name: thread--0017 Key: iconthread0017
insert into Zoom_Inventory_Attribute (Zoom_Id, Inventory_Attribute_Id) values (12509, 264);
insert into Zoom (Id, Description, Layer) values (12510, 'resources//img/Cuff/Cuff-Closeup-Lyr03-StrDbButton-Thread.0018.png', 03);
insert into Category_Zoom (Category_Id, Zoom_Id) values (6, 12510);
insert into Zoom_Inventory_Attribute (Zoom_Id, Inventory_Attribute_Id) values (12510, 45);
-- Final Index and Final Name: thread--0018 Key: iconthread0018
insert into Zoom_Inventory_Attribute (Zoom_Id, Inventory_Attribute_Id) values (12510, 265);
insert into Zoom (Id, Description, Layer) values (12511, 'resources//img/Cuff/Cuff-Closeup-Lyr03-StrDbButton-Thread.0019.png', 03);
insert into Category_Zoom (Category_Id, Zoom_Id) values (6, 12511);
insert into Zoom_Inventory_Attribute (Zoom_Id, Inventory_Attribute_Id) values (12511, 45);
-- Final Index and Final Name: thread--0019 Key: iconthread0019
insert into Zoom_Inventory_Attribute (Zoom_Id, Inventory_Attribute_Id) values (12511, 266);
insert into Zoom (Id, Description, Layer) values (12512, 'resources//img/Cuff/Cuff-Closeup-Lyr03-StrDbButton-Thread.0020.png', 03);
insert into Category_Zoom (Category_Id, Zoom_Id) values (6, 12512);
insert into Zoom_Inventory_Attribute (Zoom_Id, Inventory_Attribute_Id) values (12512, 45);
-- Final Index and Final Name: thread--0020 Key: iconthread0020
insert into Zoom_Inventory_Attribute (Zoom_Id, Inventory_Attribute_Id) values (12512, 267);
insert into Zoom (Id, Description, Layer) values (12513, 'resources//img/Cuff/Cuff-Closeup-Lyr03-StrDbButton-Thread.0021.png', 03);
insert into Category_Zoom (Category_Id, Zoom_Id) values (6, 12513);
insert into Zoom_Inventory_Attribute (Zoom_Id, Inventory_Attribute_Id) values (12513, 45);
-- Final Index and Final Name: thread--0021 Key: iconthread0021
insert into Zoom_Inventory_Attribute (Zoom_Id, Inventory_Attribute_Id) values (12513, 268);
insert into Zoom (Id, Description, Layer) values (12514, 'resources//img/Cuff/Cuff-Closeup-Lyr03-StrDbButton-Thread.0022.png', 03);
insert into Category_Zoom (Category_Id, Zoom_Id) values (6, 12514);
insert into Zoom_Inventory_Attribute (Zoom_Id, Inventory_Attribute_Id) values (12514, 45);
-- Final Index and Final Name: thread--0022 Key: iconthread0022
insert into Zoom_Inventory_Attribute (Zoom_Id, Inventory_Attribute_Id) values (12514, 269);
insert into Zoom (Id, Description, Layer) values (12515, 'resources//img/Cuff/Cuff-Closeup-Lyr03-StrDbButton-Thread.0023.png', 03);
insert into Category_Zoom (Category_Id, Zoom_Id) values (6, 12515);
insert into Zoom_Inventory_Attribute (Zoom_Id, Inventory_Attribute_Id) values (12515, 45);
-- Final Index and Final Name: thread--0023 Key: iconthread0023
insert into Zoom_Inventory_Attribute (Zoom_Id, Inventory_Attribute_Id) values (12515, 270);
insert into Zoom (Id, Description, Layer) values (12516, 'resources//img/Cuff/Cuff-Closeup-Lyr03-StrDbButton-Thread.0024.png', 03);
insert into Category_Zoom (Category_Id, Zoom_Id) values (6, 12516);
insert into Zoom_Inventory_Attribute (Zoom_Id, Inventory_Attribute_Id) values (12516, 45);
-- Final Index and Final Name: thread--0024 Key: iconthread0024
insert into Zoom_Inventory_Attribute (Zoom_Id, Inventory_Attribute_Id) values (12516, 271);
insert into Zoom (Id, Description, Layer) values (12517, 'resources//img/Cuff/Cuff-Closeup-Lyr03-StrDbButton-Thread.0025.png', 03);
insert into Category_Zoom (Category_Id, Zoom_Id) values (6, 12517);
insert into Zoom_Inventory_Attribute (Zoom_Id, Inventory_Attribute_Id) values (12517, 45);
-- Final Index and Final Name: thread--0025 Key: iconthread0025
insert into Zoom_Inventory_Attribute (Zoom_Id, Inventory_Attribute_Id) values (12517, 272);
insert into Zoom (Id, Description, Layer) values (12518, 'resources//img/Cuff/Cuff-Closeup-Lyr03-StrDbButton-Thread.0026.png', 03);
insert into Category_Zoom (Category_Id, Zoom_Id) values (6, 12518);
insert into Zoom_Inventory_Attribute (Zoom_Id, Inventory_Attribute_Id) values (12518, 45);
-- Final Index and Final Name: thread--0026 Key: iconthread0026
insert into Zoom_Inventory_Attribute (Zoom_Id, Inventory_Attribute_Id) values (12518, 273);
insert into Zoom (Id, Description, Layer) values (12519, 'resources//img/Cuff/Cuff-Closeup-Lyr03-StrDbButton-Thread.0027.png', 03);
insert into Category_Zoom (Category_Id, Zoom_Id) values (6, 12519);
insert into Zoom_Inventory_Attribute (Zoom_Id, Inventory_Attribute_Id) values (12519, 45);
-- Final Index and Final Name: thread--0027 Key: iconthread0027
insert into Zoom_Inventory_Attribute (Zoom_Id, Inventory_Attribute_Id) values (12519, 274);
insert into Zoom (Id, Description, Layer) values (12520, 'resources//img/Cuff/Cuff-Closeup-Lyr03-StrFrench-Thread.0001.png', 03);
insert into Category_Zoom (Category_Id, Zoom_Id) values (6, 12520);
insert into Zoom_Inventory_Attribute (Zoom_Id, Inventory_Attribute_Id) values (12520, 46);
-- Final Index and Final Name: thread--0001 Key: iconthread0001
insert into Zoom_Inventory_Attribute (Zoom_Id, Inventory_Attribute_Id) values (12520, 248);
insert into Zoom (Id, Description, Layer) values (12521, 'resources//img/Cuff/Cuff-Closeup-Lyr03-StrFrench-Thread.0002.png', 03);
insert into Category_Zoom (Category_Id, Zoom_Id) values (6, 12521);
insert into Zoom_Inventory_Attribute (Zoom_Id, Inventory_Attribute_Id) values (12521, 46);
-- Final Index and Final Name: thread--0002 Key: iconthread0002
insert into Zoom_Inventory_Attribute (Zoom_Id, Inventory_Attribute_Id) values (12521, 249);
insert into Zoom (Id, Description, Layer) values (12522, 'resources//img/Cuff/Cuff-Closeup-Lyr03-StrFrench-Thread.0003.png', 03);
insert into Category_Zoom (Category_Id, Zoom_Id) values (6, 12522);
insert into Zoom_Inventory_Attribute (Zoom_Id, Inventory_Attribute_Id) values (12522, 46);
-- Final Index and Final Name: thread--0003 Key: iconthread0003
insert into Zoom_Inventory_Attribute (Zoom_Id, Inventory_Attribute_Id) values (12522, 250);
insert into Zoom (Id, Description, Layer) values (12523, 'resources//img/Cuff/Cuff-Closeup-Lyr03-StrFrench-Thread.0004.png', 03);
insert into Category_Zoom (Category_Id, Zoom_Id) values (6, 12523);
insert into Zoom_Inventory_Attribute (Zoom_Id, Inventory_Attribute_Id) values (12523, 46);
-- Final Index and Final Name: thread--0004 Key: iconthread0004
insert into Zoom_Inventory_Attribute (Zoom_Id, Inventory_Attribute_Id) values (12523, 251);
insert into Zoom (Id, Description, Layer) values (12524, 'resources//img/Cuff/Cuff-Closeup-Lyr03-StrFrench-Thread.0005.png', 03);
insert into Category_Zoom (Category_Id, Zoom_Id) values (6, 12524);
insert into Zoom_Inventory_Attribute (Zoom_Id, Inventory_Attribute_Id) values (12524, 46);
-- Final Index and Final Name: thread--0005 Key: iconthread0005
insert into Zoom_Inventory_Attribute (Zoom_Id, Inventory_Attribute_Id) values (12524, 252);
insert into Zoom (Id, Description, Layer) values (12525, 'resources//img/Cuff/Cuff-Closeup-Lyr03-StrFrench-Thread.0006.png', 03);
insert into Category_Zoom (Category_Id, Zoom_Id) values (6, 12525);
insert into Zoom_Inventory_Attribute (Zoom_Id, Inventory_Attribute_Id) values (12525, 46);
-- Final Index and Final Name: thread--0006 Key: iconthread0006
insert into Zoom_Inventory_Attribute (Zoom_Id, Inventory_Attribute_Id) values (12525, 253);
insert into Zoom (Id, Description, Layer) values (12526, 'resources//img/Cuff/Cuff-Closeup-Lyr03-StrFrench-Thread.0007.png', 03);
insert into Category_Zoom (Category_Id, Zoom_Id) values (6, 12526);
insert into Zoom_Inventory_Attribute (Zoom_Id, Inventory_Attribute_Id) values (12526, 46);
-- Final Index and Final Name: thread--0007 Key: iconthread0007
insert into Zoom_Inventory_Attribute (Zoom_Id, Inventory_Attribute_Id) values (12526, 254);
insert into Zoom (Id, Description, Layer) values (12527, 'resources//img/Cuff/Cuff-Closeup-Lyr03-StrFrench-Thread.0008.png', 03);
insert into Category_Zoom (Category_Id, Zoom_Id) values (6, 12527);
insert into Zoom_Inventory_Attribute (Zoom_Id, Inventory_Attribute_Id) values (12527, 46);
-- Final Index and Final Name: thread--0008 Key: iconthread0008
insert into Zoom_Inventory_Attribute (Zoom_Id, Inventory_Attribute_Id) values (12527, 255);
insert into Zoom (Id, Description, Layer) values (12528, 'resources//img/Cuff/Cuff-Closeup-Lyr03-StrFrench-Thread.0009.png', 03);
insert into Category_Zoom (Category_Id, Zoom_Id) values (6, 12528);
insert into Zoom_Inventory_Attribute (Zoom_Id, Inventory_Attribute_Id) values (12528, 46);
-- Final Index and Final Name: thread--0009 Key: iconthread0009
insert into Zoom_Inventory_Attribute (Zoom_Id, Inventory_Attribute_Id) values (12528, 256);
insert into Zoom (Id, Description, Layer) values (12529, 'resources//img/Cuff/Cuff-Closeup-Lyr03-StrFrench-Thread.0010.png', 03);
insert into Category_Zoom (Category_Id, Zoom_Id) values (6, 12529);
insert into Zoom_Inventory_Attribute (Zoom_Id, Inventory_Attribute_Id) values (12529, 46);
-- Final Index and Final Name: thread--0010 Key: iconthread0010
insert into Zoom_Inventory_Attribute (Zoom_Id, Inventory_Attribute_Id) values (12529, 257);
insert into Zoom (Id, Description, Layer) values (12530, 'resources//img/Cuff/Cuff-Closeup-Lyr03-StrFrench-Thread.0011.png', 03);
insert into Category_Zoom (Category_Id, Zoom_Id) values (6, 12530);
insert into Zoom_Inventory_Attribute (Zoom_Id, Inventory_Attribute_Id) values (12530, 46);
-- Final Index and Final Name: thread--0011 Key: iconthread0011
insert into Zoom_Inventory_Attribute (Zoom_Id, Inventory_Attribute_Id) values (12530, 258);
insert into Zoom (Id, Description, Layer) values (12531, 'resources//img/Cuff/Cuff-Closeup-Lyr03-StrFrench-Thread.0012.png', 03);
insert into Category_Zoom (Category_Id, Zoom_Id) values (6, 12531);
insert into Zoom_Inventory_Attribute (Zoom_Id, Inventory_Attribute_Id) values (12531, 46);
-- Final Index and Final Name: thread--0012 Key: iconthread0012
insert into Zoom_Inventory_Attribute (Zoom_Id, Inventory_Attribute_Id) values (12531, 259);
insert into Zoom (Id, Description, Layer) values (12532, 'resources//img/Cuff/Cuff-Closeup-Lyr03-StrFrench-Thread.0013.png', 03);
insert into Category_Zoom (Category_Id, Zoom_Id) values (6, 12532);
insert into Zoom_Inventory_Attribute (Zoom_Id, Inventory_Attribute_Id) values (12532, 46);
-- Final Index and Final Name: thread--0013 Key: iconthread0013
insert into Zoom_Inventory_Attribute (Zoom_Id, Inventory_Attribute_Id) values (12532, 260);
insert into Zoom (Id, Description, Layer) values (12533, 'resources//img/Cuff/Cuff-Closeup-Lyr03-StrFrench-Thread.0014.png', 03);
insert into Category_Zoom (Category_Id, Zoom_Id) values (6, 12533);
insert into Zoom_Inventory_Attribute (Zoom_Id, Inventory_Attribute_Id) values (12533, 46);
-- Final Index and Final Name: thread--0014 Key: iconthread0014
insert into Zoom_Inventory_Attribute (Zoom_Id, Inventory_Attribute_Id) values (12533, 261);
insert into Zoom (Id, Description, Layer) values (12534, 'resources//img/Cuff/Cuff-Closeup-Lyr03-StrFrench-Thread.0015.png', 03);
insert into Category_Zoom (Category_Id, Zoom_Id) values (6, 12534);
insert into Zoom_Inventory_Attribute (Zoom_Id, Inventory_Attribute_Id) values (12534, 46);
-- Final Index and Final Name: thread--0015 Key: iconthread0015
insert into Zoom_Inventory_Attribute (Zoom_Id, Inventory_Attribute_Id) values (12534, 262);
insert into Zoom (Id, Description, Layer) values (12535, 'resources//img/Cuff/Cuff-Closeup-Lyr03-StrFrench-Thread.0016.png', 03);
insert into Category_Zoom (Category_Id, Zoom_Id) values (6, 12535);
insert into Zoom_Inventory_Attribute (Zoom_Id, Inventory_Attribute_Id) values (12535, 46);
-- Final Index and Final Name: thread--0016 Key: iconthread0016
insert into Zoom_Inventory_Attribute (Zoom_Id, Inventory_Attribute_Id) values (12535, 263);
insert into Zoom (Id, Description, Layer) values (12536, 'resources//img/Cuff/Cuff-Closeup-Lyr03-StrFrench-Thread.0017.png', 03);
insert into Category_Zoom (Category_Id, Zoom_Id) values (6, 12536);
insert into Zoom_Inventory_Attribute (Zoom_Id, Inventory_Attribute_Id) values (12536, 46);
-- Final Index and Final Name: thread--0017 Key: iconthread0017
insert into Zoom_Inventory_Attribute (Zoom_Id, Inventory_Attribute_Id) values (12536, 264);
insert into Zoom (Id, Description, Layer) values (12537, 'resources//img/Cuff/Cuff-Closeup-Lyr03-StrFrench-Thread.0018.png', 03);
insert into Category_Zoom (Category_Id, Zoom_Id) values (6, 12537);
insert into Zoom_Inventory_Attribute (Zoom_Id, Inventory_Attribute_Id) values (12537, 46);
-- Final Index and Final Name: thread--0018 Key: iconthread0018
insert into Zoom_Inventory_Attribute (Zoom_Id, Inventory_Attribute_Id) values (12537, 265);
insert into Zoom (Id, Description, Layer) values (12538, 'resources//img/Cuff/Cuff-Closeup-Lyr03-StrFrench-Thread.0019.png', 03);
insert into Category_Zoom (Category_Id, Zoom_Id) values (6, 12538);
insert into Zoom_Inventory_Attribute (Zoom_Id, Inventory_Attribute_Id) values (12538, 46);
-- Final Index and Final Name: thread--0019 Key: iconthread0019
insert into Zoom_Inventory_Attribute (Zoom_Id, Inventory_Attribute_Id) values (12538, 266);
insert into Zoom (Id, Description, Layer) values (12539, 'resources//img/Cuff/Cuff-Closeup-Lyr03-StrFrench-Thread.0020.png', 03);
insert into Category_Zoom (Category_Id, Zoom_Id) values (6, 12539);
insert into Zoom_Inventory_Attribute (Zoom_Id, Inventory_Attribute_Id) values (12539, 46);
-- Final Index and Final Name: thread--0020 Key: iconthread0020
insert into Zoom_Inventory_Attribute (Zoom_Id, Inventory_Attribute_Id) values (12539, 267);
insert into Zoom (Id, Description, Layer) values (12540, 'resources//img/Cuff/Cuff-Closeup-Lyr03-StrFrench-Thread.0021.png', 03);
insert into Category_Zoom (Category_Id, Zoom_Id) values (6, 12540);
insert into Zoom_Inventory_Attribute (Zoom_Id, Inventory_Attribute_Id) values (12540, 46);
-- Final Index and Final Name: thread--0021 Key: iconthread0021
insert into Zoom_Inventory_Attribute (Zoom_Id, Inventory_Attribute_Id) values (12540, 268);
insert into Zoom (Id, Description, Layer) values (12541, 'resources//img/Cuff/Cuff-Closeup-Lyr03-StrFrench-Thread.0022.png', 03);
insert into Category_Zoom (Category_Id, Zoom_Id) values (6, 12541);
insert into Zoom_Inventory_Attribute (Zoom_Id, Inventory_Attribute_Id) values (12541, 46);
-- Final Index and Final Name: thread--0022 Key: iconthread0022
insert into Zoom_Inventory_Attribute (Zoom_Id, Inventory_Attribute_Id) values (12541, 269);
insert into Zoom (Id, Description, Layer) values (12542, 'resources//img/Cuff/Cuff-Closeup-Lyr03-StrFrench-Thread.0023.png', 03);
insert into Category_Zoom (Category_Id, Zoom_Id) values (6, 12542);
insert into Zoom_Inventory_Attribute (Zoom_Id, Inventory_Attribute_Id) values (12542, 46);
-- Final Index and Final Name: thread--0023 Key: iconthread0023
insert into Zoom_Inventory_Attribute (Zoom_Id, Inventory_Attribute_Id) values (12542, 270);
insert into Zoom (Id, Description, Layer) values (12543, 'resources//img/Cuff/Cuff-Closeup-Lyr03-StrFrench-Thread.0024.png', 03);
insert into Category_Zoom (Category_Id, Zoom_Id) values (6, 12543);
insert into Zoom_Inventory_Attribute (Zoom_Id, Inventory_Attribute_Id) values (12543, 46);
-- Final Index and Final Name: thread--0024 Key: iconthread0024
insert into Zoom_Inventory_Attribute (Zoom_Id, Inventory_Attribute_Id) values (12543, 271);
insert into Zoom (Id, Description, Layer) values (12544, 'resources//img/Cuff/Cuff-Closeup-Lyr03-StrFrench-Thread.0025.png', 03);
insert into Category_Zoom (Category_Id, Zoom_Id) values (6, 12544);
insert into Zoom_Inventory_Attribute (Zoom_Id, Inventory_Attribute_Id) values (12544, 46);
-- Final Index and Final Name: thread--0025 Key: iconthread0025
insert into Zoom_Inventory_Attribute (Zoom_Id, Inventory_Attribute_Id) values (12544, 272);
insert into Zoom (Id, Description, Layer) values (12545, 'resources//img/Cuff/Cuff-Closeup-Lyr03-StrFrench-Thread.0026.png', 03);
insert into Category_Zoom (Category_Id, Zoom_Id) values (6, 12545);
insert into Zoom_Inventory_Attribute (Zoom_Id, Inventory_Attribute_Id) values (12545, 46);
-- Final Index and Final Name: thread--0026 Key: iconthread0026
insert into Zoom_Inventory_Attribute (Zoom_Id, Inventory_Attribute_Id) values (12545, 273);
insert into Zoom (Id, Description, Layer) values (12546, 'resources//img/Cuff/Cuff-Closeup-Lyr03-StrFrench-Thread.0027.png', 03);
insert into Category_Zoom (Category_Id, Zoom_Id) values (6, 12546);
insert into Zoom_Inventory_Attribute (Zoom_Id, Inventory_Attribute_Id) values (12546, 46);
-- Final Index and Final Name: thread--0027 Key: iconthread0027
insert into Zoom_Inventory_Attribute (Zoom_Id, Inventory_Attribute_Id) values (12546, 274);
insert into Zoom (Id, Description, Layer) values (12547, 'resources//img/Cuff/Cuff-Closeup-Lyr03-StrNarrow-Thread.0001.png', 03);
insert into Category_Zoom (Category_Id, Zoom_Id) values (6, 12547);
insert into Zoom_Inventory_Attribute (Zoom_Id, Inventory_Attribute_Id) values (12547, 47);
-- Final Index and Final Name: thread--0001 Key: iconthread0001
insert into Zoom_Inventory_Attribute (Zoom_Id, Inventory_Attribute_Id) values (12547, 248);
insert into Zoom (Id, Description, Layer) values (12548, 'resources//img/Cuff/Cuff-Closeup-Lyr03-StrNarrow-Thread.0002.png', 03);
insert into Category_Zoom (Category_Id, Zoom_Id) values (6, 12548);
insert into Zoom_Inventory_Attribute (Zoom_Id, Inventory_Attribute_Id) values (12548, 47);
-- Final Index and Final Name: thread--0002 Key: iconthread0002
insert into Zoom_Inventory_Attribute (Zoom_Id, Inventory_Attribute_Id) values (12548, 249);
insert into Zoom (Id, Description, Layer) values (12549, 'resources//img/Cuff/Cuff-Closeup-Lyr03-StrNarrow-Thread.0003.png', 03);
insert into Category_Zoom (Category_Id, Zoom_Id) values (6, 12549);
insert into Zoom_Inventory_Attribute (Zoom_Id, Inventory_Attribute_Id) values (12549, 47);
-- Final Index and Final Name: thread--0003 Key: iconthread0003
insert into Zoom_Inventory_Attribute (Zoom_Id, Inventory_Attribute_Id) values (12549, 250);
insert into Zoom (Id, Description, Layer) values (12550, 'resources//img/Cuff/Cuff-Closeup-Lyr03-StrNarrow-Thread.0004.png', 03);
insert into Category_Zoom (Category_Id, Zoom_Id) values (6, 12550);
insert into Zoom_Inventory_Attribute (Zoom_Id, Inventory_Attribute_Id) values (12550, 47);
-- Final Index and Final Name: thread--0004 Key: iconthread0004
insert into Zoom_Inventory_Attribute (Zoom_Id, Inventory_Attribute_Id) values (12550, 251);
insert into Zoom (Id, Description, Layer) values (12551, 'resources//img/Cuff/Cuff-Closeup-Lyr03-StrNarrow-Thread.0005.png', 03);
insert into Category_Zoom (Category_Id, Zoom_Id) values (6, 12551);
insert into Zoom_Inventory_Attribute (Zoom_Id, Inventory_Attribute_Id) values (12551, 47);
-- Final Index and Final Name: thread--0005 Key: iconthread0005
insert into Zoom_Inventory_Attribute (Zoom_Id, Inventory_Attribute_Id) values (12551, 252);
insert into Zoom (Id, Description, Layer) values (12552, 'resources//img/Cuff/Cuff-Closeup-Lyr03-StrNarrow-Thread.0006.png', 03);
insert into Category_Zoom (Category_Id, Zoom_Id) values (6, 12552);
insert into Zoom_Inventory_Attribute (Zoom_Id, Inventory_Attribute_Id) values (12552, 47);
-- Final Index and Final Name: thread--0006 Key: iconthread0006
insert into Zoom_Inventory_Attribute (Zoom_Id, Inventory_Attribute_Id) values (12552, 253);
insert into Zoom (Id, Description, Layer) values (12553, 'resources//img/Cuff/Cuff-Closeup-Lyr03-StrNarrow-Thread.0007.png', 03);
insert into Category_Zoom (Category_Id, Zoom_Id) values (6, 12553);
insert into Zoom_Inventory_Attribute (Zoom_Id, Inventory_Attribute_Id) values (12553, 47);
-- Final Index and Final Name: thread--0007 Key: iconthread0007
insert into Zoom_Inventory_Attribute (Zoom_Id, Inventory_Attribute_Id) values (12553, 254);
insert into Zoom (Id, Description, Layer) values (12554, 'resources//img/Cuff/Cuff-Closeup-Lyr03-StrNarrow-Thread.0008.png', 03);
insert into Category_Zoom (Category_Id, Zoom_Id) values (6, 12554);
insert into Zoom_Inventory_Attribute (Zoom_Id, Inventory_Attribute_Id) values (12554, 47);
-- Final Index and Final Name: thread--0008 Key: iconthread0008
insert into Zoom_Inventory_Attribute (Zoom_Id, Inventory_Attribute_Id) values (12554, 255);
insert into Zoom (Id, Description, Layer) values (12555, 'resources//img/Cuff/Cuff-Closeup-Lyr03-StrNarrow-Thread.0009.png', 03);
insert into Category_Zoom (Category_Id, Zoom_Id) values (6, 12555);
insert into Zoom_Inventory_Attribute (Zoom_Id, Inventory_Attribute_Id) values (12555, 47);
-- Final Index and Final Name: thread--0009 Key: iconthread0009
insert into Zoom_Inventory_Attribute (Zoom_Id, Inventory_Attribute_Id) values (12555, 256);
insert into Zoom (Id, Description, Layer) values (12556, 'resources//img/Cuff/Cuff-Closeup-Lyr03-StrNarrow-Thread.0010.png', 03);
insert into Category_Zoom (Category_Id, Zoom_Id) values (6, 12556);
insert into Zoom_Inventory_Attribute (Zoom_Id, Inventory_Attribute_Id) values (12556, 47);
-- Final Index and Final Name: thread--0010 Key: iconthread0010
insert into Zoom_Inventory_Attribute (Zoom_Id, Inventory_Attribute_Id) values (12556, 257);
insert into Zoom (Id, Description, Layer) values (12557, 'resources//img/Cuff/Cuff-Closeup-Lyr03-StrNarrow-Thread.0011.png', 03);
insert into Category_Zoom (Category_Id, Zoom_Id) values (6, 12557);
insert into Zoom_Inventory_Attribute (Zoom_Id, Inventory_Attribute_Id) values (12557, 47);
-- Final Index and Final Name: thread--0011 Key: iconthread0011
insert into Zoom_Inventory_Attribute (Zoom_Id, Inventory_Attribute_Id) values (12557, 258);
insert into Zoom (Id, Description, Layer) values (12558, 'resources//img/Cuff/Cuff-Closeup-Lyr03-StrNarrow-Thread.0012.png', 03);
insert into Category_Zoom (Category_Id, Zoom_Id) values (6, 12558);
insert into Zoom_Inventory_Attribute (Zoom_Id, Inventory_Attribute_Id) values (12558, 47);
-- Final Index and Final Name: thread--0012 Key: iconthread0012
insert into Zoom_Inventory_Attribute (Zoom_Id, Inventory_Attribute_Id) values (12558, 259);
insert into Zoom (Id, Description, Layer) values (12559, 'resources//img/Cuff/Cuff-Closeup-Lyr03-StrNarrow-Thread.0013.png', 03);
insert into Category_Zoom (Category_Id, Zoom_Id) values (6, 12559);
insert into Zoom_Inventory_Attribute (Zoom_Id, Inventory_Attribute_Id) values (12559, 47);
-- Final Index and Final Name: thread--0013 Key: iconthread0013
insert into Zoom_Inventory_Attribute (Zoom_Id, Inventory_Attribute_Id) values (12559, 260);
insert into Zoom (Id, Description, Layer) values (12560, 'resources//img/Cuff/Cuff-Closeup-Lyr03-StrNarrow-Thread.0014.png', 03);
insert into Category_Zoom (Category_Id, Zoom_Id) values (6, 12560);
insert into Zoom_Inventory_Attribute (Zoom_Id, Inventory_Attribute_Id) values (12560, 47);
-- Final Index and Final Name: thread--0014 Key: iconthread0014
insert into Zoom_Inventory_Attribute (Zoom_Id, Inventory_Attribute_Id) values (12560, 261);
insert into Zoom (Id, Description, Layer) values (12561, 'resources//img/Cuff/Cuff-Closeup-Lyr03-StrNarrow-Thread.0015.png', 03);
insert into Category_Zoom (Category_Id, Zoom_Id) values (6, 12561);
insert into Zoom_Inventory_Attribute (Zoom_Id, Inventory_Attribute_Id) values (12561, 47);
-- Final Index and Final Name: thread--0015 Key: iconthread0015
insert into Zoom_Inventory_Attribute (Zoom_Id, Inventory_Attribute_Id) values (12561, 262);
insert into Zoom (Id, Description, Layer) values (12562, 'resources//img/Cuff/Cuff-Closeup-Lyr03-StrNarrow-Thread.0016.png', 03);
insert into Category_Zoom (Category_Id, Zoom_Id) values (6, 12562);
insert into Zoom_Inventory_Attribute (Zoom_Id, Inventory_Attribute_Id) values (12562, 47);
-- Final Index and Final Name: thread--0016 Key: iconthread0016
insert into Zoom_Inventory_Attribute (Zoom_Id, Inventory_Attribute_Id) values (12562, 263);
insert into Zoom (Id, Description, Layer) values (12563, 'resources//img/Cuff/Cuff-Closeup-Lyr03-StrNarrow-Thread.0017.png', 03);
insert into Category_Zoom (Category_Id, Zoom_Id) values (6, 12563);
insert into Zoom_Inventory_Attribute (Zoom_Id, Inventory_Attribute_Id) values (12563, 47);
-- Final Index and Final Name: thread--0017 Key: iconthread0017
insert into Zoom_Inventory_Attribute (Zoom_Id, Inventory_Attribute_Id) values (12563, 264);
insert into Zoom (Id, Description, Layer) values (12564, 'resources//img/Cuff/Cuff-Closeup-Lyr03-StrNarrow-Thread.0018.png', 03);
insert into Category_Zoom (Category_Id, Zoom_Id) values (6, 12564);
insert into Zoom_Inventory_Attribute (Zoom_Id, Inventory_Attribute_Id) values (12564, 47);
-- Final Index and Final Name: thread--0018 Key: iconthread0018
insert into Zoom_Inventory_Attribute (Zoom_Id, Inventory_Attribute_Id) values (12564, 265);
insert into Zoom (Id, Description, Layer) values (12565, 'resources//img/Cuff/Cuff-Closeup-Lyr03-StrNarrow-Thread.0019.png', 03);
insert into Category_Zoom (Category_Id, Zoom_Id) values (6, 12565);
insert into Zoom_Inventory_Attribute (Zoom_Id, Inventory_Attribute_Id) values (12565, 47);
-- Final Index and Final Name: thread--0019 Key: iconthread0019
insert into Zoom_Inventory_Attribute (Zoom_Id, Inventory_Attribute_Id) values (12565, 266);
insert into Zoom (Id, Description, Layer) values (12566, 'resources//img/Cuff/Cuff-Closeup-Lyr03-StrNarrow-Thread.0020.png', 03);
insert into Category_Zoom (Category_Id, Zoom_Id) values (6, 12566);
insert into Zoom_Inventory_Attribute (Zoom_Id, Inventory_Attribute_Id) values (12566, 47);
-- Final Index and Final Name: thread--0020 Key: iconthread0020
insert into Zoom_Inventory_Attribute (Zoom_Id, Inventory_Attribute_Id) values (12566, 267);
insert into Zoom (Id, Description, Layer) values (12567, 'resources//img/Cuff/Cuff-Closeup-Lyr03-StrNarrow-Thread.0021.png', 03);
insert into Category_Zoom (Category_Id, Zoom_Id) values (6, 12567);
insert into Zoom_Inventory_Attribute (Zoom_Id, Inventory_Attribute_Id) values (12567, 47);
-- Final Index and Final Name: thread--0021 Key: iconthread0021
insert into Zoom_Inventory_Attribute (Zoom_Id, Inventory_Attribute_Id) values (12567, 268);
insert into Zoom (Id, Description, Layer) values (12568, 'resources//img/Cuff/Cuff-Closeup-Lyr03-StrNarrow-Thread.0022.png', 03);
insert into Category_Zoom (Category_Id, Zoom_Id) values (6, 12568);
insert into Zoom_Inventory_Attribute (Zoom_Id, Inventory_Attribute_Id) values (12568, 47);
-- Final Index and Final Name: thread--0022 Key: iconthread0022
insert into Zoom_Inventory_Attribute (Zoom_Id, Inventory_Attribute_Id) values (12568, 269);
insert into Zoom (Id, Description, Layer) values (12569, 'resources//img/Cuff/Cuff-Closeup-Lyr03-StrNarrow-Thread.0023.png', 03);
insert into Category_Zoom (Category_Id, Zoom_Id) values (6, 12569);
insert into Zoom_Inventory_Attribute (Zoom_Id, Inventory_Attribute_Id) values (12569, 47);
-- Final Index and Final Name: thread--0023 Key: iconthread0023
insert into Zoom_Inventory_Attribute (Zoom_Id, Inventory_Attribute_Id) values (12569, 270);
insert into Zoom (Id, Description, Layer) values (12570, 'resources//img/Cuff/Cuff-Closeup-Lyr03-StrNarrow-Thread.0024.png', 03);
insert into Category_Zoom (Category_Id, Zoom_Id) values (6, 12570);
insert into Zoom_Inventory_Attribute (Zoom_Id, Inventory_Attribute_Id) values (12570, 47);
-- Final Index and Final Name: thread--0024 Key: iconthread0024
insert into Zoom_Inventory_Attribute (Zoom_Id, Inventory_Attribute_Id) values (12570, 271);
insert into Zoom (Id, Description, Layer) values (12571, 'resources//img/Cuff/Cuff-Closeup-Lyr03-StrNarrow-Thread.0025.png', 03);
insert into Category_Zoom (Category_Id, Zoom_Id) values (6, 12571);
insert into Zoom_Inventory_Attribute (Zoom_Id, Inventory_Attribute_Id) values (12571, 47);
-- Final Index and Final Name: thread--0025 Key: iconthread0025
insert into Zoom_Inventory_Attribute (Zoom_Id, Inventory_Attribute_Id) values (12571, 272);
insert into Zoom (Id, Description, Layer) values (12572, 'resources//img/Cuff/Cuff-Closeup-Lyr03-StrNarrow-Thread.0026.png', 03);
insert into Category_Zoom (Category_Id, Zoom_Id) values (6, 12572);
insert into Zoom_Inventory_Attribute (Zoom_Id, Inventory_Attribute_Id) values (12572, 47);
-- Final Index and Final Name: thread--0026 Key: iconthread0026
insert into Zoom_Inventory_Attribute (Zoom_Id, Inventory_Attribute_Id) values (12572, 273);
insert into Zoom (Id, Description, Layer) values (12573, 'resources//img/Cuff/Cuff-Closeup-Lyr03-StrNarrow-Thread.0027.png', 03);
insert into Category_Zoom (Category_Id, Zoom_Id) values (6, 12573);
insert into Zoom_Inventory_Attribute (Zoom_Id, Inventory_Attribute_Id) values (12573, 47);
-- Final Index and Final Name: thread--0027 Key: iconthread0027
insert into Zoom_Inventory_Attribute (Zoom_Id, Inventory_Attribute_Id) values (12573, 274);
insert into Zoom (Id, Description, Layer) values (12574, 'resources//img/Cuff/Cuff-Closeup-Lyr03-StrSingButton-Thread.0001.png', 03);
insert into Category_Zoom (Category_Id, Zoom_Id) values (6, 12574);
insert into Zoom_Inventory_Attribute (Zoom_Id, Inventory_Attribute_Id) values (12574, 49);
-- Final Index and Final Name: thread--0001 Key: iconthread0001
insert into Zoom_Inventory_Attribute (Zoom_Id, Inventory_Attribute_Id) values (12574, 248);
insert into Zoom (Id, Description, Layer) values (12575, 'resources//img/Cuff/Cuff-Closeup-Lyr03-StrSingButton-Thread.0002.png', 03);
insert into Category_Zoom (Category_Id, Zoom_Id) values (6, 12575);
insert into Zoom_Inventory_Attribute (Zoom_Id, Inventory_Attribute_Id) values (12575, 49);
-- Final Index and Final Name: thread--0002 Key: iconthread0002
insert into Zoom_Inventory_Attribute (Zoom_Id, Inventory_Attribute_Id) values (12575, 249);
insert into Zoom (Id, Description, Layer) values (12576, 'resources//img/Cuff/Cuff-Closeup-Lyr03-StrSingButton-Thread.0003.png', 03);
insert into Category_Zoom (Category_Id, Zoom_Id) values (6, 12576);
insert into Zoom_Inventory_Attribute (Zoom_Id, Inventory_Attribute_Id) values (12576, 49);
-- Final Index and Final Name: thread--0003 Key: iconthread0003
insert into Zoom_Inventory_Attribute (Zoom_Id, Inventory_Attribute_Id) values (12576, 250);
insert into Zoom (Id, Description, Layer) values (12577, 'resources//img/Cuff/Cuff-Closeup-Lyr03-StrSingButton-Thread.0004.png', 03);
insert into Category_Zoom (Category_Id, Zoom_Id) values (6, 12577);
insert into Zoom_Inventory_Attribute (Zoom_Id, Inventory_Attribute_Id) values (12577, 49);
-- Final Index and Final Name: thread--0004 Key: iconthread0004
insert into Zoom_Inventory_Attribute (Zoom_Id, Inventory_Attribute_Id) values (12577, 251);
insert into Zoom (Id, Description, Layer) values (12578, 'resources//img/Cuff/Cuff-Closeup-Lyr03-StrSingButton-Thread.0005.png', 03);
insert into Category_Zoom (Category_Id, Zoom_Id) values (6, 12578);
insert into Zoom_Inventory_Attribute (Zoom_Id, Inventory_Attribute_Id) values (12578, 49);
-- Final Index and Final Name: thread--0005 Key: iconthread0005
insert into Zoom_Inventory_Attribute (Zoom_Id, Inventory_Attribute_Id) values (12578, 252);
insert into Zoom (Id, Description, Layer) values (12579, 'resources//img/Cuff/Cuff-Closeup-Lyr03-StrSingButton-Thread.0006.png', 03);
insert into Category_Zoom (Category_Id, Zoom_Id) values (6, 12579);
insert into Zoom_Inventory_Attribute (Zoom_Id, Inventory_Attribute_Id) values (12579, 49);
-- Final Index and Final Name: thread--0006 Key: iconthread0006
insert into Zoom_Inventory_Attribute (Zoom_Id, Inventory_Attribute_Id) values (12579, 253);
insert into Zoom (Id, Description, Layer) values (12580, 'resources//img/Cuff/Cuff-Closeup-Lyr03-StrSingButton-Thread.0007.png', 03);
insert into Category_Zoom (Category_Id, Zoom_Id) values (6, 12580);
insert into Zoom_Inventory_Attribute (Zoom_Id, Inventory_Attribute_Id) values (12580, 49);
-- Final Index and Final Name: thread--0007 Key: iconthread0007
insert into Zoom_Inventory_Attribute (Zoom_Id, Inventory_Attribute_Id) values (12580, 254);
insert into Zoom (Id, Description, Layer) values (12581, 'resources//img/Cuff/Cuff-Closeup-Lyr03-StrSingButton-Thread.0008.png', 03);
insert into Category_Zoom (Category_Id, Zoom_Id) values (6, 12581);
insert into Zoom_Inventory_Attribute (Zoom_Id, Inventory_Attribute_Id) values (12581, 49);
-- Final Index and Final Name: thread--0008 Key: iconthread0008
insert into Zoom_Inventory_Attribute (Zoom_Id, Inventory_Attribute_Id) values (12581, 255);
insert into Zoom (Id, Description, Layer) values (12582, 'resources//img/Cuff/Cuff-Closeup-Lyr03-StrSingButton-Thread.0009.png', 03);
insert into Category_Zoom (Category_Id, Zoom_Id) values (6, 12582);
insert into Zoom_Inventory_Attribute (Zoom_Id, Inventory_Attribute_Id) values (12582, 49);
-- Final Index and Final Name: thread--0009 Key: iconthread0009
insert into Zoom_Inventory_Attribute (Zoom_Id, Inventory_Attribute_Id) values (12582, 256);
insert into Zoom (Id, Description, Layer) values (12583, 'resources//img/Cuff/Cuff-Closeup-Lyr03-StrSingButton-Thread.0010.png', 03);
insert into Category_Zoom (Category_Id, Zoom_Id) values (6, 12583);
insert into Zoom_Inventory_Attribute (Zoom_Id, Inventory_Attribute_Id) values (12583, 49);
-- Final Index and Final Name: thread--0010 Key: iconthread0010
insert into Zoom_Inventory_Attribute (Zoom_Id, Inventory_Attribute_Id) values (12583, 257);
insert into Zoom (Id, Description, Layer) values (12584, 'resources//img/Cuff/Cuff-Closeup-Lyr03-StrSingButton-Thread.0011.png', 03);
insert into Category_Zoom (Category_Id, Zoom_Id) values (6, 12584);
insert into Zoom_Inventory_Attribute (Zoom_Id, Inventory_Attribute_Id) values (12584, 49);
-- Final Index and Final Name: thread--0011 Key: iconthread0011
insert into Zoom_Inventory_Attribute (Zoom_Id, Inventory_Attribute_Id) values (12584, 258);
insert into Zoom (Id, Description, Layer) values (12585, 'resources//img/Cuff/Cuff-Closeup-Lyr03-StrSingButton-Thread.0012.png', 03);
insert into Category_Zoom (Category_Id, Zoom_Id) values (6, 12585);
insert into Zoom_Inventory_Attribute (Zoom_Id, Inventory_Attribute_Id) values (12585, 49);
-- Final Index and Final Name: thread--0012 Key: iconthread0012
insert into Zoom_Inventory_Attribute (Zoom_Id, Inventory_Attribute_Id) values (12585, 259);
insert into Zoom (Id, Description, Layer) values (12586, 'resources//img/Cuff/Cuff-Closeup-Lyr03-StrSingButton-Thread.0013.png', 03);
insert into Category_Zoom (Category_Id, Zoom_Id) values (6, 12586);
insert into Zoom_Inventory_Attribute (Zoom_Id, Inventory_Attribute_Id) values (12586, 49);
-- Final Index and Final Name: thread--0013 Key: iconthread0013
insert into Zoom_Inventory_Attribute (Zoom_Id, Inventory_Attribute_Id) values (12586, 260);
insert into Zoom (Id, Description, Layer) values (12587, 'resources//img/Cuff/Cuff-Closeup-Lyr03-StrSingButton-Thread.0014.png', 03);
insert into Category_Zoom (Category_Id, Zoom_Id) values (6, 12587);
insert into Zoom_Inventory_Attribute (Zoom_Id, Inventory_Attribute_Id) values (12587, 49);
-- Final Index and Final Name: thread--0014 Key: iconthread0014
insert into Zoom_Inventory_Attribute (Zoom_Id, Inventory_Attribute_Id) values (12587, 261);
insert into Zoom (Id, Description, Layer) values (12588, 'resources//img/Cuff/Cuff-Closeup-Lyr03-StrSingButton-Thread.0015.png', 03);
insert into Category_Zoom (Category_Id, Zoom_Id) values (6, 12588);
insert into Zoom_Inventory_Attribute (Zoom_Id, Inventory_Attribute_Id) values (12588, 49);
-- Final Index and Final Name: thread--0015 Key: iconthread0015
insert into Zoom_Inventory_Attribute (Zoom_Id, Inventory_Attribute_Id) values (12588, 262);
insert into Zoom (Id, Description, Layer) values (12589, 'resources//img/Cuff/Cuff-Closeup-Lyr03-StrSingButton-Thread.0016.png', 03);
insert into Category_Zoom (Category_Id, Zoom_Id) values (6, 12589);
insert into Zoom_Inventory_Attribute (Zoom_Id, Inventory_Attribute_Id) values (12589, 49);
-- Final Index and Final Name: thread--0016 Key: iconthread0016
insert into Zoom_Inventory_Attribute (Zoom_Id, Inventory_Attribute_Id) values (12589, 263);
insert into Zoom (Id, Description, Layer) values (12590, 'resources//img/Cuff/Cuff-Closeup-Lyr03-StrSingButton-Thread.0017.png', 03);
insert into Category_Zoom (Category_Id, Zoom_Id) values (6, 12590);
insert into Zoom_Inventory_Attribute (Zoom_Id, Inventory_Attribute_Id) values (12590, 49);
-- Final Index and Final Name: thread--0017 Key: iconthread0017
insert into Zoom_Inventory_Attribute (Zoom_Id, Inventory_Attribute_Id) values (12590, 264);
insert into Zoom (Id, Description, Layer) values (12591, 'resources//img/Cuff/Cuff-Closeup-Lyr03-StrSingButton-Thread.0018.png', 03);
insert into Category_Zoom (Category_Id, Zoom_Id) values (6, 12591);
insert into Zoom_Inventory_Attribute (Zoom_Id, Inventory_Attribute_Id) values (12591, 49);
-- Final Index and Final Name: thread--0018 Key: iconthread0018
insert into Zoom_Inventory_Attribute (Zoom_Id, Inventory_Attribute_Id) values (12591, 265);
insert into Zoom (Id, Description, Layer) values (12592, 'resources//img/Cuff/Cuff-Closeup-Lyr03-StrSingButton-Thread.0019.png', 03);
insert into Category_Zoom (Category_Id, Zoom_Id) values (6, 12592);
insert into Zoom_Inventory_Attribute (Zoom_Id, Inventory_Attribute_Id) values (12592, 49);
-- Final Index and Final Name: thread--0019 Key: iconthread0019
insert into Zoom_Inventory_Attribute (Zoom_Id, Inventory_Attribute_Id) values (12592, 266);
insert into Zoom (Id, Description, Layer) values (12593, 'resources//img/Cuff/Cuff-Closeup-Lyr03-StrSingButton-Thread.0020.png', 03);
insert into Category_Zoom (Category_Id, Zoom_Id) values (6, 12593);
insert into Zoom_Inventory_Attribute (Zoom_Id, Inventory_Attribute_Id) values (12593, 49);
-- Final Index and Final Name: thread--0020 Key: iconthread0020
insert into Zoom_Inventory_Attribute (Zoom_Id, Inventory_Attribute_Id) values (12593, 267);
insert into Zoom (Id, Description, Layer) values (12594, 'resources//img/Cuff/Cuff-Closeup-Lyr03-StrSingButton-Thread.0021.png', 03);
insert into Category_Zoom (Category_Id, Zoom_Id) values (6, 12594);
insert into Zoom_Inventory_Attribute (Zoom_Id, Inventory_Attribute_Id) values (12594, 49);
-- Final Index and Final Name: thread--0021 Key: iconthread0021
insert into Zoom_Inventory_Attribute (Zoom_Id, Inventory_Attribute_Id) values (12594, 268);
insert into Zoom (Id, Description, Layer) values (12595, 'resources//img/Cuff/Cuff-Closeup-Lyr03-StrSingButton-Thread.0022.png', 03);
insert into Category_Zoom (Category_Id, Zoom_Id) values (6, 12595);
insert into Zoom_Inventory_Attribute (Zoom_Id, Inventory_Attribute_Id) values (12595, 49);
-- Final Index and Final Name: thread--0022 Key: iconthread0022
insert into Zoom_Inventory_Attribute (Zoom_Id, Inventory_Attribute_Id) values (12595, 269);
insert into Zoom (Id, Description, Layer) values (12596, 'resources//img/Cuff/Cuff-Closeup-Lyr03-StrSingButton-Thread.0023.png', 03);
insert into Category_Zoom (Category_Id, Zoom_Id) values (6, 12596);
insert into Zoom_Inventory_Attribute (Zoom_Id, Inventory_Attribute_Id) values (12596, 49);
-- Final Index and Final Name: thread--0023 Key: iconthread0023
insert into Zoom_Inventory_Attribute (Zoom_Id, Inventory_Attribute_Id) values (12596, 270);
insert into Zoom (Id, Description, Layer) values (12597, 'resources//img/Cuff/Cuff-Closeup-Lyr03-StrSingButton-Thread.0024.png', 03);
insert into Category_Zoom (Category_Id, Zoom_Id) values (6, 12597);
insert into Zoom_Inventory_Attribute (Zoom_Id, Inventory_Attribute_Id) values (12597, 49);
-- Final Index and Final Name: thread--0024 Key: iconthread0024
insert into Zoom_Inventory_Attribute (Zoom_Id, Inventory_Attribute_Id) values (12597, 271);
insert into Zoom (Id, Description, Layer) values (12598, 'resources//img/Cuff/Cuff-Closeup-Lyr03-StrSingButton-Thread.0025.png', 03);
insert into Category_Zoom (Category_Id, Zoom_Id) values (6, 12598);
insert into Zoom_Inventory_Attribute (Zoom_Id, Inventory_Attribute_Id) values (12598, 49);
-- Final Index and Final Name: thread--0025 Key: iconthread0025
insert into Zoom_Inventory_Attribute (Zoom_Id, Inventory_Attribute_Id) values (12598, 272);
insert into Zoom (Id, Description, Layer) values (12599, 'resources//img/Cuff/Cuff-Closeup-Lyr03-StrSingButton-Thread.0026.png', 03);
insert into Category_Zoom (Category_Id, Zoom_Id) values (6, 12599);
insert into Zoom_Inventory_Attribute (Zoom_Id, Inventory_Attribute_Id) values (12599, 49);
-- Final Index and Final Name: thread--0026 Key: iconthread0026
insert into Zoom_Inventory_Attribute (Zoom_Id, Inventory_Attribute_Id) values (12599, 273);
insert into Zoom (Id, Description, Layer) values (12600, 'resources//img/Cuff/Cuff-Closeup-Lyr03-StrSingButton-Thread.0027.png', 03);
insert into Category_Zoom (Category_Id, Zoom_Id) values (6, 12600);
insert into Zoom_Inventory_Attribute (Zoom_Id, Inventory_Attribute_Id) values (12600, 49);
-- Final Index and Final Name: thread--0027 Key: iconthread0027
insert into Zoom_Inventory_Attribute (Zoom_Id, Inventory_Attribute_Id) values (12600, 274);
insert into Zoom (Id, Description, Layer) values (12601, 'resources//img/Cuff/Cuff-Closeup-Lyr03-StrTrpButton-Thread.0001.png', 03);
insert into Category_Zoom (Category_Id, Zoom_Id) values (6, 12601);
insert into Zoom_Inventory_Attribute (Zoom_Id, Inventory_Attribute_Id) values (12601, 50);
-- Final Index and Final Name: thread--0001 Key: iconthread0001
insert into Zoom_Inventory_Attribute (Zoom_Id, Inventory_Attribute_Id) values (12601, 248);
insert into Zoom (Id, Description, Layer) values (12602, 'resources//img/Cuff/Cuff-Closeup-Lyr03-StrTrpButton-Thread.0002.png', 03);
insert into Category_Zoom (Category_Id, Zoom_Id) values (6, 12602);
insert into Zoom_Inventory_Attribute (Zoom_Id, Inventory_Attribute_Id) values (12602, 50);
-- Final Index and Final Name: thread--0002 Key: iconthread0002
insert into Zoom_Inventory_Attribute (Zoom_Id, Inventory_Attribute_Id) values (12602, 249);
insert into Zoom (Id, Description, Layer) values (12603, 'resources//img/Cuff/Cuff-Closeup-Lyr03-StrTrpButton-Thread.0003.png', 03);
insert into Category_Zoom (Category_Id, Zoom_Id) values (6, 12603);
insert into Zoom_Inventory_Attribute (Zoom_Id, Inventory_Attribute_Id) values (12603, 50);
-- Final Index and Final Name: thread--0003 Key: iconthread0003
insert into Zoom_Inventory_Attribute (Zoom_Id, Inventory_Attribute_Id) values (12603, 250);
insert into Zoom (Id, Description, Layer) values (12604, 'resources//img/Cuff/Cuff-Closeup-Lyr03-StrTrpButton-Thread.0004.png', 03);
insert into Category_Zoom (Category_Id, Zoom_Id) values (6, 12604);
insert into Zoom_Inventory_Attribute (Zoom_Id, Inventory_Attribute_Id) values (12604, 50);
-- Final Index and Final Name: thread--0004 Key: iconthread0004
insert into Zoom_Inventory_Attribute (Zoom_Id, Inventory_Attribute_Id) values (12604, 251);
insert into Zoom (Id, Description, Layer) values (12605, 'resources//img/Cuff/Cuff-Closeup-Lyr03-StrTrpButton-Thread.0005.png', 03);
insert into Category_Zoom (Category_Id, Zoom_Id) values (6, 12605);
insert into Zoom_Inventory_Attribute (Zoom_Id, Inventory_Attribute_Id) values (12605, 50);
-- Final Index and Final Name: thread--0005 Key: iconthread0005
insert into Zoom_Inventory_Attribute (Zoom_Id, Inventory_Attribute_Id) values (12605, 252);
insert into Zoom (Id, Description, Layer) values (12606, 'resources//img/Cuff/Cuff-Closeup-Lyr03-StrTrpButton-Thread.0006.png', 03);
insert into Category_Zoom (Category_Id, Zoom_Id) values (6, 12606);
insert into Zoom_Inventory_Attribute (Zoom_Id, Inventory_Attribute_Id) values (12606, 50);
-- Final Index and Final Name: thread--0006 Key: iconthread0006
insert into Zoom_Inventory_Attribute (Zoom_Id, Inventory_Attribute_Id) values (12606, 253);
insert into Zoom (Id, Description, Layer) values (12607, 'resources//img/Cuff/Cuff-Closeup-Lyr03-StrTrpButton-Thread.0007.png', 03);
insert into Category_Zoom (Category_Id, Zoom_Id) values (6, 12607);
insert into Zoom_Inventory_Attribute (Zoom_Id, Inventory_Attribute_Id) values (12607, 50);
-- Final Index and Final Name: thread--0007 Key: iconthread0007
insert into Zoom_Inventory_Attribute (Zoom_Id, Inventory_Attribute_Id) values (12607, 254);
insert into Zoom (Id, Description, Layer) values (12608, 'resources//img/Cuff/Cuff-Closeup-Lyr03-StrTrpButton-Thread.0008.png', 03);
insert into Category_Zoom (Category_Id, Zoom_Id) values (6, 12608);
insert into Zoom_Inventory_Attribute (Zoom_Id, Inventory_Attribute_Id) values (12608, 50);
-- Final Index and Final Name: thread--0008 Key: iconthread0008
insert into Zoom_Inventory_Attribute (Zoom_Id, Inventory_Attribute_Id) values (12608, 255);
insert into Zoom (Id, Description, Layer) values (12609, 'resources//img/Cuff/Cuff-Closeup-Lyr03-StrTrpButton-Thread.0009.png', 03);
insert into Category_Zoom (Category_Id, Zoom_Id) values (6, 12609);
insert into Zoom_Inventory_Attribute (Zoom_Id, Inventory_Attribute_Id) values (12609, 50);
-- Final Index and Final Name: thread--0009 Key: iconthread0009
insert into Zoom_Inventory_Attribute (Zoom_Id, Inventory_Attribute_Id) values (12609, 256);
insert into Zoom (Id, Description, Layer) values (12610, 'resources//img/Cuff/Cuff-Closeup-Lyr03-StrTrpButton-Thread.0010.png', 03);
insert into Category_Zoom (Category_Id, Zoom_Id) values (6, 12610);
insert into Zoom_Inventory_Attribute (Zoom_Id, Inventory_Attribute_Id) values (12610, 50);
-- Final Index and Final Name: thread--0010 Key: iconthread0010
insert into Zoom_Inventory_Attribute (Zoom_Id, Inventory_Attribute_Id) values (12610, 257);
insert into Zoom (Id, Description, Layer) values (12611, 'resources//img/Cuff/Cuff-Closeup-Lyr03-StrTrpButton-Thread.0011.png', 03);
insert into Category_Zoom (Category_Id, Zoom_Id) values (6, 12611);
insert into Zoom_Inventory_Attribute (Zoom_Id, Inventory_Attribute_Id) values (12611, 50);
-- Final Index and Final Name: thread--0011 Key: iconthread0011
insert into Zoom_Inventory_Attribute (Zoom_Id, Inventory_Attribute_Id) values (12611, 258);
insert into Zoom (Id, Description, Layer) values (12612, 'resources//img/Cuff/Cuff-Closeup-Lyr03-StrTrpButton-Thread.0012.png', 03);
insert into Category_Zoom (Category_Id, Zoom_Id) values (6, 12612);
insert into Zoom_Inventory_Attribute (Zoom_Id, Inventory_Attribute_Id) values (12612, 50);
-- Final Index and Final Name: thread--0012 Key: iconthread0012
insert into Zoom_Inventory_Attribute (Zoom_Id, Inventory_Attribute_Id) values (12612, 259);
insert into Zoom (Id, Description, Layer) values (12613, 'resources//img/Cuff/Cuff-Closeup-Lyr03-StrTrpButton-Thread.0013.png', 03);
insert into Category_Zoom (Category_Id, Zoom_Id) values (6, 12613);
insert into Zoom_Inventory_Attribute (Zoom_Id, Inventory_Attribute_Id) values (12613, 50);
-- Final Index and Final Name: thread--0013 Key: iconthread0013
insert into Zoom_Inventory_Attribute (Zoom_Id, Inventory_Attribute_Id) values (12613, 260);
insert into Zoom (Id, Description, Layer) values (12614, 'resources//img/Cuff/Cuff-Closeup-Lyr03-StrTrpButton-Thread.0014.png', 03);
insert into Category_Zoom (Category_Id, Zoom_Id) values (6, 12614);
insert into Zoom_Inventory_Attribute (Zoom_Id, Inventory_Attribute_Id) values (12614, 50);
-- Final Index and Final Name: thread--0014 Key: iconthread0014
insert into Zoom_Inventory_Attribute (Zoom_Id, Inventory_Attribute_Id) values (12614, 261);
insert into Zoom (Id, Description, Layer) values (12615, 'resources//img/Cuff/Cuff-Closeup-Lyr03-StrTrpButton-Thread.0015.png', 03);
insert into Category_Zoom (Category_Id, Zoom_Id) values (6, 12615);
insert into Zoom_Inventory_Attribute (Zoom_Id, Inventory_Attribute_Id) values (12615, 50);
-- Final Index and Final Name: thread--0015 Key: iconthread0015
insert into Zoom_Inventory_Attribute (Zoom_Id, Inventory_Attribute_Id) values (12615, 262);
insert into Zoom (Id, Description, Layer) values (12616, 'resources//img/Cuff/Cuff-Closeup-Lyr03-StrTrpButton-Thread.0016.png', 03);
insert into Category_Zoom (Category_Id, Zoom_Id) values (6, 12616);
insert into Zoom_Inventory_Attribute (Zoom_Id, Inventory_Attribute_Id) values (12616, 50);
-- Final Index and Final Name: thread--0016 Key: iconthread0016
insert into Zoom_Inventory_Attribute (Zoom_Id, Inventory_Attribute_Id) values (12616, 263);
insert into Zoom (Id, Description, Layer) values (12617, 'resources//img/Cuff/Cuff-Closeup-Lyr03-StrTrpButton-Thread.0017.png', 03);
insert into Category_Zoom (Category_Id, Zoom_Id) values (6, 12617);
insert into Zoom_Inventory_Attribute (Zoom_Id, Inventory_Attribute_Id) values (12617, 50);
-- Final Index and Final Name: thread--0017 Key: iconthread0017
insert into Zoom_Inventory_Attribute (Zoom_Id, Inventory_Attribute_Id) values (12617, 264);
insert into Zoom (Id, Description, Layer) values (12618, 'resources//img/Cuff/Cuff-Closeup-Lyr03-StrTrpButton-Thread.0018.png', 03);
insert into Category_Zoom (Category_Id, Zoom_Id) values (6, 12618);
insert into Zoom_Inventory_Attribute (Zoom_Id, Inventory_Attribute_Id) values (12618, 50);
-- Final Index and Final Name: thread--0018 Key: iconthread0018
insert into Zoom_Inventory_Attribute (Zoom_Id, Inventory_Attribute_Id) values (12618, 265);
insert into Zoom (Id, Description, Layer) values (12619, 'resources//img/Cuff/Cuff-Closeup-Lyr03-StrTrpButton-Thread.0019.png', 03);
insert into Category_Zoom (Category_Id, Zoom_Id) values (6, 12619);
insert into Zoom_Inventory_Attribute (Zoom_Id, Inventory_Attribute_Id) values (12619, 50);
-- Final Index and Final Name: thread--0019 Key: iconthread0019
insert into Zoom_Inventory_Attribute (Zoom_Id, Inventory_Attribute_Id) values (12619, 266);
insert into Zoom (Id, Description, Layer) values (12620, 'resources//img/Cuff/Cuff-Closeup-Lyr03-StrTrpButton-Thread.0020.png', 03);
insert into Category_Zoom (Category_Id, Zoom_Id) values (6, 12620);
insert into Zoom_Inventory_Attribute (Zoom_Id, Inventory_Attribute_Id) values (12620, 50);
-- Final Index and Final Name: thread--0020 Key: iconthread0020
insert into Zoom_Inventory_Attribute (Zoom_Id, Inventory_Attribute_Id) values (12620, 267);
insert into Zoom (Id, Description, Layer) values (12621, 'resources//img/Cuff/Cuff-Closeup-Lyr03-StrTrpButton-Thread.0021.png', 03);
insert into Category_Zoom (Category_Id, Zoom_Id) values (6, 12621);
insert into Zoom_Inventory_Attribute (Zoom_Id, Inventory_Attribute_Id) values (12621, 50);
-- Final Index and Final Name: thread--0021 Key: iconthread0021
insert into Zoom_Inventory_Attribute (Zoom_Id, Inventory_Attribute_Id) values (12621, 268);
insert into Zoom (Id, Description, Layer) values (12622, 'resources//img/Cuff/Cuff-Closeup-Lyr03-StrTrpButton-Thread.0022.png', 03);
insert into Category_Zoom (Category_Id, Zoom_Id) values (6, 12622);
insert into Zoom_Inventory_Attribute (Zoom_Id, Inventory_Attribute_Id) values (12622, 50);
-- Final Index and Final Name: thread--0022 Key: iconthread0022
insert into Zoom_Inventory_Attribute (Zoom_Id, Inventory_Attribute_Id) values (12622, 269);
insert into Zoom (Id, Description, Layer) values (12623, 'resources//img/Cuff/Cuff-Closeup-Lyr03-StrTrpButton-Thread.0023.png', 03);
insert into Category_Zoom (Category_Id, Zoom_Id) values (6, 12623);
insert into Zoom_Inventory_Attribute (Zoom_Id, Inventory_Attribute_Id) values (12623, 50);
-- Final Index and Final Name: thread--0023 Key: iconthread0023
insert into Zoom_Inventory_Attribute (Zoom_Id, Inventory_Attribute_Id) values (12623, 270);
insert into Zoom (Id, Description, Layer) values (12624, 'resources//img/Cuff/Cuff-Closeup-Lyr03-StrTrpButton-Thread.0024.png', 03);
insert into Category_Zoom (Category_Id, Zoom_Id) values (6, 12624);
insert into Zoom_Inventory_Attribute (Zoom_Id, Inventory_Attribute_Id) values (12624, 50);
-- Final Index and Final Name: thread--0024 Key: iconthread0024
insert into Zoom_Inventory_Attribute (Zoom_Id, Inventory_Attribute_Id) values (12624, 271);
insert into Zoom (Id, Description, Layer) values (12625, 'resources//img/Cuff/Cuff-Closeup-Lyr03-StrTrpButton-Thread.0025.png', 03);
insert into Category_Zoom (Category_Id, Zoom_Id) values (6, 12625);
insert into Zoom_Inventory_Attribute (Zoom_Id, Inventory_Attribute_Id) values (12625, 50);
-- Final Index and Final Name: thread--0025 Key: iconthread0025
insert into Zoom_Inventory_Attribute (Zoom_Id, Inventory_Attribute_Id) values (12625, 272);
insert into Zoom (Id, Description, Layer) values (12626, 'resources//img/Cuff/Cuff-Closeup-Lyr03-StrTrpButton-Thread.0026.png', 03);
insert into Category_Zoom (Category_Id, Zoom_Id) values (6, 12626);
insert into Zoom_Inventory_Attribute (Zoom_Id, Inventory_Attribute_Id) values (12626, 50);
-- Final Index and Final Name: thread--0026 Key: iconthread0026
insert into Zoom_Inventory_Attribute (Zoom_Id, Inventory_Attribute_Id) values (12626, 273);
insert into Zoom (Id, Description, Layer) values (12627, 'resources//img/Cuff/Cuff-Closeup-Lyr03-StrTrpButton-Thread.0027.png', 03);
insert into Category_Zoom (Category_Id, Zoom_Id) values (6, 12627);
insert into Zoom_Inventory_Attribute (Zoom_Id, Inventory_Attribute_Id) values (12627, 50);
-- Final Index and Final Name: thread--0027 Key: iconthread0027
insert into Zoom_Inventory_Attribute (Zoom_Id, Inventory_Attribute_Id) values (12627, 274);
insert into Zoom (Id, Description, Layer) values (12628, 'resources//img/Cuff/Cuff-Closeup-Lyr04-BevDbButton-Button.0001.png', 04);
insert into Category_Zoom (Category_Id, Zoom_Id) values (6, 12628);
insert into Zoom_Inventory_Attribute (Zoom_Id, Inventory_Attribute_Id) values (12628, 45);
-- Final Index and Final Name: button--0001 Key: button0001
insert into Zoom_Inventory_Attribute (Zoom_Id, Inventory_Attribute_Id) values (12628, 17);
insert into Zoom (Id, Description, Layer) values (12629, 'resources//img/Cuff/Cuff-Closeup-Lyr04-BevDbButton-Button.0002.png', 04);
insert into Category_Zoom (Category_Id, Zoom_Id) values (6, 12629);
insert into Zoom_Inventory_Attribute (Zoom_Id, Inventory_Attribute_Id) values (12629, 45);
-- Final Index and Final Name: button--0002 Key: button0002
insert into Zoom_Inventory_Attribute (Zoom_Id, Inventory_Attribute_Id) values (12629, 18);
insert into Zoom (Id, Description, Layer) values (12630, 'resources//img/Cuff/Cuff-Closeup-Lyr04-BevDbButton-Button.0003.png', 04);
insert into Category_Zoom (Category_Id, Zoom_Id) values (6, 12630);
insert into Zoom_Inventory_Attribute (Zoom_Id, Inventory_Attribute_Id) values (12630, 45);
-- Final Index and Final Name: button--0003 Key: button0003
insert into Zoom_Inventory_Attribute (Zoom_Id, Inventory_Attribute_Id) values (12630, 19);
insert into Zoom (Id, Description, Layer) values (12631, 'resources//img/Cuff/Cuff-Closeup-Lyr04-BevDbButton-Button.0004.png', 04);
insert into Category_Zoom (Category_Id, Zoom_Id) values (6, 12631);
insert into Zoom_Inventory_Attribute (Zoom_Id, Inventory_Attribute_Id) values (12631, 45);
-- Final Index and Final Name: button--0004 Key: button0004
insert into Zoom_Inventory_Attribute (Zoom_Id, Inventory_Attribute_Id) values (12631, 20);
insert into Zoom (Id, Description, Layer) values (12632, 'resources//img/Cuff/Cuff-Closeup-Lyr04-BevDbButton-Button.0005.png', 04);
insert into Category_Zoom (Category_Id, Zoom_Id) values (6, 12632);
insert into Zoom_Inventory_Attribute (Zoom_Id, Inventory_Attribute_Id) values (12632, 45);
-- Final Index and Final Name: button--0005 Key: button0005
insert into Zoom_Inventory_Attribute (Zoom_Id, Inventory_Attribute_Id) values (12632, 21);
insert into Zoom (Id, Description, Layer) values (12633, 'resources//img/Cuff/Cuff-Closeup-Lyr04-BevDbButton-Button.0006.png', 04);
insert into Category_Zoom (Category_Id, Zoom_Id) values (6, 12633);
insert into Zoom_Inventory_Attribute (Zoom_Id, Inventory_Attribute_Id) values (12633, 45);
-- Final Index and Final Name: button--0006 Key: button0006
insert into Zoom_Inventory_Attribute (Zoom_Id, Inventory_Attribute_Id) values (12633, 22);
insert into Zoom (Id, Description, Layer) values (12634, 'resources//img/Cuff/Cuff-Closeup-Lyr04-BevDbButton-Button.0007.png', 04);
insert into Category_Zoom (Category_Id, Zoom_Id) values (6, 12634);
insert into Zoom_Inventory_Attribute (Zoom_Id, Inventory_Attribute_Id) values (12634, 45);
-- Final Index and Final Name: button--0007 Key: button0007
insert into Zoom_Inventory_Attribute (Zoom_Id, Inventory_Attribute_Id) values (12634, 23);
insert into Zoom (Id, Description, Layer) values (12635, 'resources//img/Cuff/Cuff-Closeup-Lyr04-BevDbButton-Button.0008.png', 04);
insert into Category_Zoom (Category_Id, Zoom_Id) values (6, 12635);
insert into Zoom_Inventory_Attribute (Zoom_Id, Inventory_Attribute_Id) values (12635, 45);
-- Final Index and Final Name: button--0008 Key: button0008
insert into Zoom_Inventory_Attribute (Zoom_Id, Inventory_Attribute_Id) values (12635, 24);
insert into Zoom (Id, Description, Layer) values (12636, 'resources//img/Cuff/Cuff-Closeup-Lyr04-BevDbButton-Button.0009.png', 04);
insert into Category_Zoom (Category_Id, Zoom_Id) values (6, 12636);
insert into Zoom_Inventory_Attribute (Zoom_Id, Inventory_Attribute_Id) values (12636, 45);
-- Final Index and Final Name: button--0009 Key: button0009
insert into Zoom_Inventory_Attribute (Zoom_Id, Inventory_Attribute_Id) values (12636, 25);
insert into Zoom (Id, Description, Layer) values (12637, 'resources//img/Cuff/Cuff-Closeup-Lyr04-BevDbButton-Button.0010.png', 04);
insert into Category_Zoom (Category_Id, Zoom_Id) values (6, 12637);
insert into Zoom_Inventory_Attribute (Zoom_Id, Inventory_Attribute_Id) values (12637, 45);
-- Final Index and Final Name: button--0010 Key: button0010
insert into Zoom_Inventory_Attribute (Zoom_Id, Inventory_Attribute_Id) values (12637, 26);
insert into Zoom (Id, Description, Layer) values (12638, 'resources//img/Cuff/Cuff-Closeup-Lyr04-BevDbButton-Button.0011.png', 04);
insert into Category_Zoom (Category_Id, Zoom_Id) values (6, 12638);
insert into Zoom_Inventory_Attribute (Zoom_Id, Inventory_Attribute_Id) values (12638, 45);
-- Final Index and Final Name: button--0011 Key: button0011
insert into Zoom_Inventory_Attribute (Zoom_Id, Inventory_Attribute_Id) values (12638, 27);
insert into Zoom (Id, Description, Layer) values (12639, 'resources//img/Cuff/Cuff-Closeup-Lyr04-BevDbButton-Button.0012.png', 04);
insert into Category_Zoom (Category_Id, Zoom_Id) values (6, 12639);
insert into Zoom_Inventory_Attribute (Zoom_Id, Inventory_Attribute_Id) values (12639, 45);
-- Final Index and Final Name: button--0012 Key: button0012
insert into Zoom_Inventory_Attribute (Zoom_Id, Inventory_Attribute_Id) values (12639, 28);
insert into Zoom (Id, Description, Layer) values (12640, 'resources//img/Cuff/Cuff-Closeup-Lyr04-BevDbButton-Button.0013.png', 04);
insert into Category_Zoom (Category_Id, Zoom_Id) values (6, 12640);
insert into Zoom_Inventory_Attribute (Zoom_Id, Inventory_Attribute_Id) values (12640, 45);
-- Final Index and Final Name: button--0013 Key: button0013
insert into Zoom_Inventory_Attribute (Zoom_Id, Inventory_Attribute_Id) values (12640, 29);
insert into Zoom (Id, Description, Layer) values (12641, 'resources//img/Cuff/Cuff-Closeup-Lyr04-BevDbButton-Button.0014.png', 04);
insert into Category_Zoom (Category_Id, Zoom_Id) values (6, 12641);
insert into Zoom_Inventory_Attribute (Zoom_Id, Inventory_Attribute_Id) values (12641, 45);
-- Final Index and Final Name: button--0014 Key: button0014
insert into Zoom_Inventory_Attribute (Zoom_Id, Inventory_Attribute_Id) values (12641, 30);
insert into Zoom (Id, Description, Layer) values (12642, 'resources//img/Cuff/Cuff-Closeup-Lyr04-BevDbButton-Button.0015.png', 04);
insert into Category_Zoom (Category_Id, Zoom_Id) values (6, 12642);
insert into Zoom_Inventory_Attribute (Zoom_Id, Inventory_Attribute_Id) values (12642, 45);
-- Final Index and Final Name: button--0015 Key: button0015
insert into Zoom_Inventory_Attribute (Zoom_Id, Inventory_Attribute_Id) values (12642, 31);
insert into Zoom (Id, Description, Layer) values (12643, 'resources//img/Cuff/Cuff-Closeup-Lyr04-BevDbButton-Button.0016.png', 04);
insert into Category_Zoom (Category_Id, Zoom_Id) values (6, 12643);
insert into Zoom_Inventory_Attribute (Zoom_Id, Inventory_Attribute_Id) values (12643, 45);
-- Final Index and Final Name: button--0016 Key: button0016
insert into Zoom_Inventory_Attribute (Zoom_Id, Inventory_Attribute_Id) values (12643, 32);
insert into Zoom (Id, Description, Layer) values (12644, 'resources//img/Cuff/Cuff-Closeup-Lyr04-BevDbButton-Button.0017.png', 04);
insert into Category_Zoom (Category_Id, Zoom_Id) values (6, 12644);
insert into Zoom_Inventory_Attribute (Zoom_Id, Inventory_Attribute_Id) values (12644, 45);
-- Final Index and Final Name: button--0017 Key: button0017
insert into Zoom_Inventory_Attribute (Zoom_Id, Inventory_Attribute_Id) values (12644, 33);
insert into Zoom (Id, Description, Layer) values (12645, 'resources//img/Cuff/Cuff-Closeup-Lyr04-BevFrench-Button.0001.png', 04);
insert into Category_Zoom (Category_Id, Zoom_Id) values (6, 12645);
insert into Zoom_Inventory_Attribute (Zoom_Id, Inventory_Attribute_Id) values (12645, 46);
-- Final Index and Final Name: button--0001 Key: button0001
insert into Zoom_Inventory_Attribute (Zoom_Id, Inventory_Attribute_Id) values (12645, 17);
insert into Zoom (Id, Description, Layer) values (12646, 'resources//img/Cuff/Cuff-Closeup-Lyr04-BevFrench-Button.0002.png', 04);
insert into Category_Zoom (Category_Id, Zoom_Id) values (6, 12646);
insert into Zoom_Inventory_Attribute (Zoom_Id, Inventory_Attribute_Id) values (12646, 46);
-- Final Index and Final Name: button--0002 Key: button0002
insert into Zoom_Inventory_Attribute (Zoom_Id, Inventory_Attribute_Id) values (12646, 18);
insert into Zoom (Id, Description, Layer) values (12647, 'resources//img/Cuff/Cuff-Closeup-Lyr04-BevFrench-Button.0003.png', 04);
insert into Category_Zoom (Category_Id, Zoom_Id) values (6, 12647);
insert into Zoom_Inventory_Attribute (Zoom_Id, Inventory_Attribute_Id) values (12647, 46);
-- Final Index and Final Name: button--0003 Key: button0003
insert into Zoom_Inventory_Attribute (Zoom_Id, Inventory_Attribute_Id) values (12647, 19);
insert into Zoom (Id, Description, Layer) values (12648, 'resources//img/Cuff/Cuff-Closeup-Lyr04-BevFrench-Button.0004.png', 04);
insert into Category_Zoom (Category_Id, Zoom_Id) values (6, 12648);
insert into Zoom_Inventory_Attribute (Zoom_Id, Inventory_Attribute_Id) values (12648, 46);
-- Final Index and Final Name: button--0004 Key: button0004
insert into Zoom_Inventory_Attribute (Zoom_Id, Inventory_Attribute_Id) values (12648, 20);
insert into Zoom (Id, Description, Layer) values (12649, 'resources//img/Cuff/Cuff-Closeup-Lyr04-BevFrench-Button.0005.png', 04);
insert into Category_Zoom (Category_Id, Zoom_Id) values (6, 12649);
insert into Zoom_Inventory_Attribute (Zoom_Id, Inventory_Attribute_Id) values (12649, 46);
-- Final Index and Final Name: button--0005 Key: button0005
insert into Zoom_Inventory_Attribute (Zoom_Id, Inventory_Attribute_Id) values (12649, 21);
insert into Zoom (Id, Description, Layer) values (12650, 'resources//img/Cuff/Cuff-Closeup-Lyr04-BevFrench-Button.0006.png', 04);
insert into Category_Zoom (Category_Id, Zoom_Id) values (6, 12650);
insert into Zoom_Inventory_Attribute (Zoom_Id, Inventory_Attribute_Id) values (12650, 46);
-- Final Index and Final Name: button--0006 Key: button0006
insert into Zoom_Inventory_Attribute (Zoom_Id, Inventory_Attribute_Id) values (12650, 22);
insert into Zoom (Id, Description, Layer) values (12651, 'resources//img/Cuff/Cuff-Closeup-Lyr04-BevFrench-Button.0007.png', 04);
insert into Category_Zoom (Category_Id, Zoom_Id) values (6, 12651);
insert into Zoom_Inventory_Attribute (Zoom_Id, Inventory_Attribute_Id) values (12651, 46);
-- Final Index and Final Name: button--0007 Key: button0007
insert into Zoom_Inventory_Attribute (Zoom_Id, Inventory_Attribute_Id) values (12651, 23);
insert into Zoom (Id, Description, Layer) values (12652, 'resources//img/Cuff/Cuff-Closeup-Lyr04-BevFrench-Button.0008.png', 04);
insert into Category_Zoom (Category_Id, Zoom_Id) values (6, 12652);
insert into Zoom_Inventory_Attribute (Zoom_Id, Inventory_Attribute_Id) values (12652, 46);
-- Final Index and Final Name: button--0008 Key: button0008
insert into Zoom_Inventory_Attribute (Zoom_Id, Inventory_Attribute_Id) values (12652, 24);
insert into Zoom (Id, Description, Layer) values (12653, 'resources//img/Cuff/Cuff-Closeup-Lyr04-BevFrench-Button.0009.png', 04);
insert into Category_Zoom (Category_Id, Zoom_Id) values (6, 12653);
insert into Zoom_Inventory_Attribute (Zoom_Id, Inventory_Attribute_Id) values (12653, 46);
-- Final Index and Final Name: button--0009 Key: button0009
insert into Zoom_Inventory_Attribute (Zoom_Id, Inventory_Attribute_Id) values (12653, 25);
insert into Zoom (Id, Description, Layer) values (12654, 'resources//img/Cuff/Cuff-Closeup-Lyr04-BevFrench-Button.0010.png', 04);
insert into Category_Zoom (Category_Id, Zoom_Id) values (6, 12654);
insert into Zoom_Inventory_Attribute (Zoom_Id, Inventory_Attribute_Id) values (12654, 46);
-- Final Index and Final Name: button--0010 Key: button0010
insert into Zoom_Inventory_Attribute (Zoom_Id, Inventory_Attribute_Id) values (12654, 26);
insert into Zoom (Id, Description, Layer) values (12655, 'resources//img/Cuff/Cuff-Closeup-Lyr04-BevFrench-Button.0011.png', 04);
insert into Category_Zoom (Category_Id, Zoom_Id) values (6, 12655);
insert into Zoom_Inventory_Attribute (Zoom_Id, Inventory_Attribute_Id) values (12655, 46);
-- Final Index and Final Name: button--0011 Key: button0011
insert into Zoom_Inventory_Attribute (Zoom_Id, Inventory_Attribute_Id) values (12655, 27);
insert into Zoom (Id, Description, Layer) values (12656, 'resources//img/Cuff/Cuff-Closeup-Lyr04-BevFrench-Button.0012.png', 04);
insert into Category_Zoom (Category_Id, Zoom_Id) values (6, 12656);
insert into Zoom_Inventory_Attribute (Zoom_Id, Inventory_Attribute_Id) values (12656, 46);
-- Final Index and Final Name: button--0012 Key: button0012
insert into Zoom_Inventory_Attribute (Zoom_Id, Inventory_Attribute_Id) values (12656, 28);
insert into Zoom (Id, Description, Layer) values (12657, 'resources//img/Cuff/Cuff-Closeup-Lyr04-BevFrench-Button.0013.png', 04);
insert into Category_Zoom (Category_Id, Zoom_Id) values (6, 12657);
insert into Zoom_Inventory_Attribute (Zoom_Id, Inventory_Attribute_Id) values (12657, 46);
-- Final Index and Final Name: button--0013 Key: button0013
insert into Zoom_Inventory_Attribute (Zoom_Id, Inventory_Attribute_Id) values (12657, 29);
insert into Zoom (Id, Description, Layer) values (12658, 'resources//img/Cuff/Cuff-Closeup-Lyr04-BevFrench-Button.0014.png', 04);
insert into Category_Zoom (Category_Id, Zoom_Id) values (6, 12658);
insert into Zoom_Inventory_Attribute (Zoom_Id, Inventory_Attribute_Id) values (12658, 46);
-- Final Index and Final Name: button--0014 Key: button0014
insert into Zoom_Inventory_Attribute (Zoom_Id, Inventory_Attribute_Id) values (12658, 30);
insert into Zoom (Id, Description, Layer) values (12659, 'resources//img/Cuff/Cuff-Closeup-Lyr04-BevFrench-Button.0015.png', 04);
insert into Category_Zoom (Category_Id, Zoom_Id) values (6, 12659);
insert into Zoom_Inventory_Attribute (Zoom_Id, Inventory_Attribute_Id) values (12659, 46);
-- Final Index and Final Name: button--0015 Key: button0015
insert into Zoom_Inventory_Attribute (Zoom_Id, Inventory_Attribute_Id) values (12659, 31);
insert into Zoom (Id, Description, Layer) values (12660, 'resources//img/Cuff/Cuff-Closeup-Lyr04-BevFrench-Button.0016.png', 04);
insert into Category_Zoom (Category_Id, Zoom_Id) values (6, 12660);
insert into Zoom_Inventory_Attribute (Zoom_Id, Inventory_Attribute_Id) values (12660, 46);
-- Final Index and Final Name: button--0016 Key: button0016
insert into Zoom_Inventory_Attribute (Zoom_Id, Inventory_Attribute_Id) values (12660, 32);
insert into Zoom (Id, Description, Layer) values (12661, 'resources//img/Cuff/Cuff-Closeup-Lyr04-BevFrench-Button.0017.png', 04);
insert into Category_Zoom (Category_Id, Zoom_Id) values (6, 12661);
insert into Zoom_Inventory_Attribute (Zoom_Id, Inventory_Attribute_Id) values (12661, 46);
-- Final Index and Final Name: button--0017 Key: button0017
insert into Zoom_Inventory_Attribute (Zoom_Id, Inventory_Attribute_Id) values (12661, 33);
insert into Zoom (Id, Description, Layer) values (12662, 'resources//img/Cuff/Cuff-Closeup-Lyr04-BevNarrow-Button.0001.png', 04);
insert into Category_Zoom (Category_Id, Zoom_Id) values (6, 12662);
insert into Zoom_Inventory_Attribute (Zoom_Id, Inventory_Attribute_Id) values (12662, 47);
-- Final Index and Final Name: button--0001 Key: button0001
insert into Zoom_Inventory_Attribute (Zoom_Id, Inventory_Attribute_Id) values (12662, 17);
insert into Zoom (Id, Description, Layer) values (12663, 'resources//img/Cuff/Cuff-Closeup-Lyr04-BevNarrow-Button.0002.png', 04);
insert into Category_Zoom (Category_Id, Zoom_Id) values (6, 12663);
insert into Zoom_Inventory_Attribute (Zoom_Id, Inventory_Attribute_Id) values (12663, 47);
-- Final Index and Final Name: button--0002 Key: button0002
insert into Zoom_Inventory_Attribute (Zoom_Id, Inventory_Attribute_Id) values (12663, 18);
insert into Zoom (Id, Description, Layer) values (12664, 'resources//img/Cuff/Cuff-Closeup-Lyr04-BevNarrow-Button.0003.png', 04);
insert into Category_Zoom (Category_Id, Zoom_Id) values (6, 12664);
insert into Zoom_Inventory_Attribute (Zoom_Id, Inventory_Attribute_Id) values (12664, 47);
-- Final Index and Final Name: button--0003 Key: button0003
insert into Zoom_Inventory_Attribute (Zoom_Id, Inventory_Attribute_Id) values (12664, 19);
insert into Zoom (Id, Description, Layer) values (12665, 'resources//img/Cuff/Cuff-Closeup-Lyr04-BevNarrow-Button.0004.png', 04);
insert into Category_Zoom (Category_Id, Zoom_Id) values (6, 12665);
insert into Zoom_Inventory_Attribute (Zoom_Id, Inventory_Attribute_Id) values (12665, 47);
-- Final Index and Final Name: button--0004 Key: button0004
insert into Zoom_Inventory_Attribute (Zoom_Id, Inventory_Attribute_Id) values (12665, 20);
insert into Zoom (Id, Description, Layer) values (12666, 'resources//img/Cuff/Cuff-Closeup-Lyr04-BevNarrow-Button.0005.png', 04);
insert into Category_Zoom (Category_Id, Zoom_Id) values (6, 12666);
insert into Zoom_Inventory_Attribute (Zoom_Id, Inventory_Attribute_Id) values (12666, 47);
-- Final Index and Final Name: button--0005 Key: button0005
insert into Zoom_Inventory_Attribute (Zoom_Id, Inventory_Attribute_Id) values (12666, 21);
insert into Zoom (Id, Description, Layer) values (12667, 'resources//img/Cuff/Cuff-Closeup-Lyr04-BevNarrow-Button.0006.png', 04);
insert into Category_Zoom (Category_Id, Zoom_Id) values (6, 12667);
insert into Zoom_Inventory_Attribute (Zoom_Id, Inventory_Attribute_Id) values (12667, 47);
-- Final Index and Final Name: button--0006 Key: button0006
insert into Zoom_Inventory_Attribute (Zoom_Id, Inventory_Attribute_Id) values (12667, 22);
insert into Zoom (Id, Description, Layer) values (12668, 'resources//img/Cuff/Cuff-Closeup-Lyr04-BevNarrow-Button.0007.png', 04);
insert into Category_Zoom (Category_Id, Zoom_Id) values (6, 12668);
insert into Zoom_Inventory_Attribute (Zoom_Id, Inventory_Attribute_Id) values (12668, 47);
-- Final Index and Final Name: button--0007 Key: button0007
insert into Zoom_Inventory_Attribute (Zoom_Id, Inventory_Attribute_Id) values (12668, 23);
insert into Zoom (Id, Description, Layer) values (12669, 'resources//img/Cuff/Cuff-Closeup-Lyr04-BevNarrow-Button.0008.png', 04);
insert into Category_Zoom (Category_Id, Zoom_Id) values (6, 12669);
insert into Zoom_Inventory_Attribute (Zoom_Id, Inventory_Attribute_Id) values (12669, 47);
-- Final Index and Final Name: button--0008 Key: button0008
insert into Zoom_Inventory_Attribute (Zoom_Id, Inventory_Attribute_Id) values (12669, 24);
insert into Zoom (Id, Description, Layer) values (12670, 'resources//img/Cuff/Cuff-Closeup-Lyr04-BevNarrow-Button.0009.png', 04);
insert into Category_Zoom (Category_Id, Zoom_Id) values (6, 12670);
insert into Zoom_Inventory_Attribute (Zoom_Id, Inventory_Attribute_Id) values (12670, 47);
-- Final Index and Final Name: button--0009 Key: button0009
insert into Zoom_Inventory_Attribute (Zoom_Id, Inventory_Attribute_Id) values (12670, 25);
insert into Zoom (Id, Description, Layer) values (12671, 'resources//img/Cuff/Cuff-Closeup-Lyr04-BevNarrow-Button.0010.png', 04);
insert into Category_Zoom (Category_Id, Zoom_Id) values (6, 12671);
insert into Zoom_Inventory_Attribute (Zoom_Id, Inventory_Attribute_Id) values (12671, 47);
-- Final Index and Final Name: button--0010 Key: button0010
insert into Zoom_Inventory_Attribute (Zoom_Id, Inventory_Attribute_Id) values (12671, 26);
insert into Zoom (Id, Description, Layer) values (12672, 'resources//img/Cuff/Cuff-Closeup-Lyr04-BevNarrow-Button.0011.png', 04);
insert into Category_Zoom (Category_Id, Zoom_Id) values (6, 12672);
insert into Zoom_Inventory_Attribute (Zoom_Id, Inventory_Attribute_Id) values (12672, 47);
-- Final Index and Final Name: button--0011 Key: button0011
insert into Zoom_Inventory_Attribute (Zoom_Id, Inventory_Attribute_Id) values (12672, 27);
insert into Zoom (Id, Description, Layer) values (12673, 'resources//img/Cuff/Cuff-Closeup-Lyr04-BevNarrow-Button.0012.png', 04);
insert into Category_Zoom (Category_Id, Zoom_Id) values (6, 12673);
insert into Zoom_Inventory_Attribute (Zoom_Id, Inventory_Attribute_Id) values (12673, 47);
-- Final Index and Final Name: button--0012 Key: button0012
insert into Zoom_Inventory_Attribute (Zoom_Id, Inventory_Attribute_Id) values (12673, 28);
insert into Zoom (Id, Description, Layer) values (12674, 'resources//img/Cuff/Cuff-Closeup-Lyr04-BevNarrow-Button.0013.png', 04);
insert into Category_Zoom (Category_Id, Zoom_Id) values (6, 12674);
insert into Zoom_Inventory_Attribute (Zoom_Id, Inventory_Attribute_Id) values (12674, 47);
-- Final Index and Final Name: button--0013 Key: button0013
insert into Zoom_Inventory_Attribute (Zoom_Id, Inventory_Attribute_Id) values (12674, 29);
insert into Zoom (Id, Description, Layer) values (12675, 'resources//img/Cuff/Cuff-Closeup-Lyr04-BevNarrow-Button.0014.png', 04);
insert into Category_Zoom (Category_Id, Zoom_Id) values (6, 12675);
insert into Zoom_Inventory_Attribute (Zoom_Id, Inventory_Attribute_Id) values (12675, 47);
-- Final Index and Final Name: button--0014 Key: button0014
insert into Zoom_Inventory_Attribute (Zoom_Id, Inventory_Attribute_Id) values (12675, 30);
insert into Zoom (Id, Description, Layer) values (12676, 'resources//img/Cuff/Cuff-Closeup-Lyr04-BevNarrow-Button.0015.png', 04);
insert into Category_Zoom (Category_Id, Zoom_Id) values (6, 12676);
insert into Zoom_Inventory_Attribute (Zoom_Id, Inventory_Attribute_Id) values (12676, 47);
-- Final Index and Final Name: button--0015 Key: button0015
insert into Zoom_Inventory_Attribute (Zoom_Id, Inventory_Attribute_Id) values (12676, 31);
insert into Zoom (Id, Description, Layer) values (12677, 'resources//img/Cuff/Cuff-Closeup-Lyr04-BevNarrow-Button.0016.png', 04);
insert into Category_Zoom (Category_Id, Zoom_Id) values (6, 12677);
insert into Zoom_Inventory_Attribute (Zoom_Id, Inventory_Attribute_Id) values (12677, 47);
-- Final Index and Final Name: button--0016 Key: button0016
insert into Zoom_Inventory_Attribute (Zoom_Id, Inventory_Attribute_Id) values (12677, 32);
insert into Zoom (Id, Description, Layer) values (12678, 'resources//img/Cuff/Cuff-Closeup-Lyr04-BevNarrow-Button.0017.png', 04);
insert into Category_Zoom (Category_Id, Zoom_Id) values (6, 12678);
insert into Zoom_Inventory_Attribute (Zoom_Id, Inventory_Attribute_Id) values (12678, 47);
-- Final Index and Final Name: button--0017 Key: button0017
insert into Zoom_Inventory_Attribute (Zoom_Id, Inventory_Attribute_Id) values (12678, 33);
insert into Zoom (Id, Description, Layer) values (12679, 'resources//img/Cuff/Cuff-Closeup-Lyr04-BevSingButton-Button.0001.png', 04);
insert into Category_Zoom (Category_Id, Zoom_Id) values (6, 12679);
insert into Zoom_Inventory_Attribute (Zoom_Id, Inventory_Attribute_Id) values (12679, 49);
-- Final Index and Final Name: button--0001 Key: button0001
insert into Zoom_Inventory_Attribute (Zoom_Id, Inventory_Attribute_Id) values (12679, 17);
insert into Zoom (Id, Description, Layer) values (12680, 'resources//img/Cuff/Cuff-Closeup-Lyr04-BevSingButton-Button.0002.png', 04);
insert into Category_Zoom (Category_Id, Zoom_Id) values (6, 12680);
insert into Zoom_Inventory_Attribute (Zoom_Id, Inventory_Attribute_Id) values (12680, 49);
-- Final Index and Final Name: button--0002 Key: button0002
insert into Zoom_Inventory_Attribute (Zoom_Id, Inventory_Attribute_Id) values (12680, 18);
insert into Zoom (Id, Description, Layer) values (12681, 'resources//img/Cuff/Cuff-Closeup-Lyr04-BevSingButton-Button.0003.png', 04);
insert into Category_Zoom (Category_Id, Zoom_Id) values (6, 12681);
insert into Zoom_Inventory_Attribute (Zoom_Id, Inventory_Attribute_Id) values (12681, 49);
-- Final Index and Final Name: button--0003 Key: button0003
insert into Zoom_Inventory_Attribute (Zoom_Id, Inventory_Attribute_Id) values (12681, 19);
insert into Zoom (Id, Description, Layer) values (12682, 'resources//img/Cuff/Cuff-Closeup-Lyr04-BevSingButton-Button.0004.png', 04);
insert into Category_Zoom (Category_Id, Zoom_Id) values (6, 12682);
insert into Zoom_Inventory_Attribute (Zoom_Id, Inventory_Attribute_Id) values (12682, 49);
-- Final Index and Final Name: button--0004 Key: button0004
insert into Zoom_Inventory_Attribute (Zoom_Id, Inventory_Attribute_Id) values (12682, 20);
insert into Zoom (Id, Description, Layer) values (12683, 'resources//img/Cuff/Cuff-Closeup-Lyr04-BevSingButton-Button.0005.png', 04);
insert into Category_Zoom (Category_Id, Zoom_Id) values (6, 12683);
insert into Zoom_Inventory_Attribute (Zoom_Id, Inventory_Attribute_Id) values (12683, 49);
-- Final Index and Final Name: button--0005 Key: button0005
insert into Zoom_Inventory_Attribute (Zoom_Id, Inventory_Attribute_Id) values (12683, 21);
insert into Zoom (Id, Description, Layer) values (12684, 'resources//img/Cuff/Cuff-Closeup-Lyr04-BevSingButton-Button.0006.png', 04);
insert into Category_Zoom (Category_Id, Zoom_Id) values (6, 12684);
insert into Zoom_Inventory_Attribute (Zoom_Id, Inventory_Attribute_Id) values (12684, 49);
-- Final Index and Final Name: button--0006 Key: button0006
insert into Zoom_Inventory_Attribute (Zoom_Id, Inventory_Attribute_Id) values (12684, 22);
insert into Zoom (Id, Description, Layer) values (12685, 'resources//img/Cuff/Cuff-Closeup-Lyr04-BevSingButton-Button.0007.png', 04);
insert into Category_Zoom (Category_Id, Zoom_Id) values (6, 12685);
insert into Zoom_Inventory_Attribute (Zoom_Id, Inventory_Attribute_Id) values (12685, 49);
-- Final Index and Final Name: button--0007 Key: button0007
insert into Zoom_Inventory_Attribute (Zoom_Id, Inventory_Attribute_Id) values (12685, 23);
insert into Zoom (Id, Description, Layer) values (12686, 'resources//img/Cuff/Cuff-Closeup-Lyr04-BevSingButton-Button.0008.png', 04);
insert into Category_Zoom (Category_Id, Zoom_Id) values (6, 12686);
insert into Zoom_Inventory_Attribute (Zoom_Id, Inventory_Attribute_Id) values (12686, 49);
-- Final Index and Final Name: button--0008 Key: button0008
insert into Zoom_Inventory_Attribute (Zoom_Id, Inventory_Attribute_Id) values (12686, 24);
insert into Zoom (Id, Description, Layer) values (12687, 'resources//img/Cuff/Cuff-Closeup-Lyr04-BevSingButton-Button.0009.png', 04);
insert into Category_Zoom (Category_Id, Zoom_Id) values (6, 12687);
insert into Zoom_Inventory_Attribute (Zoom_Id, Inventory_Attribute_Id) values (12687, 49);
-- Final Index and Final Name: button--0009 Key: button0009
insert into Zoom_Inventory_Attribute (Zoom_Id, Inventory_Attribute_Id) values (12687, 25);
insert into Zoom (Id, Description, Layer) values (12688, 'resources//img/Cuff/Cuff-Closeup-Lyr04-BevSingButton-Button.0010.png', 04);
insert into Category_Zoom (Category_Id, Zoom_Id) values (6, 12688);
insert into Zoom_Inventory_Attribute (Zoom_Id, Inventory_Attribute_Id) values (12688, 49);
-- Final Index and Final Name: button--0010 Key: button0010
insert into Zoom_Inventory_Attribute (Zoom_Id, Inventory_Attribute_Id) values (12688, 26);
insert into Zoom (Id, Description, Layer) values (12689, 'resources//img/Cuff/Cuff-Closeup-Lyr04-BevSingButton-Button.0011.png', 04);
insert into Category_Zoom (Category_Id, Zoom_Id) values (6, 12689);
insert into Zoom_Inventory_Attribute (Zoom_Id, Inventory_Attribute_Id) values (12689, 49);
-- Final Index and Final Name: button--0011 Key: button0011
insert into Zoom_Inventory_Attribute (Zoom_Id, Inventory_Attribute_Id) values (12689, 27);
insert into Zoom (Id, Description, Layer) values (12690, 'resources//img/Cuff/Cuff-Closeup-Lyr04-BevSingButton-Button.0012.png', 04);
insert into Category_Zoom (Category_Id, Zoom_Id) values (6, 12690);
insert into Zoom_Inventory_Attribute (Zoom_Id, Inventory_Attribute_Id) values (12690, 49);
-- Final Index and Final Name: button--0012 Key: button0012
insert into Zoom_Inventory_Attribute (Zoom_Id, Inventory_Attribute_Id) values (12690, 28);
insert into Zoom (Id, Description, Layer) values (12691, 'resources//img/Cuff/Cuff-Closeup-Lyr04-BevSingButton-Button.0013.png', 04);
insert into Category_Zoom (Category_Id, Zoom_Id) values (6, 12691);
insert into Zoom_Inventory_Attribute (Zoom_Id, Inventory_Attribute_Id) values (12691, 49);
-- Final Index and Final Name: button--0013 Key: button0013
insert into Zoom_Inventory_Attribute (Zoom_Id, Inventory_Attribute_Id) values (12691, 29);
insert into Zoom (Id, Description, Layer) values (12692, 'resources//img/Cuff/Cuff-Closeup-Lyr04-BevSingButton-Button.0014.png', 04);
insert into Category_Zoom (Category_Id, Zoom_Id) values (6, 12692);
insert into Zoom_Inventory_Attribute (Zoom_Id, Inventory_Attribute_Id) values (12692, 49);
-- Final Index and Final Name: button--0014 Key: button0014
insert into Zoom_Inventory_Attribute (Zoom_Id, Inventory_Attribute_Id) values (12692, 30);
insert into Zoom (Id, Description, Layer) values (12693, 'resources//img/Cuff/Cuff-Closeup-Lyr04-BevSingButton-Button.0015.png', 04);
insert into Category_Zoom (Category_Id, Zoom_Id) values (6, 12693);
insert into Zoom_Inventory_Attribute (Zoom_Id, Inventory_Attribute_Id) values (12693, 49);
-- Final Index and Final Name: button--0015 Key: button0015
insert into Zoom_Inventory_Attribute (Zoom_Id, Inventory_Attribute_Id) values (12693, 31);
insert into Zoom (Id, Description, Layer) values (12694, 'resources//img/Cuff/Cuff-Closeup-Lyr04-BevSingButton-Button.0016.png', 04);
insert into Category_Zoom (Category_Id, Zoom_Id) values (6, 12694);
insert into Zoom_Inventory_Attribute (Zoom_Id, Inventory_Attribute_Id) values (12694, 49);
-- Final Index and Final Name: button--0016 Key: button0016
insert into Zoom_Inventory_Attribute (Zoom_Id, Inventory_Attribute_Id) values (12694, 32);
insert into Zoom (Id, Description, Layer) values (12695, 'resources//img/Cuff/Cuff-Closeup-Lyr04-BevSingButton-Button.0017.png', 04);
insert into Category_Zoom (Category_Id, Zoom_Id) values (6, 12695);
insert into Zoom_Inventory_Attribute (Zoom_Id, Inventory_Attribute_Id) values (12695, 49);
-- Final Index and Final Name: button--0017 Key: button0017
insert into Zoom_Inventory_Attribute (Zoom_Id, Inventory_Attribute_Id) values (12695, 33);
insert into Zoom (Id, Description, Layer) values (12696, 'resources//img/Cuff/Cuff-Closeup-Lyr04-BevTrpButton-Button.0001.png', 04);
insert into Category_Zoom (Category_Id, Zoom_Id) values (6, 12696);
insert into Zoom_Inventory_Attribute (Zoom_Id, Inventory_Attribute_Id) values (12696, 50);
-- Final Index and Final Name: button--0001 Key: button0001
insert into Zoom_Inventory_Attribute (Zoom_Id, Inventory_Attribute_Id) values (12696, 17);
insert into Zoom (Id, Description, Layer) values (12697, 'resources//img/Cuff/Cuff-Closeup-Lyr04-BevTrpButton-Button.0002.png', 04);
insert into Category_Zoom (Category_Id, Zoom_Id) values (6, 12697);
insert into Zoom_Inventory_Attribute (Zoom_Id, Inventory_Attribute_Id) values (12697, 50);
-- Final Index and Final Name: button--0002 Key: button0002
insert into Zoom_Inventory_Attribute (Zoom_Id, Inventory_Attribute_Id) values (12697, 18);
insert into Zoom (Id, Description, Layer) values (12698, 'resources//img/Cuff/Cuff-Closeup-Lyr04-BevTrpButton-Button.0003.png', 04);
insert into Category_Zoom (Category_Id, Zoom_Id) values (6, 12698);
insert into Zoom_Inventory_Attribute (Zoom_Id, Inventory_Attribute_Id) values (12698, 50);
-- Final Index and Final Name: button--0003 Key: button0003
insert into Zoom_Inventory_Attribute (Zoom_Id, Inventory_Attribute_Id) values (12698, 19);
insert into Zoom (Id, Description, Layer) values (12699, 'resources//img/Cuff/Cuff-Closeup-Lyr04-BevTrpButton-Button.0004.png', 04);
insert into Category_Zoom (Category_Id, Zoom_Id) values (6, 12699);
insert into Zoom_Inventory_Attribute (Zoom_Id, Inventory_Attribute_Id) values (12699, 50);
-- Final Index and Final Name: button--0004 Key: button0004
insert into Zoom_Inventory_Attribute (Zoom_Id, Inventory_Attribute_Id) values (12699, 20);
insert into Zoom (Id, Description, Layer) values (12700, 'resources//img/Cuff/Cuff-Closeup-Lyr04-BevTrpButton-Button.0005.png', 04);
insert into Category_Zoom (Category_Id, Zoom_Id) values (6, 12700);
insert into Zoom_Inventory_Attribute (Zoom_Id, Inventory_Attribute_Id) values (12700, 50);
-- Final Index and Final Name: button--0005 Key: button0005
insert into Zoom_Inventory_Attribute (Zoom_Id, Inventory_Attribute_Id) values (12700, 21);
insert into Zoom (Id, Description, Layer) values (12701, 'resources//img/Cuff/Cuff-Closeup-Lyr04-BevTrpButton-Button.0006.png', 04);
insert into Category_Zoom (Category_Id, Zoom_Id) values (6, 12701);
insert into Zoom_Inventory_Attribute (Zoom_Id, Inventory_Attribute_Id) values (12701, 50);
-- Final Index and Final Name: button--0006 Key: button0006
insert into Zoom_Inventory_Attribute (Zoom_Id, Inventory_Attribute_Id) values (12701, 22);
insert into Zoom (Id, Description, Layer) values (12702, 'resources//img/Cuff/Cuff-Closeup-Lyr04-BevTrpButton-Button.0007.png', 04);
insert into Category_Zoom (Category_Id, Zoom_Id) values (6, 12702);
insert into Zoom_Inventory_Attribute (Zoom_Id, Inventory_Attribute_Id) values (12702, 50);
-- Final Index and Final Name: button--0007 Key: button0007
insert into Zoom_Inventory_Attribute (Zoom_Id, Inventory_Attribute_Id) values (12702, 23);
insert into Zoom (Id, Description, Layer) values (12703, 'resources//img/Cuff/Cuff-Closeup-Lyr04-BevTrpButton-Button.0008.png', 04);
insert into Category_Zoom (Category_Id, Zoom_Id) values (6, 12703);
insert into Zoom_Inventory_Attribute (Zoom_Id, Inventory_Attribute_Id) values (12703, 50);
-- Final Index and Final Name: button--0008 Key: button0008
insert into Zoom_Inventory_Attribute (Zoom_Id, Inventory_Attribute_Id) values (12703, 24);
insert into Zoom (Id, Description, Layer) values (12704, 'resources//img/Cuff/Cuff-Closeup-Lyr04-BevTrpButton-Button.0009.png', 04);
insert into Category_Zoom (Category_Id, Zoom_Id) values (6, 12704);
insert into Zoom_Inventory_Attribute (Zoom_Id, Inventory_Attribute_Id) values (12704, 50);
-- Final Index and Final Name: button--0009 Key: button0009
insert into Zoom_Inventory_Attribute (Zoom_Id, Inventory_Attribute_Id) values (12704, 25);
insert into Zoom (Id, Description, Layer) values (12705, 'resources//img/Cuff/Cuff-Closeup-Lyr04-BevTrpButton-Button.0010.png', 04);
insert into Category_Zoom (Category_Id, Zoom_Id) values (6, 12705);
insert into Zoom_Inventory_Attribute (Zoom_Id, Inventory_Attribute_Id) values (12705, 50);
-- Final Index and Final Name: button--0010 Key: button0010
insert into Zoom_Inventory_Attribute (Zoom_Id, Inventory_Attribute_Id) values (12705, 26);
insert into Zoom (Id, Description, Layer) values (12706, 'resources//img/Cuff/Cuff-Closeup-Lyr04-BevTrpButton-Button.0011.png', 04);
insert into Category_Zoom (Category_Id, Zoom_Id) values (6, 12706);
insert into Zoom_Inventory_Attribute (Zoom_Id, Inventory_Attribute_Id) values (12706, 50);
-- Final Index and Final Name: button--0011 Key: button0011
insert into Zoom_Inventory_Attribute (Zoom_Id, Inventory_Attribute_Id) values (12706, 27);
insert into Zoom (Id, Description, Layer) values (12707, 'resources//img/Cuff/Cuff-Closeup-Lyr04-BevTrpButton-Button.0012.png', 04);
insert into Category_Zoom (Category_Id, Zoom_Id) values (6, 12707);
insert into Zoom_Inventory_Attribute (Zoom_Id, Inventory_Attribute_Id) values (12707, 50);
-- Final Index and Final Name: button--0012 Key: button0012
insert into Zoom_Inventory_Attribute (Zoom_Id, Inventory_Attribute_Id) values (12707, 28);
insert into Zoom (Id, Description, Layer) values (12708, 'resources//img/Cuff/Cuff-Closeup-Lyr04-BevTrpButton-Button.0013.png', 04);
insert into Category_Zoom (Category_Id, Zoom_Id) values (6, 12708);
insert into Zoom_Inventory_Attribute (Zoom_Id, Inventory_Attribute_Id) values (12708, 50);
-- Final Index and Final Name: button--0013 Key: button0013
insert into Zoom_Inventory_Attribute (Zoom_Id, Inventory_Attribute_Id) values (12708, 29);
insert into Zoom (Id, Description, Layer) values (12709, 'resources//img/Cuff/Cuff-Closeup-Lyr04-BevTrpButton-Button.0014.png', 04);
insert into Category_Zoom (Category_Id, Zoom_Id) values (6, 12709);
insert into Zoom_Inventory_Attribute (Zoom_Id, Inventory_Attribute_Id) values (12709, 50);
-- Final Index and Final Name: button--0014 Key: button0014
insert into Zoom_Inventory_Attribute (Zoom_Id, Inventory_Attribute_Id) values (12709, 30);
insert into Zoom (Id, Description, Layer) values (12710, 'resources//img/Cuff/Cuff-Closeup-Lyr04-BevTrpButton-Button.0015.png', 04);
insert into Category_Zoom (Category_Id, Zoom_Id) values (6, 12710);
insert into Zoom_Inventory_Attribute (Zoom_Id, Inventory_Attribute_Id) values (12710, 50);
-- Final Index and Final Name: button--0015 Key: button0015
insert into Zoom_Inventory_Attribute (Zoom_Id, Inventory_Attribute_Id) values (12710, 31);
insert into Zoom (Id, Description, Layer) values (12711, 'resources//img/Cuff/Cuff-Closeup-Lyr04-BevTrpButton-Button.0016.png', 04);
insert into Category_Zoom (Category_Id, Zoom_Id) values (6, 12711);
insert into Zoom_Inventory_Attribute (Zoom_Id, Inventory_Attribute_Id) values (12711, 50);
-- Final Index and Final Name: button--0016 Key: button0016
insert into Zoom_Inventory_Attribute (Zoom_Id, Inventory_Attribute_Id) values (12711, 32);
insert into Zoom (Id, Description, Layer) values (12712, 'resources//img/Cuff/Cuff-Closeup-Lyr04-BevTrpButton-Button.0017.png', 04);
insert into Category_Zoom (Category_Id, Zoom_Id) values (6, 12712);
insert into Zoom_Inventory_Attribute (Zoom_Id, Inventory_Attribute_Id) values (12712, 50);
-- Final Index and Final Name: button--0017 Key: button0017
insert into Zoom_Inventory_Attribute (Zoom_Id, Inventory_Attribute_Id) values (12712, 33);
insert into Zoom (Id, Description, Layer) values (12713, 'resources//img/Cuff/Cuff-Closeup-Lyr04-Neapolitan-Button.0001.png', 04);
insert into Category_Zoom (Category_Id, Zoom_Id) values (6, 12713);
insert into Zoom_Inventory_Attribute (Zoom_Id, Inventory_Attribute_Id) values (12713, 48);
-- Final Index and Final Name: button--0001 Key: button0001
insert into Zoom_Inventory_Attribute (Zoom_Id, Inventory_Attribute_Id) values (12713, 17);
insert into Zoom (Id, Description, Layer) values (12714, 'resources//img/Cuff/Cuff-Closeup-Lyr04-Neapolitan-Button.0002.png', 04);
insert into Category_Zoom (Category_Id, Zoom_Id) values (6, 12714);
insert into Zoom_Inventory_Attribute (Zoom_Id, Inventory_Attribute_Id) values (12714, 48);
-- Final Index and Final Name: button--0002 Key: button0002
insert into Zoom_Inventory_Attribute (Zoom_Id, Inventory_Attribute_Id) values (12714, 18);
insert into Zoom (Id, Description, Layer) values (12715, 'resources//img/Cuff/Cuff-Closeup-Lyr04-Neapolitan-Button.0003.png', 04);
insert into Category_Zoom (Category_Id, Zoom_Id) values (6, 12715);
insert into Zoom_Inventory_Attribute (Zoom_Id, Inventory_Attribute_Id) values (12715, 48);
-- Final Index and Final Name: button--0003 Key: button0003
insert into Zoom_Inventory_Attribute (Zoom_Id, Inventory_Attribute_Id) values (12715, 19);
insert into Zoom (Id, Description, Layer) values (12716, 'resources//img/Cuff/Cuff-Closeup-Lyr04-Neapolitan-Button.0004.png', 04);
insert into Category_Zoom (Category_Id, Zoom_Id) values (6, 12716);
insert into Zoom_Inventory_Attribute (Zoom_Id, Inventory_Attribute_Id) values (12716, 48);
-- Final Index and Final Name: button--0004 Key: button0004
insert into Zoom_Inventory_Attribute (Zoom_Id, Inventory_Attribute_Id) values (12716, 20);
insert into Zoom (Id, Description, Layer) values (12717, 'resources//img/Cuff/Cuff-Closeup-Lyr04-Neapolitan-Button.0005.png', 04);
insert into Category_Zoom (Category_Id, Zoom_Id) values (6, 12717);
insert into Zoom_Inventory_Attribute (Zoom_Id, Inventory_Attribute_Id) values (12717, 48);
-- Final Index and Final Name: button--0005 Key: button0005
insert into Zoom_Inventory_Attribute (Zoom_Id, Inventory_Attribute_Id) values (12717, 21);
insert into Zoom (Id, Description, Layer) values (12718, 'resources//img/Cuff/Cuff-Closeup-Lyr04-Neapolitan-Button.0006.png', 04);
insert into Category_Zoom (Category_Id, Zoom_Id) values (6, 12718);
insert into Zoom_Inventory_Attribute (Zoom_Id, Inventory_Attribute_Id) values (12718, 48);
-- Final Index and Final Name: button--0006 Key: button0006
insert into Zoom_Inventory_Attribute (Zoom_Id, Inventory_Attribute_Id) values (12718, 22);
insert into Zoom (Id, Description, Layer) values (12719, 'resources//img/Cuff/Cuff-Closeup-Lyr04-Neapolitan-Button.0007.png', 04);
insert into Category_Zoom (Category_Id, Zoom_Id) values (6, 12719);
insert into Zoom_Inventory_Attribute (Zoom_Id, Inventory_Attribute_Id) values (12719, 48);
-- Final Index and Final Name: button--0007 Key: button0007
insert into Zoom_Inventory_Attribute (Zoom_Id, Inventory_Attribute_Id) values (12719, 23);
insert into Zoom (Id, Description, Layer) values (12720, 'resources//img/Cuff/Cuff-Closeup-Lyr04-Neapolitan-Button.0008.png', 04);
insert into Category_Zoom (Category_Id, Zoom_Id) values (6, 12720);
insert into Zoom_Inventory_Attribute (Zoom_Id, Inventory_Attribute_Id) values (12720, 48);
-- Final Index and Final Name: button--0008 Key: button0008
insert into Zoom_Inventory_Attribute (Zoom_Id, Inventory_Attribute_Id) values (12720, 24);
insert into Zoom (Id, Description, Layer) values (12721, 'resources//img/Cuff/Cuff-Closeup-Lyr04-Neapolitan-Button.0009.png', 04);
insert into Category_Zoom (Category_Id, Zoom_Id) values (6, 12721);
insert into Zoom_Inventory_Attribute (Zoom_Id, Inventory_Attribute_Id) values (12721, 48);
-- Final Index and Final Name: button--0009 Key: button0009
insert into Zoom_Inventory_Attribute (Zoom_Id, Inventory_Attribute_Id) values (12721, 25);
insert into Zoom (Id, Description, Layer) values (12722, 'resources//img/Cuff/Cuff-Closeup-Lyr04-Neapolitan-Button.0010.png', 04);
insert into Category_Zoom (Category_Id, Zoom_Id) values (6, 12722);
insert into Zoom_Inventory_Attribute (Zoom_Id, Inventory_Attribute_Id) values (12722, 48);
-- Final Index and Final Name: button--0010 Key: button0010
insert into Zoom_Inventory_Attribute (Zoom_Id, Inventory_Attribute_Id) values (12722, 26);
insert into Zoom (Id, Description, Layer) values (12723, 'resources//img/Cuff/Cuff-Closeup-Lyr04-Neapolitan-Button.0011.png', 04);
insert into Category_Zoom (Category_Id, Zoom_Id) values (6, 12723);
insert into Zoom_Inventory_Attribute (Zoom_Id, Inventory_Attribute_Id) values (12723, 48);
-- Final Index and Final Name: button--0011 Key: button0011
insert into Zoom_Inventory_Attribute (Zoom_Id, Inventory_Attribute_Id) values (12723, 27);
insert into Zoom (Id, Description, Layer) values (12724, 'resources//img/Cuff/Cuff-Closeup-Lyr04-Neapolitan-Button.0012.png', 04);
insert into Category_Zoom (Category_Id, Zoom_Id) values (6, 12724);
insert into Zoom_Inventory_Attribute (Zoom_Id, Inventory_Attribute_Id) values (12724, 48);
-- Final Index and Final Name: button--0012 Key: button0012
insert into Zoom_Inventory_Attribute (Zoom_Id, Inventory_Attribute_Id) values (12724, 28);
insert into Zoom (Id, Description, Layer) values (12725, 'resources//img/Cuff/Cuff-Closeup-Lyr04-Neapolitan-Button.0013.png', 04);
insert into Category_Zoom (Category_Id, Zoom_Id) values (6, 12725);
insert into Zoom_Inventory_Attribute (Zoom_Id, Inventory_Attribute_Id) values (12725, 48);
-- Final Index and Final Name: button--0013 Key: button0013
insert into Zoom_Inventory_Attribute (Zoom_Id, Inventory_Attribute_Id) values (12725, 29);
insert into Zoom (Id, Description, Layer) values (12726, 'resources//img/Cuff/Cuff-Closeup-Lyr04-Neapolitan-Button.0014.png', 04);
insert into Category_Zoom (Category_Id, Zoom_Id) values (6, 12726);
insert into Zoom_Inventory_Attribute (Zoom_Id, Inventory_Attribute_Id) values (12726, 48);
-- Final Index and Final Name: button--0014 Key: button0014
insert into Zoom_Inventory_Attribute (Zoom_Id, Inventory_Attribute_Id) values (12726, 30);
insert into Zoom (Id, Description, Layer) values (12727, 'resources//img/Cuff/Cuff-Closeup-Lyr04-Neapolitan-Button.0015.png', 04);
insert into Category_Zoom (Category_Id, Zoom_Id) values (6, 12727);
insert into Zoom_Inventory_Attribute (Zoom_Id, Inventory_Attribute_Id) values (12727, 48);
-- Final Index and Final Name: button--0015 Key: button0015
insert into Zoom_Inventory_Attribute (Zoom_Id, Inventory_Attribute_Id) values (12727, 31);
insert into Zoom (Id, Description, Layer) values (12728, 'resources//img/Cuff/Cuff-Closeup-Lyr04-Neapolitan-Button.0016.png', 04);
insert into Category_Zoom (Category_Id, Zoom_Id) values (6, 12728);
insert into Zoom_Inventory_Attribute (Zoom_Id, Inventory_Attribute_Id) values (12728, 48);
-- Final Index and Final Name: button--0016 Key: button0016
insert into Zoom_Inventory_Attribute (Zoom_Id, Inventory_Attribute_Id) values (12728, 32);
insert into Zoom (Id, Description, Layer) values (12729, 'resources//img/Cuff/Cuff-Closeup-Lyr04-Neapolitan-Button.0017.png', 04);
insert into Category_Zoom (Category_Id, Zoom_Id) values (6, 12729);
insert into Zoom_Inventory_Attribute (Zoom_Id, Inventory_Attribute_Id) values (12729, 48);
-- Final Index and Final Name: button--0017 Key: button0017
insert into Zoom_Inventory_Attribute (Zoom_Id, Inventory_Attribute_Id) values (12729, 33);
insert into Zoom (Id, Description, Layer) values (12730, 'resources//img/Cuff/Cuff-Closeup-Lyr04-RdDbButton-Button.0001.png', 04);
insert into Category_Zoom (Category_Id, Zoom_Id) values (6, 12730);
insert into Zoom_Inventory_Attribute (Zoom_Id, Inventory_Attribute_Id) values (12730, 45);
-- Final Index and Final Name: button--0001 Key: button0001
insert into Zoom_Inventory_Attribute (Zoom_Id, Inventory_Attribute_Id) values (12730, 17);
insert into Zoom (Id, Description, Layer) values (12731, 'resources//img/Cuff/Cuff-Closeup-Lyr04-RdDbButton-Button.0002.png', 04);
insert into Category_Zoom (Category_Id, Zoom_Id) values (6, 12731);
insert into Zoom_Inventory_Attribute (Zoom_Id, Inventory_Attribute_Id) values (12731, 45);
-- Final Index and Final Name: button--0002 Key: button0002
insert into Zoom_Inventory_Attribute (Zoom_Id, Inventory_Attribute_Id) values (12731, 18);
insert into Zoom (Id, Description, Layer) values (12732, 'resources//img/Cuff/Cuff-Closeup-Lyr04-RdDbButton-Button.0003.png', 04);
insert into Category_Zoom (Category_Id, Zoom_Id) values (6, 12732);
insert into Zoom_Inventory_Attribute (Zoom_Id, Inventory_Attribute_Id) values (12732, 45);
-- Final Index and Final Name: button--0003 Key: button0003
insert into Zoom_Inventory_Attribute (Zoom_Id, Inventory_Attribute_Id) values (12732, 19);
insert into Zoom (Id, Description, Layer) values (12733, 'resources//img/Cuff/Cuff-Closeup-Lyr04-RdDbButton-Button.0004.png', 04);
insert into Category_Zoom (Category_Id, Zoom_Id) values (6, 12733);
insert into Zoom_Inventory_Attribute (Zoom_Id, Inventory_Attribute_Id) values (12733, 45);
-- Final Index and Final Name: button--0004 Key: button0004
insert into Zoom_Inventory_Attribute (Zoom_Id, Inventory_Attribute_Id) values (12733, 20);
insert into Zoom (Id, Description, Layer) values (12734, 'resources//img/Cuff/Cuff-Closeup-Lyr04-RdDbButton-Button.0005.png', 04);
insert into Category_Zoom (Category_Id, Zoom_Id) values (6, 12734);
insert into Zoom_Inventory_Attribute (Zoom_Id, Inventory_Attribute_Id) values (12734, 45);
-- Final Index and Final Name: button--0005 Key: button0005
insert into Zoom_Inventory_Attribute (Zoom_Id, Inventory_Attribute_Id) values (12734, 21);
insert into Zoom (Id, Description, Layer) values (12735, 'resources//img/Cuff/Cuff-Closeup-Lyr04-RdDbButton-Button.0006.png', 04);
insert into Category_Zoom (Category_Id, Zoom_Id) values (6, 12735);
insert into Zoom_Inventory_Attribute (Zoom_Id, Inventory_Attribute_Id) values (12735, 45);
-- Final Index and Final Name: button--0006 Key: button0006
insert into Zoom_Inventory_Attribute (Zoom_Id, Inventory_Attribute_Id) values (12735, 22);
insert into Zoom (Id, Description, Layer) values (12736, 'resources//img/Cuff/Cuff-Closeup-Lyr04-RdDbButton-Button.0007.png', 04);
insert into Category_Zoom (Category_Id, Zoom_Id) values (6, 12736);
insert into Zoom_Inventory_Attribute (Zoom_Id, Inventory_Attribute_Id) values (12736, 45);
-- Final Index and Final Name: button--0007 Key: button0007
insert into Zoom_Inventory_Attribute (Zoom_Id, Inventory_Attribute_Id) values (12736, 23);
insert into Zoom (Id, Description, Layer) values (12737, 'resources//img/Cuff/Cuff-Closeup-Lyr04-RdDbButton-Button.0008.png', 04);
insert into Category_Zoom (Category_Id, Zoom_Id) values (6, 12737);
insert into Zoom_Inventory_Attribute (Zoom_Id, Inventory_Attribute_Id) values (12737, 45);
-- Final Index and Final Name: button--0008 Key: button0008
insert into Zoom_Inventory_Attribute (Zoom_Id, Inventory_Attribute_Id) values (12737, 24);
insert into Zoom (Id, Description, Layer) values (12738, 'resources//img/Cuff/Cuff-Closeup-Lyr04-RdDbButton-Button.0009.png', 04);
insert into Category_Zoom (Category_Id, Zoom_Id) values (6, 12738);
insert into Zoom_Inventory_Attribute (Zoom_Id, Inventory_Attribute_Id) values (12738, 45);
-- Final Index and Final Name: button--0009 Key: button0009
insert into Zoom_Inventory_Attribute (Zoom_Id, Inventory_Attribute_Id) values (12738, 25);
insert into Zoom (Id, Description, Layer) values (12739, 'resources//img/Cuff/Cuff-Closeup-Lyr04-RdDbButton-Button.0010.png', 04);
insert into Category_Zoom (Category_Id, Zoom_Id) values (6, 12739);
insert into Zoom_Inventory_Attribute (Zoom_Id, Inventory_Attribute_Id) values (12739, 45);
-- Final Index and Final Name: button--0010 Key: button0010
insert into Zoom_Inventory_Attribute (Zoom_Id, Inventory_Attribute_Id) values (12739, 26);
insert into Zoom (Id, Description, Layer) values (12740, 'resources//img/Cuff/Cuff-Closeup-Lyr04-RdDbButton-Button.0011.png', 04);
insert into Category_Zoom (Category_Id, Zoom_Id) values (6, 12740);
insert into Zoom_Inventory_Attribute (Zoom_Id, Inventory_Attribute_Id) values (12740, 45);
-- Final Index and Final Name: button--0011 Key: button0011
insert into Zoom_Inventory_Attribute (Zoom_Id, Inventory_Attribute_Id) values (12740, 27);
insert into Zoom (Id, Description, Layer) values (12741, 'resources//img/Cuff/Cuff-Closeup-Lyr04-RdDbButton-Button.0012.png', 04);
insert into Category_Zoom (Category_Id, Zoom_Id) values (6, 12741);
insert into Zoom_Inventory_Attribute (Zoom_Id, Inventory_Attribute_Id) values (12741, 45);
-- Final Index and Final Name: button--0012 Key: button0012
insert into Zoom_Inventory_Attribute (Zoom_Id, Inventory_Attribute_Id) values (12741, 28);
insert into Zoom (Id, Description, Layer) values (12742, 'resources//img/Cuff/Cuff-Closeup-Lyr04-RdDbButton-Button.0013.png', 04);
insert into Category_Zoom (Category_Id, Zoom_Id) values (6, 12742);
insert into Zoom_Inventory_Attribute (Zoom_Id, Inventory_Attribute_Id) values (12742, 45);
-- Final Index and Final Name: button--0013 Key: button0013
insert into Zoom_Inventory_Attribute (Zoom_Id, Inventory_Attribute_Id) values (12742, 29);
insert into Zoom (Id, Description, Layer) values (12743, 'resources//img/Cuff/Cuff-Closeup-Lyr04-RdDbButton-Button.0014.png', 04);
insert into Category_Zoom (Category_Id, Zoom_Id) values (6, 12743);
insert into Zoom_Inventory_Attribute (Zoom_Id, Inventory_Attribute_Id) values (12743, 45);
-- Final Index and Final Name: button--0014 Key: button0014
insert into Zoom_Inventory_Attribute (Zoom_Id, Inventory_Attribute_Id) values (12743, 30);
insert into Zoom (Id, Description, Layer) values (12744, 'resources//img/Cuff/Cuff-Closeup-Lyr04-RdDbButton-Button.0015.png', 04);
insert into Category_Zoom (Category_Id, Zoom_Id) values (6, 12744);
insert into Zoom_Inventory_Attribute (Zoom_Id, Inventory_Attribute_Id) values (12744, 45);
-- Final Index and Final Name: button--0015 Key: button0015
insert into Zoom_Inventory_Attribute (Zoom_Id, Inventory_Attribute_Id) values (12744, 31);
insert into Zoom (Id, Description, Layer) values (12745, 'resources//img/Cuff/Cuff-Closeup-Lyr04-RdDbButton-Button.0016.png', 04);
insert into Category_Zoom (Category_Id, Zoom_Id) values (6, 12745);
insert into Zoom_Inventory_Attribute (Zoom_Id, Inventory_Attribute_Id) values (12745, 45);
-- Final Index and Final Name: button--0016 Key: button0016
insert into Zoom_Inventory_Attribute (Zoom_Id, Inventory_Attribute_Id) values (12745, 32);
insert into Zoom (Id, Description, Layer) values (12746, 'resources//img/Cuff/Cuff-Closeup-Lyr04-RdDbButton-Button.0017.png', 04);
insert into Category_Zoom (Category_Id, Zoom_Id) values (6, 12746);
insert into Zoom_Inventory_Attribute (Zoom_Id, Inventory_Attribute_Id) values (12746, 45);
-- Final Index and Final Name: button--0017 Key: button0017
insert into Zoom_Inventory_Attribute (Zoom_Id, Inventory_Attribute_Id) values (12746, 33);
insert into Zoom (Id, Description, Layer) values (12747, 'resources//img/Cuff/Cuff-Closeup-Lyr04-RdFrench-Button.0001.png', 04);
insert into Category_Zoom (Category_Id, Zoom_Id) values (6, 12747);
insert into Zoom_Inventory_Attribute (Zoom_Id, Inventory_Attribute_Id) values (12747, 46);
-- Final Index and Final Name: button--0001 Key: button0001
insert into Zoom_Inventory_Attribute (Zoom_Id, Inventory_Attribute_Id) values (12747, 17);
insert into Zoom (Id, Description, Layer) values (12748, 'resources//img/Cuff/Cuff-Closeup-Lyr04-RdFrench-Button.0002.png', 04);
insert into Category_Zoom (Category_Id, Zoom_Id) values (6, 12748);
insert into Zoom_Inventory_Attribute (Zoom_Id, Inventory_Attribute_Id) values (12748, 46);
-- Final Index and Final Name: button--0002 Key: button0002
insert into Zoom_Inventory_Attribute (Zoom_Id, Inventory_Attribute_Id) values (12748, 18);
insert into Zoom (Id, Description, Layer) values (12749, 'resources//img/Cuff/Cuff-Closeup-Lyr04-RdFrench-Button.0003.png', 04);
insert into Category_Zoom (Category_Id, Zoom_Id) values (6, 12749);
insert into Zoom_Inventory_Attribute (Zoom_Id, Inventory_Attribute_Id) values (12749, 46);
-- Final Index and Final Name: button--0003 Key: button0003
insert into Zoom_Inventory_Attribute (Zoom_Id, Inventory_Attribute_Id) values (12749, 19);
insert into Zoom (Id, Description, Layer) values (12750, 'resources//img/Cuff/Cuff-Closeup-Lyr04-RdFrench-Button.0004.png', 04);
insert into Category_Zoom (Category_Id, Zoom_Id) values (6, 12750);
insert into Zoom_Inventory_Attribute (Zoom_Id, Inventory_Attribute_Id) values (12750, 46);
-- Final Index and Final Name: button--0004 Key: button0004
insert into Zoom_Inventory_Attribute (Zoom_Id, Inventory_Attribute_Id) values (12750, 20);
insert into Zoom (Id, Description, Layer) values (12751, 'resources//img/Cuff/Cuff-Closeup-Lyr04-RdFrench-Button.0005.png', 04);
insert into Category_Zoom (Category_Id, Zoom_Id) values (6, 12751);
insert into Zoom_Inventory_Attribute (Zoom_Id, Inventory_Attribute_Id) values (12751, 46);
-- Final Index and Final Name: button--0005 Key: button0005
insert into Zoom_Inventory_Attribute (Zoom_Id, Inventory_Attribute_Id) values (12751, 21);
insert into Zoom (Id, Description, Layer) values (12752, 'resources//img/Cuff/Cuff-Closeup-Lyr04-RdFrench-Button.0006.png', 04);
insert into Category_Zoom (Category_Id, Zoom_Id) values (6, 12752);
insert into Zoom_Inventory_Attribute (Zoom_Id, Inventory_Attribute_Id) values (12752, 46);
-- Final Index and Final Name: button--0006 Key: button0006
insert into Zoom_Inventory_Attribute (Zoom_Id, Inventory_Attribute_Id) values (12752, 22);
insert into Zoom (Id, Description, Layer) values (12753, 'resources//img/Cuff/Cuff-Closeup-Lyr04-RdFrench-Button.0007.png', 04);
insert into Category_Zoom (Category_Id, Zoom_Id) values (6, 12753);
insert into Zoom_Inventory_Attribute (Zoom_Id, Inventory_Attribute_Id) values (12753, 46);
-- Final Index and Final Name: button--0007 Key: button0007
insert into Zoom_Inventory_Attribute (Zoom_Id, Inventory_Attribute_Id) values (12753, 23);
insert into Zoom (Id, Description, Layer) values (12754, 'resources//img/Cuff/Cuff-Closeup-Lyr04-RdFrench-Button.0008.png', 04);
insert into Category_Zoom (Category_Id, Zoom_Id) values (6, 12754);
insert into Zoom_Inventory_Attribute (Zoom_Id, Inventory_Attribute_Id) values (12754, 46);
-- Final Index and Final Name: button--0008 Key: button0008
insert into Zoom_Inventory_Attribute (Zoom_Id, Inventory_Attribute_Id) values (12754, 24);
insert into Zoom (Id, Description, Layer) values (12755, 'resources//img/Cuff/Cuff-Closeup-Lyr04-RdFrench-Button.0009.png', 04);
insert into Category_Zoom (Category_Id, Zoom_Id) values (6, 12755);
insert into Zoom_Inventory_Attribute (Zoom_Id, Inventory_Attribute_Id) values (12755, 46);
-- Final Index and Final Name: button--0009 Key: button0009
insert into Zoom_Inventory_Attribute (Zoom_Id, Inventory_Attribute_Id) values (12755, 25);
insert into Zoom (Id, Description, Layer) values (12756, 'resources//img/Cuff/Cuff-Closeup-Lyr04-RdFrench-Button.0010.png', 04);
insert into Category_Zoom (Category_Id, Zoom_Id) values (6, 12756);
insert into Zoom_Inventory_Attribute (Zoom_Id, Inventory_Attribute_Id) values (12756, 46);
-- Final Index and Final Name: button--0010 Key: button0010
insert into Zoom_Inventory_Attribute (Zoom_Id, Inventory_Attribute_Id) values (12756, 26);
insert into Zoom (Id, Description, Layer) values (12757, 'resources//img/Cuff/Cuff-Closeup-Lyr04-RdFrench-Button.0011.png', 04);
insert into Category_Zoom (Category_Id, Zoom_Id) values (6, 12757);
insert into Zoom_Inventory_Attribute (Zoom_Id, Inventory_Attribute_Id) values (12757, 46);
-- Final Index and Final Name: button--0011 Key: button0011
insert into Zoom_Inventory_Attribute (Zoom_Id, Inventory_Attribute_Id) values (12757, 27);
insert into Zoom (Id, Description, Layer) values (12758, 'resources//img/Cuff/Cuff-Closeup-Lyr04-RdFrench-Button.0012.png', 04);
insert into Category_Zoom (Category_Id, Zoom_Id) values (6, 12758);
insert into Zoom_Inventory_Attribute (Zoom_Id, Inventory_Attribute_Id) values (12758, 46);
-- Final Index and Final Name: button--0012 Key: button0012
insert into Zoom_Inventory_Attribute (Zoom_Id, Inventory_Attribute_Id) values (12758, 28);
insert into Zoom (Id, Description, Layer) values (12759, 'resources//img/Cuff/Cuff-Closeup-Lyr04-RdFrench-Button.0013.png', 04);
insert into Category_Zoom (Category_Id, Zoom_Id) values (6, 12759);
insert into Zoom_Inventory_Attribute (Zoom_Id, Inventory_Attribute_Id) values (12759, 46);
-- Final Index and Final Name: button--0013 Key: button0013
insert into Zoom_Inventory_Attribute (Zoom_Id, Inventory_Attribute_Id) values (12759, 29);
insert into Zoom (Id, Description, Layer) values (12760, 'resources//img/Cuff/Cuff-Closeup-Lyr04-RdFrench-Button.0014.png', 04);
insert into Category_Zoom (Category_Id, Zoom_Id) values (6, 12760);
insert into Zoom_Inventory_Attribute (Zoom_Id, Inventory_Attribute_Id) values (12760, 46);
-- Final Index and Final Name: button--0014 Key: button0014
insert into Zoom_Inventory_Attribute (Zoom_Id, Inventory_Attribute_Id) values (12760, 30);
insert into Zoom (Id, Description, Layer) values (12761, 'resources//img/Cuff/Cuff-Closeup-Lyr04-RdFrench-Button.0015.png', 04);
insert into Category_Zoom (Category_Id, Zoom_Id) values (6, 12761);
insert into Zoom_Inventory_Attribute (Zoom_Id, Inventory_Attribute_Id) values (12761, 46);
-- Final Index and Final Name: button--0015 Key: button0015
insert into Zoom_Inventory_Attribute (Zoom_Id, Inventory_Attribute_Id) values (12761, 31);
insert into Zoom (Id, Description, Layer) values (12762, 'resources//img/Cuff/Cuff-Closeup-Lyr04-RdFrench-Button.0016.png', 04);
insert into Category_Zoom (Category_Id, Zoom_Id) values (6, 12762);
insert into Zoom_Inventory_Attribute (Zoom_Id, Inventory_Attribute_Id) values (12762, 46);
-- Final Index and Final Name: button--0016 Key: button0016
insert into Zoom_Inventory_Attribute (Zoom_Id, Inventory_Attribute_Id) values (12762, 32);
insert into Zoom (Id, Description, Layer) values (12763, 'resources//img/Cuff/Cuff-Closeup-Lyr04-RdFrench-Button.0017.png', 04);
insert into Category_Zoom (Category_Id, Zoom_Id) values (6, 12763);
insert into Zoom_Inventory_Attribute (Zoom_Id, Inventory_Attribute_Id) values (12763, 46);
-- Final Index and Final Name: button--0017 Key: button0017
insert into Zoom_Inventory_Attribute (Zoom_Id, Inventory_Attribute_Id) values (12763, 33);
insert into Zoom (Id, Description, Layer) values (12764, 'resources//img/Cuff/Cuff-Closeup-Lyr04-RdNarrow-Button.0001.png', 04);
insert into Category_Zoom (Category_Id, Zoom_Id) values (6, 12764);
insert into Zoom_Inventory_Attribute (Zoom_Id, Inventory_Attribute_Id) values (12764, 47);
-- Final Index and Final Name: button--0001 Key: button0001
insert into Zoom_Inventory_Attribute (Zoom_Id, Inventory_Attribute_Id) values (12764, 17);
insert into Zoom (Id, Description, Layer) values (12765, 'resources//img/Cuff/Cuff-Closeup-Lyr04-RdNarrow-Button.0002.png', 04);
insert into Category_Zoom (Category_Id, Zoom_Id) values (6, 12765);
insert into Zoom_Inventory_Attribute (Zoom_Id, Inventory_Attribute_Id) values (12765, 47);
-- Final Index and Final Name: button--0002 Key: button0002
insert into Zoom_Inventory_Attribute (Zoom_Id, Inventory_Attribute_Id) values (12765, 18);
insert into Zoom (Id, Description, Layer) values (12766, 'resources//img/Cuff/Cuff-Closeup-Lyr04-RdNarrow-Button.0003.png', 04);
insert into Category_Zoom (Category_Id, Zoom_Id) values (6, 12766);
insert into Zoom_Inventory_Attribute (Zoom_Id, Inventory_Attribute_Id) values (12766, 47);
-- Final Index and Final Name: button--0003 Key: button0003
insert into Zoom_Inventory_Attribute (Zoom_Id, Inventory_Attribute_Id) values (12766, 19);
insert into Zoom (Id, Description, Layer) values (12767, 'resources//img/Cuff/Cuff-Closeup-Lyr04-RdNarrow-Button.0004.png', 04);
insert into Category_Zoom (Category_Id, Zoom_Id) values (6, 12767);
insert into Zoom_Inventory_Attribute (Zoom_Id, Inventory_Attribute_Id) values (12767, 47);
-- Final Index and Final Name: button--0004 Key: button0004
insert into Zoom_Inventory_Attribute (Zoom_Id, Inventory_Attribute_Id) values (12767, 20);
insert into Zoom (Id, Description, Layer) values (12768, 'resources//img/Cuff/Cuff-Closeup-Lyr04-RdNarrow-Button.0005.png', 04);
insert into Category_Zoom (Category_Id, Zoom_Id) values (6, 12768);
insert into Zoom_Inventory_Attribute (Zoom_Id, Inventory_Attribute_Id) values (12768, 47);
-- Final Index and Final Name: button--0005 Key: button0005
insert into Zoom_Inventory_Attribute (Zoom_Id, Inventory_Attribute_Id) values (12768, 21);
insert into Zoom (Id, Description, Layer) values (12769, 'resources//img/Cuff/Cuff-Closeup-Lyr04-RdNarrow-Button.0006.png', 04);
insert into Category_Zoom (Category_Id, Zoom_Id) values (6, 12769);
insert into Zoom_Inventory_Attribute (Zoom_Id, Inventory_Attribute_Id) values (12769, 47);
-- Final Index and Final Name: button--0006 Key: button0006
insert into Zoom_Inventory_Attribute (Zoom_Id, Inventory_Attribute_Id) values (12769, 22);
insert into Zoom (Id, Description, Layer) values (12770, 'resources//img/Cuff/Cuff-Closeup-Lyr04-RdNarrow-Button.0007.png', 04);
insert into Category_Zoom (Category_Id, Zoom_Id) values (6, 12770);
insert into Zoom_Inventory_Attribute (Zoom_Id, Inventory_Attribute_Id) values (12770, 47);
-- Final Index and Final Name: button--0007 Key: button0007
insert into Zoom_Inventory_Attribute (Zoom_Id, Inventory_Attribute_Id) values (12770, 23);
insert into Zoom (Id, Description, Layer) values (12771, 'resources//img/Cuff/Cuff-Closeup-Lyr04-RdNarrow-Button.0008.png', 04);
insert into Category_Zoom (Category_Id, Zoom_Id) values (6, 12771);
insert into Zoom_Inventory_Attribute (Zoom_Id, Inventory_Attribute_Id) values (12771, 47);
-- Final Index and Final Name: button--0008 Key: button0008
insert into Zoom_Inventory_Attribute (Zoom_Id, Inventory_Attribute_Id) values (12771, 24);
insert into Zoom (Id, Description, Layer) values (12772, 'resources//img/Cuff/Cuff-Closeup-Lyr04-RdNarrow-Button.0009.png', 04);
insert into Category_Zoom (Category_Id, Zoom_Id) values (6, 12772);
insert into Zoom_Inventory_Attribute (Zoom_Id, Inventory_Attribute_Id) values (12772, 47);
-- Final Index and Final Name: button--0009 Key: button0009
insert into Zoom_Inventory_Attribute (Zoom_Id, Inventory_Attribute_Id) values (12772, 25);
insert into Zoom (Id, Description, Layer) values (12773, 'resources//img/Cuff/Cuff-Closeup-Lyr04-RdNarrow-Button.0010.png', 04);
insert into Category_Zoom (Category_Id, Zoom_Id) values (6, 12773);
insert into Zoom_Inventory_Attribute (Zoom_Id, Inventory_Attribute_Id) values (12773, 47);
-- Final Index and Final Name: button--0010 Key: button0010
insert into Zoom_Inventory_Attribute (Zoom_Id, Inventory_Attribute_Id) values (12773, 26);
insert into Zoom (Id, Description, Layer) values (12774, 'resources//img/Cuff/Cuff-Closeup-Lyr04-RdNarrow-Button.0011.png', 04);
insert into Category_Zoom (Category_Id, Zoom_Id) values (6, 12774);
insert into Zoom_Inventory_Attribute (Zoom_Id, Inventory_Attribute_Id) values (12774, 47);
-- Final Index and Final Name: button--0011 Key: button0011
insert into Zoom_Inventory_Attribute (Zoom_Id, Inventory_Attribute_Id) values (12774, 27);
insert into Zoom (Id, Description, Layer) values (12775, 'resources//img/Cuff/Cuff-Closeup-Lyr04-RdNarrow-Button.0012.png', 04);
insert into Category_Zoom (Category_Id, Zoom_Id) values (6, 12775);
insert into Zoom_Inventory_Attribute (Zoom_Id, Inventory_Attribute_Id) values (12775, 47);
-- Final Index and Final Name: button--0012 Key: button0012
insert into Zoom_Inventory_Attribute (Zoom_Id, Inventory_Attribute_Id) values (12775, 28);
insert into Zoom (Id, Description, Layer) values (12776, 'resources//img/Cuff/Cuff-Closeup-Lyr04-RdNarrow-Button.0013.png', 04);
insert into Category_Zoom (Category_Id, Zoom_Id) values (6, 12776);
insert into Zoom_Inventory_Attribute (Zoom_Id, Inventory_Attribute_Id) values (12776, 47);
-- Final Index and Final Name: button--0013 Key: button0013
insert into Zoom_Inventory_Attribute (Zoom_Id, Inventory_Attribute_Id) values (12776, 29);
insert into Zoom (Id, Description, Layer) values (12777, 'resources//img/Cuff/Cuff-Closeup-Lyr04-RdNarrow-Button.0014.png', 04);
insert into Category_Zoom (Category_Id, Zoom_Id) values (6, 12777);
insert into Zoom_Inventory_Attribute (Zoom_Id, Inventory_Attribute_Id) values (12777, 47);
-- Final Index and Final Name: button--0014 Key: button0014
insert into Zoom_Inventory_Attribute (Zoom_Id, Inventory_Attribute_Id) values (12777, 30);
insert into Zoom (Id, Description, Layer) values (12778, 'resources//img/Cuff/Cuff-Closeup-Lyr04-RdNarrow-Button.0015.png', 04);
insert into Category_Zoom (Category_Id, Zoom_Id) values (6, 12778);
insert into Zoom_Inventory_Attribute (Zoom_Id, Inventory_Attribute_Id) values (12778, 47);
-- Final Index and Final Name: button--0015 Key: button0015
insert into Zoom_Inventory_Attribute (Zoom_Id, Inventory_Attribute_Id) values (12778, 31);
insert into Zoom (Id, Description, Layer) values (12779, 'resources//img/Cuff/Cuff-Closeup-Lyr04-RdNarrow-Button.0016.png', 04);
insert into Category_Zoom (Category_Id, Zoom_Id) values (6, 12779);
insert into Zoom_Inventory_Attribute (Zoom_Id, Inventory_Attribute_Id) values (12779, 47);
-- Final Index and Final Name: button--0016 Key: button0016
insert into Zoom_Inventory_Attribute (Zoom_Id, Inventory_Attribute_Id) values (12779, 32);
insert into Zoom (Id, Description, Layer) values (12780, 'resources//img/Cuff/Cuff-Closeup-Lyr04-RdNarrow-Button.0017.png', 04);
insert into Category_Zoom (Category_Id, Zoom_Id) values (6, 12780);
insert into Zoom_Inventory_Attribute (Zoom_Id, Inventory_Attribute_Id) values (12780, 47);
-- Final Index and Final Name: button--0017 Key: button0017
insert into Zoom_Inventory_Attribute (Zoom_Id, Inventory_Attribute_Id) values (12780, 33);
insert into Zoom (Id, Description, Layer) values (12781, 'resources//img/Cuff/Cuff-Closeup-Lyr04-RdSingButton-Button.0001.png', 04);
insert into Category_Zoom (Category_Id, Zoom_Id) values (6, 12781);
insert into Zoom_Inventory_Attribute (Zoom_Id, Inventory_Attribute_Id) values (12781, 49);
-- Final Index and Final Name: button--0001 Key: button0001
insert into Zoom_Inventory_Attribute (Zoom_Id, Inventory_Attribute_Id) values (12781, 17);
insert into Zoom (Id, Description, Layer) values (12782, 'resources//img/Cuff/Cuff-Closeup-Lyr04-RdSingButton-Button.0002.png', 04);
insert into Category_Zoom (Category_Id, Zoom_Id) values (6, 12782);
insert into Zoom_Inventory_Attribute (Zoom_Id, Inventory_Attribute_Id) values (12782, 49);
-- Final Index and Final Name: button--0002 Key: button0002
insert into Zoom_Inventory_Attribute (Zoom_Id, Inventory_Attribute_Id) values (12782, 18);
insert into Zoom (Id, Description, Layer) values (12783, 'resources//img/Cuff/Cuff-Closeup-Lyr04-RdSingButton-Button.0003.png', 04);
insert into Category_Zoom (Category_Id, Zoom_Id) values (6, 12783);
insert into Zoom_Inventory_Attribute (Zoom_Id, Inventory_Attribute_Id) values (12783, 49);
-- Final Index and Final Name: button--0003 Key: button0003
insert into Zoom_Inventory_Attribute (Zoom_Id, Inventory_Attribute_Id) values (12783, 19);
insert into Zoom (Id, Description, Layer) values (12784, 'resources//img/Cuff/Cuff-Closeup-Lyr04-RdSingButton-Button.0004.png', 04);
insert into Category_Zoom (Category_Id, Zoom_Id) values (6, 12784);
insert into Zoom_Inventory_Attribute (Zoom_Id, Inventory_Attribute_Id) values (12784, 49);
-- Final Index and Final Name: button--0004 Key: button0004
insert into Zoom_Inventory_Attribute (Zoom_Id, Inventory_Attribute_Id) values (12784, 20);
insert into Zoom (Id, Description, Layer) values (12785, 'resources//img/Cuff/Cuff-Closeup-Lyr04-RdSingButton-Button.0005.png', 04);
insert into Category_Zoom (Category_Id, Zoom_Id) values (6, 12785);
insert into Zoom_Inventory_Attribute (Zoom_Id, Inventory_Attribute_Id) values (12785, 49);
-- Final Index and Final Name: button--0005 Key: button0005
insert into Zoom_Inventory_Attribute (Zoom_Id, Inventory_Attribute_Id) values (12785, 21);
insert into Zoom (Id, Description, Layer) values (12786, 'resources//img/Cuff/Cuff-Closeup-Lyr04-RdSingButton-Button.0006.png', 04);
insert into Category_Zoom (Category_Id, Zoom_Id) values (6, 12786);
insert into Zoom_Inventory_Attribute (Zoom_Id, Inventory_Attribute_Id) values (12786, 49);
-- Final Index and Final Name: button--0006 Key: button0006
insert into Zoom_Inventory_Attribute (Zoom_Id, Inventory_Attribute_Id) values (12786, 22);
insert into Zoom (Id, Description, Layer) values (12787, 'resources//img/Cuff/Cuff-Closeup-Lyr04-RdSingButton-Button.0007.png', 04);
insert into Category_Zoom (Category_Id, Zoom_Id) values (6, 12787);
insert into Zoom_Inventory_Attribute (Zoom_Id, Inventory_Attribute_Id) values (12787, 49);
-- Final Index and Final Name: button--0007 Key: button0007
insert into Zoom_Inventory_Attribute (Zoom_Id, Inventory_Attribute_Id) values (12787, 23);
insert into Zoom (Id, Description, Layer) values (12788, 'resources//img/Cuff/Cuff-Closeup-Lyr04-RdSingButton-Button.0008.png', 04);
insert into Category_Zoom (Category_Id, Zoom_Id) values (6, 12788);
insert into Zoom_Inventory_Attribute (Zoom_Id, Inventory_Attribute_Id) values (12788, 49);
-- Final Index and Final Name: button--0008 Key: button0008
insert into Zoom_Inventory_Attribute (Zoom_Id, Inventory_Attribute_Id) values (12788, 24);
insert into Zoom (Id, Description, Layer) values (12789, 'resources//img/Cuff/Cuff-Closeup-Lyr04-RdSingButton-Button.0009.png', 04);
insert into Category_Zoom (Category_Id, Zoom_Id) values (6, 12789);
insert into Zoom_Inventory_Attribute (Zoom_Id, Inventory_Attribute_Id) values (12789, 49);
-- Final Index and Final Name: button--0009 Key: button0009
insert into Zoom_Inventory_Attribute (Zoom_Id, Inventory_Attribute_Id) values (12789, 25);
insert into Zoom (Id, Description, Layer) values (12790, 'resources//img/Cuff/Cuff-Closeup-Lyr04-RdSingButton-Button.0010.png', 04);
insert into Category_Zoom (Category_Id, Zoom_Id) values (6, 12790);
insert into Zoom_Inventory_Attribute (Zoom_Id, Inventory_Attribute_Id) values (12790, 49);
-- Final Index and Final Name: button--0010 Key: button0010
insert into Zoom_Inventory_Attribute (Zoom_Id, Inventory_Attribute_Id) values (12790, 26);
insert into Zoom (Id, Description, Layer) values (12791, 'resources//img/Cuff/Cuff-Closeup-Lyr04-RdSingButton-Button.0011.png', 04);
insert into Category_Zoom (Category_Id, Zoom_Id) values (6, 12791);
insert into Zoom_Inventory_Attribute (Zoom_Id, Inventory_Attribute_Id) values (12791, 49);
-- Final Index and Final Name: button--0011 Key: button0011
insert into Zoom_Inventory_Attribute (Zoom_Id, Inventory_Attribute_Id) values (12791, 27);
insert into Zoom (Id, Description, Layer) values (12792, 'resources//img/Cuff/Cuff-Closeup-Lyr04-RdSingButton-Button.0012.png', 04);
insert into Category_Zoom (Category_Id, Zoom_Id) values (6, 12792);
insert into Zoom_Inventory_Attribute (Zoom_Id, Inventory_Attribute_Id) values (12792, 49);
-- Final Index and Final Name: button--0012 Key: button0012
insert into Zoom_Inventory_Attribute (Zoom_Id, Inventory_Attribute_Id) values (12792, 28);
insert into Zoom (Id, Description, Layer) values (12793, 'resources//img/Cuff/Cuff-Closeup-Lyr04-RdSingButton-Button.0013.png', 04);
insert into Category_Zoom (Category_Id, Zoom_Id) values (6, 12793);
insert into Zoom_Inventory_Attribute (Zoom_Id, Inventory_Attribute_Id) values (12793, 49);
-- Final Index and Final Name: button--0013 Key: button0013
insert into Zoom_Inventory_Attribute (Zoom_Id, Inventory_Attribute_Id) values (12793, 29);
insert into Zoom (Id, Description, Layer) values (12794, 'resources//img/Cuff/Cuff-Closeup-Lyr04-RdSingButton-Button.0014.png', 04);
insert into Category_Zoom (Category_Id, Zoom_Id) values (6, 12794);
insert into Zoom_Inventory_Attribute (Zoom_Id, Inventory_Attribute_Id) values (12794, 49);
-- Final Index and Final Name: button--0014 Key: button0014
insert into Zoom_Inventory_Attribute (Zoom_Id, Inventory_Attribute_Id) values (12794, 30);
insert into Zoom (Id, Description, Layer) values (12795, 'resources//img/Cuff/Cuff-Closeup-Lyr04-RdSingButton-Button.0015.png', 04);
insert into Category_Zoom (Category_Id, Zoom_Id) values (6, 12795);
insert into Zoom_Inventory_Attribute (Zoom_Id, Inventory_Attribute_Id) values (12795, 49);
-- Final Index and Final Name: button--0015 Key: button0015
insert into Zoom_Inventory_Attribute (Zoom_Id, Inventory_Attribute_Id) values (12795, 31);
insert into Zoom (Id, Description, Layer) values (12796, 'resources//img/Cuff/Cuff-Closeup-Lyr04-RdSingButton-Button.0016.png', 04);
insert into Category_Zoom (Category_Id, Zoom_Id) values (6, 12796);
insert into Zoom_Inventory_Attribute (Zoom_Id, Inventory_Attribute_Id) values (12796, 49);
-- Final Index and Final Name: button--0016 Key: button0016
insert into Zoom_Inventory_Attribute (Zoom_Id, Inventory_Attribute_Id) values (12796, 32);
insert into Zoom (Id, Description, Layer) values (12797, 'resources//img/Cuff/Cuff-Closeup-Lyr04-RdSingButton-Button.0017.png', 04);
insert into Category_Zoom (Category_Id, Zoom_Id) values (6, 12797);
insert into Zoom_Inventory_Attribute (Zoom_Id, Inventory_Attribute_Id) values (12797, 49);
-- Final Index and Final Name: button--0017 Key: button0017
insert into Zoom_Inventory_Attribute (Zoom_Id, Inventory_Attribute_Id) values (12797, 33);
insert into Zoom (Id, Description, Layer) values (12798, 'resources//img/Cuff/Cuff-Closeup-Lyr04-RdTrpButton-Button.0001.png', 04);
insert into Category_Zoom (Category_Id, Zoom_Id) values (6, 12798);
insert into Zoom_Inventory_Attribute (Zoom_Id, Inventory_Attribute_Id) values (12798, 50);
-- Final Index and Final Name: button--0001 Key: button0001
insert into Zoom_Inventory_Attribute (Zoom_Id, Inventory_Attribute_Id) values (12798, 17);
insert into Zoom (Id, Description, Layer) values (12799, 'resources//img/Cuff/Cuff-Closeup-Lyr04-RdTrpButton-Button.0002.png', 04);
insert into Category_Zoom (Category_Id, Zoom_Id) values (6, 12799);
insert into Zoom_Inventory_Attribute (Zoom_Id, Inventory_Attribute_Id) values (12799, 50);
-- Final Index and Final Name: button--0002 Key: button0002
insert into Zoom_Inventory_Attribute (Zoom_Id, Inventory_Attribute_Id) values (12799, 18);
insert into Zoom (Id, Description, Layer) values (12800, 'resources//img/Cuff/Cuff-Closeup-Lyr04-RdTrpButton-Button.0003.png', 04);
insert into Category_Zoom (Category_Id, Zoom_Id) values (6, 12800);
insert into Zoom_Inventory_Attribute (Zoom_Id, Inventory_Attribute_Id) values (12800, 50);
-- Final Index and Final Name: button--0003 Key: button0003
insert into Zoom_Inventory_Attribute (Zoom_Id, Inventory_Attribute_Id) values (12800, 19);
insert into Zoom (Id, Description, Layer) values (12801, 'resources//img/Cuff/Cuff-Closeup-Lyr04-RdTrpButton-Button.0004.png', 04);
insert into Category_Zoom (Category_Id, Zoom_Id) values (6, 12801);
insert into Zoom_Inventory_Attribute (Zoom_Id, Inventory_Attribute_Id) values (12801, 50);
-- Final Index and Final Name: button--0004 Key: button0004
insert into Zoom_Inventory_Attribute (Zoom_Id, Inventory_Attribute_Id) values (12801, 20);
insert into Zoom (Id, Description, Layer) values (12802, 'resources//img/Cuff/Cuff-Closeup-Lyr04-RdTrpButton-Button.0005.png', 04);
insert into Category_Zoom (Category_Id, Zoom_Id) values (6, 12802);
insert into Zoom_Inventory_Attribute (Zoom_Id, Inventory_Attribute_Id) values (12802, 50);
-- Final Index and Final Name: button--0005 Key: button0005
insert into Zoom_Inventory_Attribute (Zoom_Id, Inventory_Attribute_Id) values (12802, 21);
insert into Zoom (Id, Description, Layer) values (12803, 'resources//img/Cuff/Cuff-Closeup-Lyr04-RdTrpButton-Button.0006.png', 04);
insert into Category_Zoom (Category_Id, Zoom_Id) values (6, 12803);
insert into Zoom_Inventory_Attribute (Zoom_Id, Inventory_Attribute_Id) values (12803, 50);
-- Final Index and Final Name: button--0006 Key: button0006
insert into Zoom_Inventory_Attribute (Zoom_Id, Inventory_Attribute_Id) values (12803, 22);
insert into Zoom (Id, Description, Layer) values (12804, 'resources//img/Cuff/Cuff-Closeup-Lyr04-RdTrpButton-Button.0007.png', 04);
insert into Category_Zoom (Category_Id, Zoom_Id) values (6, 12804);
insert into Zoom_Inventory_Attribute (Zoom_Id, Inventory_Attribute_Id) values (12804, 50);
-- Final Index and Final Name: button--0007 Key: button0007
insert into Zoom_Inventory_Attribute (Zoom_Id, Inventory_Attribute_Id) values (12804, 23);
insert into Zoom (Id, Description, Layer) values (12805, 'resources//img/Cuff/Cuff-Closeup-Lyr04-RdTrpButton-Button.0008.png', 04);
insert into Category_Zoom (Category_Id, Zoom_Id) values (6, 12805);
insert into Zoom_Inventory_Attribute (Zoom_Id, Inventory_Attribute_Id) values (12805, 50);
-- Final Index and Final Name: button--0008 Key: button0008
insert into Zoom_Inventory_Attribute (Zoom_Id, Inventory_Attribute_Id) values (12805, 24);
insert into Zoom (Id, Description, Layer) values (12806, 'resources//img/Cuff/Cuff-Closeup-Lyr04-RdTrpButton-Button.0009.png', 04);
insert into Category_Zoom (Category_Id, Zoom_Id) values (6, 12806);
insert into Zoom_Inventory_Attribute (Zoom_Id, Inventory_Attribute_Id) values (12806, 50);
-- Final Index and Final Name: button--0009 Key: button0009
insert into Zoom_Inventory_Attribute (Zoom_Id, Inventory_Attribute_Id) values (12806, 25);
insert into Zoom (Id, Description, Layer) values (12807, 'resources//img/Cuff/Cuff-Closeup-Lyr04-RdTrpButton-Button.0010.png', 04);
insert into Category_Zoom (Category_Id, Zoom_Id) values (6, 12807);
insert into Zoom_Inventory_Attribute (Zoom_Id, Inventory_Attribute_Id) values (12807, 50);
-- Final Index and Final Name: button--0010 Key: button0010
insert into Zoom_Inventory_Attribute (Zoom_Id, Inventory_Attribute_Id) values (12807, 26);
insert into Zoom (Id, Description, Layer) values (12808, 'resources//img/Cuff/Cuff-Closeup-Lyr04-RdTrpButton-Button.0011.png', 04);
insert into Category_Zoom (Category_Id, Zoom_Id) values (6, 12808);
insert into Zoom_Inventory_Attribute (Zoom_Id, Inventory_Attribute_Id) values (12808, 50);
-- Final Index and Final Name: button--0011 Key: button0011
insert into Zoom_Inventory_Attribute (Zoom_Id, Inventory_Attribute_Id) values (12808, 27);
insert into Zoom (Id, Description, Layer) values (12809, 'resources//img/Cuff/Cuff-Closeup-Lyr04-RdTrpButton-Button.0012.png', 04);
insert into Category_Zoom (Category_Id, Zoom_Id) values (6, 12809);
insert into Zoom_Inventory_Attribute (Zoom_Id, Inventory_Attribute_Id) values (12809, 50);
-- Final Index and Final Name: button--0012 Key: button0012
insert into Zoom_Inventory_Attribute (Zoom_Id, Inventory_Attribute_Id) values (12809, 28);
insert into Zoom (Id, Description, Layer) values (12810, 'resources//img/Cuff/Cuff-Closeup-Lyr04-RdTrpButton-Button.0013.png', 04);
insert into Category_Zoom (Category_Id, Zoom_Id) values (6, 12810);
insert into Zoom_Inventory_Attribute (Zoom_Id, Inventory_Attribute_Id) values (12810, 50);
-- Final Index and Final Name: button--0013 Key: button0013
insert into Zoom_Inventory_Attribute (Zoom_Id, Inventory_Attribute_Id) values (12810, 29);
insert into Zoom (Id, Description, Layer) values (12811, 'resources//img/Cuff/Cuff-Closeup-Lyr04-RdTrpButton-Button.0014.png', 04);
insert into Category_Zoom (Category_Id, Zoom_Id) values (6, 12811);
insert into Zoom_Inventory_Attribute (Zoom_Id, Inventory_Attribute_Id) values (12811, 50);
-- Final Index and Final Name: button--0014 Key: button0014
insert into Zoom_Inventory_Attribute (Zoom_Id, Inventory_Attribute_Id) values (12811, 30);
insert into Zoom (Id, Description, Layer) values (12812, 'resources//img/Cuff/Cuff-Closeup-Lyr04-RdTrpButton-Button.0015.png', 04);
insert into Category_Zoom (Category_Id, Zoom_Id) values (6, 12812);
insert into Zoom_Inventory_Attribute (Zoom_Id, Inventory_Attribute_Id) values (12812, 50);
-- Final Index and Final Name: button--0015 Key: button0015
insert into Zoom_Inventory_Attribute (Zoom_Id, Inventory_Attribute_Id) values (12812, 31);
insert into Zoom (Id, Description, Layer) values (12813, 'resources//img/Cuff/Cuff-Closeup-Lyr04-RdTrpButton-Button.0016.png', 04);
insert into Category_Zoom (Category_Id, Zoom_Id) values (6, 12813);
insert into Zoom_Inventory_Attribute (Zoom_Id, Inventory_Attribute_Id) values (12813, 50);
-- Final Index and Final Name: button--0016 Key: button0016
insert into Zoom_Inventory_Attribute (Zoom_Id, Inventory_Attribute_Id) values (12813, 32);
insert into Zoom (Id, Description, Layer) values (12814, 'resources//img/Cuff/Cuff-Closeup-Lyr04-RdTrpButton-Button.0017.png', 04);
insert into Category_Zoom (Category_Id, Zoom_Id) values (6, 12814);
insert into Zoom_Inventory_Attribute (Zoom_Id, Inventory_Attribute_Id) values (12814, 50);
-- Final Index and Final Name: button--0017 Key: button0017
insert into Zoom_Inventory_Attribute (Zoom_Id, Inventory_Attribute_Id) values (12814, 33);
insert into Zoom (Id, Description, Layer) values (12815, 'resources//img/Cuff/Cuff-Closeup-Lyr04-StrDbButton-Button.0001.png', 04);
insert into Category_Zoom (Category_Id, Zoom_Id) values (6, 12815);
insert into Zoom_Inventory_Attribute (Zoom_Id, Inventory_Attribute_Id) values (12815, 45);
-- Final Index and Final Name: button--0001 Key: button0001
insert into Zoom_Inventory_Attribute (Zoom_Id, Inventory_Attribute_Id) values (12815, 17);
insert into Zoom (Id, Description, Layer) values (12816, 'resources//img/Cuff/Cuff-Closeup-Lyr04-StrDbButton-Button.0002.png', 04);
insert into Category_Zoom (Category_Id, Zoom_Id) values (6, 12816);
insert into Zoom_Inventory_Attribute (Zoom_Id, Inventory_Attribute_Id) values (12816, 45);
-- Final Index and Final Name: button--0002 Key: button0002
insert into Zoom_Inventory_Attribute (Zoom_Id, Inventory_Attribute_Id) values (12816, 18);
insert into Zoom (Id, Description, Layer) values (12817, 'resources//img/Cuff/Cuff-Closeup-Lyr04-StrDbButton-Button.0003.png', 04);
insert into Category_Zoom (Category_Id, Zoom_Id) values (6, 12817);
insert into Zoom_Inventory_Attribute (Zoom_Id, Inventory_Attribute_Id) values (12817, 45);
-- Final Index and Final Name: button--0003 Key: button0003
insert into Zoom_Inventory_Attribute (Zoom_Id, Inventory_Attribute_Id) values (12817, 19);
insert into Zoom (Id, Description, Layer) values (12818, 'resources//img/Cuff/Cuff-Closeup-Lyr04-StrDbButton-Button.0004.png', 04);
insert into Category_Zoom (Category_Id, Zoom_Id) values (6, 12818);
insert into Zoom_Inventory_Attribute (Zoom_Id, Inventory_Attribute_Id) values (12818, 45);
-- Final Index and Final Name: button--0004 Key: button0004
insert into Zoom_Inventory_Attribute (Zoom_Id, Inventory_Attribute_Id) values (12818, 20);
insert into Zoom (Id, Description, Layer) values (12819, 'resources//img/Cuff/Cuff-Closeup-Lyr04-StrDbButton-Button.0005.png', 04);
insert into Category_Zoom (Category_Id, Zoom_Id) values (6, 12819);
insert into Zoom_Inventory_Attribute (Zoom_Id, Inventory_Attribute_Id) values (12819, 45);
-- Final Index and Final Name: button--0005 Key: button0005
insert into Zoom_Inventory_Attribute (Zoom_Id, Inventory_Attribute_Id) values (12819, 21);
insert into Zoom (Id, Description, Layer) values (12820, 'resources//img/Cuff/Cuff-Closeup-Lyr04-StrDbButton-Button.0006.png', 04);
insert into Category_Zoom (Category_Id, Zoom_Id) values (6, 12820);
insert into Zoom_Inventory_Attribute (Zoom_Id, Inventory_Attribute_Id) values (12820, 45);
-- Final Index and Final Name: button--0006 Key: button0006
insert into Zoom_Inventory_Attribute (Zoom_Id, Inventory_Attribute_Id) values (12820, 22);
insert into Zoom (Id, Description, Layer) values (12821, 'resources//img/Cuff/Cuff-Closeup-Lyr04-StrDbButton-Button.0007.png', 04);
insert into Category_Zoom (Category_Id, Zoom_Id) values (6, 12821);
insert into Zoom_Inventory_Attribute (Zoom_Id, Inventory_Attribute_Id) values (12821, 45);
-- Final Index and Final Name: button--0007 Key: button0007
insert into Zoom_Inventory_Attribute (Zoom_Id, Inventory_Attribute_Id) values (12821, 23);
insert into Zoom (Id, Description, Layer) values (12822, 'resources//img/Cuff/Cuff-Closeup-Lyr04-StrDbButton-Button.0008.png', 04);
insert into Category_Zoom (Category_Id, Zoom_Id) values (6, 12822);
insert into Zoom_Inventory_Attribute (Zoom_Id, Inventory_Attribute_Id) values (12822, 45);
-- Final Index and Final Name: button--0008 Key: button0008
insert into Zoom_Inventory_Attribute (Zoom_Id, Inventory_Attribute_Id) values (12822, 24);
insert into Zoom (Id, Description, Layer) values (12823, 'resources//img/Cuff/Cuff-Closeup-Lyr04-StrDbButton-Button.0009.png', 04);
insert into Category_Zoom (Category_Id, Zoom_Id) values (6, 12823);
insert into Zoom_Inventory_Attribute (Zoom_Id, Inventory_Attribute_Id) values (12823, 45);
-- Final Index and Final Name: button--0009 Key: button0009
insert into Zoom_Inventory_Attribute (Zoom_Id, Inventory_Attribute_Id) values (12823, 25);
insert into Zoom (Id, Description, Layer) values (12824, 'resources//img/Cuff/Cuff-Closeup-Lyr04-StrDbButton-Button.0010.png', 04);
insert into Category_Zoom (Category_Id, Zoom_Id) values (6, 12824);
insert into Zoom_Inventory_Attribute (Zoom_Id, Inventory_Attribute_Id) values (12824, 45);
-- Final Index and Final Name: button--0010 Key: button0010
insert into Zoom_Inventory_Attribute (Zoom_Id, Inventory_Attribute_Id) values (12824, 26);
insert into Zoom (Id, Description, Layer) values (12825, 'resources//img/Cuff/Cuff-Closeup-Lyr04-StrDbButton-Button.0011.png', 04);
insert into Category_Zoom (Category_Id, Zoom_Id) values (6, 12825);
insert into Zoom_Inventory_Attribute (Zoom_Id, Inventory_Attribute_Id) values (12825, 45);
-- Final Index and Final Name: button--0011 Key: button0011
insert into Zoom_Inventory_Attribute (Zoom_Id, Inventory_Attribute_Id) values (12825, 27);
insert into Zoom (Id, Description, Layer) values (12826, 'resources//img/Cuff/Cuff-Closeup-Lyr04-StrDbButton-Button.0012.png', 04);
insert into Category_Zoom (Category_Id, Zoom_Id) values (6, 12826);
insert into Zoom_Inventory_Attribute (Zoom_Id, Inventory_Attribute_Id) values (12826, 45);
-- Final Index and Final Name: button--0012 Key: button0012
insert into Zoom_Inventory_Attribute (Zoom_Id, Inventory_Attribute_Id) values (12826, 28);
insert into Zoom (Id, Description, Layer) values (12827, 'resources//img/Cuff/Cuff-Closeup-Lyr04-StrDbButton-Button.0013.png', 04);
insert into Category_Zoom (Category_Id, Zoom_Id) values (6, 12827);
insert into Zoom_Inventory_Attribute (Zoom_Id, Inventory_Attribute_Id) values (12827, 45);
-- Final Index and Final Name: button--0013 Key: button0013
insert into Zoom_Inventory_Attribute (Zoom_Id, Inventory_Attribute_Id) values (12827, 29);
insert into Zoom (Id, Description, Layer) values (12828, 'resources//img/Cuff/Cuff-Closeup-Lyr04-StrDbButton-Button.0014.png', 04);
insert into Category_Zoom (Category_Id, Zoom_Id) values (6, 12828);
insert into Zoom_Inventory_Attribute (Zoom_Id, Inventory_Attribute_Id) values (12828, 45);
-- Final Index and Final Name: button--0014 Key: button0014
insert into Zoom_Inventory_Attribute (Zoom_Id, Inventory_Attribute_Id) values (12828, 30);
insert into Zoom (Id, Description, Layer) values (12829, 'resources//img/Cuff/Cuff-Closeup-Lyr04-StrDbButton-Button.0015.png', 04);
insert into Category_Zoom (Category_Id, Zoom_Id) values (6, 12829);
insert into Zoom_Inventory_Attribute (Zoom_Id, Inventory_Attribute_Id) values (12829, 45);
-- Final Index and Final Name: button--0015 Key: button0015
insert into Zoom_Inventory_Attribute (Zoom_Id, Inventory_Attribute_Id) values (12829, 31);
insert into Zoom (Id, Description, Layer) values (12830, 'resources//img/Cuff/Cuff-Closeup-Lyr04-StrDbButton-Button.0016.png', 04);
insert into Category_Zoom (Category_Id, Zoom_Id) values (6, 12830);
insert into Zoom_Inventory_Attribute (Zoom_Id, Inventory_Attribute_Id) values (12830, 45);
-- Final Index and Final Name: button--0016 Key: button0016
insert into Zoom_Inventory_Attribute (Zoom_Id, Inventory_Attribute_Id) values (12830, 32);
insert into Zoom (Id, Description, Layer) values (12831, 'resources//img/Cuff/Cuff-Closeup-Lyr04-StrDbButton-Button.0017.png', 04);
insert into Category_Zoom (Category_Id, Zoom_Id) values (6, 12831);
insert into Zoom_Inventory_Attribute (Zoom_Id, Inventory_Attribute_Id) values (12831, 45);
-- Final Index and Final Name: button--0017 Key: button0017
insert into Zoom_Inventory_Attribute (Zoom_Id, Inventory_Attribute_Id) values (12831, 33);
insert into Zoom (Id, Description, Layer) values (12832, 'resources//img/Cuff/Cuff-Closeup-Lyr04-StrFrench-Button.0001.png', 04);
insert into Category_Zoom (Category_Id, Zoom_Id) values (6, 12832);
insert into Zoom_Inventory_Attribute (Zoom_Id, Inventory_Attribute_Id) values (12832, 46);
-- Final Index and Final Name: button--0001 Key: button0001
insert into Zoom_Inventory_Attribute (Zoom_Id, Inventory_Attribute_Id) values (12832, 17);
insert into Zoom (Id, Description, Layer) values (12833, 'resources//img/Cuff/Cuff-Closeup-Lyr04-StrFrench-Button.0002.png', 04);
insert into Category_Zoom (Category_Id, Zoom_Id) values (6, 12833);
insert into Zoom_Inventory_Attribute (Zoom_Id, Inventory_Attribute_Id) values (12833, 46);
-- Final Index and Final Name: button--0002 Key: button0002
insert into Zoom_Inventory_Attribute (Zoom_Id, Inventory_Attribute_Id) values (12833, 18);
insert into Zoom (Id, Description, Layer) values (12834, 'resources//img/Cuff/Cuff-Closeup-Lyr04-StrFrench-Button.0003.png', 04);
insert into Category_Zoom (Category_Id, Zoom_Id) values (6, 12834);
insert into Zoom_Inventory_Attribute (Zoom_Id, Inventory_Attribute_Id) values (12834, 46);
-- Final Index and Final Name: button--0003 Key: button0003
insert into Zoom_Inventory_Attribute (Zoom_Id, Inventory_Attribute_Id) values (12834, 19);
insert into Zoom (Id, Description, Layer) values (12835, 'resources//img/Cuff/Cuff-Closeup-Lyr04-StrFrench-Button.0004.png', 04);
insert into Category_Zoom (Category_Id, Zoom_Id) values (6, 12835);
insert into Zoom_Inventory_Attribute (Zoom_Id, Inventory_Attribute_Id) values (12835, 46);
-- Final Index and Final Name: button--0004 Key: button0004
insert into Zoom_Inventory_Attribute (Zoom_Id, Inventory_Attribute_Id) values (12835, 20);
insert into Zoom (Id, Description, Layer) values (12836, 'resources//img/Cuff/Cuff-Closeup-Lyr04-StrFrench-Button.0005.png', 04);
insert into Category_Zoom (Category_Id, Zoom_Id) values (6, 12836);
insert into Zoom_Inventory_Attribute (Zoom_Id, Inventory_Attribute_Id) values (12836, 46);
-- Final Index and Final Name: button--0005 Key: button0005
insert into Zoom_Inventory_Attribute (Zoom_Id, Inventory_Attribute_Id) values (12836, 21);
insert into Zoom (Id, Description, Layer) values (12837, 'resources//img/Cuff/Cuff-Closeup-Lyr04-StrFrench-Button.0006.png', 04);
insert into Category_Zoom (Category_Id, Zoom_Id) values (6, 12837);
insert into Zoom_Inventory_Attribute (Zoom_Id, Inventory_Attribute_Id) values (12837, 46);
-- Final Index and Final Name: button--0006 Key: button0006
insert into Zoom_Inventory_Attribute (Zoom_Id, Inventory_Attribute_Id) values (12837, 22);
insert into Zoom (Id, Description, Layer) values (12838, 'resources//img/Cuff/Cuff-Closeup-Lyr04-StrFrench-Button.0007.png', 04);
insert into Category_Zoom (Category_Id, Zoom_Id) values (6, 12838);
insert into Zoom_Inventory_Attribute (Zoom_Id, Inventory_Attribute_Id) values (12838, 46);
-- Final Index and Final Name: button--0007 Key: button0007
insert into Zoom_Inventory_Attribute (Zoom_Id, Inventory_Attribute_Id) values (12838, 23);
insert into Zoom (Id, Description, Layer) values (12839, 'resources//img/Cuff/Cuff-Closeup-Lyr04-StrFrench-Button.0008.png', 04);
insert into Category_Zoom (Category_Id, Zoom_Id) values (6, 12839);
insert into Zoom_Inventory_Attribute (Zoom_Id, Inventory_Attribute_Id) values (12839, 46);
-- Final Index and Final Name: button--0008 Key: button0008
insert into Zoom_Inventory_Attribute (Zoom_Id, Inventory_Attribute_Id) values (12839, 24);
insert into Zoom (Id, Description, Layer) values (12840, 'resources//img/Cuff/Cuff-Closeup-Lyr04-StrFrench-Button.0009.png', 04);
insert into Category_Zoom (Category_Id, Zoom_Id) values (6, 12840);
insert into Zoom_Inventory_Attribute (Zoom_Id, Inventory_Attribute_Id) values (12840, 46);
-- Final Index and Final Name: button--0009 Key: button0009
insert into Zoom_Inventory_Attribute (Zoom_Id, Inventory_Attribute_Id) values (12840, 25);
insert into Zoom (Id, Description, Layer) values (12841, 'resources//img/Cuff/Cuff-Closeup-Lyr04-StrFrench-Button.0010.png', 04);
insert into Category_Zoom (Category_Id, Zoom_Id) values (6, 12841);
insert into Zoom_Inventory_Attribute (Zoom_Id, Inventory_Attribute_Id) values (12841, 46);
-- Final Index and Final Name: button--0010 Key: button0010
insert into Zoom_Inventory_Attribute (Zoom_Id, Inventory_Attribute_Id) values (12841, 26);
insert into Zoom (Id, Description, Layer) values (12842, 'resources//img/Cuff/Cuff-Closeup-Lyr04-StrFrench-Button.0011.png', 04);
insert into Category_Zoom (Category_Id, Zoom_Id) values (6, 12842);
insert into Zoom_Inventory_Attribute (Zoom_Id, Inventory_Attribute_Id) values (12842, 46);
-- Final Index and Final Name: button--0011 Key: button0011
insert into Zoom_Inventory_Attribute (Zoom_Id, Inventory_Attribute_Id) values (12842, 27);
insert into Zoom (Id, Description, Layer) values (12843, 'resources//img/Cuff/Cuff-Closeup-Lyr04-StrFrench-Button.0012.png', 04);
insert into Category_Zoom (Category_Id, Zoom_Id) values (6, 12843);
insert into Zoom_Inventory_Attribute (Zoom_Id, Inventory_Attribute_Id) values (12843, 46);
-- Final Index and Final Name: button--0012 Key: button0012
insert into Zoom_Inventory_Attribute (Zoom_Id, Inventory_Attribute_Id) values (12843, 28);
insert into Zoom (Id, Description, Layer) values (12844, 'resources//img/Cuff/Cuff-Closeup-Lyr04-StrFrench-Button.0013.png', 04);
insert into Category_Zoom (Category_Id, Zoom_Id) values (6, 12844);
insert into Zoom_Inventory_Attribute (Zoom_Id, Inventory_Attribute_Id) values (12844, 46);
-- Final Index and Final Name: button--0013 Key: button0013
insert into Zoom_Inventory_Attribute (Zoom_Id, Inventory_Attribute_Id) values (12844, 29);
insert into Zoom (Id, Description, Layer) values (12845, 'resources//img/Cuff/Cuff-Closeup-Lyr04-StrFrench-Button.0014.png', 04);
insert into Category_Zoom (Category_Id, Zoom_Id) values (6, 12845);
insert into Zoom_Inventory_Attribute (Zoom_Id, Inventory_Attribute_Id) values (12845, 46);
-- Final Index and Final Name: button--0014 Key: button0014
insert into Zoom_Inventory_Attribute (Zoom_Id, Inventory_Attribute_Id) values (12845, 30);
insert into Zoom (Id, Description, Layer) values (12846, 'resources//img/Cuff/Cuff-Closeup-Lyr04-StrFrench-Button.0015.png', 04);
insert into Category_Zoom (Category_Id, Zoom_Id) values (6, 12846);
insert into Zoom_Inventory_Attribute (Zoom_Id, Inventory_Attribute_Id) values (12846, 46);
-- Final Index and Final Name: button--0015 Key: button0015
insert into Zoom_Inventory_Attribute (Zoom_Id, Inventory_Attribute_Id) values (12846, 31);
insert into Zoom (Id, Description, Layer) values (12847, 'resources//img/Cuff/Cuff-Closeup-Lyr04-StrFrench-Button.0016.png', 04);
insert into Category_Zoom (Category_Id, Zoom_Id) values (6, 12847);
insert into Zoom_Inventory_Attribute (Zoom_Id, Inventory_Attribute_Id) values (12847, 46);
-- Final Index and Final Name: button--0016 Key: button0016
insert into Zoom_Inventory_Attribute (Zoom_Id, Inventory_Attribute_Id) values (12847, 32);
insert into Zoom (Id, Description, Layer) values (12848, 'resources//img/Cuff/Cuff-Closeup-Lyr04-StrFrench-Button.0017.png', 04);
insert into Category_Zoom (Category_Id, Zoom_Id) values (6, 12848);
insert into Zoom_Inventory_Attribute (Zoom_Id, Inventory_Attribute_Id) values (12848, 46);
-- Final Index and Final Name: button--0017 Key: button0017
insert into Zoom_Inventory_Attribute (Zoom_Id, Inventory_Attribute_Id) values (12848, 33);
insert into Zoom (Id, Description, Layer) values (12849, 'resources//img/Cuff/Cuff-Closeup-Lyr04-StrNarrow-Button.0001.png', 04);
insert into Category_Zoom (Category_Id, Zoom_Id) values (6, 12849);
insert into Zoom_Inventory_Attribute (Zoom_Id, Inventory_Attribute_Id) values (12849, 47);
-- Final Index and Final Name: button--0001 Key: button0001
insert into Zoom_Inventory_Attribute (Zoom_Id, Inventory_Attribute_Id) values (12849, 17);
insert into Zoom (Id, Description, Layer) values (12850, 'resources//img/Cuff/Cuff-Closeup-Lyr04-StrNarrow-Button.0002.png', 04);
insert into Category_Zoom (Category_Id, Zoom_Id) values (6, 12850);
insert into Zoom_Inventory_Attribute (Zoom_Id, Inventory_Attribute_Id) values (12850, 47);
-- Final Index and Final Name: button--0002 Key: button0002
insert into Zoom_Inventory_Attribute (Zoom_Id, Inventory_Attribute_Id) values (12850, 18);
insert into Zoom (Id, Description, Layer) values (12851, 'resources//img/Cuff/Cuff-Closeup-Lyr04-StrNarrow-Button.0003.png', 04);
insert into Category_Zoom (Category_Id, Zoom_Id) values (6, 12851);
insert into Zoom_Inventory_Attribute (Zoom_Id, Inventory_Attribute_Id) values (12851, 47);
-- Final Index and Final Name: button--0003 Key: button0003
insert into Zoom_Inventory_Attribute (Zoom_Id, Inventory_Attribute_Id) values (12851, 19);
insert into Zoom (Id, Description, Layer) values (12852, 'resources//img/Cuff/Cuff-Closeup-Lyr04-StrNarrow-Button.0004.png', 04);
insert into Category_Zoom (Category_Id, Zoom_Id) values (6, 12852);
insert into Zoom_Inventory_Attribute (Zoom_Id, Inventory_Attribute_Id) values (12852, 47);
-- Final Index and Final Name: button--0004 Key: button0004
insert into Zoom_Inventory_Attribute (Zoom_Id, Inventory_Attribute_Id) values (12852, 20);
insert into Zoom (Id, Description, Layer) values (12853, 'resources//img/Cuff/Cuff-Closeup-Lyr04-StrNarrow-Button.0005.png', 04);
insert into Category_Zoom (Category_Id, Zoom_Id) values (6, 12853);
insert into Zoom_Inventory_Attribute (Zoom_Id, Inventory_Attribute_Id) values (12853, 47);
-- Final Index and Final Name: button--0005 Key: button0005
insert into Zoom_Inventory_Attribute (Zoom_Id, Inventory_Attribute_Id) values (12853, 21);
insert into Zoom (Id, Description, Layer) values (12854, 'resources//img/Cuff/Cuff-Closeup-Lyr04-StrNarrow-Button.0006.png', 04);
insert into Category_Zoom (Category_Id, Zoom_Id) values (6, 12854);
insert into Zoom_Inventory_Attribute (Zoom_Id, Inventory_Attribute_Id) values (12854, 47);
-- Final Index and Final Name: button--0006 Key: button0006
insert into Zoom_Inventory_Attribute (Zoom_Id, Inventory_Attribute_Id) values (12854, 22);
insert into Zoom (Id, Description, Layer) values (12855, 'resources//img/Cuff/Cuff-Closeup-Lyr04-StrNarrow-Button.0007.png', 04);
insert into Category_Zoom (Category_Id, Zoom_Id) values (6, 12855);
insert into Zoom_Inventory_Attribute (Zoom_Id, Inventory_Attribute_Id) values (12855, 47);
-- Final Index and Final Name: button--0007 Key: button0007
insert into Zoom_Inventory_Attribute (Zoom_Id, Inventory_Attribute_Id) values (12855, 23);
insert into Zoom (Id, Description, Layer) values (12856, 'resources//img/Cuff/Cuff-Closeup-Lyr04-StrNarrow-Button.0008.png', 04);
insert into Category_Zoom (Category_Id, Zoom_Id) values (6, 12856);
insert into Zoom_Inventory_Attribute (Zoom_Id, Inventory_Attribute_Id) values (12856, 47);
-- Final Index and Final Name: button--0008 Key: button0008
insert into Zoom_Inventory_Attribute (Zoom_Id, Inventory_Attribute_Id) values (12856, 24);
insert into Zoom (Id, Description, Layer) values (12857, 'resources//img/Cuff/Cuff-Closeup-Lyr04-StrNarrow-Button.0009.png', 04);
insert into Category_Zoom (Category_Id, Zoom_Id) values (6, 12857);
insert into Zoom_Inventory_Attribute (Zoom_Id, Inventory_Attribute_Id) values (12857, 47);
-- Final Index and Final Name: button--0009 Key: button0009
insert into Zoom_Inventory_Attribute (Zoom_Id, Inventory_Attribute_Id) values (12857, 25);
insert into Zoom (Id, Description, Layer) values (12858, 'resources//img/Cuff/Cuff-Closeup-Lyr04-StrNarrow-Button.0010.png', 04);
insert into Category_Zoom (Category_Id, Zoom_Id) values (6, 12858);
insert into Zoom_Inventory_Attribute (Zoom_Id, Inventory_Attribute_Id) values (12858, 47);
-- Final Index and Final Name: button--0010 Key: button0010
insert into Zoom_Inventory_Attribute (Zoom_Id, Inventory_Attribute_Id) values (12858, 26);
insert into Zoom (Id, Description, Layer) values (12859, 'resources//img/Cuff/Cuff-Closeup-Lyr04-StrNarrow-Button.0011.png', 04);
insert into Category_Zoom (Category_Id, Zoom_Id) values (6, 12859);
insert into Zoom_Inventory_Attribute (Zoom_Id, Inventory_Attribute_Id) values (12859, 47);
-- Final Index and Final Name: button--0011 Key: button0011
insert into Zoom_Inventory_Attribute (Zoom_Id, Inventory_Attribute_Id) values (12859, 27);
insert into Zoom (Id, Description, Layer) values (12860, 'resources//img/Cuff/Cuff-Closeup-Lyr04-StrNarrow-Button.0012.png', 04);
insert into Category_Zoom (Category_Id, Zoom_Id) values (6, 12860);
insert into Zoom_Inventory_Attribute (Zoom_Id, Inventory_Attribute_Id) values (12860, 47);
-- Final Index and Final Name: button--0012 Key: button0012
insert into Zoom_Inventory_Attribute (Zoom_Id, Inventory_Attribute_Id) values (12860, 28);
insert into Zoom (Id, Description, Layer) values (12861, 'resources//img/Cuff/Cuff-Closeup-Lyr04-StrNarrow-Button.0013.png', 04);
insert into Category_Zoom (Category_Id, Zoom_Id) values (6, 12861);
insert into Zoom_Inventory_Attribute (Zoom_Id, Inventory_Attribute_Id) values (12861, 47);
-- Final Index and Final Name: button--0013 Key: button0013
insert into Zoom_Inventory_Attribute (Zoom_Id, Inventory_Attribute_Id) values (12861, 29);
insert into Zoom (Id, Description, Layer) values (12862, 'resources//img/Cuff/Cuff-Closeup-Lyr04-StrNarrow-Button.0014.png', 04);
insert into Category_Zoom (Category_Id, Zoom_Id) values (6, 12862);
insert into Zoom_Inventory_Attribute (Zoom_Id, Inventory_Attribute_Id) values (12862, 47);
-- Final Index and Final Name: button--0014 Key: button0014
insert into Zoom_Inventory_Attribute (Zoom_Id, Inventory_Attribute_Id) values (12862, 30);
insert into Zoom (Id, Description, Layer) values (12863, 'resources//img/Cuff/Cuff-Closeup-Lyr04-StrNarrow-Button.0015.png', 04);
insert into Category_Zoom (Category_Id, Zoom_Id) values (6, 12863);
insert into Zoom_Inventory_Attribute (Zoom_Id, Inventory_Attribute_Id) values (12863, 47);
-- Final Index and Final Name: button--0015 Key: button0015
insert into Zoom_Inventory_Attribute (Zoom_Id, Inventory_Attribute_Id) values (12863, 31);
insert into Zoom (Id, Description, Layer) values (12864, 'resources//img/Cuff/Cuff-Closeup-Lyr04-StrNarrow-Button.0016.png', 04);
insert into Category_Zoom (Category_Id, Zoom_Id) values (6, 12864);
insert into Zoom_Inventory_Attribute (Zoom_Id, Inventory_Attribute_Id) values (12864, 47);
-- Final Index and Final Name: button--0016 Key: button0016
insert into Zoom_Inventory_Attribute (Zoom_Id, Inventory_Attribute_Id) values (12864, 32);
insert into Zoom (Id, Description, Layer) values (12865, 'resources//img/Cuff/Cuff-Closeup-Lyr04-StrNarrow-Button.0017.png', 04);
insert into Category_Zoom (Category_Id, Zoom_Id) values (6, 12865);
insert into Zoom_Inventory_Attribute (Zoom_Id, Inventory_Attribute_Id) values (12865, 47);
-- Final Index and Final Name: button--0017 Key: button0017
insert into Zoom_Inventory_Attribute (Zoom_Id, Inventory_Attribute_Id) values (12865, 33);
insert into Zoom (Id, Description, Layer) values (12866, 'resources//img/Cuff/Cuff-Closeup-Lyr04-StrSingButton-Button.0001.png', 04);
insert into Category_Zoom (Category_Id, Zoom_Id) values (6, 12866);
insert into Zoom_Inventory_Attribute (Zoom_Id, Inventory_Attribute_Id) values (12866, 49);
-- Final Index and Final Name: button--0001 Key: button0001
insert into Zoom_Inventory_Attribute (Zoom_Id, Inventory_Attribute_Id) values (12866, 17);
insert into Zoom (Id, Description, Layer) values (12867, 'resources//img/Cuff/Cuff-Closeup-Lyr04-StrSingButton-Button.0002.png', 04);
insert into Category_Zoom (Category_Id, Zoom_Id) values (6, 12867);
insert into Zoom_Inventory_Attribute (Zoom_Id, Inventory_Attribute_Id) values (12867, 49);
-- Final Index and Final Name: button--0002 Key: button0002
insert into Zoom_Inventory_Attribute (Zoom_Id, Inventory_Attribute_Id) values (12867, 18);
insert into Zoom (Id, Description, Layer) values (12868, 'resources//img/Cuff/Cuff-Closeup-Lyr04-StrSingButton-Button.0003.png', 04);
insert into Category_Zoom (Category_Id, Zoom_Id) values (6, 12868);
insert into Zoom_Inventory_Attribute (Zoom_Id, Inventory_Attribute_Id) values (12868, 49);
-- Final Index and Final Name: button--0003 Key: button0003
insert into Zoom_Inventory_Attribute (Zoom_Id, Inventory_Attribute_Id) values (12868, 19);
insert into Zoom (Id, Description, Layer) values (12869, 'resources//img/Cuff/Cuff-Closeup-Lyr04-StrSingButton-Button.0004.png', 04);
insert into Category_Zoom (Category_Id, Zoom_Id) values (6, 12869);
insert into Zoom_Inventory_Attribute (Zoom_Id, Inventory_Attribute_Id) values (12869, 49);
-- Final Index and Final Name: button--0004 Key: button0004
insert into Zoom_Inventory_Attribute (Zoom_Id, Inventory_Attribute_Id) values (12869, 20);
insert into Zoom (Id, Description, Layer) values (12870, 'resources//img/Cuff/Cuff-Closeup-Lyr04-StrSingButton-Button.0005.png', 04);
insert into Category_Zoom (Category_Id, Zoom_Id) values (6, 12870);
insert into Zoom_Inventory_Attribute (Zoom_Id, Inventory_Attribute_Id) values (12870, 49);
-- Final Index and Final Name: button--0005 Key: button0005
insert into Zoom_Inventory_Attribute (Zoom_Id, Inventory_Attribute_Id) values (12870, 21);
insert into Zoom (Id, Description, Layer) values (12871, 'resources//img/Cuff/Cuff-Closeup-Lyr04-StrSingButton-Button.0006.png', 04);
insert into Category_Zoom (Category_Id, Zoom_Id) values (6, 12871);
insert into Zoom_Inventory_Attribute (Zoom_Id, Inventory_Attribute_Id) values (12871, 49);
-- Final Index and Final Name: button--0006 Key: button0006
insert into Zoom_Inventory_Attribute (Zoom_Id, Inventory_Attribute_Id) values (12871, 22);
insert into Zoom (Id, Description, Layer) values (12872, 'resources//img/Cuff/Cuff-Closeup-Lyr04-StrSingButton-Button.0007.png', 04);
insert into Category_Zoom (Category_Id, Zoom_Id) values (6, 12872);
insert into Zoom_Inventory_Attribute (Zoom_Id, Inventory_Attribute_Id) values (12872, 49);
-- Final Index and Final Name: button--0007 Key: button0007
insert into Zoom_Inventory_Attribute (Zoom_Id, Inventory_Attribute_Id) values (12872, 23);
insert into Zoom (Id, Description, Layer) values (12873, 'resources//img/Cuff/Cuff-Closeup-Lyr04-StrSingButton-Button.0008.png', 04);
insert into Category_Zoom (Category_Id, Zoom_Id) values (6, 12873);
insert into Zoom_Inventory_Attribute (Zoom_Id, Inventory_Attribute_Id) values (12873, 49);
-- Final Index and Final Name: button--0008 Key: button0008
insert into Zoom_Inventory_Attribute (Zoom_Id, Inventory_Attribute_Id) values (12873, 24);
insert into Zoom (Id, Description, Layer) values (12874, 'resources//img/Cuff/Cuff-Closeup-Lyr04-StrSingButton-Button.0009.png', 04);
insert into Category_Zoom (Category_Id, Zoom_Id) values (6, 12874);
insert into Zoom_Inventory_Attribute (Zoom_Id, Inventory_Attribute_Id) values (12874, 49);
-- Final Index and Final Name: button--0009 Key: button0009
insert into Zoom_Inventory_Attribute (Zoom_Id, Inventory_Attribute_Id) values (12874, 25);
insert into Zoom (Id, Description, Layer) values (12875, 'resources//img/Cuff/Cuff-Closeup-Lyr04-StrSingButton-Button.0010.png', 04);
insert into Category_Zoom (Category_Id, Zoom_Id) values (6, 12875);
insert into Zoom_Inventory_Attribute (Zoom_Id, Inventory_Attribute_Id) values (12875, 49);
-- Final Index and Final Name: button--0010 Key: button0010
insert into Zoom_Inventory_Attribute (Zoom_Id, Inventory_Attribute_Id) values (12875, 26);
insert into Zoom (Id, Description, Layer) values (12876, 'resources//img/Cuff/Cuff-Closeup-Lyr04-StrSingButton-Button.0011.png', 04);
insert into Category_Zoom (Category_Id, Zoom_Id) values (6, 12876);
insert into Zoom_Inventory_Attribute (Zoom_Id, Inventory_Attribute_Id) values (12876, 49);
-- Final Index and Final Name: button--0011 Key: button0011
insert into Zoom_Inventory_Attribute (Zoom_Id, Inventory_Attribute_Id) values (12876, 27);
insert into Zoom (Id, Description, Layer) values (12877, 'resources//img/Cuff/Cuff-Closeup-Lyr04-StrSingButton-Button.0012.png', 04);
insert into Category_Zoom (Category_Id, Zoom_Id) values (6, 12877);
insert into Zoom_Inventory_Attribute (Zoom_Id, Inventory_Attribute_Id) values (12877, 49);
-- Final Index and Final Name: button--0012 Key: button0012
insert into Zoom_Inventory_Attribute (Zoom_Id, Inventory_Attribute_Id) values (12877, 28);
insert into Zoom (Id, Description, Layer) values (12878, 'resources//img/Cuff/Cuff-Closeup-Lyr04-StrSingButton-Button.0013.png', 04);
insert into Category_Zoom (Category_Id, Zoom_Id) values (6, 12878);
insert into Zoom_Inventory_Attribute (Zoom_Id, Inventory_Attribute_Id) values (12878, 49);
-- Final Index and Final Name: button--0013 Key: button0013
insert into Zoom_Inventory_Attribute (Zoom_Id, Inventory_Attribute_Id) values (12878, 29);
insert into Zoom (Id, Description, Layer) values (12879, 'resources//img/Cuff/Cuff-Closeup-Lyr04-StrSingButton-Button.0014.png', 04);
insert into Category_Zoom (Category_Id, Zoom_Id) values (6, 12879);
insert into Zoom_Inventory_Attribute (Zoom_Id, Inventory_Attribute_Id) values (12879, 49);
-- Final Index and Final Name: button--0014 Key: button0014
insert into Zoom_Inventory_Attribute (Zoom_Id, Inventory_Attribute_Id) values (12879, 30);
insert into Zoom (Id, Description, Layer) values (12880, 'resources//img/Cuff/Cuff-Closeup-Lyr04-StrSingButton-Button.0015.png', 04);
insert into Category_Zoom (Category_Id, Zoom_Id) values (6, 12880);
insert into Zoom_Inventory_Attribute (Zoom_Id, Inventory_Attribute_Id) values (12880, 49);
-- Final Index and Final Name: button--0015 Key: button0015
insert into Zoom_Inventory_Attribute (Zoom_Id, Inventory_Attribute_Id) values (12880, 31);
insert into Zoom (Id, Description, Layer) values (12881, 'resources//img/Cuff/Cuff-Closeup-Lyr04-StrSingButton-Button.0016.png', 04);
insert into Category_Zoom (Category_Id, Zoom_Id) values (6, 12881);
insert into Zoom_Inventory_Attribute (Zoom_Id, Inventory_Attribute_Id) values (12881, 49);
-- Final Index and Final Name: button--0016 Key: button0016
insert into Zoom_Inventory_Attribute (Zoom_Id, Inventory_Attribute_Id) values (12881, 32);
insert into Zoom (Id, Description, Layer) values (12882, 'resources//img/Cuff/Cuff-Closeup-Lyr04-StrSingButton-Button.0017.png', 04);
insert into Category_Zoom (Category_Id, Zoom_Id) values (6, 12882);
insert into Zoom_Inventory_Attribute (Zoom_Id, Inventory_Attribute_Id) values (12882, 49);
-- Final Index and Final Name: button--0017 Key: button0017
insert into Zoom_Inventory_Attribute (Zoom_Id, Inventory_Attribute_Id) values (12882, 33);
insert into Zoom (Id, Description, Layer) values (12883, 'resources//img/Cuff/Cuff-Closeup-Lyr04-StrTrpButton-Button.0001.png', 04);
insert into Category_Zoom (Category_Id, Zoom_Id) values (6, 12883);
insert into Zoom_Inventory_Attribute (Zoom_Id, Inventory_Attribute_Id) values (12883, 50);
-- Final Index and Final Name: button--0001 Key: button0001
insert into Zoom_Inventory_Attribute (Zoom_Id, Inventory_Attribute_Id) values (12883, 17);
insert into Zoom (Id, Description, Layer) values (12884, 'resources//img/Cuff/Cuff-Closeup-Lyr04-StrTrpButton-Button.0002.png', 04);
insert into Category_Zoom (Category_Id, Zoom_Id) values (6, 12884);
insert into Zoom_Inventory_Attribute (Zoom_Id, Inventory_Attribute_Id) values (12884, 50);
-- Final Index and Final Name: button--0002 Key: button0002
insert into Zoom_Inventory_Attribute (Zoom_Id, Inventory_Attribute_Id) values (12884, 18);
insert into Zoom (Id, Description, Layer) values (12885, 'resources//img/Cuff/Cuff-Closeup-Lyr04-StrTrpButton-Button.0003.png', 04);
insert into Category_Zoom (Category_Id, Zoom_Id) values (6, 12885);
insert into Zoom_Inventory_Attribute (Zoom_Id, Inventory_Attribute_Id) values (12885, 50);
-- Final Index and Final Name: button--0003 Key: button0003
insert into Zoom_Inventory_Attribute (Zoom_Id, Inventory_Attribute_Id) values (12885, 19);
insert into Zoom (Id, Description, Layer) values (12886, 'resources//img/Cuff/Cuff-Closeup-Lyr04-StrTrpButton-Button.0004.png', 04);
insert into Category_Zoom (Category_Id, Zoom_Id) values (6, 12886);
insert into Zoom_Inventory_Attribute (Zoom_Id, Inventory_Attribute_Id) values (12886, 50);
-- Final Index and Final Name: button--0004 Key: button0004
insert into Zoom_Inventory_Attribute (Zoom_Id, Inventory_Attribute_Id) values (12886, 20);
insert into Zoom (Id, Description, Layer) values (12887, 'resources//img/Cuff/Cuff-Closeup-Lyr04-StrTrpButton-Button.0005.png', 04);
insert into Category_Zoom (Category_Id, Zoom_Id) values (6, 12887);
insert into Zoom_Inventory_Attribute (Zoom_Id, Inventory_Attribute_Id) values (12887, 50);
-- Final Index and Final Name: button--0005 Key: button0005
insert into Zoom_Inventory_Attribute (Zoom_Id, Inventory_Attribute_Id) values (12887, 21);
insert into Zoom (Id, Description, Layer) values (12888, 'resources//img/Cuff/Cuff-Closeup-Lyr04-StrTrpButton-Button.0006.png', 04);
insert into Category_Zoom (Category_Id, Zoom_Id) values (6, 12888);
insert into Zoom_Inventory_Attribute (Zoom_Id, Inventory_Attribute_Id) values (12888, 50);
-- Final Index and Final Name: button--0006 Key: button0006
insert into Zoom_Inventory_Attribute (Zoom_Id, Inventory_Attribute_Id) values (12888, 22);
insert into Zoom (Id, Description, Layer) values (12889, 'resources//img/Cuff/Cuff-Closeup-Lyr04-StrTrpButton-Button.0007.png', 04);
insert into Category_Zoom (Category_Id, Zoom_Id) values (6, 12889);
insert into Zoom_Inventory_Attribute (Zoom_Id, Inventory_Attribute_Id) values (12889, 50);
-- Final Index and Final Name: button--0007 Key: button0007
insert into Zoom_Inventory_Attribute (Zoom_Id, Inventory_Attribute_Id) values (12889, 23);
insert into Zoom (Id, Description, Layer) values (12890, 'resources//img/Cuff/Cuff-Closeup-Lyr04-StrTrpButton-Button.0008.png', 04);
insert into Category_Zoom (Category_Id, Zoom_Id) values (6, 12890);
insert into Zoom_Inventory_Attribute (Zoom_Id, Inventory_Attribute_Id) values (12890, 50);
-- Final Index and Final Name: button--0008 Key: button0008
insert into Zoom_Inventory_Attribute (Zoom_Id, Inventory_Attribute_Id) values (12890, 24);
insert into Zoom (Id, Description, Layer) values (12891, 'resources//img/Cuff/Cuff-Closeup-Lyr04-StrTrpButton-Button.0009.png', 04);
insert into Category_Zoom (Category_Id, Zoom_Id) values (6, 12891);
insert into Zoom_Inventory_Attribute (Zoom_Id, Inventory_Attribute_Id) values (12891, 50);
-- Final Index and Final Name: button--0009 Key: button0009
insert into Zoom_Inventory_Attribute (Zoom_Id, Inventory_Attribute_Id) values (12891, 25);
insert into Zoom (Id, Description, Layer) values (12892, 'resources//img/Cuff/Cuff-Closeup-Lyr04-StrTrpButton-Button.0010.png', 04);
insert into Category_Zoom (Category_Id, Zoom_Id) values (6, 12892);
insert into Zoom_Inventory_Attribute (Zoom_Id, Inventory_Attribute_Id) values (12892, 50);
-- Final Index and Final Name: button--0010 Key: button0010
insert into Zoom_Inventory_Attribute (Zoom_Id, Inventory_Attribute_Id) values (12892, 26);
insert into Zoom (Id, Description, Layer) values (12893, 'resources//img/Cuff/Cuff-Closeup-Lyr04-StrTrpButton-Button.0011.png', 04);
insert into Category_Zoom (Category_Id, Zoom_Id) values (6, 12893);
insert into Zoom_Inventory_Attribute (Zoom_Id, Inventory_Attribute_Id) values (12893, 50);
-- Final Index and Final Name: button--0011 Key: button0011
insert into Zoom_Inventory_Attribute (Zoom_Id, Inventory_Attribute_Id) values (12893, 27);
insert into Zoom (Id, Description, Layer) values (12894, 'resources//img/Cuff/Cuff-Closeup-Lyr04-StrTrpButton-Button.0012.png', 04);
insert into Category_Zoom (Category_Id, Zoom_Id) values (6, 12894);
insert into Zoom_Inventory_Attribute (Zoom_Id, Inventory_Attribute_Id) values (12894, 50);
-- Final Index and Final Name: button--0012 Key: button0012
insert into Zoom_Inventory_Attribute (Zoom_Id, Inventory_Attribute_Id) values (12894, 28);
insert into Zoom (Id, Description, Layer) values (12895, 'resources//img/Cuff/Cuff-Closeup-Lyr04-StrTrpButton-Button.0013.png', 04);
insert into Category_Zoom (Category_Id, Zoom_Id) values (6, 12895);
insert into Zoom_Inventory_Attribute (Zoom_Id, Inventory_Attribute_Id) values (12895, 50);
-- Final Index and Final Name: button--0013 Key: button0013
insert into Zoom_Inventory_Attribute (Zoom_Id, Inventory_Attribute_Id) values (12895, 29);
insert into Zoom (Id, Description, Layer) values (12896, 'resources//img/Cuff/Cuff-Closeup-Lyr04-StrTrpButton-Button.0014.png', 04);
insert into Category_Zoom (Category_Id, Zoom_Id) values (6, 12896);
insert into Zoom_Inventory_Attribute (Zoom_Id, Inventory_Attribute_Id) values (12896, 50);
-- Final Index and Final Name: button--0014 Key: button0014
insert into Zoom_Inventory_Attribute (Zoom_Id, Inventory_Attribute_Id) values (12896, 30);
insert into Zoom (Id, Description, Layer) values (12897, 'resources//img/Cuff/Cuff-Closeup-Lyr04-StrTrpButton-Button.0015.png', 04);
insert into Category_Zoom (Category_Id, Zoom_Id) values (6, 12897);
insert into Zoom_Inventory_Attribute (Zoom_Id, Inventory_Attribute_Id) values (12897, 50);
-- Final Index and Final Name: button--0015 Key: button0015
insert into Zoom_Inventory_Attribute (Zoom_Id, Inventory_Attribute_Id) values (12897, 31);
insert into Zoom (Id, Description, Layer) values (12898, 'resources//img/Cuff/Cuff-Closeup-Lyr04-StrTrpButton-Button.0016.png', 04);
insert into Category_Zoom (Category_Id, Zoom_Id) values (6, 12898);
insert into Zoom_Inventory_Attribute (Zoom_Id, Inventory_Attribute_Id) values (12898, 50);
-- Final Index and Final Name: button--0016 Key: button0016
insert into Zoom_Inventory_Attribute (Zoom_Id, Inventory_Attribute_Id) values (12898, 32);
insert into Zoom (Id, Description, Layer) values (12899, 'resources//img/Cuff/Cuff-Closeup-Lyr04-StrTrpButton-Button.0017.png', 04);
insert into Category_Zoom (Category_Id, Zoom_Id) values (6, 12899);
insert into Zoom_Inventory_Attribute (Zoom_Id, Inventory_Attribute_Id) values (12899, 50);
-- Final Index and Final Name: button--0017 Key: button0017
insert into Zoom_Inventory_Attribute (Zoom_Id, Inventory_Attribute_Id) values (12899, 33);
insert into Zoom (Id, Description, Layer) values (12900, 'resources//img/Fabric/Fabric-Closeup-ZoomIn.0001.png', 00);
insert into Category_Zoom (Category_Id, Zoom_Id) values (9, 12900);
-- Final Index and Final Name: zoomin--0001 Key: fabric0001
insert into Zoom_Inventory_Attribute (Zoom_Id, Inventory_Attribute_Id) values (12900, 52);
insert into Zoom (Id, Description, Layer) values (12901, 'resources//img/Fabric/Fabric-Closeup-ZoomIn.0002.png', 00);
insert into Category_Zoom (Category_Id, Zoom_Id) values (9, 12901);
-- Final Index and Final Name: zoomin--0002 Key: fabric0002
insert into Zoom_Inventory_Attribute (Zoom_Id, Inventory_Attribute_Id) values (12901, 53);
insert into Zoom (Id, Description, Layer) values (12902, 'resources//img/Fabric/Fabric-Closeup-ZoomIn.0003.png', 00);
insert into Category_Zoom (Category_Id, Zoom_Id) values (9, 12902);
-- Final Index and Final Name: zoomin--0003 Key: fabric0003
insert into Zoom_Inventory_Attribute (Zoom_Id, Inventory_Attribute_Id) values (12902, 54);
insert into Zoom (Id, Description, Layer) values (12903, 'resources//img/Fabric/Fabric-Closeup-ZoomIn.0004.png', 00);
insert into Category_Zoom (Category_Id, Zoom_Id) values (9, 12903);
-- Final Index and Final Name: zoomin--0004 Key: fabric0004
insert into Zoom_Inventory_Attribute (Zoom_Id, Inventory_Attribute_Id) values (12903, 55);
insert into Zoom (Id, Description, Layer) values (12904, 'resources//img/Fabric/Fabric-Closeup-ZoomIn.0005.png', 00);
insert into Category_Zoom (Category_Id, Zoom_Id) values (9, 12904);
-- Final Index and Final Name: zoomin--0005 Key: fabric0005
insert into Zoom_Inventory_Attribute (Zoom_Id, Inventory_Attribute_Id) values (12904, 56);
insert into Zoom (Id, Description, Layer) values (12905, 'resources//img/Fabric/Fabric-Closeup-ZoomIn.0006.png', 00);
insert into Category_Zoom (Category_Id, Zoom_Id) values (9, 12905);
-- Final Index and Final Name: zoomin--0006 Key: fabric0006
insert into Zoom_Inventory_Attribute (Zoom_Id, Inventory_Attribute_Id) values (12905, 57);
insert into Zoom (Id, Description, Layer) values (12906, 'resources//img/Fabric/Fabric-Closeup-ZoomIn.0007.png', 00);
insert into Category_Zoom (Category_Id, Zoom_Id) values (9, 12906);
-- Final Index and Final Name: zoomin--0007 Key: fabric0007
insert into Zoom_Inventory_Attribute (Zoom_Id, Inventory_Attribute_Id) values (12906, 58);
insert into Zoom (Id, Description, Layer) values (12907, 'resources//img/Fabric/Fabric-Closeup-ZoomIn.0008.png', 00);
insert into Category_Zoom (Category_Id, Zoom_Id) values (9, 12907);
-- Final Index and Final Name: zoomin--0008 Key: fabric0008
insert into Zoom_Inventory_Attribute (Zoom_Id, Inventory_Attribute_Id) values (12907, 59);
insert into Zoom (Id, Description, Layer) values (12908, 'resources//img/Fabric/Fabric-Closeup-ZoomIn.0009.png', 00);
insert into Category_Zoom (Category_Id, Zoom_Id) values (9, 12908);
-- Final Index and Final Name: zoomin--0009 Key: fabric0009
insert into Zoom_Inventory_Attribute (Zoom_Id, Inventory_Attribute_Id) values (12908, 60);
insert into Zoom (Id, Description, Layer) values (12909, 'resources//img/Fabric/Fabric-Closeup-ZoomIn.0010.png', 00);
insert into Category_Zoom (Category_Id, Zoom_Id) values (9, 12909);
-- Final Index and Final Name: zoomin--0010 Key: fabric0010
insert into Zoom_Inventory_Attribute (Zoom_Id, Inventory_Attribute_Id) values (12909, 61);
insert into Zoom (Id, Description, Layer) values (12910, 'resources//img/Fabric/Fabric-Closeup-ZoomIn.0011.png', 00);
insert into Category_Zoom (Category_Id, Zoom_Id) values (9, 12910);
-- Final Index and Final Name: zoomin--0011 Key: fabric0011
insert into Zoom_Inventory_Attribute (Zoom_Id, Inventory_Attribute_Id) values (12910, 62);
insert into Zoom (Id, Description, Layer) values (12911, 'resources//img/Fabric/Fabric-Closeup-ZoomIn.0012.png', 00);
insert into Category_Zoom (Category_Id, Zoom_Id) values (9, 12911);
-- Final Index and Final Name: zoomin--0012 Key: fabric0012
insert into Zoom_Inventory_Attribute (Zoom_Id, Inventory_Attribute_Id) values (12911, 63);
insert into Zoom (Id, Description, Layer) values (12912, 'resources//img/Fabric/Fabric-Closeup-ZoomIn.0013.png', 00);
insert into Category_Zoom (Category_Id, Zoom_Id) values (9, 12912);
-- Final Index and Final Name: zoomin--0013 Key: fabric0013
insert into Zoom_Inventory_Attribute (Zoom_Id, Inventory_Attribute_Id) values (12912, 64);
insert into Zoom (Id, Description, Layer) values (12913, 'resources//img/Fabric/Fabric-Closeup-ZoomIn.0014.png', 00);
insert into Category_Zoom (Category_Id, Zoom_Id) values (9, 12913);
-- Final Index and Final Name: zoomin--0014 Key: fabric0014
insert into Zoom_Inventory_Attribute (Zoom_Id, Inventory_Attribute_Id) values (12913, 65);
insert into Zoom (Id, Description, Layer) values (12914, 'resources//img/Fabric/Fabric-Closeup-ZoomIn.0015.png', 00);
insert into Category_Zoom (Category_Id, Zoom_Id) values (9, 12914);
-- Final Index and Final Name: zoomin--0015 Key: fabric0015
insert into Zoom_Inventory_Attribute (Zoom_Id, Inventory_Attribute_Id) values (12914, 66);
insert into Zoom (Id, Description, Layer) values (12915, 'resources//img/Fabric/Fabric-Closeup-ZoomIn.0016.png', 00);
insert into Category_Zoom (Category_Id, Zoom_Id) values (9, 12915);
-- Final Index and Final Name: zoomin--0016 Key: fabric0016
insert into Zoom_Inventory_Attribute (Zoom_Id, Inventory_Attribute_Id) values (12915, 67);
insert into Zoom (Id, Description, Layer) values (12916, 'resources//img/Fabric/Fabric-Closeup-ZoomIn.0017.png', 00);
insert into Category_Zoom (Category_Id, Zoom_Id) values (9, 12916);
-- Final Index and Final Name: zoomin--0017 Key: fabric0017
insert into Zoom_Inventory_Attribute (Zoom_Id, Inventory_Attribute_Id) values (12916, 68);
insert into Zoom (Id, Description, Layer) values (12917, 'resources//img/Fabric/Fabric-Closeup-ZoomIn.0018.png', 00);
insert into Category_Zoom (Category_Id, Zoom_Id) values (9, 12917);
-- Final Index and Final Name: zoomin--0018 Key: fabric0018
insert into Zoom_Inventory_Attribute (Zoom_Id, Inventory_Attribute_Id) values (12917, 69);
insert into Zoom (Id, Description, Layer) values (12918, 'resources//img/Fabric/Fabric-Closeup-ZoomIn.0019.png', 00);
insert into Category_Zoom (Category_Id, Zoom_Id) values (9, 12918);
-- Final Index and Final Name: zoomin--0019 Key: fabric0019
insert into Zoom_Inventory_Attribute (Zoom_Id, Inventory_Attribute_Id) values (12918, 70);
insert into Zoom (Id, Description, Layer) values (12919, 'resources//img/Fabric/Fabric-Closeup-ZoomIn.0020.png', 00);
insert into Category_Zoom (Category_Id, Zoom_Id) values (9, 12919);
-- Final Index and Final Name: zoomin--0020 Key: fabric0020
insert into Zoom_Inventory_Attribute (Zoom_Id, Inventory_Attribute_Id) values (12919, 71);
insert into Zoom (Id, Description, Layer) values (12920, 'resources//img/Fabric/Fabric-Closeup-ZoomIn.0021.png', 00);
insert into Category_Zoom (Category_Id, Zoom_Id) values (9, 12920);
-- Final Index and Final Name: zoomin--0021 Key: fabric0021
insert into Zoom_Inventory_Attribute (Zoom_Id, Inventory_Attribute_Id) values (12920, 72);
insert into Zoom (Id, Description, Layer) values (12921, 'resources//img/Fabric/Fabric-Closeup-ZoomIn.0022.png', 00);
insert into Category_Zoom (Category_Id, Zoom_Id) values (9, 12921);
-- Final Index and Final Name: zoomin--0022 Key: fabric0022
insert into Zoom_Inventory_Attribute (Zoom_Id, Inventory_Attribute_Id) values (12921, 73);
insert into Zoom (Id, Description, Layer) values (12922, 'resources//img/Fabric/Fabric-Closeup-ZoomIn.0023.png', 00);
insert into Category_Zoom (Category_Id, Zoom_Id) values (9, 12922);
-- Final Index and Final Name: zoomin--0023 Key: fabric0023
insert into Zoom_Inventory_Attribute (Zoom_Id, Inventory_Attribute_Id) values (12922, 74);
insert into Zoom (Id, Description, Layer) values (12923, 'resources//img/Fabric/Fabric-Closeup-ZoomIn.0024.png', 00);
insert into Category_Zoom (Category_Id, Zoom_Id) values (9, 12923);
-- Final Index and Final Name: zoomin--0024 Key: fabric0024
insert into Zoom_Inventory_Attribute (Zoom_Id, Inventory_Attribute_Id) values (12923, 75);
insert into Zoom (Id, Description, Layer) values (12924, 'resources//img/Fabric/Fabric-Closeup-ZoomIn.0025.png', 00);
insert into Category_Zoom (Category_Id, Zoom_Id) values (9, 12924);
-- Final Index and Final Name: zoomin--0025 Key: fabric0025
insert into Zoom_Inventory_Attribute (Zoom_Id, Inventory_Attribute_Id) values (12924, 76);
insert into Zoom (Id, Description, Layer) values (12925, 'resources//img/Fabric/Fabric-Closeup-ZoomIn.0026.png', 00);
insert into Category_Zoom (Category_Id, Zoom_Id) values (9, 12925);
-- Final Index and Final Name: zoomin--0026 Key: fabric0026
insert into Zoom_Inventory_Attribute (Zoom_Id, Inventory_Attribute_Id) values (12925, 77);
insert into Zoom (Id, Description, Layer) values (12926, 'resources//img/Fabric/Fabric-Closeup-ZoomIn.0027.png', 00);
insert into Category_Zoom (Category_Id, Zoom_Id) values (9, 12926);
-- Final Index and Final Name: zoomin--0027 Key: fabric0027
insert into Zoom_Inventory_Attribute (Zoom_Id, Inventory_Attribute_Id) values (12926, 78);
insert into Zoom (Id, Description, Layer) values (12927, 'resources//img/Fabric/Fabric-Closeup-ZoomIn.0028.png', 00);
insert into Category_Zoom (Category_Id, Zoom_Id) values (9, 12927);
-- Final Index and Final Name: zoomin--0028 Key: fabric0028
insert into Zoom_Inventory_Attribute (Zoom_Id, Inventory_Attribute_Id) values (12927, 79);
insert into Zoom (Id, Description, Layer) values (12928, 'resources//img/Fabric/Fabric-Closeup-ZoomIn.0029.png', 00);
insert into Category_Zoom (Category_Id, Zoom_Id) values (9, 12928);
-- Final Index and Final Name: zoomin--0029 Key: fabric0029
insert into Zoom_Inventory_Attribute (Zoom_Id, Inventory_Attribute_Id) values (12928, 80);
insert into Zoom (Id, Description, Layer) values (12929, 'resources//img/Fabric/Fabric-Closeup-ZoomIn.0030.png', 00);
insert into Category_Zoom (Category_Id, Zoom_Id) values (9, 12929);
-- Final Index and Final Name: zoomin--0030 Key: fabric0030
insert into Zoom_Inventory_Attribute (Zoom_Id, Inventory_Attribute_Id) values (12929, 81);
insert into Zoom (Id, Description, Layer) values (12930, 'resources//img/Fabric/Fabric-Closeup-ZoomIn.0031.png', 00);
insert into Category_Zoom (Category_Id, Zoom_Id) values (9, 12930);
-- Final Index and Final Name: zoomin--0031 Key: fabric0031
insert into Zoom_Inventory_Attribute (Zoom_Id, Inventory_Attribute_Id) values (12930, 82);
insert into Zoom (Id, Description, Layer) values (12931, 'resources//img/Fabric/Fabric-Closeup-ZoomIn.0032.png', 00);
insert into Category_Zoom (Category_Id, Zoom_Id) values (9, 12931);
-- Final Index and Final Name: zoomin--0032 Key: fabric0032
insert into Zoom_Inventory_Attribute (Zoom_Id, Inventory_Attribute_Id) values (12931, 83);
insert into Zoom (Id, Description, Layer) values (12932, 'resources//img/Fabric/Fabric-Closeup-ZoomIn.0033.png', 00);
insert into Category_Zoom (Category_Id, Zoom_Id) values (9, 12932);
-- Final Index and Final Name: zoomin--0033 Key: fabric0033
insert into Zoom_Inventory_Attribute (Zoom_Id, Inventory_Attribute_Id) values (12932, 84);
insert into Zoom (Id, Description, Layer) values (12933, 'resources//img/Fabric/Fabric-Closeup-ZoomIn.0034.png', 00);
insert into Category_Zoom (Category_Id, Zoom_Id) values (9, 12933);
-- Final Index and Final Name: zoomin--0034 Key: fabric0034
insert into Zoom_Inventory_Attribute (Zoom_Id, Inventory_Attribute_Id) values (12933, 85);
insert into Zoom (Id, Description, Layer) values (12934, 'resources//img/Fabric/Fabric-Closeup-ZoomIn.0035.png', 00);
insert into Category_Zoom (Category_Id, Zoom_Id) values (9, 12934);
-- Final Index and Final Name: zoomin--0035 Key: fabric0035
insert into Zoom_Inventory_Attribute (Zoom_Id, Inventory_Attribute_Id) values (12934, 86);
insert into Zoom (Id, Description, Layer) values (12935, 'resources//img/Fabric/Fabric-Closeup-ZoomIn.0036.png', 00);
insert into Category_Zoom (Category_Id, Zoom_Id) values (9, 12935);
-- Final Index and Final Name: zoomin--0036 Key: fabric0036
insert into Zoom_Inventory_Attribute (Zoom_Id, Inventory_Attribute_Id) values (12935, 87);
insert into Zoom (Id, Description, Layer) values (12936, 'resources//img/Fabric/Fabric-Closeup-ZoomIn.0037.png', 00);
insert into Category_Zoom (Category_Id, Zoom_Id) values (9, 12936);
-- Final Index and Final Name: zoomin--0037 Key: fabric0037
insert into Zoom_Inventory_Attribute (Zoom_Id, Inventory_Attribute_Id) values (12936, 88);
insert into Zoom (Id, Description, Layer) values (12937, 'resources//img/Fabric/Fabric-Closeup-ZoomIn.0038.png', 00);
insert into Category_Zoom (Category_Id, Zoom_Id) values (9, 12937);
-- Final Index and Final Name: zoomin--0038 Key: fabric0038
insert into Zoom_Inventory_Attribute (Zoom_Id, Inventory_Attribute_Id) values (12937, 89);
insert into Zoom (Id, Description, Layer) values (12938, 'resources//img/Fabric/Fabric-Closeup-ZoomIn.0039.png', 00);
insert into Category_Zoom (Category_Id, Zoom_Id) values (9, 12938);
-- Final Index and Final Name: zoomin--0039 Key: fabric0039
insert into Zoom_Inventory_Attribute (Zoom_Id, Inventory_Attribute_Id) values (12938, 90);
insert into Zoom (Id, Description, Layer) values (12939, 'resources//img/Fabric/Fabric-Closeup-ZoomIn.0040.png', 00);
insert into Category_Zoom (Category_Id, Zoom_Id) values (9, 12939);
-- Final Index and Final Name: zoomin--0040 Key: fabric0040
insert into Zoom_Inventory_Attribute (Zoom_Id, Inventory_Attribute_Id) values (12939, 91);
insert into Zoom (Id, Description, Layer) values (12940, 'resources//img/Fabric/Fabric-Closeup-ZoomIn.0041.png', 00);
insert into Category_Zoom (Category_Id, Zoom_Id) values (9, 12940);
-- Final Index and Final Name: zoomin--0041 Key: fabric0041
insert into Zoom_Inventory_Attribute (Zoom_Id, Inventory_Attribute_Id) values (12940, 92);
insert into Zoom (Id, Description, Layer) values (12941, 'resources//img/Fabric/Fabric-Closeup-ZoomIn.0042.png', 00);
insert into Category_Zoom (Category_Id, Zoom_Id) values (9, 12941);
-- Final Index and Final Name: zoomin--0042 Key: fabric0042
insert into Zoom_Inventory_Attribute (Zoom_Id, Inventory_Attribute_Id) values (12941, 93);
insert into Zoom (Id, Description, Layer) values (12942, 'resources//img/Fabric/Fabric-Closeup-ZoomIn.0043.png', 00);
insert into Category_Zoom (Category_Id, Zoom_Id) values (9, 12942);
-- Final Index and Final Name: zoomin--0043 Key: fabric0043
insert into Zoom_Inventory_Attribute (Zoom_Id, Inventory_Attribute_Id) values (12942, 94);
insert into Zoom (Id, Description, Layer) values (12943, 'resources//img/Fabric/Fabric-Closeup-ZoomIn.0044.png', 00);
insert into Category_Zoom (Category_Id, Zoom_Id) values (9, 12943);
-- Final Index and Final Name: zoomin--0044 Key: fabric0044
insert into Zoom_Inventory_Attribute (Zoom_Id, Inventory_Attribute_Id) values (12943, 95);
insert into Zoom (Id, Description, Layer) values (12944, 'resources//img/Fabric/Fabric-Closeup-ZoomIn.0045.png', 00);
insert into Category_Zoom (Category_Id, Zoom_Id) values (9, 12944);
-- Final Index and Final Name: zoomin--0045 Key: fabric0045
insert into Zoom_Inventory_Attribute (Zoom_Id, Inventory_Attribute_Id) values (12944, 96);
insert into Zoom (Id, Description, Layer) values (12945, 'resources//img/Fabric/Fabric-Closeup-ZoomIn.0046.png', 00);
insert into Category_Zoom (Category_Id, Zoom_Id) values (9, 12945);
-- Final Index and Final Name: zoomin--0046 Key: fabric0046
insert into Zoom_Inventory_Attribute (Zoom_Id, Inventory_Attribute_Id) values (12945, 97);
insert into Zoom (Id, Description, Layer) values (12946, 'resources//img/Fabric/Fabric-Closeup-ZoomIn.0047.png', 00);
insert into Category_Zoom (Category_Id, Zoom_Id) values (9, 12946);
-- Final Index and Final Name: zoomin--0047 Key: fabric0047
insert into Zoom_Inventory_Attribute (Zoom_Id, Inventory_Attribute_Id) values (12946, 98);
insert into Zoom (Id, Description, Layer) values (12947, 'resources//img/Fabric/Fabric-Closeup-ZoomIn.0048.png', 00);
insert into Category_Zoom (Category_Id, Zoom_Id) values (9, 12947);
-- Final Index and Final Name: zoomin--0048 Key: fabric0048
insert into Zoom_Inventory_Attribute (Zoom_Id, Inventory_Attribute_Id) values (12947, 99);
insert into Zoom (Id, Description, Layer) values (12948, 'resources//img/Fabric/Fabric-Closeup-ZoomIn.0049.png', 00);
insert into Category_Zoom (Category_Id, Zoom_Id) values (9, 12948);
-- Final Index and Final Name: zoomin--0049 Key: fabric0049
insert into Zoom_Inventory_Attribute (Zoom_Id, Inventory_Attribute_Id) values (12948, 100);
insert into Zoom (Id, Description, Layer) values (12949, 'resources//img/Fabric/Fabric-Closeup-ZoomIn.0050.png', 00);
insert into Category_Zoom (Category_Id, Zoom_Id) values (9, 12949);
-- Final Index and Final Name: zoomin--0050 Key: fabric0050
insert into Zoom_Inventory_Attribute (Zoom_Id, Inventory_Attribute_Id) values (12949, 101);
insert into Zoom (Id, Description, Layer) values (12950, 'resources//img/Fabric/Fabric-Closeup-ZoomIn.0051.png', 00);
insert into Category_Zoom (Category_Id, Zoom_Id) values (9, 12950);
-- Final Index and Final Name: zoomin--0051 Key: fabric0051
insert into Zoom_Inventory_Attribute (Zoom_Id, Inventory_Attribute_Id) values (12950, 102);
insert into Zoom (Id, Description, Layer) values (12951, 'resources//img/Fabric/Fabric-Closeup-ZoomIn.0052.png', 00);
insert into Category_Zoom (Category_Id, Zoom_Id) values (9, 12951);
-- Final Index and Final Name: zoomin--0052 Key: fabric0052
insert into Zoom_Inventory_Attribute (Zoom_Id, Inventory_Attribute_Id) values (12951, 103);
insert into Zoom (Id, Description, Layer) values (12952, 'resources//img/Fabric/Fabric-Closeup-ZoomIn.0053.png', 00);
insert into Category_Zoom (Category_Id, Zoom_Id) values (9, 12952);
-- Final Index and Final Name: zoomin--0053 Key: fabric0053
insert into Zoom_Inventory_Attribute (Zoom_Id, Inventory_Attribute_Id) values (12952, 104);
insert into Zoom (Id, Description, Layer) values (12953, 'resources//img/Fabric/Fabric-Closeup-ZoomIn.0054.png', 00);
insert into Category_Zoom (Category_Id, Zoom_Id) values (9, 12953);
-- Final Index and Final Name: zoomin--0054 Key: fabric0054
insert into Zoom_Inventory_Attribute (Zoom_Id, Inventory_Attribute_Id) values (12953, 105);
insert into Zoom (Id, Description, Layer) values (12954, 'resources//img/Fabric/Fabric-Closeup-ZoomIn.0055.png', 00);
insert into Category_Zoom (Category_Id, Zoom_Id) values (9, 12954);
-- Final Index and Final Name: zoomin--0055 Key: fabric0055
insert into Zoom_Inventory_Attribute (Zoom_Id, Inventory_Attribute_Id) values (12954, 106);
insert into Zoom (Id, Description, Layer) values (12955, 'resources//img/Fabric/Fabric-Closeup-ZoomIn.0056.png', 00);
insert into Category_Zoom (Category_Id, Zoom_Id) values (9, 12955);
-- Final Index and Final Name: zoomin--0056 Key: fabric0056
insert into Zoom_Inventory_Attribute (Zoom_Id, Inventory_Attribute_Id) values (12955, 107);
insert into Zoom (Id, Description, Layer) values (12956, 'resources//img/Fabric/Fabric-Closeup-ZoomIn.0057.png', 00);
insert into Category_Zoom (Category_Id, Zoom_Id) values (9, 12956);
-- Final Index and Final Name: zoomin--0057 Key: fabric0057
insert into Zoom_Inventory_Attribute (Zoom_Id, Inventory_Attribute_Id) values (12956, 108);
insert into Zoom (Id, Description, Layer) values (12957, 'resources//img/Fabric/Fabric-Closeup-ZoomIn.0058.png', 00);
insert into Category_Zoom (Category_Id, Zoom_Id) values (9, 12957);
-- Final Index and Final Name: zoomin--0058 Key: fabric0058
insert into Zoom_Inventory_Attribute (Zoom_Id, Inventory_Attribute_Id) values (12957, 109);
insert into Zoom (Id, Description, Layer) values (12958, 'resources//img/Fabric/Fabric-Closeup-ZoomIn.0059.png', 00);
insert into Category_Zoom (Category_Id, Zoom_Id) values (9, 12958);
-- Final Index and Final Name: zoomin--0059 Key: fabric0059
insert into Zoom_Inventory_Attribute (Zoom_Id, Inventory_Attribute_Id) values (12958, 110);
insert into Zoom (Id, Description, Layer) values (12959, 'resources//img/Fabric/Fabric-Closeup-ZoomIn.0060.png', 00);
insert into Category_Zoom (Category_Id, Zoom_Id) values (9, 12959);
-- Final Index and Final Name: zoomin--0060 Key: fabric0060
insert into Zoom_Inventory_Attribute (Zoom_Id, Inventory_Attribute_Id) values (12959, 111);
insert into Zoom (Id, Description, Layer) values (12960, 'resources//img/Fabric/Fabric-Closeup-ZoomIn.0061.png', 00);
insert into Category_Zoom (Category_Id, Zoom_Id) values (9, 12960);
-- Final Index and Final Name: zoomin--0061 Key: fabric0061
insert into Zoom_Inventory_Attribute (Zoom_Id, Inventory_Attribute_Id) values (12960, 112);
insert into Zoom (Id, Description, Layer) values (12961, 'resources//img/Fabric/Fabric-Closeup-ZoomIn.0062.png', 00);
insert into Category_Zoom (Category_Id, Zoom_Id) values (9, 12961);
-- Final Index and Final Name: zoomin--0062 Key: fabric0062
insert into Zoom_Inventory_Attribute (Zoom_Id, Inventory_Attribute_Id) values (12961, 113);
insert into Zoom (Id, Description, Layer) values (12962, 'resources//img/Fabric/Fabric-Closeup-ZoomIn.0063.png', 00);
insert into Category_Zoom (Category_Id, Zoom_Id) values (9, 12962);
-- Final Index and Final Name: zoomin--0063 Key: fabric0063
insert into Zoom_Inventory_Attribute (Zoom_Id, Inventory_Attribute_Id) values (12962, 114);
insert into Zoom (Id, Description, Layer) values (12963, 'resources//img/Fabric/Fabric-Closeup-ZoomIn.0064.png', 00);
insert into Category_Zoom (Category_Id, Zoom_Id) values (9, 12963);
-- Final Index and Final Name: zoomin--0064 Key: fabric0064
insert into Zoom_Inventory_Attribute (Zoom_Id, Inventory_Attribute_Id) values (12963, 115);
insert into Zoom (Id, Description, Layer) values (12964, 'resources//img/Fabric/Fabric-Closeup-ZoomIn.0065.png', 00);
insert into Category_Zoom (Category_Id, Zoom_Id) values (9, 12964);
-- Final Index and Final Name: zoomin--0065 Key: fabric0065
insert into Zoom_Inventory_Attribute (Zoom_Id, Inventory_Attribute_Id) values (12964, 116);
insert into Zoom (Id, Description, Layer) values (12965, 'resources//img/Fabric/Fabric-Closeup-ZoomIn.0066.png', 00);
insert into Category_Zoom (Category_Id, Zoom_Id) values (9, 12965);
-- Final Index and Final Name: zoomin--0066 Key: fabric0066
insert into Zoom_Inventory_Attribute (Zoom_Id, Inventory_Attribute_Id) values (12965, 117);
insert into Zoom (Id, Description, Layer) values (12966, 'resources//img/Fabric/Fabric-Closeup-ZoomIn.0067.png', 00);
insert into Category_Zoom (Category_Id, Zoom_Id) values (9, 12966);
-- Final Index and Final Name: zoomin--0067 Key: fabric0067
insert into Zoom_Inventory_Attribute (Zoom_Id, Inventory_Attribute_Id) values (12966, 118);
insert into Zoom (Id, Description, Layer) values (12967, 'resources//img/Fabric/Fabric-Closeup-ZoomIn.0068.png', 00);
insert into Category_Zoom (Category_Id, Zoom_Id) values (9, 12967);
-- Final Index and Final Name: zoomin--0068 Key: fabric0068
insert into Zoom_Inventory_Attribute (Zoom_Id, Inventory_Attribute_Id) values (12967, 119);
insert into Zoom (Id, Description, Layer) values (12968, 'resources//img/Fabric/Fabric-Closeup-ZoomIn.0069.png', 00);
insert into Category_Zoom (Category_Id, Zoom_Id) values (9, 12968);
-- Final Index and Final Name: zoomin--0069 Key: fabric0069
insert into Zoom_Inventory_Attribute (Zoom_Id, Inventory_Attribute_Id) values (12968, 120);
insert into Zoom (Id, Description, Layer) values (12969, 'resources//img/Fabric/Fabric-Closeup-ZoomIn.0070.png', 00);
insert into Category_Zoom (Category_Id, Zoom_Id) values (9, 12969);
-- Final Index and Final Name: zoomin--0070 Key: fabric0070
insert into Zoom_Inventory_Attribute (Zoom_Id, Inventory_Attribute_Id) values (12969, 121);
insert into Zoom (Id, Description, Layer) values (12970, 'resources//img/Fabric/Fabric-Closeup-ZoomIn.0071.png', 00);
insert into Category_Zoom (Category_Id, Zoom_Id) values (9, 12970);
-- Final Index and Final Name: zoomin--0071 Key: fabric0071
insert into Zoom_Inventory_Attribute (Zoom_Id, Inventory_Attribute_Id) values (12970, 122);
insert into Zoom (Id, Description, Layer) values (12971, 'resources//img/Fabric/Fabric-Closeup-ZoomIn.0072.png', 00);
insert into Category_Zoom (Category_Id, Zoom_Id) values (9, 12971);
-- Final Index and Final Name: zoomin--0072 Key: fabric0072
insert into Zoom_Inventory_Attribute (Zoom_Id, Inventory_Attribute_Id) values (12971, 123);
insert into Zoom (Id, Description, Layer) values (12972, 'resources//img/Fabric/Fabric-Closeup-ZoomIn.0073.png', 00);
insert into Category_Zoom (Category_Id, Zoom_Id) values (9, 12972);
-- Final Index and Final Name: zoomin--0073 Key: fabric0073
insert into Zoom_Inventory_Attribute (Zoom_Id, Inventory_Attribute_Id) values (12972, 124);
insert into Zoom (Id, Description, Layer) values (12973, 'resources//img/Fabric/Fabric-Closeup-ZoomIn.0074.png', 00);
insert into Category_Zoom (Category_Id, Zoom_Id) values (9, 12973);
-- Final Index and Final Name: zoomin--0074 Key: fabric0074
insert into Zoom_Inventory_Attribute (Zoom_Id, Inventory_Attribute_Id) values (12973, 125);
insert into Zoom (Id, Description, Layer) values (12974, 'resources//img/Fabric/Fabric-Closeup-ZoomIn.0075.png', 00);
insert into Category_Zoom (Category_Id, Zoom_Id) values (9, 12974);
-- Final Index and Final Name: zoomin--0075 Key: fabric0075
insert into Zoom_Inventory_Attribute (Zoom_Id, Inventory_Attribute_Id) values (12974, 126);
insert into Zoom (Id, Description, Layer) values (12975, 'resources//img/Fabric/Fabric-Closeup-ZoomIn.0076.png', 00);
insert into Category_Zoom (Category_Id, Zoom_Id) values (9, 12975);
-- Final Index and Final Name: zoomin--0076 Key: fabric0076
insert into Zoom_Inventory_Attribute (Zoom_Id, Inventory_Attribute_Id) values (12975, 127);
insert into Zoom (Id, Description, Layer) values (12976, 'resources//img/Fabric/Fabric-Closeup-ZoomIn.0077.png', 00);
insert into Category_Zoom (Category_Id, Zoom_Id) values (9, 12976);
-- Final Index and Final Name: zoomin--0077 Key: fabric0077
insert into Zoom_Inventory_Attribute (Zoom_Id, Inventory_Attribute_Id) values (12976, 128);
insert into Zoom (Id, Description, Layer) values (12977, 'resources//img/Fabric/Fabric-Closeup-ZoomIn.0078.png', 00);
insert into Category_Zoom (Category_Id, Zoom_Id) values (9, 12977);
-- Final Index and Final Name: zoomin--0078 Key: fabric0078
insert into Zoom_Inventory_Attribute (Zoom_Id, Inventory_Attribute_Id) values (12977, 129);
insert into Zoom (Id, Description, Layer) values (12978, 'resources//img/Fabric/Fabric-Closeup-ZoomIn.0079.png', 00);
insert into Category_Zoom (Category_Id, Zoom_Id) values (9, 12978);
-- Final Index and Final Name: zoomin--0079 Key: fabric0079
insert into Zoom_Inventory_Attribute (Zoom_Id, Inventory_Attribute_Id) values (12978, 130);
insert into Zoom (Id, Description, Layer) values (12979, 'resources//img/Fabric/Fabric-Closeup-ZoomIn.0080.png', 00);
insert into Category_Zoom (Category_Id, Zoom_Id) values (9, 12979);
-- Final Index and Final Name: zoomin--0080 Key: fabric0080
insert into Zoom_Inventory_Attribute (Zoom_Id, Inventory_Attribute_Id) values (12979, 131);
insert into Zoom (Id, Description, Layer) values (12980, 'resources//img/Fabric/Fabric-Closeup-ZoomIn.0081.png', 00);
insert into Category_Zoom (Category_Id, Zoom_Id) values (9, 12980);
-- Final Index and Final Name: zoomin--0081 Key: fabric0081
insert into Zoom_Inventory_Attribute (Zoom_Id, Inventory_Attribute_Id) values (12980, 132);
insert into Zoom (Id, Description, Layer) values (12981, 'resources//img/Fabric/Fabric-Closeup-ZoomIn.0082.png', 00);
insert into Category_Zoom (Category_Id, Zoom_Id) values (9, 12981);
-- Final Index and Final Name: zoomin--0082 Key: fabric0082
insert into Zoom_Inventory_Attribute (Zoom_Id, Inventory_Attribute_Id) values (12981, 133);
insert into Zoom (Id, Description, Layer) values (12982, 'resources//img/Fabric/Fabric-Closeup-ZoomIn.0083.png', 00);
insert into Category_Zoom (Category_Id, Zoom_Id) values (9, 12982);
-- Final Index and Final Name: zoomin--0083 Key: fabric0083
insert into Zoom_Inventory_Attribute (Zoom_Id, Inventory_Attribute_Id) values (12982, 134);
insert into Zoom (Id, Description, Layer) values (12983, 'resources//img/Fabric/Fabric-Closeup-ZoomIn.0084.png', 00);
insert into Category_Zoom (Category_Id, Zoom_Id) values (9, 12983);
-- Final Index and Final Name: zoomin--0084 Key: fabric0084
insert into Zoom_Inventory_Attribute (Zoom_Id, Inventory_Attribute_Id) values (12983, 135);
insert into Zoom (Id, Description, Layer) values (12984, 'resources//img/Fabric/Fabric-Closeup-ZoomIn.0085.png', 00);
insert into Category_Zoom (Category_Id, Zoom_Id) values (9, 12984);
-- Final Index and Final Name: zoomin--0085 Key: fabric0085
insert into Zoom_Inventory_Attribute (Zoom_Id, Inventory_Attribute_Id) values (12984, 136);
insert into Zoom (Id, Description, Layer) values (12985, 'resources//img/Fabric/Fabric-Closeup-ZoomIn.0086.png', 00);
insert into Category_Zoom (Category_Id, Zoom_Id) values (9, 12985);
-- Final Index and Final Name: zoomin--0086 Key: fabric0086
insert into Zoom_Inventory_Attribute (Zoom_Id, Inventory_Attribute_Id) values (12985, 137);
insert into Zoom (Id, Description, Layer) values (12986, 'resources//img/Fabric/Fabric-Closeup-ZoomIn.0087.png', 00);
insert into Category_Zoom (Category_Id, Zoom_Id) values (9, 12986);
-- Final Index and Final Name: zoomin--0087 Key: fabric0087
insert into Zoom_Inventory_Attribute (Zoom_Id, Inventory_Attribute_Id) values (12986, 138);
insert into Zoom (Id, Description, Layer) values (12987, 'resources//img/Fabric/Fabric-Closeup-ZoomIn.0088.png', 00);
insert into Category_Zoom (Category_Id, Zoom_Id) values (9, 12987);
-- Final Index and Final Name: zoomin--0088 Key: fabric0088
insert into Zoom_Inventory_Attribute (Zoom_Id, Inventory_Attribute_Id) values (12987, 139);
insert into Zoom (Id, Description, Layer) values (12988, 'resources//img/Fabric/Fabric-Closeup-ZoomIn.0089.png', 00);
insert into Category_Zoom (Category_Id, Zoom_Id) values (9, 12988);
-- Final Index and Final Name: zoomin--0089 Key: fabric0089
insert into Zoom_Inventory_Attribute (Zoom_Id, Inventory_Attribute_Id) values (12988, 140);
insert into Zoom (Id, Description, Layer) values (12989, 'resources//img/Fabric/Fabric-Closeup-ZoomIn.0090.png', 00);
insert into Category_Zoom (Category_Id, Zoom_Id) values (9, 12989);
-- Final Index and Final Name: zoomin--0090 Key: fabric0090
insert into Zoom_Inventory_Attribute (Zoom_Id, Inventory_Attribute_Id) values (12989, 141);
insert into Zoom (Id, Description, Layer) values (12990, 'resources//img/Fabric/Fabric-Closeup-ZoomIn.0091.png', 00);
insert into Category_Zoom (Category_Id, Zoom_Id) values (9, 12990);
-- Final Index and Final Name: zoomin--0091 Key: fabric0091
insert into Zoom_Inventory_Attribute (Zoom_Id, Inventory_Attribute_Id) values (12990, 142);
insert into Zoom (Id, Description, Layer) values (12991, 'resources//img/Fabric/Fabric-Closeup-ZoomIn.0092.png', 00);
insert into Category_Zoom (Category_Id, Zoom_Id) values (9, 12991);
-- Final Index and Final Name: zoomin--0092 Key: fabric0092
insert into Zoom_Inventory_Attribute (Zoom_Id, Inventory_Attribute_Id) values (12991, 143);
insert into Zoom (Id, Description, Layer) values (12992, 'resources//img/Fabric/Fabric-Closeup-ZoomIn.0093.png', 00);
insert into Category_Zoom (Category_Id, Zoom_Id) values (9, 12992);
-- Final Index and Final Name: zoomin--0093 Key: fabric0093
insert into Zoom_Inventory_Attribute (Zoom_Id, Inventory_Attribute_Id) values (12992, 144);
insert into Zoom (Id, Description, Layer) values (12993, 'resources//img/Fabric/Fabric-Closeup-ZoomIn.0094.png', 00);
insert into Category_Zoom (Category_Id, Zoom_Id) values (9, 12993);
-- Final Index and Final Name: zoomin--0094 Key: fabric0094
insert into Zoom_Inventory_Attribute (Zoom_Id, Inventory_Attribute_Id) values (12993, 145);
insert into Zoom (Id, Description, Layer) values (12994, 'resources//img/Fabric/Fabric-Closeup-ZoomIn.0095.png', 00);
insert into Category_Zoom (Category_Id, Zoom_Id) values (9, 12994);
-- Final Index and Final Name: zoomin--0095 Key: fabric0095
insert into Zoom_Inventory_Attribute (Zoom_Id, Inventory_Attribute_Id) values (12994, 146);
insert into Zoom (Id, Description, Layer) values (12995, 'resources//img/Fabric/Fabric-Closeup-ZoomIn.0096.png', 00);
insert into Category_Zoom (Category_Id, Zoom_Id) values (9, 12995);
-- Final Index and Final Name: zoomin--0096 Key: fabric0096
insert into Zoom_Inventory_Attribute (Zoom_Id, Inventory_Attribute_Id) values (12995, 147);
insert into Zoom (Id, Description, Layer) values (12996, 'resources//img/Fabric/Fabric-Closeup-ZoomIn.0097.png', 00);
insert into Category_Zoom (Category_Id, Zoom_Id) values (9, 12996);
-- Final Index and Final Name: zoomin--0097 Key: fabric0097
insert into Zoom_Inventory_Attribute (Zoom_Id, Inventory_Attribute_Id) values (12996, 148);
insert into Zoom (Id, Description, Layer) values (12997, 'resources//img/Fabric/Fabric-Closeup-ZoomIn.0098.png', 00);
insert into Category_Zoom (Category_Id, Zoom_Id) values (9, 12997);
-- Final Index and Final Name: zoomin--0098 Key: fabric0098
insert into Zoom_Inventory_Attribute (Zoom_Id, Inventory_Attribute_Id) values (12997, 149);
insert into Zoom (Id, Description, Layer) values (12998, 'resources//img/Fabric/Fabric-Closeup-ZoomIn.0099.png', 00);
insert into Category_Zoom (Category_Id, Zoom_Id) values (9, 12998);
-- Final Index and Final Name: zoomin--0099 Key: fabric0099
insert into Zoom_Inventory_Attribute (Zoom_Id, Inventory_Attribute_Id) values (12998, 150);
insert into Zoom (Id, Description, Layer) values (12999, 'resources//img/Fabric/Fabric-Closeup-ZoomIn.0100.png', 00);
insert into Category_Zoom (Category_Id, Zoom_Id) values (9, 12999);
-- Final Index and Final Name: zoomin--0100 Key: fabric0100
insert into Zoom_Inventory_Attribute (Zoom_Id, Inventory_Attribute_Id) values (12999, 151);
insert into Zoom (Id, Description, Layer) values (13000, 'resources//img/Fabric/Fabric-Closeup-ZoomIn.0101.png', 00);
insert into Category_Zoom (Category_Id, Zoom_Id) values (9, 13000);
-- Final Index and Final Name: zoomin--0101 Key: fabric0101
insert into Zoom_Inventory_Attribute (Zoom_Id, Inventory_Attribute_Id) values (13000, 152);
insert into Zoom (Id, Description, Layer) values (13001, 'resources//img/Fabric/Fabric-Closeup-ZoomIn.0102.png', 00);
insert into Category_Zoom (Category_Id, Zoom_Id) values (9, 13001);
-- Final Index and Final Name: zoomin--0102 Key: fabric0102
insert into Zoom_Inventory_Attribute (Zoom_Id, Inventory_Attribute_Id) values (13001, 153);
insert into Zoom (Id, Description, Layer) values (13002, 'resources//img/Fabric/Fabric-Closeup-ZoomIn.0103.png', 00);
insert into Category_Zoom (Category_Id, Zoom_Id) values (9, 13002);
-- Final Index and Final Name: zoomin--0103 Key: fabric0103
insert into Zoom_Inventory_Attribute (Zoom_Id, Inventory_Attribute_Id) values (13002, 154);
insert into Zoom (Id, Description, Layer) values (13003, 'resources//img/Fabric/Fabric-Closeup-ZoomIn.0104.png', 00);
insert into Category_Zoom (Category_Id, Zoom_Id) values (9, 13003);
-- Final Index and Final Name: zoomin--0104 Key: fabric0104
insert into Zoom_Inventory_Attribute (Zoom_Id, Inventory_Attribute_Id) values (13003, 155);
insert into Zoom (Id, Description, Layer) values (13004, 'resources//img/Fabric/Fabric-Closeup-ZoomIn.0105.png', 00);
insert into Category_Zoom (Category_Id, Zoom_Id) values (9, 13004);
-- Final Index and Final Name: zoomin--0105 Key: fabric0105
insert into Zoom_Inventory_Attribute (Zoom_Id, Inventory_Attribute_Id) values (13004, 156);
insert into Zoom (Id, Description, Layer) values (13005, 'resources//img/Fabric/Fabric-Closeup-ZoomIn.0106.png', 00);
insert into Category_Zoom (Category_Id, Zoom_Id) values (9, 13005);
-- Final Index and Final Name: zoomin--0106 Key: fabric0106
insert into Zoom_Inventory_Attribute (Zoom_Id, Inventory_Attribute_Id) values (13005, 157);
insert into Zoom (Id, Description, Layer) values (13006, 'resources//img/Fabric/Fabric-Closeup-ZoomIn.0107.png', 00);
insert into Category_Zoom (Category_Id, Zoom_Id) values (9, 13006);
-- Final Index and Final Name: zoomin--0107 Key: fabric0107
insert into Zoom_Inventory_Attribute (Zoom_Id, Inventory_Attribute_Id) values (13006, 158);
insert into Zoom (Id, Description, Layer) values (13007, 'resources//img/Fabric/Fabric-Closeup-ZoomIn.0108.png', 00);
insert into Category_Zoom (Category_Id, Zoom_Id) values (9, 13007);
-- Final Index and Final Name: zoomin--0108 Key: fabric0108
insert into Zoom_Inventory_Attribute (Zoom_Id, Inventory_Attribute_Id) values (13007, 159);
insert into Zoom (Id, Description, Layer) values (13008, 'resources//img/Fabric/Fabric-Closeup-ZoomIn.0109.png', 00);
insert into Category_Zoom (Category_Id, Zoom_Id) values (9, 13008);
-- Final Index and Final Name: zoomin--0109 Key: fabric0109
insert into Zoom_Inventory_Attribute (Zoom_Id, Inventory_Attribute_Id) values (13008, 160);
insert into Zoom (Id, Description, Layer) values (13009, 'resources//img/Fabric/Fabric-Closeup-ZoomIn.0110.png', 00);
insert into Category_Zoom (Category_Id, Zoom_Id) values (9, 13009);
-- Final Index and Final Name: zoomin--0110 Key: fabric0110
insert into Zoom_Inventory_Attribute (Zoom_Id, Inventory_Attribute_Id) values (13009, 161);
insert into Zoom (Id, Description, Layer) values (13010, 'resources//img/Fabric/Fabric-Closeup-ZoomIn.0111.png', 00);
insert into Category_Zoom (Category_Id, Zoom_Id) values (9, 13010);
-- Final Index and Final Name: zoomin--0111 Key: fabric0111
insert into Zoom_Inventory_Attribute (Zoom_Id, Inventory_Attribute_Id) values (13010, 162);
insert into Zoom (Id, Description, Layer) values (13011, 'resources//img/Fabric/Fabric-Closeup-ZoomIn.0112.png', 00);
insert into Category_Zoom (Category_Id, Zoom_Id) values (9, 13011);
-- Final Index and Final Name: zoomin--0112 Key: fabric0112
insert into Zoom_Inventory_Attribute (Zoom_Id, Inventory_Attribute_Id) values (13011, 163);
insert into Zoom (Id, Description, Layer) values (13012, 'resources//img/Fabric/Fabric-Closeup-ZoomIn.0113.png', 00);
insert into Category_Zoom (Category_Id, Zoom_Id) values (9, 13012);
-- Final Index and Final Name: zoomin--0113 Key: fabric0113
insert into Zoom_Inventory_Attribute (Zoom_Id, Inventory_Attribute_Id) values (13012, 164);
insert into Zoom (Id, Description, Layer) values (13013, 'resources//img/Fabric/Fabric-Closeup-ZoomIn.0114.png', 00);
insert into Category_Zoom (Category_Id, Zoom_Id) values (9, 13013);
-- Final Index and Final Name: zoomin--0114 Key: fabric0114
insert into Zoom_Inventory_Attribute (Zoom_Id, Inventory_Attribute_Id) values (13013, 165);
insert into Zoom (Id, Description, Layer) values (13014, 'resources//img/Fabric/Fabric-Closeup-ZoomIn.0115.png', 00);
insert into Category_Zoom (Category_Id, Zoom_Id) values (9, 13014);
-- Final Index and Final Name: zoomin--0115 Key: fabric0115
insert into Zoom_Inventory_Attribute (Zoom_Id, Inventory_Attribute_Id) values (13014, 166);
insert into Zoom (Id, Description, Layer) values (13015, 'resources//img/Fabric/Fabric-Closeup-ZoomIn.0116.png', 00);
insert into Category_Zoom (Category_Id, Zoom_Id) values (9, 13015);
-- Final Index and Final Name: zoomin--0116 Key: fabric0116
insert into Zoom_Inventory_Attribute (Zoom_Id, Inventory_Attribute_Id) values (13015, 167);
insert into Zoom (Id, Description, Layer) values (13016, 'resources//img/Fabric/Fabric-Closeup-ZoomIn.0117.png', 00);
insert into Category_Zoom (Category_Id, Zoom_Id) values (9, 13016);
-- Final Index and Final Name: zoomin--0117 Key: fabric0117
insert into Zoom_Inventory_Attribute (Zoom_Id, Inventory_Attribute_Id) values (13016, 168);
insert into Zoom (Id, Description, Layer) values (13017, 'resources//img/Fabric/Fabric-Closeup-ZoomIn.0118.png', 00);
insert into Category_Zoom (Category_Id, Zoom_Id) values (9, 13017);
-- Final Index and Final Name: zoomin--0118 Key: fabric0118
insert into Zoom_Inventory_Attribute (Zoom_Id, Inventory_Attribute_Id) values (13017, 169);
insert into Zoom (Id, Description, Layer) values (13018, 'resources//img/Fabric/Fabric-Closeup-ZoomIn.0119.png', 00);
insert into Category_Zoom (Category_Id, Zoom_Id) values (9, 13018);
-- Final Index and Final Name: zoomin--0119 Key: fabric0119
insert into Zoom_Inventory_Attribute (Zoom_Id, Inventory_Attribute_Id) values (13018, 170);
insert into Zoom (Id, Description, Layer) values (13019, 'resources//img/Fabric/Fabric-Closeup-ZoomIn.0120.png', 00);
insert into Category_Zoom (Category_Id, Zoom_Id) values (9, 13019);
-- Final Index and Final Name: zoomin--0120 Key: fabric0120
insert into Zoom_Inventory_Attribute (Zoom_Id, Inventory_Attribute_Id) values (13019, 171);
insert into Zoom (Id, Description, Layer) values (13020, 'resources//img/Fabric/Fabric-Closeup-ZoomIn.0121.png', 00);
insert into Category_Zoom (Category_Id, Zoom_Id) values (9, 13020);
-- Final Index and Final Name: zoomin--0121 Key: fabric0121
insert into Zoom_Inventory_Attribute (Zoom_Id, Inventory_Attribute_Id) values (13020, 172);
insert into Zoom (Id, Description, Layer) values (13021, 'resources//img/Fabric/Fabric-Closeup-ZoomIn.0122.png', 00);
insert into Category_Zoom (Category_Id, Zoom_Id) values (9, 13021);
-- Final Index and Final Name: zoomin--0122 Key: fabric0122
insert into Zoom_Inventory_Attribute (Zoom_Id, Inventory_Attribute_Id) values (13021, 173);
insert into Zoom (Id, Description, Layer) values (13022, 'resources//img/Fabric/Fabric-Closeup-ZoomIn.0123.png', 00);
insert into Category_Zoom (Category_Id, Zoom_Id) values (9, 13022);
-- Final Index and Final Name: zoomin--0123 Key: fabric0123
insert into Zoom_Inventory_Attribute (Zoom_Id, Inventory_Attribute_Id) values (13022, 174);
insert into Zoom (Id, Description, Layer) values (13023, 'resources//img/Fabric/Fabric-Closeup-ZoomIn.0124.png', 00);
insert into Category_Zoom (Category_Id, Zoom_Id) values (9, 13023);
-- Final Index and Final Name: zoomin--0124 Key: fabric0124
insert into Zoom_Inventory_Attribute (Zoom_Id, Inventory_Attribute_Id) values (13023, 175);
insert into Zoom (Id, Description, Layer) values (13024, 'resources//img/Fabric/Fabric-Closeup-ZoomIn.0125.png', 00);
insert into Category_Zoom (Category_Id, Zoom_Id) values (9, 13024);
-- Final Index and Final Name: zoomin--0125 Key: fabric0125
insert into Zoom_Inventory_Attribute (Zoom_Id, Inventory_Attribute_Id) values (13024, 176);
insert into Zoom (Id, Description, Layer) values (13025, 'resources//img/Fabric/Fabric-Closeup-ZoomIn.0126.png', 00);
insert into Category_Zoom (Category_Id, Zoom_Id) values (9, 13025);
-- Final Index and Final Name: zoomin--0126 Key: fabric0126
insert into Zoom_Inventory_Attribute (Zoom_Id, Inventory_Attribute_Id) values (13025, 177);
insert into Zoom (Id, Description, Layer) values (13026, 'resources//img/Fabric/Fabric-Closeup-ZoomIn.0127.png', 00);
insert into Category_Zoom (Category_Id, Zoom_Id) values (9, 13026);
-- Final Index and Final Name: zoomin--0127 Key: fabric0127
insert into Zoom_Inventory_Attribute (Zoom_Id, Inventory_Attribute_Id) values (13026, 178);
insert into Zoom (Id, Description, Layer) values (13027, 'resources//img/Fabric/Fabric-Closeup-ZoomIn.0128.png', 00);
insert into Category_Zoom (Category_Id, Zoom_Id) values (9, 13027);
-- Final Index and Final Name: zoomin--0128 Key: fabric0128
insert into Zoom_Inventory_Attribute (Zoom_Id, Inventory_Attribute_Id) values (13027, 179);
insert into Zoom (Id, Description, Layer) values (13028, 'resources//img/Fabric/Fabric-Closeup-ZoomIn.0129.png', 00);
insert into Category_Zoom (Category_Id, Zoom_Id) values (9, 13028);
-- Final Index and Final Name: zoomin--0129 Key: fabric0129
insert into Zoom_Inventory_Attribute (Zoom_Id, Inventory_Attribute_Id) values (13028, 180);
insert into Zoom (Id, Description, Layer) values (13029, 'resources//img/Fabric/Fabric-Closeup-ZoomIn.0130.png', 00);
insert into Category_Zoom (Category_Id, Zoom_Id) values (9, 13029);
-- Final Index and Final Name: zoomin--0130 Key: fabric0130
insert into Zoom_Inventory_Attribute (Zoom_Id, Inventory_Attribute_Id) values (13029, 181);
insert into Zoom (Id, Description, Layer) values (13030, 'resources//img/Fabric/Fabric-Closeup-ZoomIn.0131.png', 00);
insert into Category_Zoom (Category_Id, Zoom_Id) values (9, 13030);
-- Final Index and Final Name: zoomin--0131 Key: fabric0131
insert into Zoom_Inventory_Attribute (Zoom_Id, Inventory_Attribute_Id) values (13030, 182);
insert into Zoom (Id, Description, Layer) values (13031, 'resources//img/Fabric/Fabric-Closeup-ZoomIn.0132.png', 00);
insert into Category_Zoom (Category_Id, Zoom_Id) values (9, 13031);
-- Final Index and Final Name: zoomin--0132 Key: fabric0132
insert into Zoom_Inventory_Attribute (Zoom_Id, Inventory_Attribute_Id) values (13031, 183);
insert into Zoom (Id, Description, Layer) values (13032, 'resources//img/Fabric/Fabric-Closeup-ZoomIn.0133.png', 00);
insert into Category_Zoom (Category_Id, Zoom_Id) values (9, 13032);
-- Final Index and Final Name: zoomin--0133 Key: fabric0133
insert into Zoom_Inventory_Attribute (Zoom_Id, Inventory_Attribute_Id) values (13032, 184);
insert into Zoom (Id, Description, Layer) values (13033, 'resources//img/Fabric/Fabric-Closeup-ZoomIn.0134.png', 00);
insert into Category_Zoom (Category_Id, Zoom_Id) values (9, 13033);
-- Final Index and Final Name: zoomin--0134 Key: fabric0134
insert into Zoom_Inventory_Attribute (Zoom_Id, Inventory_Attribute_Id) values (13033, 185);
insert into Zoom (Id, Description, Layer) values (13034, 'resources//img/Fabric/Fabric-Closeup-ZoomIn.0135.png', 00);
insert into Category_Zoom (Category_Id, Zoom_Id) values (9, 13034);
-- Final Index and Final Name: zoomin--0135 Key: fabric0135
insert into Zoom_Inventory_Attribute (Zoom_Id, Inventory_Attribute_Id) values (13034, 186);
insert into Zoom (Id, Description, Layer) values (13035, 'resources//img/Fabric/Fabric-Closeup-ZoomIn.0136.png', 00);
insert into Category_Zoom (Category_Id, Zoom_Id) values (9, 13035);
-- Final Index and Final Name: zoomin--0136 Key: fabric0136
insert into Zoom_Inventory_Attribute (Zoom_Id, Inventory_Attribute_Id) values (13035, 187);
insert into Zoom (Id, Description, Layer) values (13036, 'resources//img/Fabric/Fabric-Closeup-ZoomIn.0137.png', 00);
insert into Category_Zoom (Category_Id, Zoom_Id) values (9, 13036);
-- Final Index and Final Name: zoomin--0137 Key: fabric0137
insert into Zoom_Inventory_Attribute (Zoom_Id, Inventory_Attribute_Id) values (13036, 188);
insert into Zoom (Id, Description, Layer) values (13037, 'resources//img/Fabric/Fabric-Closeup-ZoomIn.0138.png', 00);
insert into Category_Zoom (Category_Id, Zoom_Id) values (9, 13037);
-- Final Index and Final Name: zoomin--0138 Key: fabric0138
insert into Zoom_Inventory_Attribute (Zoom_Id, Inventory_Attribute_Id) values (13037, 189);
insert into Zoom (Id, Description, Layer) values (13038, 'resources//img/Fabric/Fabric-Closeup-ZoomIn.0139.png', 00);
insert into Category_Zoom (Category_Id, Zoom_Id) values (9, 13038);
-- Final Index and Final Name: zoomin--0139 Key: fabric0139
insert into Zoom_Inventory_Attribute (Zoom_Id, Inventory_Attribute_Id) values (13038, 190);
insert into Zoom (Id, Description, Layer) values (13039, 'resources//img/Fabric/Fabric-Closeup-ZoomIn.0140.png', 00);
insert into Category_Zoom (Category_Id, Zoom_Id) values (9, 13039);
-- Final Index and Final Name: zoomin--0140 Key: fabric0140
insert into Zoom_Inventory_Attribute (Zoom_Id, Inventory_Attribute_Id) values (13039, 191);
insert into Zoom (Id, Description, Layer) values (13040, 'resources//img/Fabric/Fabric-Closeup-ZoomIn.0141.png', 00);
insert into Category_Zoom (Category_Id, Zoom_Id) values (9, 13040);
-- Final Index and Final Name: zoomin--0141 Key: fabric0141
insert into Zoom_Inventory_Attribute (Zoom_Id, Inventory_Attribute_Id) values (13040, 192);
insert into Zoom (Id, Description, Layer) values (13041, 'resources//img/Fabric/Fabric-Closeup-ZoomIn.0142.png', 00);
insert into Category_Zoom (Category_Id, Zoom_Id) values (9, 13041);
-- Final Index and Final Name: zoomin--0142 Key: fabric0142
insert into Zoom_Inventory_Attribute (Zoom_Id, Inventory_Attribute_Id) values (13041, 193);
insert into Zoom (Id, Description, Layer) values (13042, 'resources//img/Fabric/Fabric-Closeup-ZoomIn.0143.png', 00);
insert into Category_Zoom (Category_Id, Zoom_Id) values (9, 13042);
-- Final Index and Final Name: zoomin--0143 Key: fabric0143
insert into Zoom_Inventory_Attribute (Zoom_Id, Inventory_Attribute_Id) values (13042, 194);
insert into Zoom (Id, Description, Layer) values (13043, 'resources//img/Fabric/Fabric-Closeup-ZoomIn.0144.png', 00);
insert into Category_Zoom (Category_Id, Zoom_Id) values (9, 13043);
-- Final Index and Final Name: zoomin--0144 Key: fabric0144
insert into Zoom_Inventory_Attribute (Zoom_Id, Inventory_Attribute_Id) values (13043, 195);
insert into Zoom (Id, Description, Layer) values (13044, 'resources//img/Fabric/Fabric-Closeup-ZoomIn.0145.png', 00);
insert into Category_Zoom (Category_Id, Zoom_Id) values (9, 13044);
-- Final Index and Final Name: zoomin--0145 Key: fabric0145
insert into Zoom_Inventory_Attribute (Zoom_Id, Inventory_Attribute_Id) values (13044, 196);
insert into Zoom (Id, Description, Layer) values (13045, 'resources//img/Fabric/Fabric-Closeup-ZoomIn.0146.png', 00);
insert into Category_Zoom (Category_Id, Zoom_Id) values (9, 13045);
-- Final Index and Final Name: zoomin--0146 Key: fabric0146
insert into Zoom_Inventory_Attribute (Zoom_Id, Inventory_Attribute_Id) values (13045, 197);
insert into Zoom (Id, Description, Layer) values (13046, 'resources//img/Fabric/Fabric-Closeup-ZoomIn.0147.png', 00);
insert into Category_Zoom (Category_Id, Zoom_Id) values (9, 13046);
-- Final Index and Final Name: zoomin--0147 Key: fabric0147
insert into Zoom_Inventory_Attribute (Zoom_Id, Inventory_Attribute_Id) values (13046, 198);
insert into Zoom (Id, Description, Layer) values (13047, 'resources//img/Fabric/Fabric-Closeup-ZoomIn.0148.png', 00);
insert into Category_Zoom (Category_Id, Zoom_Id) values (9, 13047);
-- Final Index and Final Name: zoomin--0148 Key: fabric0148
insert into Zoom_Inventory_Attribute (Zoom_Id, Inventory_Attribute_Id) values (13047, 199);
insert into Zoom (Id, Description, Layer) values (13048, 'resources//img/Fabric/Fabric-Closeup-ZoomIn.0149.png', 00);
insert into Category_Zoom (Category_Id, Zoom_Id) values (9, 13048);
-- Final Index and Final Name: zoomin--0149 Key: fabric0149
insert into Zoom_Inventory_Attribute (Zoom_Id, Inventory_Attribute_Id) values (13048, 200);
insert into Zoom (Id, Description, Layer) values (13049, 'resources//img/Fabric/Fabric-Closeup-ZoomIn.0150.png', 00);
insert into Category_Zoom (Category_Id, Zoom_Id) values (9, 13049);
-- Final Index and Final Name: zoomin--0150 Key: fabric0150
insert into Zoom_Inventory_Attribute (Zoom_Id, Inventory_Attribute_Id) values (13049, 201);
insert into Zoom (Id, Description, Layer) values (13050, 'resources//img/Fabric/Fabric-Closeup-ZoomIn.0151.png', 00);
insert into Category_Zoom (Category_Id, Zoom_Id) values (9, 13050);
-- Final Index and Final Name: zoomin--0151 Key: fabric0151
insert into Zoom_Inventory_Attribute (Zoom_Id, Inventory_Attribute_Id) values (13050, 202);
insert into Zoom (Id, Description, Layer) values (13051, 'resources//img/Fabric/Fabric-Closeup-ZoomIn.0152.png', 00);
insert into Category_Zoom (Category_Id, Zoom_Id) values (9, 13051);
-- Final Index and Final Name: zoomin--0152 Key: fabric0152
insert into Zoom_Inventory_Attribute (Zoom_Id, Inventory_Attribute_Id) values (13051, 203);
insert into Zoom (Id, Description, Layer) values (13052, 'resources//img/Fabric/Fabric-Closeup-ZoomIn.0153.png', 00);
insert into Category_Zoom (Category_Id, Zoom_Id) values (9, 13052);
-- Final Index and Final Name: zoomin--0153 Key: fabric0153
insert into Zoom_Inventory_Attribute (Zoom_Id, Inventory_Attribute_Id) values (13052, 204);
insert into Zoom (Id, Description, Layer) values (13053, 'resources//img/Fabric/Fabric-Closeup-ZoomIn.0154.png', 00);
insert into Category_Zoom (Category_Id, Zoom_Id) values (9, 13053);
-- Final Index and Final Name: zoomin--0154 Key: fabric0154
insert into Zoom_Inventory_Attribute (Zoom_Id, Inventory_Attribute_Id) values (13053, 205);
insert into Zoom (Id, Description, Layer) values (13054, 'resources//img/Fabric/Fabric-Closeup-ZoomIn.0155.png', 00);
insert into Category_Zoom (Category_Id, Zoom_Id) values (9, 13054);
-- Final Index and Final Name: zoomin--0155 Key: fabric0155
insert into Zoom_Inventory_Attribute (Zoom_Id, Inventory_Attribute_Id) values (13054, 206);
insert into Zoom (Id, Description, Layer) values (13055, 'resources//img/Fabric/Fabric-Closeup-ZoomOut.0001.png', 00);
insert into Category_Zoom (Category_Id, Zoom_Id) values (9, 13055);
-- Final Index and Final Name: zoomout--0001 Key: fabric0001
insert into Zoom_Inventory_Attribute (Zoom_Id, Inventory_Attribute_Id) values (13055, 52);
insert into Zoom (Id, Description, Layer) values (13056, 'resources//img/Fabric/Fabric-Closeup-ZoomOut.0002.png', 00);
insert into Category_Zoom (Category_Id, Zoom_Id) values (9, 13056);
-- Final Index and Final Name: zoomout--0002 Key: fabric0002
insert into Zoom_Inventory_Attribute (Zoom_Id, Inventory_Attribute_Id) values (13056, 53);
insert into Zoom (Id, Description, Layer) values (13057, 'resources//img/Fabric/Fabric-Closeup-ZoomOut.0003.png', 00);
insert into Category_Zoom (Category_Id, Zoom_Id) values (9, 13057);
-- Final Index and Final Name: zoomout--0003 Key: fabric0003
insert into Zoom_Inventory_Attribute (Zoom_Id, Inventory_Attribute_Id) values (13057, 54);
insert into Zoom (Id, Description, Layer) values (13058, 'resources//img/Fabric/Fabric-Closeup-ZoomOut.0004.png', 00);
insert into Category_Zoom (Category_Id, Zoom_Id) values (9, 13058);
-- Final Index and Final Name: zoomout--0004 Key: fabric0004
insert into Zoom_Inventory_Attribute (Zoom_Id, Inventory_Attribute_Id) values (13058, 55);
insert into Zoom (Id, Description, Layer) values (13059, 'resources//img/Fabric/Fabric-Closeup-ZoomOut.0005.png', 00);
insert into Category_Zoom (Category_Id, Zoom_Id) values (9, 13059);
-- Final Index and Final Name: zoomout--0005 Key: fabric0005
insert into Zoom_Inventory_Attribute (Zoom_Id, Inventory_Attribute_Id) values (13059, 56);
insert into Zoom (Id, Description, Layer) values (13060, 'resources//img/Fabric/Fabric-Closeup-ZoomOut.0006.png', 00);
insert into Category_Zoom (Category_Id, Zoom_Id) values (9, 13060);
-- Final Index and Final Name: zoomout--0006 Key: fabric0006
insert into Zoom_Inventory_Attribute (Zoom_Id, Inventory_Attribute_Id) values (13060, 57);
insert into Zoom (Id, Description, Layer) values (13061, 'resources//img/Fabric/Fabric-Closeup-ZoomOut.0007.png', 00);
insert into Category_Zoom (Category_Id, Zoom_Id) values (9, 13061);
-- Final Index and Final Name: zoomout--0007 Key: fabric0007
insert into Zoom_Inventory_Attribute (Zoom_Id, Inventory_Attribute_Id) values (13061, 58);
insert into Zoom (Id, Description, Layer) values (13062, 'resources//img/Fabric/Fabric-Closeup-ZoomOut.0008.png', 00);
insert into Category_Zoom (Category_Id, Zoom_Id) values (9, 13062);
-- Final Index and Final Name: zoomout--0008 Key: fabric0008
insert into Zoom_Inventory_Attribute (Zoom_Id, Inventory_Attribute_Id) values (13062, 59);
insert into Zoom (Id, Description, Layer) values (13063, 'resources//img/Fabric/Fabric-Closeup-ZoomOut.0009.png', 00);
insert into Category_Zoom (Category_Id, Zoom_Id) values (9, 13063);
-- Final Index and Final Name: zoomout--0009 Key: fabric0009
insert into Zoom_Inventory_Attribute (Zoom_Id, Inventory_Attribute_Id) values (13063, 60);
insert into Zoom (Id, Description, Layer) values (13064, 'resources//img/Fabric/Fabric-Closeup-ZoomOut.0010.png', 00);
insert into Category_Zoom (Category_Id, Zoom_Id) values (9, 13064);
-- Final Index and Final Name: zoomout--0010 Key: fabric0010
insert into Zoom_Inventory_Attribute (Zoom_Id, Inventory_Attribute_Id) values (13064, 61);
insert into Zoom (Id, Description, Layer) values (13065, 'resources//img/Fabric/Fabric-Closeup-ZoomOut.0011.png', 00);
insert into Category_Zoom (Category_Id, Zoom_Id) values (9, 13065);
-- Final Index and Final Name: zoomout--0011 Key: fabric0011
insert into Zoom_Inventory_Attribute (Zoom_Id, Inventory_Attribute_Id) values (13065, 62);
insert into Zoom (Id, Description, Layer) values (13066, 'resources//img/Fabric/Fabric-Closeup-ZoomOut.0012.png', 00);
insert into Category_Zoom (Category_Id, Zoom_Id) values (9, 13066);
-- Final Index and Final Name: zoomout--0012 Key: fabric0012
insert into Zoom_Inventory_Attribute (Zoom_Id, Inventory_Attribute_Id) values (13066, 63);
insert into Zoom (Id, Description, Layer) values (13067, 'resources//img/Fabric/Fabric-Closeup-ZoomOut.0013.png', 00);
insert into Category_Zoom (Category_Id, Zoom_Id) values (9, 13067);
-- Final Index and Final Name: zoomout--0013 Key: fabric0013
insert into Zoom_Inventory_Attribute (Zoom_Id, Inventory_Attribute_Id) values (13067, 64);
insert into Zoom (Id, Description, Layer) values (13068, 'resources//img/Fabric/Fabric-Closeup-ZoomOut.0014.png', 00);
insert into Category_Zoom (Category_Id, Zoom_Id) values (9, 13068);
-- Final Index and Final Name: zoomout--0014 Key: fabric0014
insert into Zoom_Inventory_Attribute (Zoom_Id, Inventory_Attribute_Id) values (13068, 65);
insert into Zoom (Id, Description, Layer) values (13069, 'resources//img/Fabric/Fabric-Closeup-ZoomOut.0015.png', 00);
insert into Category_Zoom (Category_Id, Zoom_Id) values (9, 13069);
-- Final Index and Final Name: zoomout--0015 Key: fabric0015
insert into Zoom_Inventory_Attribute (Zoom_Id, Inventory_Attribute_Id) values (13069, 66);
insert into Zoom (Id, Description, Layer) values (13070, 'resources//img/Fabric/Fabric-Closeup-ZoomOut.0016.png', 00);
insert into Category_Zoom (Category_Id, Zoom_Id) values (9, 13070);
-- Final Index and Final Name: zoomout--0016 Key: fabric0016
insert into Zoom_Inventory_Attribute (Zoom_Id, Inventory_Attribute_Id) values (13070, 67);
insert into Zoom (Id, Description, Layer) values (13071, 'resources//img/Fabric/Fabric-Closeup-ZoomOut.0017.png', 00);
insert into Category_Zoom (Category_Id, Zoom_Id) values (9, 13071);
-- Final Index and Final Name: zoomout--0017 Key: fabric0017
insert into Zoom_Inventory_Attribute (Zoom_Id, Inventory_Attribute_Id) values (13071, 68);
insert into Zoom (Id, Description, Layer) values (13072, 'resources//img/Fabric/Fabric-Closeup-ZoomOut.0018.png', 00);
insert into Category_Zoom (Category_Id, Zoom_Id) values (9, 13072);
-- Final Index and Final Name: zoomout--0018 Key: fabric0018
insert into Zoom_Inventory_Attribute (Zoom_Id, Inventory_Attribute_Id) values (13072, 69);
insert into Zoom (Id, Description, Layer) values (13073, 'resources//img/Fabric/Fabric-Closeup-ZoomOut.0019.png', 00);
insert into Category_Zoom (Category_Id, Zoom_Id) values (9, 13073);
-- Final Index and Final Name: zoomout--0019 Key: fabric0019
insert into Zoom_Inventory_Attribute (Zoom_Id, Inventory_Attribute_Id) values (13073, 70);
insert into Zoom (Id, Description, Layer) values (13074, 'resources//img/Fabric/Fabric-Closeup-ZoomOut.0020.png', 00);
insert into Category_Zoom (Category_Id, Zoom_Id) values (9, 13074);
-- Final Index and Final Name: zoomout--0020 Key: fabric0020
insert into Zoom_Inventory_Attribute (Zoom_Id, Inventory_Attribute_Id) values (13074, 71);
insert into Zoom (Id, Description, Layer) values (13075, 'resources//img/Fabric/Fabric-Closeup-ZoomOut.0021.png', 00);
insert into Category_Zoom (Category_Id, Zoom_Id) values (9, 13075);
-- Final Index and Final Name: zoomout--0021 Key: fabric0021
insert into Zoom_Inventory_Attribute (Zoom_Id, Inventory_Attribute_Id) values (13075, 72);
insert into Zoom (Id, Description, Layer) values (13076, 'resources//img/Fabric/Fabric-Closeup-ZoomOut.0022.png', 00);
insert into Category_Zoom (Category_Id, Zoom_Id) values (9, 13076);
-- Final Index and Final Name: zoomout--0022 Key: fabric0022
insert into Zoom_Inventory_Attribute (Zoom_Id, Inventory_Attribute_Id) values (13076, 73);
insert into Zoom (Id, Description, Layer) values (13077, 'resources//img/Fabric/Fabric-Closeup-ZoomOut.0023.png', 00);
insert into Category_Zoom (Category_Id, Zoom_Id) values (9, 13077);
-- Final Index and Final Name: zoomout--0023 Key: fabric0023
insert into Zoom_Inventory_Attribute (Zoom_Id, Inventory_Attribute_Id) values (13077, 74);
insert into Zoom (Id, Description, Layer) values (13078, 'resources//img/Fabric/Fabric-Closeup-ZoomOut.0024.png', 00);
insert into Category_Zoom (Category_Id, Zoom_Id) values (9, 13078);
-- Final Index and Final Name: zoomout--0024 Key: fabric0024
insert into Zoom_Inventory_Attribute (Zoom_Id, Inventory_Attribute_Id) values (13078, 75);
insert into Zoom (Id, Description, Layer) values (13079, 'resources//img/Fabric/Fabric-Closeup-ZoomOut.0025.png', 00);
insert into Category_Zoom (Category_Id, Zoom_Id) values (9, 13079);
-- Final Index and Final Name: zoomout--0025 Key: fabric0025
insert into Zoom_Inventory_Attribute (Zoom_Id, Inventory_Attribute_Id) values (13079, 76);
insert into Zoom (Id, Description, Layer) values (13080, 'resources//img/Fabric/Fabric-Closeup-ZoomOut.0026.png', 00);
insert into Category_Zoom (Category_Id, Zoom_Id) values (9, 13080);
-- Final Index and Final Name: zoomout--0026 Key: fabric0026
insert into Zoom_Inventory_Attribute (Zoom_Id, Inventory_Attribute_Id) values (13080, 77);
insert into Zoom (Id, Description, Layer) values (13081, 'resources//img/Fabric/Fabric-Closeup-ZoomOut.0027.png', 00);
insert into Category_Zoom (Category_Id, Zoom_Id) values (9, 13081);
-- Final Index and Final Name: zoomout--0027 Key: fabric0027
insert into Zoom_Inventory_Attribute (Zoom_Id, Inventory_Attribute_Id) values (13081, 78);
insert into Zoom (Id, Description, Layer) values (13082, 'resources//img/Fabric/Fabric-Closeup-ZoomOut.0028.png', 00);
insert into Category_Zoom (Category_Id, Zoom_Id) values (9, 13082);
-- Final Index and Final Name: zoomout--0028 Key: fabric0028
insert into Zoom_Inventory_Attribute (Zoom_Id, Inventory_Attribute_Id) values (13082, 79);
insert into Zoom (Id, Description, Layer) values (13083, 'resources//img/Fabric/Fabric-Closeup-ZoomOut.0029.png', 00);
insert into Category_Zoom (Category_Id, Zoom_Id) values (9, 13083);
-- Final Index and Final Name: zoomout--0029 Key: fabric0029
insert into Zoom_Inventory_Attribute (Zoom_Id, Inventory_Attribute_Id) values (13083, 80);
insert into Zoom (Id, Description, Layer) values (13084, 'resources//img/Fabric/Fabric-Closeup-ZoomOut.0030.png', 00);
insert into Category_Zoom (Category_Id, Zoom_Id) values (9, 13084);
-- Final Index and Final Name: zoomout--0030 Key: fabric0030
insert into Zoom_Inventory_Attribute (Zoom_Id, Inventory_Attribute_Id) values (13084, 81);
insert into Zoom (Id, Description, Layer) values (13085, 'resources//img/Fabric/Fabric-Closeup-ZoomOut.0031.png', 00);
insert into Category_Zoom (Category_Id, Zoom_Id) values (9, 13085);
-- Final Index and Final Name: zoomout--0031 Key: fabric0031
insert into Zoom_Inventory_Attribute (Zoom_Id, Inventory_Attribute_Id) values (13085, 82);
insert into Zoom (Id, Description, Layer) values (13086, 'resources//img/Fabric/Fabric-Closeup-ZoomOut.0032.png', 00);
insert into Category_Zoom (Category_Id, Zoom_Id) values (9, 13086);
-- Final Index and Final Name: zoomout--0032 Key: fabric0032
insert into Zoom_Inventory_Attribute (Zoom_Id, Inventory_Attribute_Id) values (13086, 83);
insert into Zoom (Id, Description, Layer) values (13087, 'resources//img/Fabric/Fabric-Closeup-ZoomOut.0033.png', 00);
insert into Category_Zoom (Category_Id, Zoom_Id) values (9, 13087);
-- Final Index and Final Name: zoomout--0033 Key: fabric0033
insert into Zoom_Inventory_Attribute (Zoom_Id, Inventory_Attribute_Id) values (13087, 84);
insert into Zoom (Id, Description, Layer) values (13088, 'resources//img/Fabric/Fabric-Closeup-ZoomOut.0034.png', 00);
insert into Category_Zoom (Category_Id, Zoom_Id) values (9, 13088);
-- Final Index and Final Name: zoomout--0034 Key: fabric0034
insert into Zoom_Inventory_Attribute (Zoom_Id, Inventory_Attribute_Id) values (13088, 85);
insert into Zoom (Id, Description, Layer) values (13089, 'resources//img/Fabric/Fabric-Closeup-ZoomOut.0035.png', 00);
insert into Category_Zoom (Category_Id, Zoom_Id) values (9, 13089);
-- Final Index and Final Name: zoomout--0035 Key: fabric0035
insert into Zoom_Inventory_Attribute (Zoom_Id, Inventory_Attribute_Id) values (13089, 86);
insert into Zoom (Id, Description, Layer) values (13090, 'resources//img/Fabric/Fabric-Closeup-ZoomOut.0036.png', 00);
insert into Category_Zoom (Category_Id, Zoom_Id) values (9, 13090);
-- Final Index and Final Name: zoomout--0036 Key: fabric0036
insert into Zoom_Inventory_Attribute (Zoom_Id, Inventory_Attribute_Id) values (13090, 87);
insert into Zoom (Id, Description, Layer) values (13091, 'resources//img/Fabric/Fabric-Closeup-ZoomOut.0037.png', 00);
insert into Category_Zoom (Category_Id, Zoom_Id) values (9, 13091);
-- Final Index and Final Name: zoomout--0037 Key: fabric0037
insert into Zoom_Inventory_Attribute (Zoom_Id, Inventory_Attribute_Id) values (13091, 88);
insert into Zoom (Id, Description, Layer) values (13092, 'resources//img/Fabric/Fabric-Closeup-ZoomOut.0038.png', 00);
insert into Category_Zoom (Category_Id, Zoom_Id) values (9, 13092);
-- Final Index and Final Name: zoomout--0038 Key: fabric0038
insert into Zoom_Inventory_Attribute (Zoom_Id, Inventory_Attribute_Id) values (13092, 89);
insert into Zoom (Id, Description, Layer) values (13093, 'resources//img/Fabric/Fabric-Closeup-ZoomOut.0039.png', 00);
insert into Category_Zoom (Category_Id, Zoom_Id) values (9, 13093);
-- Final Index and Final Name: zoomout--0039 Key: fabric0039
insert into Zoom_Inventory_Attribute (Zoom_Id, Inventory_Attribute_Id) values (13093, 90);
insert into Zoom (Id, Description, Layer) values (13094, 'resources//img/Fabric/Fabric-Closeup-ZoomOut.0040.png', 00);
insert into Category_Zoom (Category_Id, Zoom_Id) values (9, 13094);
-- Final Index and Final Name: zoomout--0040 Key: fabric0040
insert into Zoom_Inventory_Attribute (Zoom_Id, Inventory_Attribute_Id) values (13094, 91);
insert into Zoom (Id, Description, Layer) values (13095, 'resources//img/Fabric/Fabric-Closeup-ZoomOut.0041.png', 00);
insert into Category_Zoom (Category_Id, Zoom_Id) values (9, 13095);
-- Final Index and Final Name: zoomout--0041 Key: fabric0041
insert into Zoom_Inventory_Attribute (Zoom_Id, Inventory_Attribute_Id) values (13095, 92);
insert into Zoom (Id, Description, Layer) values (13096, 'resources//img/Fabric/Fabric-Closeup-ZoomOut.0042.png', 00);
insert into Category_Zoom (Category_Id, Zoom_Id) values (9, 13096);
-- Final Index and Final Name: zoomout--0042 Key: fabric0042
insert into Zoom_Inventory_Attribute (Zoom_Id, Inventory_Attribute_Id) values (13096, 93);
insert into Zoom (Id, Description, Layer) values (13097, 'resources//img/Fabric/Fabric-Closeup-ZoomOut.0043.png', 00);
insert into Category_Zoom (Category_Id, Zoom_Id) values (9, 13097);
-- Final Index and Final Name: zoomout--0043 Key: fabric0043
insert into Zoom_Inventory_Attribute (Zoom_Id, Inventory_Attribute_Id) values (13097, 94);
insert into Zoom (Id, Description, Layer) values (13098, 'resources//img/Fabric/Fabric-Closeup-ZoomOut.0044.png', 00);
insert into Category_Zoom (Category_Id, Zoom_Id) values (9, 13098);
-- Final Index and Final Name: zoomout--0044 Key: fabric0044
insert into Zoom_Inventory_Attribute (Zoom_Id, Inventory_Attribute_Id) values (13098, 95);
insert into Zoom (Id, Description, Layer) values (13099, 'resources//img/Fabric/Fabric-Closeup-ZoomOut.0045.png', 00);
insert into Category_Zoom (Category_Id, Zoom_Id) values (9, 13099);
-- Final Index and Final Name: zoomout--0045 Key: fabric0045
insert into Zoom_Inventory_Attribute (Zoom_Id, Inventory_Attribute_Id) values (13099, 96);
insert into Zoom (Id, Description, Layer) values (13100, 'resources//img/Fabric/Fabric-Closeup-ZoomOut.0046.png', 00);
insert into Category_Zoom (Category_Id, Zoom_Id) values (9, 13100);
-- Final Index and Final Name: zoomout--0046 Key: fabric0046
insert into Zoom_Inventory_Attribute (Zoom_Id, Inventory_Attribute_Id) values (13100, 97);
insert into Zoom (Id, Description, Layer) values (13101, 'resources//img/Fabric/Fabric-Closeup-ZoomOut.0047.png', 00);
insert into Category_Zoom (Category_Id, Zoom_Id) values (9, 13101);
-- Final Index and Final Name: zoomout--0047 Key: fabric0047
insert into Zoom_Inventory_Attribute (Zoom_Id, Inventory_Attribute_Id) values (13101, 98);
insert into Zoom (Id, Description, Layer) values (13102, 'resources//img/Fabric/Fabric-Closeup-ZoomOut.0048.png', 00);
insert into Category_Zoom (Category_Id, Zoom_Id) values (9, 13102);
-- Final Index and Final Name: zoomout--0048 Key: fabric0048
insert into Zoom_Inventory_Attribute (Zoom_Id, Inventory_Attribute_Id) values (13102, 99);
insert into Zoom (Id, Description, Layer) values (13103, 'resources//img/Fabric/Fabric-Closeup-ZoomOut.0049.png', 00);
insert into Category_Zoom (Category_Id, Zoom_Id) values (9, 13103);
-- Final Index and Final Name: zoomout--0049 Key: fabric0049
insert into Zoom_Inventory_Attribute (Zoom_Id, Inventory_Attribute_Id) values (13103, 100);
insert into Zoom (Id, Description, Layer) values (13104, 'resources//img/Fabric/Fabric-Closeup-ZoomOut.0050.png', 00);
insert into Category_Zoom (Category_Id, Zoom_Id) values (9, 13104);
-- Final Index and Final Name: zoomout--0050 Key: fabric0050
insert into Zoom_Inventory_Attribute (Zoom_Id, Inventory_Attribute_Id) values (13104, 101);
insert into Zoom (Id, Description, Layer) values (13105, 'resources//img/Fabric/Fabric-Closeup-ZoomOut.0051.png', 00);
insert into Category_Zoom (Category_Id, Zoom_Id) values (9, 13105);
-- Final Index and Final Name: zoomout--0051 Key: fabric0051
insert into Zoom_Inventory_Attribute (Zoom_Id, Inventory_Attribute_Id) values (13105, 102);
insert into Zoom (Id, Description, Layer) values (13106, 'resources//img/Fabric/Fabric-Closeup-ZoomOut.0052.png', 00);
insert into Category_Zoom (Category_Id, Zoom_Id) values (9, 13106);
-- Final Index and Final Name: zoomout--0052 Key: fabric0052
insert into Zoom_Inventory_Attribute (Zoom_Id, Inventory_Attribute_Id) values (13106, 103);
insert into Zoom (Id, Description, Layer) values (13107, 'resources//img/Fabric/Fabric-Closeup-ZoomOut.0053.png', 00);
insert into Category_Zoom (Category_Id, Zoom_Id) values (9, 13107);
-- Final Index and Final Name: zoomout--0053 Key: fabric0053
insert into Zoom_Inventory_Attribute (Zoom_Id, Inventory_Attribute_Id) values (13107, 104);
insert into Zoom (Id, Description, Layer) values (13108, 'resources//img/Fabric/Fabric-Closeup-ZoomOut.0054.png', 00);
insert into Category_Zoom (Category_Id, Zoom_Id) values (9, 13108);
-- Final Index and Final Name: zoomout--0054 Key: fabric0054
insert into Zoom_Inventory_Attribute (Zoom_Id, Inventory_Attribute_Id) values (13108, 105);
insert into Zoom (Id, Description, Layer) values (13109, 'resources//img/Fabric/Fabric-Closeup-ZoomOut.0055.png', 00);
insert into Category_Zoom (Category_Id, Zoom_Id) values (9, 13109);
-- Final Index and Final Name: zoomout--0055 Key: fabric0055
insert into Zoom_Inventory_Attribute (Zoom_Id, Inventory_Attribute_Id) values (13109, 106);
insert into Zoom (Id, Description, Layer) values (13110, 'resources//img/Fabric/Fabric-Closeup-ZoomOut.0056.png', 00);
insert into Category_Zoom (Category_Id, Zoom_Id) values (9, 13110);
-- Final Index and Final Name: zoomout--0056 Key: fabric0056
insert into Zoom_Inventory_Attribute (Zoom_Id, Inventory_Attribute_Id) values (13110, 107);
insert into Zoom (Id, Description, Layer) values (13111, 'resources//img/Fabric/Fabric-Closeup-ZoomOut.0057.png', 00);
insert into Category_Zoom (Category_Id, Zoom_Id) values (9, 13111);
-- Final Index and Final Name: zoomout--0057 Key: fabric0057
insert into Zoom_Inventory_Attribute (Zoom_Id, Inventory_Attribute_Id) values (13111, 108);
insert into Zoom (Id, Description, Layer) values (13112, 'resources//img/Fabric/Fabric-Closeup-ZoomOut.0058.png', 00);
insert into Category_Zoom (Category_Id, Zoom_Id) values (9, 13112);
-- Final Index and Final Name: zoomout--0058 Key: fabric0058
insert into Zoom_Inventory_Attribute (Zoom_Id, Inventory_Attribute_Id) values (13112, 109);
insert into Zoom (Id, Description, Layer) values (13113, 'resources//img/Fabric/Fabric-Closeup-ZoomOut.0059.png', 00);
insert into Category_Zoom (Category_Id, Zoom_Id) values (9, 13113);
-- Final Index and Final Name: zoomout--0059 Key: fabric0059
insert into Zoom_Inventory_Attribute (Zoom_Id, Inventory_Attribute_Id) values (13113, 110);
insert into Zoom (Id, Description, Layer) values (13114, 'resources//img/Fabric/Fabric-Closeup-ZoomOut.0060.png', 00);
insert into Category_Zoom (Category_Id, Zoom_Id) values (9, 13114);
-- Final Index and Final Name: zoomout--0060 Key: fabric0060
insert into Zoom_Inventory_Attribute (Zoom_Id, Inventory_Attribute_Id) values (13114, 111);
insert into Zoom (Id, Description, Layer) values (13115, 'resources//img/Fabric/Fabric-Closeup-ZoomOut.0061.png', 00);
insert into Category_Zoom (Category_Id, Zoom_Id) values (9, 13115);
-- Final Index and Final Name: zoomout--0061 Key: fabric0061
insert into Zoom_Inventory_Attribute (Zoom_Id, Inventory_Attribute_Id) values (13115, 112);
insert into Zoom (Id, Description, Layer) values (13116, 'resources//img/Fabric/Fabric-Closeup-ZoomOut.0062.png', 00);
insert into Category_Zoom (Category_Id, Zoom_Id) values (9, 13116);
-- Final Index and Final Name: zoomout--0062 Key: fabric0062
insert into Zoom_Inventory_Attribute (Zoom_Id, Inventory_Attribute_Id) values (13116, 113);
insert into Zoom (Id, Description, Layer) values (13117, 'resources//img/Fabric/Fabric-Closeup-ZoomOut.0063.png', 00);
insert into Category_Zoom (Category_Id, Zoom_Id) values (9, 13117);
-- Final Index and Final Name: zoomout--0063 Key: fabric0063
insert into Zoom_Inventory_Attribute (Zoom_Id, Inventory_Attribute_Id) values (13117, 114);
insert into Zoom (Id, Description, Layer) values (13118, 'resources//img/Fabric/Fabric-Closeup-ZoomOut.0064.png', 00);
insert into Category_Zoom (Category_Id, Zoom_Id) values (9, 13118);
-- Final Index and Final Name: zoomout--0064 Key: fabric0064
insert into Zoom_Inventory_Attribute (Zoom_Id, Inventory_Attribute_Id) values (13118, 115);
insert into Zoom (Id, Description, Layer) values (13119, 'resources//img/Fabric/Fabric-Closeup-ZoomOut.0065.png', 00);
insert into Category_Zoom (Category_Id, Zoom_Id) values (9, 13119);
-- Final Index and Final Name: zoomout--0065 Key: fabric0065
insert into Zoom_Inventory_Attribute (Zoom_Id, Inventory_Attribute_Id) values (13119, 116);
insert into Zoom (Id, Description, Layer) values (13120, 'resources//img/Fabric/Fabric-Closeup-ZoomOut.0066.png', 00);
insert into Category_Zoom (Category_Id, Zoom_Id) values (9, 13120);
-- Final Index and Final Name: zoomout--0066 Key: fabric0066
insert into Zoom_Inventory_Attribute (Zoom_Id, Inventory_Attribute_Id) values (13120, 117);
insert into Zoom (Id, Description, Layer) values (13121, 'resources//img/Fabric/Fabric-Closeup-ZoomOut.0067.png', 00);
insert into Category_Zoom (Category_Id, Zoom_Id) values (9, 13121);
-- Final Index and Final Name: zoomout--0067 Key: fabric0067
insert into Zoom_Inventory_Attribute (Zoom_Id, Inventory_Attribute_Id) values (13121, 118);
insert into Zoom (Id, Description, Layer) values (13122, 'resources//img/Fabric/Fabric-Closeup-ZoomOut.0068.png', 00);
insert into Category_Zoom (Category_Id, Zoom_Id) values (9, 13122);
-- Final Index and Final Name: zoomout--0068 Key: fabric0068
insert into Zoom_Inventory_Attribute (Zoom_Id, Inventory_Attribute_Id) values (13122, 119);
insert into Zoom (Id, Description, Layer) values (13123, 'resources//img/Fabric/Fabric-Closeup-ZoomOut.0069.png', 00);
insert into Category_Zoom (Category_Id, Zoom_Id) values (9, 13123);
-- Final Index and Final Name: zoomout--0069 Key: fabric0069
insert into Zoom_Inventory_Attribute (Zoom_Id, Inventory_Attribute_Id) values (13123, 120);
insert into Zoom (Id, Description, Layer) values (13124, 'resources//img/Fabric/Fabric-Closeup-ZoomOut.0070.png', 00);
insert into Category_Zoom (Category_Id, Zoom_Id) values (9, 13124);
-- Final Index and Final Name: zoomout--0070 Key: fabric0070
insert into Zoom_Inventory_Attribute (Zoom_Id, Inventory_Attribute_Id) values (13124, 121);
insert into Zoom (Id, Description, Layer) values (13125, 'resources//img/Fabric/Fabric-Closeup-ZoomOut.0071.png', 00);
insert into Category_Zoom (Category_Id, Zoom_Id) values (9, 13125);
-- Final Index and Final Name: zoomout--0071 Key: fabric0071
insert into Zoom_Inventory_Attribute (Zoom_Id, Inventory_Attribute_Id) values (13125, 122);
insert into Zoom (Id, Description, Layer) values (13126, 'resources//img/Fabric/Fabric-Closeup-ZoomOut.0072.png', 00);
insert into Category_Zoom (Category_Id, Zoom_Id) values (9, 13126);
-- Final Index and Final Name: zoomout--0072 Key: fabric0072
insert into Zoom_Inventory_Attribute (Zoom_Id, Inventory_Attribute_Id) values (13126, 123);
insert into Zoom (Id, Description, Layer) values (13127, 'resources//img/Fabric/Fabric-Closeup-ZoomOut.0073.png', 00);
insert into Category_Zoom (Category_Id, Zoom_Id) values (9, 13127);
-- Final Index and Final Name: zoomout--0073 Key: fabric0073
insert into Zoom_Inventory_Attribute (Zoom_Id, Inventory_Attribute_Id) values (13127, 124);
insert into Zoom (Id, Description, Layer) values (13128, 'resources//img/Fabric/Fabric-Closeup-ZoomOut.0074.png', 00);
insert into Category_Zoom (Category_Id, Zoom_Id) values (9, 13128);
-- Final Index and Final Name: zoomout--0074 Key: fabric0074
insert into Zoom_Inventory_Attribute (Zoom_Id, Inventory_Attribute_Id) values (13128, 125);
insert into Zoom (Id, Description, Layer) values (13129, 'resources//img/Fabric/Fabric-Closeup-ZoomOut.0075.png', 00);
insert into Category_Zoom (Category_Id, Zoom_Id) values (9, 13129);
-- Final Index and Final Name: zoomout--0075 Key: fabric0075
insert into Zoom_Inventory_Attribute (Zoom_Id, Inventory_Attribute_Id) values (13129, 126);
insert into Zoom (Id, Description, Layer) values (13130, 'resources//img/Fabric/Fabric-Closeup-ZoomOut.0076.png', 00);
insert into Category_Zoom (Category_Id, Zoom_Id) values (9, 13130);
-- Final Index and Final Name: zoomout--0076 Key: fabric0076
insert into Zoom_Inventory_Attribute (Zoom_Id, Inventory_Attribute_Id) values (13130, 127);
insert into Zoom (Id, Description, Layer) values (13131, 'resources//img/Fabric/Fabric-Closeup-ZoomOut.0077.png', 00);
insert into Category_Zoom (Category_Id, Zoom_Id) values (9, 13131);
-- Final Index and Final Name: zoomout--0077 Key: fabric0077
insert into Zoom_Inventory_Attribute (Zoom_Id, Inventory_Attribute_Id) values (13131, 128);
insert into Zoom (Id, Description, Layer) values (13132, 'resources//img/Fabric/Fabric-Closeup-ZoomOut.0078.png', 00);
insert into Category_Zoom (Category_Id, Zoom_Id) values (9, 13132);
-- Final Index and Final Name: zoomout--0078 Key: fabric0078
insert into Zoom_Inventory_Attribute (Zoom_Id, Inventory_Attribute_Id) values (13132, 129);
insert into Zoom (Id, Description, Layer) values (13133, 'resources//img/Fabric/Fabric-Closeup-ZoomOut.0079.png', 00);
insert into Category_Zoom (Category_Id, Zoom_Id) values (9, 13133);
-- Final Index and Final Name: zoomout--0079 Key: fabric0079
insert into Zoom_Inventory_Attribute (Zoom_Id, Inventory_Attribute_Id) values (13133, 130);
insert into Zoom (Id, Description, Layer) values (13134, 'resources//img/Fabric/Fabric-Closeup-ZoomOut.0080.png', 00);
insert into Category_Zoom (Category_Id, Zoom_Id) values (9, 13134);
-- Final Index and Final Name: zoomout--0080 Key: fabric0080
insert into Zoom_Inventory_Attribute (Zoom_Id, Inventory_Attribute_Id) values (13134, 131);
insert into Zoom (Id, Description, Layer) values (13135, 'resources//img/Fabric/Fabric-Closeup-ZoomOut.0081.png', 00);
insert into Category_Zoom (Category_Id, Zoom_Id) values (9, 13135);
-- Final Index and Final Name: zoomout--0081 Key: fabric0081
insert into Zoom_Inventory_Attribute (Zoom_Id, Inventory_Attribute_Id) values (13135, 132);
insert into Zoom (Id, Description, Layer) values (13136, 'resources//img/Fabric/Fabric-Closeup-ZoomOut.0082.png', 00);
insert into Category_Zoom (Category_Id, Zoom_Id) values (9, 13136);
-- Final Index and Final Name: zoomout--0082 Key: fabric0082
insert into Zoom_Inventory_Attribute (Zoom_Id, Inventory_Attribute_Id) values (13136, 133);
insert into Zoom (Id, Description, Layer) values (13137, 'resources//img/Fabric/Fabric-Closeup-ZoomOut.0083.png', 00);
insert into Category_Zoom (Category_Id, Zoom_Id) values (9, 13137);
-- Final Index and Final Name: zoomout--0083 Key: fabric0083
insert into Zoom_Inventory_Attribute (Zoom_Id, Inventory_Attribute_Id) values (13137, 134);
insert into Zoom (Id, Description, Layer) values (13138, 'resources//img/Fabric/Fabric-Closeup-ZoomOut.0084.png', 00);
insert into Category_Zoom (Category_Id, Zoom_Id) values (9, 13138);
-- Final Index and Final Name: zoomout--0084 Key: fabric0084
insert into Zoom_Inventory_Attribute (Zoom_Id, Inventory_Attribute_Id) values (13138, 135);
insert into Zoom (Id, Description, Layer) values (13139, 'resources//img/Fabric/Fabric-Closeup-ZoomOut.0085.png', 00);
insert into Category_Zoom (Category_Id, Zoom_Id) values (9, 13139);
-- Final Index and Final Name: zoomout--0085 Key: fabric0085
insert into Zoom_Inventory_Attribute (Zoom_Id, Inventory_Attribute_Id) values (13139, 136);
insert into Zoom (Id, Description, Layer) values (13140, 'resources//img/Fabric/Fabric-Closeup-ZoomOut.0086.png', 00);
insert into Category_Zoom (Category_Id, Zoom_Id) values (9, 13140);
-- Final Index and Final Name: zoomout--0086 Key: fabric0086
insert into Zoom_Inventory_Attribute (Zoom_Id, Inventory_Attribute_Id) values (13140, 137);
insert into Zoom (Id, Description, Layer) values (13141, 'resources//img/Fabric/Fabric-Closeup-ZoomOut.0087.png', 00);
insert into Category_Zoom (Category_Id, Zoom_Id) values (9, 13141);
-- Final Index and Final Name: zoomout--0087 Key: fabric0087
insert into Zoom_Inventory_Attribute (Zoom_Id, Inventory_Attribute_Id) values (13141, 138);
insert into Zoom (Id, Description, Layer) values (13142, 'resources//img/Fabric/Fabric-Closeup-ZoomOut.0088.png', 00);
insert into Category_Zoom (Category_Id, Zoom_Id) values (9, 13142);
-- Final Index and Final Name: zoomout--0088 Key: fabric0088
insert into Zoom_Inventory_Attribute (Zoom_Id, Inventory_Attribute_Id) values (13142, 139);
insert into Zoom (Id, Description, Layer) values (13143, 'resources//img/Fabric/Fabric-Closeup-ZoomOut.0089.png', 00);
insert into Category_Zoom (Category_Id, Zoom_Id) values (9, 13143);
-- Final Index and Final Name: zoomout--0089 Key: fabric0089
insert into Zoom_Inventory_Attribute (Zoom_Id, Inventory_Attribute_Id) values (13143, 140);
insert into Zoom (Id, Description, Layer) values (13144, 'resources//img/Fabric/Fabric-Closeup-ZoomOut.0090.png', 00);
insert into Category_Zoom (Category_Id, Zoom_Id) values (9, 13144);
-- Final Index and Final Name: zoomout--0090 Key: fabric0090
insert into Zoom_Inventory_Attribute (Zoom_Id, Inventory_Attribute_Id) values (13144, 141);
insert into Zoom (Id, Description, Layer) values (13145, 'resources//img/Fabric/Fabric-Closeup-ZoomOut.0091.png', 00);
insert into Category_Zoom (Category_Id, Zoom_Id) values (9, 13145);
-- Final Index and Final Name: zoomout--0091 Key: fabric0091
insert into Zoom_Inventory_Attribute (Zoom_Id, Inventory_Attribute_Id) values (13145, 142);
insert into Zoom (Id, Description, Layer) values (13146, 'resources//img/Fabric/Fabric-Closeup-ZoomOut.0092.png', 00);
insert into Category_Zoom (Category_Id, Zoom_Id) values (9, 13146);
-- Final Index and Final Name: zoomout--0092 Key: fabric0092
insert into Zoom_Inventory_Attribute (Zoom_Id, Inventory_Attribute_Id) values (13146, 143);
insert into Zoom (Id, Description, Layer) values (13147, 'resources//img/Fabric/Fabric-Closeup-ZoomOut.0093.png', 00);
insert into Category_Zoom (Category_Id, Zoom_Id) values (9, 13147);
-- Final Index and Final Name: zoomout--0093 Key: fabric0093
insert into Zoom_Inventory_Attribute (Zoom_Id, Inventory_Attribute_Id) values (13147, 144);
insert into Zoom (Id, Description, Layer) values (13148, 'resources//img/Fabric/Fabric-Closeup-ZoomOut.0094.png', 00);
insert into Category_Zoom (Category_Id, Zoom_Id) values (9, 13148);
-- Final Index and Final Name: zoomout--0094 Key: fabric0094
insert into Zoom_Inventory_Attribute (Zoom_Id, Inventory_Attribute_Id) values (13148, 145);
insert into Zoom (Id, Description, Layer) values (13149, 'resources//img/Fabric/Fabric-Closeup-ZoomOut.0095.png', 00);
insert into Category_Zoom (Category_Id, Zoom_Id) values (9, 13149);
-- Final Index and Final Name: zoomout--0095 Key: fabric0095
insert into Zoom_Inventory_Attribute (Zoom_Id, Inventory_Attribute_Id) values (13149, 146);
insert into Zoom (Id, Description, Layer) values (13150, 'resources//img/Fabric/Fabric-Closeup-ZoomOut.0096.png', 00);
insert into Category_Zoom (Category_Id, Zoom_Id) values (9, 13150);
-- Final Index and Final Name: zoomout--0096 Key: fabric0096
insert into Zoom_Inventory_Attribute (Zoom_Id, Inventory_Attribute_Id) values (13150, 147);
insert into Zoom (Id, Description, Layer) values (13151, 'resources//img/Fabric/Fabric-Closeup-ZoomOut.0097.png', 00);
insert into Category_Zoom (Category_Id, Zoom_Id) values (9, 13151);
-- Final Index and Final Name: zoomout--0097 Key: fabric0097
insert into Zoom_Inventory_Attribute (Zoom_Id, Inventory_Attribute_Id) values (13151, 148);
insert into Zoom (Id, Description, Layer) values (13152, 'resources//img/Fabric/Fabric-Closeup-ZoomOut.0098.png', 00);
insert into Category_Zoom (Category_Id, Zoom_Id) values (9, 13152);
-- Final Index and Final Name: zoomout--0098 Key: fabric0098
insert into Zoom_Inventory_Attribute (Zoom_Id, Inventory_Attribute_Id) values (13152, 149);
insert into Zoom (Id, Description, Layer) values (13153, 'resources//img/Fabric/Fabric-Closeup-ZoomOut.0099.png', 00);
insert into Category_Zoom (Category_Id, Zoom_Id) values (9, 13153);
-- Final Index and Final Name: zoomout--0099 Key: fabric0099
insert into Zoom_Inventory_Attribute (Zoom_Id, Inventory_Attribute_Id) values (13153, 150);
insert into Zoom (Id, Description, Layer) values (13154, 'resources//img/Fabric/Fabric-Closeup-ZoomOut.0100.png', 00);
insert into Category_Zoom (Category_Id, Zoom_Id) values (9, 13154);
-- Final Index and Final Name: zoomout--0100 Key: fabric0100
insert into Zoom_Inventory_Attribute (Zoom_Id, Inventory_Attribute_Id) values (13154, 151);
insert into Zoom (Id, Description, Layer) values (13155, 'resources//img/Fabric/Fabric-Closeup-ZoomOut.0101.png', 00);
insert into Category_Zoom (Category_Id, Zoom_Id) values (9, 13155);
-- Final Index and Final Name: zoomout--0101 Key: fabric0101
insert into Zoom_Inventory_Attribute (Zoom_Id, Inventory_Attribute_Id) values (13155, 152);
insert into Zoom (Id, Description, Layer) values (13156, 'resources//img/Fabric/Fabric-Closeup-ZoomOut.0102.png', 00);
insert into Category_Zoom (Category_Id, Zoom_Id) values (9, 13156);
-- Final Index and Final Name: zoomout--0102 Key: fabric0102
insert into Zoom_Inventory_Attribute (Zoom_Id, Inventory_Attribute_Id) values (13156, 153);
insert into Zoom (Id, Description, Layer) values (13157, 'resources//img/Fabric/Fabric-Closeup-ZoomOut.0103.png', 00);
insert into Category_Zoom (Category_Id, Zoom_Id) values (9, 13157);
-- Final Index and Final Name: zoomout--0103 Key: fabric0103
insert into Zoom_Inventory_Attribute (Zoom_Id, Inventory_Attribute_Id) values (13157, 154);
insert into Zoom (Id, Description, Layer) values (13158, 'resources//img/Fabric/Fabric-Closeup-ZoomOut.0104.png', 00);
insert into Category_Zoom (Category_Id, Zoom_Id) values (9, 13158);
-- Final Index and Final Name: zoomout--0104 Key: fabric0104
insert into Zoom_Inventory_Attribute (Zoom_Id, Inventory_Attribute_Id) values (13158, 155);
insert into Zoom (Id, Description, Layer) values (13159, 'resources//img/Fabric/Fabric-Closeup-ZoomOut.0105.png', 00);
insert into Category_Zoom (Category_Id, Zoom_Id) values (9, 13159);
-- Final Index and Final Name: zoomout--0105 Key: fabric0105
insert into Zoom_Inventory_Attribute (Zoom_Id, Inventory_Attribute_Id) values (13159, 156);
insert into Zoom (Id, Description, Layer) values (13160, 'resources//img/Fabric/Fabric-Closeup-ZoomOut.0106.png', 00);
insert into Category_Zoom (Category_Id, Zoom_Id) values (9, 13160);
-- Final Index and Final Name: zoomout--0106 Key: fabric0106
insert into Zoom_Inventory_Attribute (Zoom_Id, Inventory_Attribute_Id) values (13160, 157);
insert into Zoom (Id, Description, Layer) values (13161, 'resources//img/Fabric/Fabric-Closeup-ZoomOut.0107.png', 00);
insert into Category_Zoom (Category_Id, Zoom_Id) values (9, 13161);
-- Final Index and Final Name: zoomout--0107 Key: fabric0107
insert into Zoom_Inventory_Attribute (Zoom_Id, Inventory_Attribute_Id) values (13161, 158);
insert into Zoom (Id, Description, Layer) values (13162, 'resources//img/Fabric/Fabric-Closeup-ZoomOut.0108.png', 00);
insert into Category_Zoom (Category_Id, Zoom_Id) values (9, 13162);
-- Final Index and Final Name: zoomout--0108 Key: fabric0108
insert into Zoom_Inventory_Attribute (Zoom_Id, Inventory_Attribute_Id) values (13162, 159);
insert into Zoom (Id, Description, Layer) values (13163, 'resources//img/Fabric/Fabric-Closeup-ZoomOut.0109.png', 00);
insert into Category_Zoom (Category_Id, Zoom_Id) values (9, 13163);
-- Final Index and Final Name: zoomout--0109 Key: fabric0109
insert into Zoom_Inventory_Attribute (Zoom_Id, Inventory_Attribute_Id) values (13163, 160);
insert into Zoom (Id, Description, Layer) values (13164, 'resources//img/Fabric/Fabric-Closeup-ZoomOut.0110.png', 00);
insert into Category_Zoom (Category_Id, Zoom_Id) values (9, 13164);
-- Final Index and Final Name: zoomout--0110 Key: fabric0110
insert into Zoom_Inventory_Attribute (Zoom_Id, Inventory_Attribute_Id) values (13164, 161);
insert into Zoom (Id, Description, Layer) values (13165, 'resources//img/Fabric/Fabric-Closeup-ZoomOut.0111.png', 00);
insert into Category_Zoom (Category_Id, Zoom_Id) values (9, 13165);
-- Final Index and Final Name: zoomout--0111 Key: fabric0111
insert into Zoom_Inventory_Attribute (Zoom_Id, Inventory_Attribute_Id) values (13165, 162);
insert into Zoom (Id, Description, Layer) values (13166, 'resources//img/Fabric/Fabric-Closeup-ZoomOut.0112.png', 00);
insert into Category_Zoom (Category_Id, Zoom_Id) values (9, 13166);
-- Final Index and Final Name: zoomout--0112 Key: fabric0112
insert into Zoom_Inventory_Attribute (Zoom_Id, Inventory_Attribute_Id) values (13166, 163);
insert into Zoom (Id, Description, Layer) values (13167, 'resources//img/Fabric/Fabric-Closeup-ZoomOut.0113.png', 00);
insert into Category_Zoom (Category_Id, Zoom_Id) values (9, 13167);
-- Final Index and Final Name: zoomout--0113 Key: fabric0113
insert into Zoom_Inventory_Attribute (Zoom_Id, Inventory_Attribute_Id) values (13167, 164);
insert into Zoom (Id, Description, Layer) values (13168, 'resources//img/Fabric/Fabric-Closeup-ZoomOut.0114.png', 00);
insert into Category_Zoom (Category_Id, Zoom_Id) values (9, 13168);
-- Final Index and Final Name: zoomout--0114 Key: fabric0114
insert into Zoom_Inventory_Attribute (Zoom_Id, Inventory_Attribute_Id) values (13168, 165);
insert into Zoom (Id, Description, Layer) values (13169, 'resources//img/Fabric/Fabric-Closeup-ZoomOut.0115.png', 00);
insert into Category_Zoom (Category_Id, Zoom_Id) values (9, 13169);
-- Final Index and Final Name: zoomout--0115 Key: fabric0115
insert into Zoom_Inventory_Attribute (Zoom_Id, Inventory_Attribute_Id) values (13169, 166);
insert into Zoom (Id, Description, Layer) values (13170, 'resources//img/Fabric/Fabric-Closeup-ZoomOut.0116.png', 00);
insert into Category_Zoom (Category_Id, Zoom_Id) values (9, 13170);
-- Final Index and Final Name: zoomout--0116 Key: fabric0116
insert into Zoom_Inventory_Attribute (Zoom_Id, Inventory_Attribute_Id) values (13170, 167);
insert into Zoom (Id, Description, Layer) values (13171, 'resources//img/Fabric/Fabric-Closeup-ZoomOut.0117.png', 00);
insert into Category_Zoom (Category_Id, Zoom_Id) values (9, 13171);
-- Final Index and Final Name: zoomout--0117 Key: fabric0117
insert into Zoom_Inventory_Attribute (Zoom_Id, Inventory_Attribute_Id) values (13171, 168);
insert into Zoom (Id, Description, Layer) values (13172, 'resources//img/Fabric/Fabric-Closeup-ZoomOut.0118.png', 00);
insert into Category_Zoom (Category_Id, Zoom_Id) values (9, 13172);
-- Final Index and Final Name: zoomout--0118 Key: fabric0118
insert into Zoom_Inventory_Attribute (Zoom_Id, Inventory_Attribute_Id) values (13172, 169);
insert into Zoom (Id, Description, Layer) values (13173, 'resources//img/Fabric/Fabric-Closeup-ZoomOut.0119.png', 00);
insert into Category_Zoom (Category_Id, Zoom_Id) values (9, 13173);
-- Final Index and Final Name: zoomout--0119 Key: fabric0119
insert into Zoom_Inventory_Attribute (Zoom_Id, Inventory_Attribute_Id) values (13173, 170);
insert into Zoom (Id, Description, Layer) values (13174, 'resources//img/Fabric/Fabric-Closeup-ZoomOut.0120.png', 00);
insert into Category_Zoom (Category_Id, Zoom_Id) values (9, 13174);
-- Final Index and Final Name: zoomout--0120 Key: fabric0120
insert into Zoom_Inventory_Attribute (Zoom_Id, Inventory_Attribute_Id) values (13174, 171);
insert into Zoom (Id, Description, Layer) values (13175, 'resources//img/Fabric/Fabric-Closeup-ZoomOut.0121.png', 00);
insert into Category_Zoom (Category_Id, Zoom_Id) values (9, 13175);
-- Final Index and Final Name: zoomout--0121 Key: fabric0121
insert into Zoom_Inventory_Attribute (Zoom_Id, Inventory_Attribute_Id) values (13175, 172);
insert into Zoom (Id, Description, Layer) values (13176, 'resources//img/Fabric/Fabric-Closeup-ZoomOut.0122.png', 00);
insert into Category_Zoom (Category_Id, Zoom_Id) values (9, 13176);
-- Final Index and Final Name: zoomout--0122 Key: fabric0122
insert into Zoom_Inventory_Attribute (Zoom_Id, Inventory_Attribute_Id) values (13176, 173);
insert into Zoom (Id, Description, Layer) values (13177, 'resources//img/Fabric/Fabric-Closeup-ZoomOut.0123.png', 00);
insert into Category_Zoom (Category_Id, Zoom_Id) values (9, 13177);
-- Final Index and Final Name: zoomout--0123 Key: fabric0123
insert into Zoom_Inventory_Attribute (Zoom_Id, Inventory_Attribute_Id) values (13177, 174);
insert into Zoom (Id, Description, Layer) values (13178, 'resources//img/Fabric/Fabric-Closeup-ZoomOut.0124.png', 00);
insert into Category_Zoom (Category_Id, Zoom_Id) values (9, 13178);
-- Final Index and Final Name: zoomout--0124 Key: fabric0124
insert into Zoom_Inventory_Attribute (Zoom_Id, Inventory_Attribute_Id) values (13178, 175);
insert into Zoom (Id, Description, Layer) values (13179, 'resources//img/Fabric/Fabric-Closeup-ZoomOut.0125.png', 00);
insert into Category_Zoom (Category_Id, Zoom_Id) values (9, 13179);
-- Final Index and Final Name: zoomout--0125 Key: fabric0125
insert into Zoom_Inventory_Attribute (Zoom_Id, Inventory_Attribute_Id) values (13179, 176);
insert into Zoom (Id, Description, Layer) values (13180, 'resources//img/Fabric/Fabric-Closeup-ZoomOut.0126.png', 00);
insert into Category_Zoom (Category_Id, Zoom_Id) values (9, 13180);
-- Final Index and Final Name: zoomout--0126 Key: fabric0126
insert into Zoom_Inventory_Attribute (Zoom_Id, Inventory_Attribute_Id) values (13180, 177);
insert into Zoom (Id, Description, Layer) values (13181, 'resources//img/Fabric/Fabric-Closeup-ZoomOut.0127.png', 00);
insert into Category_Zoom (Category_Id, Zoom_Id) values (9, 13181);
-- Final Index and Final Name: zoomout--0127 Key: fabric0127
insert into Zoom_Inventory_Attribute (Zoom_Id, Inventory_Attribute_Id) values (13181, 178);
insert into Zoom (Id, Description, Layer) values (13182, 'resources//img/Fabric/Fabric-Closeup-ZoomOut.0128.png', 00);
insert into Category_Zoom (Category_Id, Zoom_Id) values (9, 13182);
-- Final Index and Final Name: zoomout--0128 Key: fabric0128
insert into Zoom_Inventory_Attribute (Zoom_Id, Inventory_Attribute_Id) values (13182, 179);
insert into Zoom (Id, Description, Layer) values (13183, 'resources//img/Fabric/Fabric-Closeup-ZoomOut.0129.png', 00);
insert into Category_Zoom (Category_Id, Zoom_Id) values (9, 13183);
-- Final Index and Final Name: zoomout--0129 Key: fabric0129
insert into Zoom_Inventory_Attribute (Zoom_Id, Inventory_Attribute_Id) values (13183, 180);
insert into Zoom (Id, Description, Layer) values (13184, 'resources//img/Fabric/Fabric-Closeup-ZoomOut.0130.png', 00);
insert into Category_Zoom (Category_Id, Zoom_Id) values (9, 13184);
-- Final Index and Final Name: zoomout--0130 Key: fabric0130
insert into Zoom_Inventory_Attribute (Zoom_Id, Inventory_Attribute_Id) values (13184, 181);
insert into Zoom (Id, Description, Layer) values (13185, 'resources//img/Fabric/Fabric-Closeup-ZoomOut.0131.png', 00);
insert into Category_Zoom (Category_Id, Zoom_Id) values (9, 13185);
-- Final Index and Final Name: zoomout--0131 Key: fabric0131
insert into Zoom_Inventory_Attribute (Zoom_Id, Inventory_Attribute_Id) values (13185, 182);
insert into Zoom (Id, Description, Layer) values (13186, 'resources//img/Fabric/Fabric-Closeup-ZoomOut.0132.png', 00);
insert into Category_Zoom (Category_Id, Zoom_Id) values (9, 13186);
-- Final Index and Final Name: zoomout--0132 Key: fabric0132
insert into Zoom_Inventory_Attribute (Zoom_Id, Inventory_Attribute_Id) values (13186, 183);
insert into Zoom (Id, Description, Layer) values (13187, 'resources//img/Fabric/Fabric-Closeup-ZoomOut.0133.png', 00);
insert into Category_Zoom (Category_Id, Zoom_Id) values (9, 13187);
-- Final Index and Final Name: zoomout--0133 Key: fabric0133
insert into Zoom_Inventory_Attribute (Zoom_Id, Inventory_Attribute_Id) values (13187, 184);
insert into Zoom (Id, Description, Layer) values (13188, 'resources//img/Fabric/Fabric-Closeup-ZoomOut.0134.png', 00);
insert into Category_Zoom (Category_Id, Zoom_Id) values (9, 13188);
-- Final Index and Final Name: zoomout--0134 Key: fabric0134
insert into Zoom_Inventory_Attribute (Zoom_Id, Inventory_Attribute_Id) values (13188, 185);
insert into Zoom (Id, Description, Layer) values (13189, 'resources//img/Fabric/Fabric-Closeup-ZoomOut.0135.png', 00);
insert into Category_Zoom (Category_Id, Zoom_Id) values (9, 13189);
-- Final Index and Final Name: zoomout--0135 Key: fabric0135
insert into Zoom_Inventory_Attribute (Zoom_Id, Inventory_Attribute_Id) values (13189, 186);
insert into Zoom (Id, Description, Layer) values (13190, 'resources//img/Fabric/Fabric-Closeup-ZoomOut.0136.png', 00);
insert into Category_Zoom (Category_Id, Zoom_Id) values (9, 13190);
-- Final Index and Final Name: zoomout--0136 Key: fabric0136
insert into Zoom_Inventory_Attribute (Zoom_Id, Inventory_Attribute_Id) values (13190, 187);
insert into Zoom (Id, Description, Layer) values (13191, 'resources//img/Fabric/Fabric-Closeup-ZoomOut.0137.png', 00);
insert into Category_Zoom (Category_Id, Zoom_Id) values (9, 13191);
-- Final Index and Final Name: zoomout--0137 Key: fabric0137
insert into Zoom_Inventory_Attribute (Zoom_Id, Inventory_Attribute_Id) values (13191, 188);
insert into Zoom (Id, Description, Layer) values (13192, 'resources//img/Fabric/Fabric-Closeup-ZoomOut.0138.png', 00);
insert into Category_Zoom (Category_Id, Zoom_Id) values (9, 13192);
-- Final Index and Final Name: zoomout--0138 Key: fabric0138
insert into Zoom_Inventory_Attribute (Zoom_Id, Inventory_Attribute_Id) values (13192, 189);
insert into Zoom (Id, Description, Layer) values (13193, 'resources//img/Fabric/Fabric-Closeup-ZoomOut.0139.png', 00);
insert into Category_Zoom (Category_Id, Zoom_Id) values (9, 13193);
-- Final Index and Final Name: zoomout--0139 Key: fabric0139
insert into Zoom_Inventory_Attribute (Zoom_Id, Inventory_Attribute_Id) values (13193, 190);
insert into Zoom (Id, Description, Layer) values (13194, 'resources//img/Fabric/Fabric-Closeup-ZoomOut.0140.png', 00);
insert into Category_Zoom (Category_Id, Zoom_Id) values (9, 13194);
-- Final Index and Final Name: zoomout--0140 Key: fabric0140
insert into Zoom_Inventory_Attribute (Zoom_Id, Inventory_Attribute_Id) values (13194, 191);
insert into Zoom (Id, Description, Layer) values (13195, 'resources//img/Fabric/Fabric-Closeup-ZoomOut.0141.png', 00);
insert into Category_Zoom (Category_Id, Zoom_Id) values (9, 13195);
-- Final Index and Final Name: zoomout--0141 Key: fabric0141
insert into Zoom_Inventory_Attribute (Zoom_Id, Inventory_Attribute_Id) values (13195, 192);
insert into Zoom (Id, Description, Layer) values (13196, 'resources//img/Fabric/Fabric-Closeup-ZoomOut.0142.png', 00);
insert into Category_Zoom (Category_Id, Zoom_Id) values (9, 13196);
-- Final Index and Final Name: zoomout--0142 Key: fabric0142
insert into Zoom_Inventory_Attribute (Zoom_Id, Inventory_Attribute_Id) values (13196, 193);
insert into Zoom (Id, Description, Layer) values (13197, 'resources//img/Fabric/Fabric-Closeup-ZoomOut.0143.png', 00);
insert into Category_Zoom (Category_Id, Zoom_Id) values (9, 13197);
-- Final Index and Final Name: zoomout--0143 Key: fabric0143
insert into Zoom_Inventory_Attribute (Zoom_Id, Inventory_Attribute_Id) values (13197, 194);
insert into Zoom (Id, Description, Layer) values (13198, 'resources//img/Fabric/Fabric-Closeup-ZoomOut.0144.png', 00);
insert into Category_Zoom (Category_Id, Zoom_Id) values (9, 13198);
-- Final Index and Final Name: zoomout--0144 Key: fabric0144
insert into Zoom_Inventory_Attribute (Zoom_Id, Inventory_Attribute_Id) values (13198, 195);
insert into Zoom (Id, Description, Layer) values (13199, 'resources//img/Fabric/Fabric-Closeup-ZoomOut.0145.png', 00);
insert into Category_Zoom (Category_Id, Zoom_Id) values (9, 13199);
-- Final Index and Final Name: zoomout--0145 Key: fabric0145
insert into Zoom_Inventory_Attribute (Zoom_Id, Inventory_Attribute_Id) values (13199, 196);
insert into Zoom (Id, Description, Layer) values (13200, 'resources//img/Fabric/Fabric-Closeup-ZoomOut.0146.png', 00);
insert into Category_Zoom (Category_Id, Zoom_Id) values (9, 13200);
-- Final Index and Final Name: zoomout--0146 Key: fabric0146
insert into Zoom_Inventory_Attribute (Zoom_Id, Inventory_Attribute_Id) values (13200, 197);
insert into Zoom (Id, Description, Layer) values (13201, 'resources//img/Fabric/Fabric-Closeup-ZoomOut.0147.png', 00);
insert into Category_Zoom (Category_Id, Zoom_Id) values (9, 13201);
-- Final Index and Final Name: zoomout--0147 Key: fabric0147
insert into Zoom_Inventory_Attribute (Zoom_Id, Inventory_Attribute_Id) values (13201, 198);
insert into Zoom (Id, Description, Layer) values (13202, 'resources//img/Fabric/Fabric-Closeup-ZoomOut.0148.png', 00);
insert into Category_Zoom (Category_Id, Zoom_Id) values (9, 13202);
-- Final Index and Final Name: zoomout--0148 Key: fabric0148
insert into Zoom_Inventory_Attribute (Zoom_Id, Inventory_Attribute_Id) values (13202, 199);
insert into Zoom (Id, Description, Layer) values (13203, 'resources//img/Fabric/Fabric-Closeup-ZoomOut.0149.png', 00);
insert into Category_Zoom (Category_Id, Zoom_Id) values (9, 13203);
-- Final Index and Final Name: zoomout--0149 Key: fabric0149
insert into Zoom_Inventory_Attribute (Zoom_Id, Inventory_Attribute_Id) values (13203, 200);
insert into Zoom (Id, Description, Layer) values (13204, 'resources//img/Fabric/Fabric-Closeup-ZoomOut.0150.png', 00);
insert into Category_Zoom (Category_Id, Zoom_Id) values (9, 13204);
-- Final Index and Final Name: zoomout--0150 Key: fabric0150
insert into Zoom_Inventory_Attribute (Zoom_Id, Inventory_Attribute_Id) values (13204, 201);
insert into Zoom (Id, Description, Layer) values (13205, 'resources//img/Fabric/Fabric-Closeup-ZoomOut.0151.png', 00);
insert into Category_Zoom (Category_Id, Zoom_Id) values (9, 13205);
-- Final Index and Final Name: zoomout--0151 Key: fabric0151
insert into Zoom_Inventory_Attribute (Zoom_Id, Inventory_Attribute_Id) values (13205, 202);
insert into Zoom (Id, Description, Layer) values (13206, 'resources//img/Fabric/Fabric-Closeup-ZoomOut.0152.png', 00);
insert into Category_Zoom (Category_Id, Zoom_Id) values (9, 13206);
-- Final Index and Final Name: zoomout--0152 Key: fabric0152
insert into Zoom_Inventory_Attribute (Zoom_Id, Inventory_Attribute_Id) values (13206, 203);
insert into Zoom (Id, Description, Layer) values (13207, 'resources//img/Fabric/Fabric-Closeup-ZoomOut.0153.png', 00);
insert into Category_Zoom (Category_Id, Zoom_Id) values (9, 13207);
-- Final Index and Final Name: zoomout--0153 Key: fabric0153
insert into Zoom_Inventory_Attribute (Zoom_Id, Inventory_Attribute_Id) values (13207, 204);
insert into Zoom (Id, Description, Layer) values (13208, 'resources//img/Fabric/Fabric-Closeup-ZoomOut.0154.png', 00);
insert into Category_Zoom (Category_Id, Zoom_Id) values (9, 13208);
-- Final Index and Final Name: zoomout--0154 Key: fabric0154
insert into Zoom_Inventory_Attribute (Zoom_Id, Inventory_Attribute_Id) values (13208, 205);
insert into Zoom (Id, Description, Layer) values (13209, 'resources//img/Fabric/Fabric-Closeup-ZoomOut.0155.png', 00);
insert into Category_Zoom (Category_Id, Zoom_Id) values (9, 13209);
-- Final Index and Final Name: zoomout--0155 Key: fabric0155
insert into Zoom_Inventory_Attribute (Zoom_Id, Inventory_Attribute_Id) values (13209, 206);
insert into Zoom (Id, Description, Layer) values (13210, 'resources//img/Placket/Placket-Closeup-Lyr04-Button.0001.png', 04);
insert into Category_Zoom (Category_Id, Zoom_Id) values (null, 13210);
-- Final Index and Final Name: button--0001 Key: button0001
insert into Zoom_Inventory_Attribute (Zoom_Id, Inventory_Attribute_Id) values (13210, 17);
insert into Zoom (Id, Description, Layer) values (13211, 'resources//img/Placket/Placket-Closeup-Lyr04-Button.0002.png', 04);
insert into Category_Zoom (Category_Id, Zoom_Id) values (null, 13211);
-- Final Index and Final Name: button--0002 Key: button0002
insert into Zoom_Inventory_Attribute (Zoom_Id, Inventory_Attribute_Id) values (13211, 18);
insert into Zoom (Id, Description, Layer) values (13212, 'resources//img/Placket/Placket-Closeup-Lyr04-Button.0003.png', 04);
insert into Category_Zoom (Category_Id, Zoom_Id) values (null, 13212);
-- Final Index and Final Name: button--0003 Key: button0003
insert into Zoom_Inventory_Attribute (Zoom_Id, Inventory_Attribute_Id) values (13212, 19);
insert into Zoom (Id, Description, Layer) values (13213, 'resources//img/Placket/Placket-Closeup-Lyr04-Button.0004.png', 04);
insert into Category_Zoom (Category_Id, Zoom_Id) values (null, 13213);
-- Final Index and Final Name: button--0004 Key: button0004
insert into Zoom_Inventory_Attribute (Zoom_Id, Inventory_Attribute_Id) values (13213, 20);
insert into Zoom (Id, Description, Layer) values (13214, 'resources//img/Placket/Placket-Closeup-Lyr04-Button.0005.png', 04);
insert into Category_Zoom (Category_Id, Zoom_Id) values (null, 13214);
-- Final Index and Final Name: button--0005 Key: button0005
insert into Zoom_Inventory_Attribute (Zoom_Id, Inventory_Attribute_Id) values (13214, 21);
insert into Zoom (Id, Description, Layer) values (13215, 'resources//img/Placket/Placket-Closeup-Lyr04-Button.0006.png', 04);
insert into Category_Zoom (Category_Id, Zoom_Id) values (null, 13215);
-- Final Index and Final Name: button--0006 Key: button0006
insert into Zoom_Inventory_Attribute (Zoom_Id, Inventory_Attribute_Id) values (13215, 22);
insert into Zoom (Id, Description, Layer) values (13216, 'resources//img/Placket/Placket-Closeup-Lyr04-Button.0007.png', 04);
insert into Category_Zoom (Category_Id, Zoom_Id) values (null, 13216);
-- Final Index and Final Name: button--0007 Key: button0007
insert into Zoom_Inventory_Attribute (Zoom_Id, Inventory_Attribute_Id) values (13216, 23);
insert into Zoom (Id, Description, Layer) values (13217, 'resources//img/Placket/Placket-Closeup-Lyr04-Button.0008.png', 04);
insert into Category_Zoom (Category_Id, Zoom_Id) values (null, 13217);
-- Final Index and Final Name: button--0008 Key: button0008
insert into Zoom_Inventory_Attribute (Zoom_Id, Inventory_Attribute_Id) values (13217, 24);
insert into Zoom (Id, Description, Layer) values (13218, 'resources//img/Placket/Placket-Closeup-Lyr04-Button.0009.png', 04);
insert into Category_Zoom (Category_Id, Zoom_Id) values (null, 13218);
-- Final Index and Final Name: button--0009 Key: button0009
insert into Zoom_Inventory_Attribute (Zoom_Id, Inventory_Attribute_Id) values (13218, 25);
insert into Zoom (Id, Description, Layer) values (13219, 'resources//img/Placket/Placket-Closeup-Lyr04-Button.0010.png', 04);
insert into Category_Zoom (Category_Id, Zoom_Id) values (null, 13219);
-- Final Index and Final Name: button--0010 Key: button0010
insert into Zoom_Inventory_Attribute (Zoom_Id, Inventory_Attribute_Id) values (13219, 26);
insert into Zoom (Id, Description, Layer) values (13220, 'resources//img/Placket/Placket-Closeup-Lyr04-Button.0011.png', 04);
insert into Category_Zoom (Category_Id, Zoom_Id) values (null, 13220);
-- Final Index and Final Name: button--0011 Key: button0011
insert into Zoom_Inventory_Attribute (Zoom_Id, Inventory_Attribute_Id) values (13220, 27);
insert into Zoom (Id, Description, Layer) values (13221, 'resources//img/Placket/Placket-Closeup-Lyr04-Button.0012.png', 04);
insert into Category_Zoom (Category_Id, Zoom_Id) values (null, 13221);
-- Final Index and Final Name: button--0012 Key: button0012
insert into Zoom_Inventory_Attribute (Zoom_Id, Inventory_Attribute_Id) values (13221, 28);
insert into Zoom (Id, Description, Layer) values (13222, 'resources//img/Placket/Placket-Closeup-Lyr04-Button.0013.png', 04);
insert into Category_Zoom (Category_Id, Zoom_Id) values (null, 13222);
-- Final Index and Final Name: button--0013 Key: button0013
insert into Zoom_Inventory_Attribute (Zoom_Id, Inventory_Attribute_Id) values (13222, 29);
insert into Zoom (Id, Description, Layer) values (13223, 'resources//img/Placket/Placket-Closeup-Lyr04-Button.0014.png', 04);
insert into Category_Zoom (Category_Id, Zoom_Id) values (null, 13223);
-- Final Index and Final Name: button--0014 Key: button0014
insert into Zoom_Inventory_Attribute (Zoom_Id, Inventory_Attribute_Id) values (13223, 30);
insert into Zoom (Id, Description, Layer) values (13224, 'resources//img/Placket/Placket-Closeup-Lyr04-Button.0015.png', 04);
insert into Category_Zoom (Category_Id, Zoom_Id) values (null, 13224);
-- Final Index and Final Name: button--0015 Key: button0015
insert into Zoom_Inventory_Attribute (Zoom_Id, Inventory_Attribute_Id) values (13224, 31);
insert into Zoom (Id, Description, Layer) values (13225, 'resources//img/Placket/Placket-Closeup-Lyr04-Button.0016.png', 04);
insert into Category_Zoom (Category_Id, Zoom_Id) values (null, 13225);
-- Final Index and Final Name: button--0016 Key: button0016
insert into Zoom_Inventory_Attribute (Zoom_Id, Inventory_Attribute_Id) values (13225, 32);
insert into Zoom (Id, Description, Layer) values (13226, 'resources//img/Placket/Placket-Closeup-Lyr04-Button.0017.png', 04);
insert into Category_Zoom (Category_Id, Zoom_Id) values (null, 13226);
-- Final Index and Final Name: button--0017 Key: button0017
insert into Zoom_Inventory_Attribute (Zoom_Id, Inventory_Attribute_Id) values (13226, 33);
insert into Zoom (Id, Description, Layer) values (13227, 'resources//img/Placket Contrast/PlacketContrast-Closeup-Lyr06-Button.0001.png', 06);
insert into Category_Zoom (Category_Id, Zoom_Id) values (null, 13227);
-- Final Index and Final Name: button--0001 Key: button0001
insert into Zoom_Inventory_Attribute (Zoom_Id, Inventory_Attribute_Id) values (13227, 17);
insert into Zoom (Id, Description, Layer) values (13228, 'resources//img/Placket Contrast/PlacketContrast-Closeup-Lyr06-Button.0002.png', 06);
insert into Category_Zoom (Category_Id, Zoom_Id) values (null, 13228);
-- Final Index and Final Name: button--0002 Key: button0002
insert into Zoom_Inventory_Attribute (Zoom_Id, Inventory_Attribute_Id) values (13228, 18);
insert into Zoom (Id, Description, Layer) values (13229, 'resources//img/Placket Contrast/PlacketContrast-Closeup-Lyr06-Button.0003.png', 06);
insert into Category_Zoom (Category_Id, Zoom_Id) values (null, 13229);
-- Final Index and Final Name: button--0003 Key: button0003
insert into Zoom_Inventory_Attribute (Zoom_Id, Inventory_Attribute_Id) values (13229, 19);
insert into Zoom (Id, Description, Layer) values (13230, 'resources//img/Placket Contrast/PlacketContrast-Closeup-Lyr06-Button.0004.png', 06);
insert into Category_Zoom (Category_Id, Zoom_Id) values (null, 13230);
-- Final Index and Final Name: button--0004 Key: button0004
insert into Zoom_Inventory_Attribute (Zoom_Id, Inventory_Attribute_Id) values (13230, 20);
insert into Zoom (Id, Description, Layer) values (13231, 'resources//img/Placket Contrast/PlacketContrast-Closeup-Lyr06-Button.0005.png', 06);
insert into Category_Zoom (Category_Id, Zoom_Id) values (null, 13231);
-- Final Index and Final Name: button--0005 Key: button0005
insert into Zoom_Inventory_Attribute (Zoom_Id, Inventory_Attribute_Id) values (13231, 21);
insert into Zoom (Id, Description, Layer) values (13232, 'resources//img/Placket Contrast/PlacketContrast-Closeup-Lyr06-Button.0006.png', 06);
insert into Category_Zoom (Category_Id, Zoom_Id) values (null, 13232);
-- Final Index and Final Name: button--0006 Key: button0006
insert into Zoom_Inventory_Attribute (Zoom_Id, Inventory_Attribute_Id) values (13232, 22);
insert into Zoom (Id, Description, Layer) values (13233, 'resources//img/Placket Contrast/PlacketContrast-Closeup-Lyr06-Button.0007.png', 06);
insert into Category_Zoom (Category_Id, Zoom_Id) values (null, 13233);
-- Final Index and Final Name: button--0007 Key: button0007
insert into Zoom_Inventory_Attribute (Zoom_Id, Inventory_Attribute_Id) values (13233, 23);
insert into Zoom (Id, Description, Layer) values (13234, 'resources//img/Placket Contrast/PlacketContrast-Closeup-Lyr06-Button.0008.png', 06);
insert into Category_Zoom (Category_Id, Zoom_Id) values (null, 13234);
-- Final Index and Final Name: button--0008 Key: button0008
insert into Zoom_Inventory_Attribute (Zoom_Id, Inventory_Attribute_Id) values (13234, 24);
insert into Zoom (Id, Description, Layer) values (13235, 'resources//img/Placket Contrast/PlacketContrast-Closeup-Lyr06-Button.0009.png', 06);
insert into Category_Zoom (Category_Id, Zoom_Id) values (null, 13235);
-- Final Index and Final Name: button--0009 Key: button0009
insert into Zoom_Inventory_Attribute (Zoom_Id, Inventory_Attribute_Id) values (13235, 25);
insert into Zoom (Id, Description, Layer) values (13236, 'resources//img/Placket Contrast/PlacketContrast-Closeup-Lyr06-Button.0010.png', 06);
insert into Category_Zoom (Category_Id, Zoom_Id) values (null, 13236);
-- Final Index and Final Name: button--0010 Key: button0010
insert into Zoom_Inventory_Attribute (Zoom_Id, Inventory_Attribute_Id) values (13236, 26);
insert into Zoom (Id, Description, Layer) values (13237, 'resources//img/Placket Contrast/PlacketContrast-Closeup-Lyr06-Button.0011.png', 06);
insert into Category_Zoom (Category_Id, Zoom_Id) values (null, 13237);
-- Final Index and Final Name: button--0011 Key: button0011
insert into Zoom_Inventory_Attribute (Zoom_Id, Inventory_Attribute_Id) values (13237, 27);
insert into Zoom (Id, Description, Layer) values (13238, 'resources//img/Placket Contrast/PlacketContrast-Closeup-Lyr06-Button.0012.png', 06);
insert into Category_Zoom (Category_Id, Zoom_Id) values (null, 13238);
-- Final Index and Final Name: button--0012 Key: button0012
insert into Zoom_Inventory_Attribute (Zoom_Id, Inventory_Attribute_Id) values (13238, 28);
insert into Zoom (Id, Description, Layer) values (13239, 'resources//img/Placket Contrast/PlacketContrast-Closeup-Lyr06-Button.0013.png', 06);
insert into Category_Zoom (Category_Id, Zoom_Id) values (null, 13239);
-- Final Index and Final Name: button--0013 Key: button0013
insert into Zoom_Inventory_Attribute (Zoom_Id, Inventory_Attribute_Id) values (13239, 29);
insert into Zoom (Id, Description, Layer) values (13240, 'resources//img/Placket Contrast/PlacketContrast-Closeup-Lyr06-Button.0014.png', 06);
insert into Category_Zoom (Category_Id, Zoom_Id) values (null, 13240);
-- Final Index and Final Name: button--0014 Key: button0014
insert into Zoom_Inventory_Attribute (Zoom_Id, Inventory_Attribute_Id) values (13240, 30);
insert into Zoom (Id, Description, Layer) values (13241, 'resources//img/Placket Contrast/PlacketContrast-Closeup-Lyr06-Button.0015.png', 06);
insert into Category_Zoom (Category_Id, Zoom_Id) values (null, 13241);
-- Final Index and Final Name: button--0015 Key: button0015
insert into Zoom_Inventory_Attribute (Zoom_Id, Inventory_Attribute_Id) values (13241, 31);
insert into Zoom (Id, Description, Layer) values (13242, 'resources//img/Placket Contrast/PlacketContrast-Closeup-Lyr06-Button.0016.png', 06);
insert into Category_Zoom (Category_Id, Zoom_Id) values (null, 13242);
-- Final Index and Final Name: button--0016 Key: button0016
insert into Zoom_Inventory_Attribute (Zoom_Id, Inventory_Attribute_Id) values (13242, 32);
insert into Zoom (Id, Description, Layer) values (13243, 'resources//img/Placket Contrast/PlacketContrast-Closeup-Lyr06-Button.0017.png', 06);
insert into Category_Zoom (Category_Id, Zoom_Id) values (null, 13243);
-- Final Index and Final Name: button--0017 Key: button0017
insert into Zoom_Inventory_Attribute (Zoom_Id, Inventory_Attribute_Id) values (13243, 33);
insert into Zoom (Id, Description, Layer) values (13244, 'resources//img/Tie Fix/TieFix-Closeup-Lyr05-Button.0001.png', 05);
insert into Category_Zoom (Category_Id, Zoom_Id) values (null, 13244);
-- Final Index and Final Name: button--0001 Key: button0001
insert into Zoom_Inventory_Attribute (Zoom_Id, Inventory_Attribute_Id) values (13244, 17);
insert into Zoom (Id, Description, Layer) values (13245, 'resources//img/Tie Fix/TieFix-Closeup-Lyr05-Button.0002.png', 05);
insert into Category_Zoom (Category_Id, Zoom_Id) values (null, 13245);
-- Final Index and Final Name: button--0002 Key: button0002
insert into Zoom_Inventory_Attribute (Zoom_Id, Inventory_Attribute_Id) values (13245, 18);
insert into Zoom (Id, Description, Layer) values (13246, 'resources//img/Tie Fix/TieFix-Closeup-Lyr05-Button.0003.png', 05);
insert into Category_Zoom (Category_Id, Zoom_Id) values (null, 13246);
-- Final Index and Final Name: button--0003 Key: button0003
insert into Zoom_Inventory_Attribute (Zoom_Id, Inventory_Attribute_Id) values (13246, 19);
insert into Zoom (Id, Description, Layer) values (13247, 'resources//img/Tie Fix/TieFix-Closeup-Lyr05-Button.0004.png', 05);
insert into Category_Zoom (Category_Id, Zoom_Id) values (null, 13247);
-- Final Index and Final Name: button--0004 Key: button0004
insert into Zoom_Inventory_Attribute (Zoom_Id, Inventory_Attribute_Id) values (13247, 20);
insert into Zoom (Id, Description, Layer) values (13248, 'resources//img/Tie Fix/TieFix-Closeup-Lyr05-Button.0005.png', 05);
insert into Category_Zoom (Category_Id, Zoom_Id) values (null, 13248);
-- Final Index and Final Name: button--0005 Key: button0005
insert into Zoom_Inventory_Attribute (Zoom_Id, Inventory_Attribute_Id) values (13248, 21);
insert into Zoom (Id, Description, Layer) values (13249, 'resources//img/Tie Fix/TieFix-Closeup-Lyr05-Button.0006.png', 05);
insert into Category_Zoom (Category_Id, Zoom_Id) values (null, 13249);
-- Final Index and Final Name: button--0006 Key: button0006
insert into Zoom_Inventory_Attribute (Zoom_Id, Inventory_Attribute_Id) values (13249, 22);
insert into Zoom (Id, Description, Layer) values (13250, 'resources//img/Tie Fix/TieFix-Closeup-Lyr05-Button.0007.png', 05);
insert into Category_Zoom (Category_Id, Zoom_Id) values (null, 13250);
-- Final Index and Final Name: button--0007 Key: button0007
insert into Zoom_Inventory_Attribute (Zoom_Id, Inventory_Attribute_Id) values (13250, 23);
insert into Zoom (Id, Description, Layer) values (13251, 'resources//img/Tie Fix/TieFix-Closeup-Lyr05-Button.0008.png', 05);
insert into Category_Zoom (Category_Id, Zoom_Id) values (null, 13251);
-- Final Index and Final Name: button--0008 Key: button0008
insert into Zoom_Inventory_Attribute (Zoom_Id, Inventory_Attribute_Id) values (13251, 24);
insert into Zoom (Id, Description, Layer) values (13252, 'resources//img/Tie Fix/TieFix-Closeup-Lyr05-Button.0009.png', 05);
insert into Category_Zoom (Category_Id, Zoom_Id) values (null, 13252);
-- Final Index and Final Name: button--0009 Key: button0009
insert into Zoom_Inventory_Attribute (Zoom_Id, Inventory_Attribute_Id) values (13252, 25);
insert into Zoom (Id, Description, Layer) values (13253, 'resources//img/Tie Fix/TieFix-Closeup-Lyr05-Button.0010.png', 05);
insert into Category_Zoom (Category_Id, Zoom_Id) values (null, 13253);
-- Final Index and Final Name: button--0010 Key: button0010
insert into Zoom_Inventory_Attribute (Zoom_Id, Inventory_Attribute_Id) values (13253, 26);
insert into Zoom (Id, Description, Layer) values (13254, 'resources//img/Tie Fix/TieFix-Closeup-Lyr05-Button.0011.png', 05);
insert into Category_Zoom (Category_Id, Zoom_Id) values (null, 13254);
-- Final Index and Final Name: button--0011 Key: button0011
insert into Zoom_Inventory_Attribute (Zoom_Id, Inventory_Attribute_Id) values (13254, 27);
insert into Zoom (Id, Description, Layer) values (13255, 'resources//img/Tie Fix/TieFix-Closeup-Lyr05-Button.0012.png', 05);
insert into Category_Zoom (Category_Id, Zoom_Id) values (null, 13255);
-- Final Index and Final Name: button--0012 Key: button0012
insert into Zoom_Inventory_Attribute (Zoom_Id, Inventory_Attribute_Id) values (13255, 28);
insert into Zoom (Id, Description, Layer) values (13256, 'resources//img/Tie Fix/TieFix-Closeup-Lyr05-Button.0013.png', 05);
insert into Category_Zoom (Category_Id, Zoom_Id) values (null, 13256);
-- Final Index and Final Name: button--0013 Key: button0013
insert into Zoom_Inventory_Attribute (Zoom_Id, Inventory_Attribute_Id) values (13256, 29);
insert into Zoom (Id, Description, Layer) values (13257, 'resources//img/Tie Fix/TieFix-Closeup-Lyr05-Button.0014.png', 05);
insert into Category_Zoom (Category_Id, Zoom_Id) values (null, 13257);
-- Final Index and Final Name: button--0014 Key: button0014
insert into Zoom_Inventory_Attribute (Zoom_Id, Inventory_Attribute_Id) values (13257, 30);
insert into Zoom (Id, Description, Layer) values (13258, 'resources//img/Tie Fix/TieFix-Closeup-Lyr05-Button.0015.png', 05);
insert into Category_Zoom (Category_Id, Zoom_Id) values (null, 13258);
-- Final Index and Final Name: button--0015 Key: button0015
insert into Zoom_Inventory_Attribute (Zoom_Id, Inventory_Attribute_Id) values (13258, 31);
insert into Zoom (Id, Description, Layer) values (13259, 'resources//img/Tie Fix/TieFix-Closeup-Lyr05-Button.0016.png', 05);
insert into Category_Zoom (Category_Id, Zoom_Id) values (null, 13259);
-- Final Index and Final Name: button--0016 Key: button0016
insert into Zoom_Inventory_Attribute (Zoom_Id, Inventory_Attribute_Id) values (13259, 32);
insert into Zoom (Id, Description, Layer) values (13260, 'resources//img/Tie Fix/TieFix-Closeup-Lyr05-Button.0017.png', 05);
insert into Category_Zoom (Category_Id, Zoom_Id) values (null, 13260);
-- Final Index and Final Name: button--0017 Key: button0017
insert into Zoom_Inventory_Attribute (Zoom_Id, Inventory_Attribute_Id) values (13260, 33);
